Data_Pagina;Data_IT;Ora_IT;Data_UTC;Ora_UTC;Lega;Lega_EN;Lega_Slug;Lega_Cod;Casa;Ospite;P1;PX;P2;Pron;Pron_Esatto;Media_Gol;Meteo;UO_Linea;P_Under;P_Over;UO_Pron;BTTS_No;BTTS_Si;BTTS_Pron;Risultato;Gol_Casa;Gol_Ospite;Esito;Pron_OK;Fuso_Misurato;URL;Pagina;Prima_Vista;Ultima_Pre_Match;Ultimo_Agg;Vista_Pre_Match;Prob_Cambiate;P1_Ultimo;PX_Ultimo;P2_Ultimo
2026-10-03;2026-10-03;02:30;2026-10-03;00:30;College Championship USA;USA College Championship;usa-college-championship;UCC;Creighton;St. John's Red Storm;52;21;27;1;2-1;3.15;14°C · pioggia 0% · vento 6 km/h;3;49.01;50.99;O;43;57;Si;1-1;1;1;X;0;;https://betimate.com/it/football-predictions/creighton-vs-st-john-s-red-storm/2026-10-03/game;24;2026-10-04 14:11;;2026-10-04 15:26;0;0;;;
2026-10-03;2026-10-03;02:30;2026-10-03;00:30;Liga Profesional Argentina;Argentina Liga Profesional;argentina-liga-profesional;ALP;Boca Juniors;Union Santa Fe;65;21;14;1;1-0;2.61;14°C · pioggia 7% · vento 16 km/h;2.5;48.97;51.03;O;49;51;Si;3-0;3;0;1;1;;https://betimate.com/it/football-predictions/union-santa-fe-vs-boca-juniors/2026-10-03/game;6;2026-10-04 14:11;;2026-10-04 15:26;0;0;;;
2026-10-03;2026-10-03;02:30;2026-10-03;00:30;Liga Profesional Argentina;Argentina Liga Profesional;argentina-liga-profesional;ALP;Independiente Rivadavia;Gimnasia LP;53;24;23;1;1-0;2.58;20°C · pioggia 0% · vento 17 km/h;2.25;47.48;52.52;O;47;53;Si;1-1;1;1;X;0;;https://betimate.com/it/football-predictions/independiente-rivadavia-vs-gimnasia-lp/2026-10-03/game;6;2026-10-04 14:11;;2026-10-04 15:26;0;0;;;
2026-10-03;2026-10-03;02:35;2026-10-03;00:35;Série B brasiliana;Brazil Serie B;brazil-serie-b;Br2;Fortaleza;Nautico;65;21;14;1;1-0;2.52;26°C · pioggia 1% · vento 12 km/h;2.5;49.37;50.63;O;49;51;Si;1-1;1;1;X;0;;https://betimate.com/it/football-predictions/fortaleza-vs-nautico/2026-10-03/game;1;2026-10-04 14:11;;2026-10-04 15:26;0;0;;;
2026-10-03;2026-10-03;03:00;2026-10-03;01:00;Liga MX Femenil Messico;Mexico Liga MX Femenil;mexico-liga-mx-femenil;MLMF;Unam Pumas (W);Tigres UANL (W);16;14;70;2;0-2;3.23;16°C · pioggia 83% · vento 0 km/h;3.25;50.01;49.99;U;52;48;No;1-3;1;3;2;1;;https://betimate.com/it/football-predictions/tigres-uanl-w-vs-unam-pumas-w/2026-10-03/game;19;2026-10-04 14:11;;2026-10-04 15:26;0;0;;;
2026-10-03;2026-10-03;03:00;2026-10-03;01:00;Liga Premier Serie A Messico;Mexico Liga Premier A;mexico-liga-premier-a;MLPA;Guerreros Del Pacífico FC;CD Delfines Coatzacoalcos;34;21;45;2;1-2;3.39;;3.25;49.14;50.86;O;40;60;Si;0-0;0;0;X;0;;https://betimate.com/it/football-predictions/cd-delfines-coatzacoalcos-vs-guerreros-del-pacifico-fc/2026-10-03/game;25;2026-10-04 14:11;;2026-10-04 15:26;0;0;;;
2026-10-03;2026-10-03;03:00;2026-10-03;01:00;Liga Primera Nicaragua;Nicaragua Apertura;nicaragua-apertura;NA;Rancho Santana FC;Managua FC;17;18;65;2;0-2;3.07;;3.5;52.5;47.5;U;47;53;Si;1-6;1;6;2;1;;https://betimate.com/it/football-predictions/managua-fc-vs-rancho-santana-fc/2026-10-03/game;7;2026-10-04 14:11;;2026-10-04 15:26;0;0;;;
2026-10-03;2026-10-03;03:00;2026-10-03;01:00;Liga Prom Panama;Panama Liga Prom;panama-liga-prom;PLP;Panama City FC;Chorrillo;49;26;25;1;1-0;2.1;24°C · pioggia 93% · vento 5 km/h;2.5;52.71;47.29;U;54;46;No;2-1;2;1;1;1;;https://betimate.com/it/football-predictions/chorrillo-vs-panama-city-fc/2026-10-03/game;7;2026-10-04 14:11;;2026-10-04 15:26;0;0;;;
2026-10-03;2026-10-03;03:00;2026-10-03;01:00;Liga de Ascenso Honduras;Honduras Liga de Ascenso;honduras-liga-de-ascenso;HLdA;Real Tegus;Meluca FC;42;22;36;1;2-1;3.02;;2.25;44.91;55.09;O;43;57;Si;2-0;2;0;1;1;;https://betimate.com/it/football-predictions/meluca-fc-vs-real-tegus/2026-10-03/game;25;2026-10-04 14:11;;2026-10-04 15:26;0;0;;;
2026-10-03;2026-10-03;03:00;2026-10-03;01:00;Liga de Expansión MX Messico;Mexico Liga de Expansion;mexico-liga-de-expansion;MLdE;Correcaminos;Cruz Azul Hidalgo;56;22;22;1;2-1;3.38;23°C · pioggia 92% · vento 13 km/h;3.5;50.47;49.53;U;40;60;Si;0-0;0;0;X;0;;https://betimate.com/it/football-predictions/cruz-azul-hidalgo-vs-correcaminos/2026-10-03/game;7;2026-10-04 14:11;;2026-10-04 15:26;0;0;;;
2026-10-03;2026-10-03;03:00;2026-10-03;01:00;Liga de Expansión MX Messico;Mexico Liga de Expansion;mexico-liga-de-expansion;MLdE;Tepatitlan FC;Jaiba Brava;40;28;32;1;1-0;2.39;18°C · pioggia 95% · vento 9 km/h;3;55.05;44.95;U;48;52;Si;3-1;3;1;1;1;;https://betimate.com/it/football-predictions/tepatitlan-fc-vs-jaiba-brava/2026-10-03/game;6;2026-10-04 14:11;;2026-10-04 15:26;0;0;;;
2026-10-03;2026-10-03;03:00;2026-10-03;01:00;National League Nuova Zelanda;New Zealand Football Championship;new-zealand-football-championship;Nz1;Miramar Rangers;Auckland FC II;65;18;17;1;2-1;3.66;9°C · pioggia 82% · vento 26 km/h;3.5;49.08;50.92;O;41;59;Si;2-1;2;1;1;1;;https://betimate.com/it/football-predictions/miramar-rangers-vs-auckland-fc-ii/2026-10-03/game;7;2026-10-04 14:11;;2026-10-04 15:26;0;0;;;
2026-10-03;2026-10-03;03:00;2026-10-03;01:00;National League Nuova Zelanda;New Zealand Football Championship;new-zealand-football-championship;Nz1;Wellington Olympic;Ferrymead Bays;63;18;19;1;2-1;3.89;10°C · pioggia 82% · vento 33 km/h;3.5;47.62;52.38;O;37;63;Si;1-2;1;2;2;0;;https://betimate.com/it/football-predictions/ferrymead-bays-vs-wellington-olympic/2026-10-03/game;7;2026-10-04 14:11;;2026-10-04 15:26;0;0;;;
2026-10-03;2026-10-03;03:00;2026-10-03;01:00;New Zealand National League Women;New Zealand National League Women;new-zealand-national-league-women;NZNL;West Coast Rangers (W);Waterside Karori (W);46;20;34;1;2-1;2.85;;3.5;53.68;46.32;U;50;50;Si;1-2;1;2;2;0;;https://betimate.com/it/football-predictions/west-coast-rangers-w-vs-waterside-karori-w/2026-10-03/game;25;2026-10-04 14:11;;2026-10-04 15:26;0;0;;;
2026-10-03;2026-10-03;03:30;2026-10-03;01:30;LPF panamense;Panama LPF;panama-lpf;Pa1;San Francisco FC;UMECIT;44;27;29;1;1-0;2.75;24°C · pioggia 46% · vento 2 km/h;2.25;46.49;53.51;O;44;56;Si;0-1;0;1;2;0;;https://betimate.com/it/football-predictions/san-francisco-fc-vs-umecit/2026-10-03/game;7;2026-10-04 14:11;;2026-10-04 15:26;0;0;;;
2026-10-03;2026-10-03;03:30;2026-10-03;01:30;Primera A colombiana;Colombia Primera A;colombia-primera-a;Co1;Deportivo Cali;Alianza;55;29;16;1;1-0;2.11;21°C · pioggia 98% · vento 2 km/h;2.25;51.2;48.8;U;62;38;No;3-1;3;1;1;1;;https://betimate.com/it/football-predictions/deportivo-cali-vs-alianza/2026-10-03/game;1;2026-10-04 14:11;;2026-10-04 15:26;0;0;;;
2026-10-03;2026-10-03;04:00;2026-10-03;02:00;CONCACAF Nations League;CONCACAF Nations League;concacaf-nations-league;CNL;El Salvador;Giamaica;21;28;51;2;0-1;1.96;22°C · pioggia 51% · vento 3 km/h;2.25;52.53;47.47;U;60;40;No;0-2;0;2;2;1;;https://betimate.com/it/football-predictions/jamaica-vs-el-salvador/2026-10-03/game;1;2026-10-04 14:11;;2026-10-04 15:26;0;0;;;
2026-10-03;2026-10-03;04:00;2026-10-03;02:00;College Championship USA;USA College Championship;usa-college-championship;UCC;Washington;Wisconsin;72;17;11;1;2-0;2.84;17°C · pioggia 0% · vento 6 km/h;2.75;49.5;50.5;O;53;47;No;0-0;0;0;X;0;;https://betimate.com/it/football-predictions/wisconsin-vs-washington/2026-10-03/game;26;2026-10-04 14:11;;2026-10-04 15:26;0;0;;;
2026-10-03;2026-10-03;04:00;2026-10-03;02:00;Liga Nacional Guatemala;Guatemala Liga Nacional;guatemala-liga-nacional;Gt1;Marquense;Antigua GFC;40;27;33;1;1-0;2.6;13°C · pioggia 42% · vento 0 km/h;2.25;47.49;52.51;O;46;54;Si;2-1;2;1;1;1;;https://betimate.com/it/football-predictions/antigua-gfc-vs-marquense/2026-10-03/game;7;2026-10-04 14:11;;2026-10-04 15:26;0;0;;;
2026-10-03;2026-10-03;04:00;2026-10-03;02:00;Liga de Ascenso Honduras;Honduras Liga de Ascenso;honduras-liga-de-ascenso;HLdA;Gimnastico de Tegucigalpa;CD Hondupino;21;20;59;2;1-2;3.09;;3;49.49;50.51;O;45;55;Si;0-2;0;2;2;1;;https://betimate.com/it/football-predictions/gimnastico-de-tegucigalpa-vs-cd-hondupino/2026-10-03/game;26;2026-10-04 14:11;;2026-10-04 15:26;0;0;;;
2026-10-03;2026-10-03;04:00;2026-10-03;02:00;Messico - Liga TDP;Mexico Liga TDP;mexico-liga-tdp;MLT;Caballeros de Córdoba;Cordoba Veracruz;49;23;28;1;1-0;2.62;;2.75;50.81;49.19;U;48;52;Si;1-1;1;1;X;0;;https://betimate.com/it/football-predictions/caballeros-de-cordoba-vs-cordoba-veracruz/2026-10-03/game;7;2026-10-04 14:11;;2026-10-04 15:26;0;0;;;
2026-10-03;2026-10-03;04:00;2026-10-03;02:00;NWSL statunitense;USA NWSL Women;usa-nwsl-women;UNW;Reign FC (W);North Carolina Courage (W);42;20;38;1;2-1;3.07;16°C · pioggia 0% · vento 5 km/h;2.75;47.65;52.35;O;48;52;Si;0-1;0;1;2;0;;https://betimate.com/it/football-predictions/north-carolina-courage-w-vs-reign-fc-w/2026-10-03/game;7;2026-10-04 14:11;;2026-10-04 15:26;0;0;;;
2026-10-03;2026-10-03;04:30;2026-10-03;02:30;Primera División Femminile Costa Rica;Costa Rica Primera Division Women;costa-rica-primera-division-women;CRPD;Moravia (W);Municipal Pococi (W);65;16;19;1;2-0;3.08;;3;49.32;50.68;O;52;48;No;0-2;0;2;2;0;;https://betimate.com/it/football-predictions/municipal-pococi-w-vs-moravia-w/2026-10-03/game;7;2026-10-04 14:11;;2026-10-04 15:26;0;0;;;
2026-10-03;2026-10-03;05:00;2026-10-03;03:00;Liga MX Femenil Messico;Mexico Liga MX Femenil;mexico-liga-mx-femenil;MLMF;Monterrey (W);Club America (W);36;17;47;2;1-2;3.97;24°C · pioggia 70% · vento 8 km/h;3;43.5;56.5;O;40;60;Si;4-3;4;3;1;0;;https://betimate.com/it/football-predictions/club-america-w-vs-monterrey-w/2026-10-03/game;4;2026-10-04 14:11;;2026-10-04 15:26;0;0;;;
2026-10-03;2026-10-03;05:00;2026-10-03;03:00;Liga de Expansión MX Messico;Mexico Liga de Expansion;mexico-liga-de-expansion;MLdE;Club Atletico La Paz;Venados FC;63;19;18;1;2-1;4.05;27°C · pioggia 11% · vento 12 km/h;3.75;48.04;51.96;O;36;64;Si;1-2;1;2;2;0;;https://betimate.com/it/football-predictions/venados-fc-vs-club-atletico-la-paz/2026-10-03/game;7;2026-10-04 14:11;;2026-10-04 15:26;0;0;;;
2026-10-03;2026-10-03;06:00;2026-10-03;04:00;Amichevoli internazionali;International Match;international-match;IM;Figi;Vanuatu;41;22;37;1;2-1;3.42;;2.25;42.61;57.39;O;43;57;Si;1-0;1;0;1;1;;https://betimate.com/it/football-predictions/fiji-vs-vanuatu/2026-10-03/game;1;2026-10-04 14:11;;2026-10-04 15:26;0;0;;;
2026-10-03;2026-10-03;06:00;2026-10-03;04:00;Football League giapponese;Japan Football League;japan-football-league;Jp4;Vonds Ichihara;Grulla Morioka FC;45;23;32;1;1-0;2.84;;2.5;47.85;52.15;O;45;55;Si;1-0;1;0;1;1;;https://betimate.com/it/football-predictions/grulla-morioka-fc-vs-vonds-ichihara/2026-10-03/game;2;2026-10-04 14:11;;2026-10-04 15:26;0;0;;;
2026-10-03;2026-10-03;06:00;2026-10-03;04:00;Football League giapponese;Japan Football League;japan-football-league;Jp4;Yokogawa Musashino FC;Azul Claro Numazu;24;26;50;2;0-1;2.05;;2.25;51.67;48.33;U;54;46;No;0-2;0;2;2;1;;https://betimate.com/it/football-predictions/azul-claro-numazu-vs-yokogawa-musashino-fc/2026-10-03/game;19;2026-10-04 14:11;;2026-10-04 15:26;0;0;;;
2026-10-03;2026-10-03;06:00;2026-10-03;04:00;L1 League Giappone Femminile;Japan L1 League Women;japan-l1-league-women;JLLW;Loveledge Nagoya (W);Nittaidai FC (W);81;11;8;1;2-0;3.56;24°C · pioggia 2% · vento 4 km/h;2.75;44.85;55.15;O;55;45;No;3-1;3;1;1;1;;https://betimate.com/it/football-predictions/loveledge-nagoya-w-vs-nittaidai-fc-w/2026-10-03/game;7;2026-10-04 14:11;;2026-10-04 15:26;0;0;;;
2026-10-03;2026-10-03;06:00;2026-10-03;04:00;L2 League Giappone Femminile;Japan L2 League Women;japan-l2-league-women;JLLW;Diosa Izumo (W);Renofa Yamaguchi (W);35;26;39;2;0-1;1.92;;2;50.84;49.16;U;61;39;No;2-0;2;0;1;0;;https://betimate.com/it/football-predictions/diosa-izumo-w-vs-renofa-yamaguchi-w/2026-10-03/game;28;2026-10-04 14:11;;2026-10-04 15:26;0;0;;;
2026-10-03;2026-10-03;06:00;2026-10-03;04:00;L2 League Giappone Femminile;Japan L2 League Women;japan-l2-league-women;JLLW;SEISA OSA Rheia FC (W);Nankatsu SC (W);41;21;38;1;1-0;2.63;;2;44.86;55.14;O;53;47;No;0-0;0;0;X;0;;https://betimate.com/it/football-predictions/seisa-osa-rheia-fc-w-vs-nankatsu-sc-w/2026-10-03/game;28;2026-10-04 14:11;;2026-10-04 15:26;0;0;;;
2026-10-03;2026-10-03;06:00;2026-10-03;04:00;L2 League Giappone Femminile;Japan L2 League Women;japan-l2-league-women;JLLW;Speranza Takatsuki (W);Diavorosso Hiroshima (W);47;23;30;1;1-0;2.27;;2.25;49.68;50.32;O;57;43;No;1-0;1;0;1;1;;https://betimate.com/it/football-predictions/diavorosso-hiroshima-w-vs-speranza-takatsuki-w/2026-10-03/game;28;2026-10-04 14:11;;2026-10-04 15:26;0;0;;;
2026-10-03;2026-10-03;06:30;2026-10-03;04:30;Partite Australia;Australian Matches;australian-matches;AM;Hellenic AC U23 (W);Darwin Olympic SC U23 (W);78;10;12;1;4-2;7.2;;5.5;43.22;56.78;O;26;74;Si;;;;;;;https://betimate.com/it/football-predictions/darwin-olympic-sc-u23-w-vs-hellenic-ac-u23-w/2026-10-03/game;28;2026-10-04 14:11;;2026-10-04 15:26;0;0;;;
2026-10-03;2026-10-03;07:00;2026-10-03;05:00;Amichevoli Internazionali Giovanili;Youth International;youth-international;YI;Australia U23;Corea del Sud U23;38;27;35;1;1-0;2.01;;1.75;47.99;52.01;O;56;44;No;1-2;1;2;2;0;;https://betimate.com/it/football-predictions/australia-u23-vs-south-korea-u23/2026-10-03/game;29;2026-10-04 14:11;;2026-10-04 15:26;0;0;;;
2026-10-03;2026-10-03;07:00;2026-10-03;05:00;J2 League giapponese;Japan J2-League;japan-j2-league;Jp2;Albirex Niigata;Tokushima Vortis;32;28;40;2;0-1;2.68;21°C · pioggia 0% · vento 13 km/h;2.25;47.01;52.99;O;45;55;Si;2-1;2;1;1;0;;https://betimate.com/it/football-predictions/tokushima-vortis-vs-albirex-niigata/2026-10-03/game;1;2026-10-04 14:11;;2026-10-04 15:26;0;0;;;
2026-10-03;2026-10-03;07:00;2026-10-03;05:00;J2 League giapponese;Japan J2-League;japan-j2-league;Jp2;Fujieda MYFC;Shonan Bellmare;37;27;36;1;2-1;2.85;24°C · pioggia 2% · vento 7 km/h;2.25;45.85;54.15;O;43;57;Si;1-1;1;1;X;0;;https://betimate.com/it/football-predictions/shonan-bellmare-vs-fujieda-myfc/2026-10-03/game;1;2026-10-04 14:11;;2026-10-04 15:26;0;0;;;
2026-10-03;2026-10-03;07:00;2026-10-03;05:00;J3 League giapponese;Japan J3-League;japan-j3-league;Jp3;FC Gifu;Renofa Yamaguchi;41;27;32;1;1-0;2.56;26°C · pioggia 0% · vento 5 km/h;2.75;51.23;48.77;U;46;54;Si;0-2;0;2;2;0;;https://betimate.com/it/football-predictions/renofa-yamaguchi-vs-fc-gifu/2026-10-03/game;1;2026-10-04 14:11;;2026-10-04 15:26;0;0;;;
2026-10-03;2026-10-03;07:00;2026-10-03;05:00;J3 League giapponese;Japan J3-League;japan-j3-league;Jp3;Matsumoto Y FC;Gainare Tottori;42;24;34;1;2-1;3.06;21°C · pioggia 0% · vento 12 km/h;2.5;46.38;53.62;O;41;59;Si;0-1;0;1;2;0;;https://betimate.com/it/football-predictions/gainare-tottori-vs-matsumoto-y-fc/2026-10-03/game;1;2026-10-04 14:11;;2026-10-04 15:26;0;0;;;
2026-10-03;2026-10-03;07:00;2026-10-03;05:00;J3 League giapponese;Japan J3-League;japan-j3-league;Jp3;Parceiro Nagano;Nara Club;31;24;45;2;1-2;3.02;21°C · pioggia 0% · vento 13 km/h;2.75;47.98;52.02;O;41;59;Si;0-1;0;1;2;1;;https://betimate.com/it/football-predictions/nara-club-vs-parceiro-nagano/2026-10-03/game;1;2026-10-04 14:11;;2026-10-04 15:26;0;0;;;
2026-10-03;2026-10-03;07:00;2026-10-03;05:00;Japan U21 League;Japan U21 League;japan-u21-league;JUL;Shimizu S-Pulse U21;Jubilo Iwata U21;32;18;50;2;1-2;3.62;;3.5;49.25;50.75;O;38;62;Si;3-0;3;0;1;0;;https://betimate.com/it/football-predictions/jubilo-iwata-u21-vs-shimizu-s-pulse-u21/2026-10-03/game;29;2026-10-04 14:11;;2026-10-04 15:26;0;0;;;
2026-10-03;2026-10-03;07:00;2026-10-03;05:00;K3 League Corea del Sud;South Korea K3 League;south-korea-k3-league;SKKL;Changwon City;Yangpyeong FC;50;22;28;1;1-0;2.85;23°C · pioggia 0% · vento 12 km/h;2.25;46.03;53.97;O;46;54;Si;2-1;2;1;1;1;;https://betimate.com/it/football-predictions/changwon-city-vs-yangpyeong-fc/2026-10-03/game;7;2026-10-04 14:11;;2026-10-04 15:26;0;0;;;
2026-10-03;2026-10-03;07:00;2026-10-03;05:00;K3 League Corea del Sud;South Korea K3 League;south-korea-k3-league;SKKL;Pocheon Citizen FC;Chuncheon FC;61;19;20;1;2-1;3.26;21°C · pioggia 0% · vento 11 km/h;2.75;46.76;53.24;O;44;56;Si;0-0;0;0;X;0;;https://betimate.com/it/football-predictions/chuncheon-fc-vs-pocheon-citizen-fc/2026-10-03/game;7;2026-10-04 14:11;;2026-10-04 15:26;0;0;;;
2026-10-03;2026-10-03;07:00;2026-10-03;05:00;K3 League Corea del Sud;South Korea K3 League;south-korea-k3-league;SKKL;Yeoju;Jeonbuk Motors II;60;20;20;1;1-0;2.97;;2.5;47.17;52.83;O;47;53;Si;2-1;2;1;1;1;;https://betimate.com/it/football-predictions/jeonbuk-motors-ii-vs-yeoju/2026-10-03/game;7;2026-10-04 14:11;;2026-10-04 15:26;0;0;;;
2026-10-03;2026-10-03;07:00;2026-10-03;05:00;K4 League Corea del Sud;South Korea K4 League;south-korea-k4-league;SKKL;Haman;Jecheon Citizen;40;23;37;1;1-0;2.7;;2.75;50.25;49.75;U;46;54;Si;1-3;1;3;2;0;;https://betimate.com/it/football-predictions/jecheon-citizen-vs-haman/2026-10-03/game;7;2026-10-04 14:11;;2026-10-04 15:26;0;0;;;
2026-10-03;2026-10-03;07:00;2026-10-03;05:00;K4 League Corea del Sud;South Korea K4 League;south-korea-k4-league;SKKL;Namyangju FC;Gijang United;51;21;28;1;2-1;3.11;;2.75;47.63;52.37;O;43;57;Si;2-1;2;1;1;1;;https://betimate.com/it/football-predictions/namyangju-fc-vs-gijang-united/2026-10-03/game;7;2026-10-04 14:11;;2026-10-04 15:26;0;0;;;
2026-10-03;2026-10-03;07:00;2026-10-03;05:00;WE League Cup Giappone;Japan League Cup Women;japan-league-cup-women;JLCW;Mynavi Sendai (W);INAC Leonessa (W);24;21;55;2;0-1;2.37;22°C · pioggia 0% · vento 10 km/h;2.5;50.52;49.48;U;57;43;No;0-0;0;0;X;0;;https://betimate.com/it/football-predictions/inac-leonessa-w-vs-mynavi-sendai-w/2026-10-03/game;7;2026-10-04 14:11;;2026-10-04 15:26;0;0;;;
2026-10-03;2026-10-03;07:00;2026-10-03;05:00;WE League Cup Giappone;Japan League Cup Women;japan-league-cup-women;JLCW;Sanfrecce Hiroshima (W);AC Nagano Parceiro (W);77;13;10;1;2-0;2.99;24°C · pioggia 0% · vento 4 km/h;2.75;48.27;51.73;O;58;42;No;3-0;3;0;1;1;;https://betimate.com/it/football-predictions/sanfrecce-hiroshima-w-vs-ac-nagano-parceiro-w/2026-10-03/game;7;2026-10-04 14:11;;2026-10-04 15:26;0;0;;;
2026-10-03;2026-10-03;07:00;2026-10-03;05:00;WE League Cup Giappone;Japan League Cup Women;japan-league-cup-women;JLCW;Urawa Red Diamonds (W);Nippon TV Tokyo Verdy Beleza (W);53;19;28;1;2-1;3.09;24°C · pioggia 0% · vento 6 km/h;2.75;47.54;52.46;O;49;51;Si;4-2;4;2;1;1;;https://betimate.com/it/football-predictions/urawa-red-diamonds-w-vs-nippon-tv-tokyo-verdy-beleza-w/2026-10-03/game;7;2026-10-04 14:11;;2026-10-04 15:26;0;0;;;
2026-10-03;2026-10-03;07:00;2026-10-03;05:00;WK League sudcoreana;South Korea Women K League;south-korea-women-k-league;SKWK;Gangjin Swans (W);Seoul Amazones (W);25;21;54;2;0-1;2.46;;2.25;48.32;51.68;O;56;44;No;0-1;0;1;2;1;;https://betimate.com/it/football-predictions/seoul-amazones-w-vs-gangjin-swans-w/2026-10-03/game;29;2026-10-04 14:11;;2026-10-04 15:26;0;0;;;
2026-10-03;2026-10-03;07:00;2026-10-03;05:00;WK League sudcoreana;South Korea Women K League;south-korea-women-k-league;SKWK;Gyeongju (W);Mungyeong Sangmu Women;52;21;27;1;1-0;2.45;22°C · pioggia 2% · vento 14 km/h;2.25;48.43;51.57;O;56;44;No;0-1;0;1;2;0;;https://betimate.com/it/football-predictions/mungyeong-sangmu-women-vs-gyeongju-w/2026-10-03/game;29;2026-10-04 14:11;;2026-10-04 15:26;0;0;;;
2026-10-03;2026-10-03;08:00;2026-10-03;06:00;Amichevoli per club;World Club Friendlies;world-club-friendlies;WCF;Perth Glory;Adelaide United;32;23;45;2;0-1;2.8;23°C · pioggia 0% · vento 12 km/h;2.75;49.69;50.31;O;46;54;Si;1-3;1;3;2;1;;https://betimate.com/it/football-predictions/perth-glory-vs-adelaide-united/2026-10-03/game;7;2026-10-04 14:11;;2026-10-04 15:26;0;0;;;
2026-10-03;2026-10-03;08:00;2026-10-03;06:00;Giochi Asiatici;Asian Games;asian-games;AG;Cina U23;Uzbekistan U23;36;27;37;2;0-1;2.08;;2.5;52.78;47.22;U;53;47;No;2-2;2;2;X;0;;https://betimate.com/it/football-predictions/china-u23-vs-uzbekistan-u23/2026-10-03/game;7;2026-10-04 14:11;;2026-10-04 15:26;0;0;;;
2026-10-03;2026-10-03;08:00;2026-10-03;06:00;J3 League giapponese;Japan J3-League;japan-j3-league;Jp3;Ehime FC;Thespa Gunma;57;23;20;1;1-0;2.84;23°C · pioggia 0% · vento 11 km/h;3;51.31;48.69;U;46;54;Si;3-1;3;1;1;1;;https://betimate.com/it/football-predictions/ehime-fc-vs-thespa-gunma/2026-10-03/game;1;2026-10-04 14:11;;2026-10-04 15:26;0;0;;;
2026-10-03;2026-10-03;08:00;2026-10-03;06:00;Japan U21 League;Japan U21 League;japan-u21-league;JUL;Kawasaki Frontale U21;Tokyo Verdy U21;47;20;33;1;2-1;3.15;;3.25;50.54;49.46;U;42;58;Si;4-1;4;1;1;1;;https://betimate.com/it/football-predictions/tokyo-verdy-u21-vs-kawasaki-frontale-u21/2026-10-03/game;7;2026-10-04 14:11;;2026-10-04 15:26;0;0;;;
2026-10-03;2026-10-03;08:00;2026-10-03;06:00;Super League Femminile Russia;Russia Premier Women;russia-premier-women;RPW;Yenisey Krasnoyarsk Women;Lokomotiv Moscow Women;3;8;89;2;0-2;3.38;15°C · pioggia 0% · vento 15 km/h;3.25;49.14;50.86;O;65;35;No;0-2;0;2;2;1;;https://betimate.com/it/football-predictions/yenisey-krasnoyarsk-women-vs-lokomotiv-moscow-women/2026-10-03/game;30;2026-10-04 14:11;;2026-10-04 15:26;0;0;;;
2026-10-03;2026-10-03;08:30;2026-10-03;06:30;Partite Australia;Australian Matches;australian-matches;AM;Port Darwin FC Reserves;Azzurri United FC Reserves;51;18;31;1;2-1;4.38;;4.25;49.19;50.81;O;33;67;Si;;;;;;;https://betimate.com/it/football-predictions/azzurri-united-fc-reserves-vs-port-darwin-fc-reserves/2026-10-03/game;30;2026-10-04 14:11;;2026-10-04 15:26;0;0;;;
2026-10-03;2026-10-03;09:00;2026-10-03;07:00;Campionato Femminile Sudafrica;South Africa League Women;south-africa-league-women;SALW;UWC (W);University of Pretoria (W);48;24;28;1;1-0;2.04;;2.25;51.47;48.53;U;60;40;No;0-1;0;1;2;0;;https://betimate.com/it/football-predictions/university-of-pretoria-w-vs-uwc-w/2026-10-03/game;31;2026-10-04 14:11;;2026-10-04 15:26;0;0;;;
2026-10-03;2026-10-03;09:00;2026-10-03;07:00;J.League Cup giapponese;Japan J-League Cup;japan-j-league-cup;JJC;Machida Zelvia;Kyoto Sanga FC;54;25;21;1;1-0;2.38;23°C · pioggia 0% · vento 5 km/h;2.75;52.49;47.51;U;50;50;Si;0-0;0;0;X;0;;https://betimate.com/it/football-predictions/kyoto-sanga-fc-vs-machida-zelvia/2026-10-03/game;1;2026-10-04 14:11;;2026-10-04 15:26;0;0;;;
2026-10-03;2026-10-03;09:00;2026-10-03;07:00;J2 League giapponese;Japan J2-League;japan-j2-league;Jp2;Ventforet Kofu;Kataller Toyama;28;26;46;2;0-1;2.77;24°C · pioggia 2% · vento 8 km/h;2.75;49.78;50.22;O;44;56;Si;1-2;1;2;2;1;;https://betimate.com/it/football-predictions/kataller-toyama-vs-ventforet-kofu/2026-10-03/game;1;2026-10-04 14:11;;2026-10-04 15:26;0;0;;;
2026-10-03;2026-10-03;09:00;2026-10-03;07:00;K4 League Corea del Sud;South Korea K4 League;south-korea-k4-league;SKKL;Jinju Citizen FC;Geoje Citizen FC;52;20;28;1;2-1;3.45;;3;46.97;53.03;O;41;59;Si;0-0;0;0;X;0;;https://betimate.com/it/football-predictions/jinju-citizen-fc-vs-geoje-citizen-fc/2026-10-03/game;7;2026-10-04 14:11;;2026-10-04 15:26;0;0;;;
2026-10-03;2026-10-03;10:00;2026-10-03;08:00;Amichevoli europee;Europe Friendlies;europe-friendlies;EF;Chindia Targoviste;Petrolul Ploiesti;33;25;42;2;1-2;2.97;17°C · pioggia 0% · vento 3 km/h;3.25;51.86;48.14;U;44;56;Si;1-0;1;0;1;0;;https://betimate.com/it/football-predictions/chindia-targoviste-vs-petrolul-ploiesti/2026-10-03/game;3;2026-10-04 14:11;;2026-10-04 15:26;0;0;;;
2026-10-03;2026-10-03;10:00;2026-10-03;08:00;Amichevoli europee;Europe Friendlies;europe-friendlies;EF;FC Arges Pitesti;CSM Slatina;39;24;37;1;1-0;2.44;16°C · pioggia 0% · vento 4 km/h;2.5;50.33;49.67;U;49;51;Si;0-0;0;0;X;0;;https://betimate.com/it/football-predictions/fc-arges-pitesti-vs-csm-slatina/2026-10-03/game;3;2026-10-04 14:11;;2026-10-04 15:26;0;0;;;
2026-10-03;2026-10-03;10:00;2026-10-03;08:00;Cyprus Women Division 1;Cyprus Women Division 1;cyprus-women-division-1;CWD1;Apollon Limassol (W);Lakatamia FC (W);91;5;4;1;3-0;4.58;;6.25;58;42;U;55;45;No;3-0;3;0;1;1;;https://betimate.com/it/football-predictions/apollon-limassol-w-vs-lakatamia-fc-w/2026-10-03/game;7;2026-10-04 14:11;;2026-10-04 15:26;0;0;;;
2026-10-03;2026-10-03;10:00;2026-10-03;08:00;Indonesia U20 League;Indonesia U20 League;indonesia-u20-league;IUL;Dewa United FC U20;Persija Jakarta U20;14;15;71;2;0-2;3.3;;3.25;49.78;50.22;O;48;52;Si;3-1;3;1;1;0;;https://betimate.com/it/football-predictions/persija-jakarta-u20-vs-dewa-united-fc-u20/2026-10-03/game;32;2026-10-04 14:11;;2026-10-04 15:26;0;0;;;
2026-10-03;2026-10-03;10:00;2026-10-03;08:00;Indonesia U20 League;Indonesia U20 League;indonesia-u20-league;IUL;Madura United U20;Bali United U20;24;25;51;2;0-1;1.95;;2.75;55.77;44.23;U;57;43;No;0-3;0;3;2;1;;https://betimate.com/it/football-predictions/madura-united-u20-vs-bali-united-u20/2026-10-03/game;32;2026-10-04 14:11;;2026-10-04 15:26;0;0;;;
2026-10-03;2026-10-03;10:00;2026-10-03;08:00;J2 League giapponese;Japan J2-League;japan-j2-league;Jp2;Oita;Montedio Yamagata;29;30;41;2;0-1;2.2;22°C · pioggia 0% · vento 6 km/h;2.25;50.57;49.43;U;51;49;No;2-1;2;1;1;0;;https://betimate.com/it/football-predictions/oita-vs-montedio-yamagata/2026-10-03/game;1;2026-10-04 14:11;;2026-10-04 15:26;0;0;;;
2026-10-03;2026-10-03;10:00;2026-10-03;08:00;J2 League giapponese;Japan J2-League;japan-j2-league;Jp2;Tochigi City;FC Imabari;54;23;23;1;2-1;3.36;22°C · pioggia 0% · vento 4 km/h;2.75;45.97;54.03;O;39;61;Si;1-2;1;2;2;0;;https://betimate.com/it/football-predictions/fc-imabari-vs-tochigi-city/2026-10-03/game;1;2026-10-04 14:11;;2026-10-04 15:26;0;0;;;
2026-10-03;2026-10-03;10:00;2026-10-03;08:00;J3 League giapponese;Japan J3-League;japan-j3-league;Jp3;FC Ryukyu;Zweigen Kanazawa;38;24;38;1;2-1;2.99;28°C · pioggia 71% · vento 17 km/h;2.75;48.19;51.81;O;41;59;Si;0-2;0;2;2;0;;https://betimate.com/it/football-predictions/zweigen-kanazawa-vs-fc-ryukyu/2026-10-03/game;1;2026-10-04 14:11;;2026-10-04 15:26;0;0;;;
2026-10-03;2026-10-03;10:00;2026-10-03;08:00;J3 League giapponese;Japan J3-League;japan-j3-league;Jp3;Giravanz Kitakyushu;Kochi United;49;26;25;1;1-0;2.48;23°C · pioggia 0% · vento 8 km/h;2.5;50.07;49.93;U;48;52;Si;2-0;2;0;1;1;;https://betimate.com/it/football-predictions/giravanz-kitakyushu-vs-kochi-united/2026-10-03/game;1;2026-10-04 14:11;;2026-10-04 15:26;0;0;;;
2026-10-03;2026-10-03;10:00;2026-10-03;08:00;J3 League giapponese;Japan J3-League;japan-j3-league;Jp3;Sagamihara;FC Osaka;34;24;42;2;1-2;3.18;22°C · pioggia 0% · vento 6 km/h;2.5;45.75;54.25;O;40;60;Si;1-0;1;0;1;0;;https://betimate.com/it/football-predictions/fc-osaka-vs-sagamihara/2026-10-03/game;1;2026-10-04 14:11;;2026-10-04 15:26;0;0;;;
2026-10-03;2026-10-03;10:00;2026-10-03;08:00;K3 League Corea del Sud;South Korea K3 League;south-korea-k3-league;SKKL;Ulsan Citizen FC;Siheung City AC;28;27;45;2;0-1;2.07;21°C · pioggia 1% · vento 13 km/h;2.5;52.91;47.09;U;53;47;No;1-2;1;2;2;1;;https://betimate.com/it/football-predictions/siheung-city-ac-vs-ulsan-citizen-fc/2026-10-03/game;7;2026-10-04 14:11;;2026-10-04 15:26;0;0;;;
2026-10-03;2026-10-03;10:00;2026-10-03;08:00;Landesliga austriaca;Austria Landesliga;austria-landesliga;AL;Austria Lustenau II;FC Schlins;55;18;27;1;2-1;4.17;17°C · pioggia 0% · vento 1 km/h;4;48.92;51.08;O;35;65;Si;0-1;0;1;2;0;;https://betimate.com/it/football-predictions/austria-lustenau-ii-vs-fc-schlins/2026-10-03/game;22;2026-10-04 14:11;;2026-10-04 15:26;0;0;;;
2026-10-03;2026-10-03;10:00;2026-10-03;08:00;Liga 1 Femminile (Romania);Romania Liga 1 Women;romania-liga-1-women;;FK Csikszereda Miercurea Ciuc (W);Vasas Femina Odorhei (W);97;2;1;1;4-0;5.54;;5.25;48.62;51.38;O;59;41;No;3-0;3;0;1;1;;https://betimate.com/it/football-predictions/fk-csikszereda-miercurea-ciuc-w-vs-vasas-femina-odorhei-w/2026-10-03/game;22;2026-10-04 14:11;;2026-10-04 15:26;0;0;;;
2026-10-03;2026-10-03;10:00;2026-10-03;08:00;Liga 2 Femminile Romania;Romania Liga 2 Women;romania-liga-2-women;;ACS Juniorul 2014 (W);Petrolul Ploiesti (W);67;14;19;1;2-1;3.8;;3.5;48.33;51.67;O;45;55;Si;5-1;5;1;1;1;;https://betimate.com/it/football-predictions/petrolul-ploiesti-w-vs-acs-juniorul-2014-w/2026-10-03/game;32;2026-10-04 14:11;;2026-10-04 15:26;0;0;;;
2026-10-03;2026-10-03;10:00;2026-10-03;08:00;Liga 2 Femminile Romania;Romania Liga 2 Women;romania-liga-2-women;;CS Concordia Chiajna (W);AFC Prahova Ploiesti (W);89;6;5;1;3-0;4.5;;4;46.98;53.02;O;53;47;No;4-0;4;0;1;1;;https://betimate.com/it/football-predictions/afc-prahova-ploiesti-w-vs-cs-concordia-chiajna-w/2026-10-03/game;7;2026-10-04 14:11;;2026-10-04 15:26;0;0;;;
2026-10-03;2026-10-03;10:00;2026-10-03;08:00;Persha Liga Ucraina;Ukraine Persha Liga;ukraine-persha-liga;Ua1;FC Viktoriya Sumy;Ingulets Petrovo;48;27;25;1;1-0;2.28;12°C · pioggia 0% · vento 10 km/h;2.25;49.94;50.06;O;51;49;No;1-0;1;0;1;1;;https://betimate.com/it/football-predictions/ingulets-petrovo-vs-fc-viktoriya-sumy/2026-10-03/game;7;2026-10-04 14:11;;2026-10-04 15:26;0;0;;;
2026-10-03;2026-10-03;10:00;2026-10-03;08:00;South Africa Diski Challenge;South Africa Diski Challenge;south-africa-diski-challenge;SADC;Chippa United Reserves;Siwelele FC Reserves;10;17;73;2;0-3;2.96;;2.75;48.73;51.27;O;55;45;No;0-2;0;2;2;1;;https://betimate.com/it/football-predictions/chippa-united-reserves-vs-siwelele-fc-reserves/2026-10-03/game;20;2026-10-04 14:11;;2026-10-04 15:26;0;0;;;
2026-10-03;2026-10-03;10:00;2026-10-03;08:00;South Africa Diski Challenge;South Africa Diski Challenge;south-africa-diski-challenge;SADC;Durban City Reserves;TS Galaxy Reserves;39;25;36;1;2-1;3.05;;3;53.31;46.69;U;39;61;Si;0-1;0;1;2;0;;https://betimate.com/it/football-predictions/ts-galaxy-reserves-vs-durban-city-reserves/2026-10-03/game;20;2026-10-04 14:11;;2026-10-04 15:26;0;0;;;
2026-10-03;2026-10-03;10:00;2026-10-03;08:00;South Africa Diski Challenge;South Africa Diski Challenge;south-africa-diski-challenge;SADC;Orlando Pirates Reserves;Stellenbosch FC Reserves;62;22;16;1;2-1;2.63;;2.5;51.15;48.85;U;54;46;No;4-1;4;1;1;1;;https://betimate.com/it/football-predictions/orlando-pirates-reserves-vs-stellenbosch-fc-reserves/2026-10-03/game;20;2026-10-04 14:11;;2026-10-04 15:26;0;0;;;
2026-10-03;2026-10-03;10:00;2026-10-03;08:00;Youth League ceca;Czechia Youth League;czechia-youth-league;CYL;MFK Karvina U19;Viktoria Plzen U19;19;14;67;2;1-2;4.28;;3.5;46.07;53.93;O;37;63;Si;0-2;0;2;2;1;;https://betimate.com/it/football-predictions/mfk-karvina-u19-vs-viktoria-plzen-u19/2026-10-03/game;7;2026-10-04 14:11;;2026-10-04 15:26;0;0;;;
2026-10-03;2026-10-03;10:15;2026-10-03;08:15;3. Liga ceca;Czechia 3. Liga;czechia-3-liga;;Motorlet Praha;FK Loko Praha;49;24;27;1;1-0;2.64;12°C · pioggia 0% · vento 1 km/h;2.75;50.66;49.34;U;48;52;Si;3-0;3;0;1;1;;https://betimate.com/it/football-predictions/motorlet-praha-vs-fk-loko-praha/2026-10-03/game;32;2026-10-04 14:11;;2026-10-04 15:26;0;0;;;
2026-10-03;2026-10-03;10:15;2026-10-03;08:15;3. Liga ceca;Czechia 3. Liga;czechia-3-liga;;Sigma Olomouc B;MFK Vitkovice;48;24;28;1;1-0;2.61;13°C · pioggia 0% · vento 1 km/h;2.75;50.89;49.11;U;48;52;Si;2-1;2;1;1;1;;https://betimate.com/it/football-predictions/mfk-vitkovice-vs-sigma-olomouc-b/2026-10-03/game;7;2026-10-04 14:11;;2026-10-04 15:26;0;0;;;
2026-10-03;2026-10-03;10:15;2026-10-03;08:15;4. Liga ceca;Czechia 4. Liga;czechia-4-liga;;FC Kurim;Velke Mezirici;69;15;16;1;2-1;4.08;;3.5;46.98;53.02;O;40;60;Si;3-0;3;0;1;1;;https://betimate.com/it/football-predictions/velke-mezirici-vs-fc-kurim/2026-10-03/game;7;2026-10-04 14:11;;2026-10-04 15:26;0;0;;;
2026-10-03;2026-10-03;10:15;2026-10-03;08:15;4. Liga ceca;Czechia 4. Liga;czechia-4-liga;;FC Taborsko B;FC Milevsko;63;19;18;1;2-0;2.98;14°C · pioggia 0% · vento 3 km/h;2.75;48.48;51.52;O;47;53;Si;3-2;3;2;1;1;;https://betimate.com/it/football-predictions/fc-milevsko-vs-fc-taborsko-b/2026-10-03/game;32;2026-10-04 14:11;;2026-10-04 15:26;0;0;;;
2026-10-03;2026-10-03;10:15;2026-10-03;08:15;4. Liga ceca;Czechia 4. Liga;czechia-4-liga;;FC Vratimov;Bridlicna;63;19;18;1;2-0;3.03;14°C · pioggia 0% · vento 3 km/h;3.5;52.68;47.32;U;47;53;Si;2-1;2;1;1;1;;https://betimate.com/it/football-predictions/bridlicna-vs-fc-vratimov/2026-10-03/game;7;2026-10-04 14:11;;2026-10-04 15:26;0;0;;;
2026-10-03;2026-10-03;10:15;2026-10-03;08:15;4. Liga ceca;Czechia 4. Liga;czechia-4-liga;;FK Brandys nad Labem;Slavoj Vysehrad;57;18;25;1;2-1;3.95;;4;50.24;49.76;U;37;63;Si;5-2;5;2;1;1;;https://betimate.com/it/football-predictions/slavoj-vysehrad-vs-fk-brandys-nad-labem/2026-10-03/game;7;2026-10-04 14:11;;2026-10-04 15:26;0;0;;;
2026-10-03;2026-10-03;10:15;2026-10-03;08:15;4. Liga ceca;Czechia 4. Liga;czechia-4-liga;;SK Petrin Plzen;Spartak Pribram;34;22;44;2;1-2;3.23;12°C · pioggia 0% · vento 3 km/h;3;48.42;51.58;O;41;59;Si;4-3;4;3;1;0;;https://betimate.com/it/football-predictions/sk-petrin-plzen-vs-spartak-pribram/2026-10-03/game;7;2026-10-04 14:11;;2026-10-04 15:26;0;0;;;
2026-10-03;2026-10-03;10:15;2026-10-03;08:15;4. Liga ceca;Czechia 4. Liga;czechia-4-liga;;SK Ujezd Praha 4;Slovan Velvary;63;18;19;1;2-1;3.51;;3.5;49.93;50.07;O;43;57;Si;2-1;2;1;1;1;;https://betimate.com/it/football-predictions/slovan-velvary-vs-sk-ujezd-praha-4/2026-10-03/game;7;2026-10-04 14:11;;2026-10-04 15:26;0;0;;;
2026-10-03;2026-10-03;10:15;2026-10-03;08:15;4. Liga ceca;Czechia 4. Liga;czechia-4-liga;;Slavoj Cesky Krumlov;FC Rokycany;45;23;32;1;1-0;2.8;13°C · pioggia 0% · vento 3 km/h;3;51.58;48.42;U;45;55;Si;4-0;4;0;1;1;;https://betimate.com/it/football-predictions/fc-rokycany-vs-slavoj-cesky-krumlov/2026-10-03/game;7;2026-10-04 14:11;;2026-10-04 15:26;0;0;;;
2026-10-03;2026-10-03;10:15;2026-10-03;08:15;5. Liga ceca;Czechia 5. Liga;czechia-5-liga;;Luhacovice;Tj Stitna Nad Vlari;41;19;40;1;2-1;4.03;;3.25;45.53;54.47;O;35;65;Si;4-2;4;2;1;1;;https://betimate.com/it/football-predictions/tj-stitna-nad-vlari-vs-luhacovice/2026-10-03/game;32;2026-10-04 14:11;;2026-10-04 15:26;0;0;;;
2026-10-03;2026-10-03;10:15;2026-10-03;08:15;5. Liga ceca;Czechia 5. Liga;czechia-5-liga;;TJ Sokol Srbice;Slavoj Zatec;65;16;19;1;2-1;4.34;;3.5;45.69;54.31;O;37;63;Si;2-2;2;2;X;0;;https://betimate.com/it/football-predictions/slavoj-zatec-vs-tj-sokol-srbice/2026-10-03/game;32;2026-10-04 14:11;;2026-10-04 15:26;0;0;;;
2026-10-03;2026-10-03;10:15;2026-10-03;08:15;Youth League ceca;Czechia Youth League;czechia-youth-league;CYL;Dukla Praha U19;FK Pardubice U19;57;17;26;1;2-1;3.84;12°C · pioggia 0% · vento 2 km/h;3.75;49.4;50.6;O;38;62;Si;4-1;4;1;1;1;;https://betimate.com/it/football-predictions/fk-pardubice-u19-vs-dukla-praha-u19/2026-10-03/game;32;2026-10-04 14:11;;2026-10-04 15:26;0;0;;;
2026-10-03;2026-10-03;10:30;2026-10-03;08:30;4. Liga ceca;Czechia 4. Liga;czechia-4-liga;;FK Prepere;TJ Svitavy;80;11;9;1;3-0;3.9;16°C · pioggia 0% · vento 1 km/h;3.75;49.2;50.8;O;47;53;Si;3-1;3;1;1;1;;https://betimate.com/it/football-predictions/fk-prepere-vs-tj-svitavy/2026-10-03/game;7;2026-10-04 14:11;;2026-10-04 15:26;0;0;;;
2026-10-03;2026-10-03;10:30;2026-10-03;08:30;4. Liga ceca;Czechia 4. Liga;czechia-4-liga;;Sparta Brno;SK Zdirec Nad Doubravou;60;18;22;1;2-1;3.51;;3;46.62;53.38;O;42;58;Si;3-1;3;1;1;1;;https://betimate.com/it/football-predictions/sparta-brno-vs-sk-zdirec-nad-doubravou/2026-10-03/game;7;2026-10-04 14:11;;2026-10-04 15:26;0;0;;;
2026-10-03;2026-10-03;10:30;2026-10-03;08:30;5. Liga ceca;Czechia 5. Liga;czechia-5-liga;;FC Zlicin;Prague Raptors;50;20;30;1;2-1;3.63;;3.25;47.79;52.21;O;39;61;Si;3-2;3;2;1;1;;https://betimate.com/it/football-predictions/fc-zlicin-vs-prague-raptors/2026-10-03/game;32;2026-10-04 14:11;;2026-10-04 15:26;0;0;;;
2026-10-03;2026-10-03;10:30;2026-10-03;08:30;Amichevoli europee;Europe Friendlies;europe-friendlies;EF;Otelul Galati;FC Bacau;44;24;32;1;2-1;3.24;;2.75;47.07;52.93;O;41;59;Si;;;;;;;https://betimate.com/it/football-predictions/otelul-galati-vs-fc-bacau/2026-10-03/game;3;2026-10-04 14:11;;2026-10-04 15:26;0;0;;;
2026-10-03;2026-10-03;10:30;2026-10-03;08:30;Amichevoli europee;Europe Friendlies;europe-friendlies;EF;Slavia Sofia;Botev Vratsa;43;27;30;1;1-0;2.65;17°C · pioggia 0% · vento 7 km/h;2.75;50.77;49.23;U;47;53;Si;2-1;2;1;1;1;;https://betimate.com/it/football-predictions/slavia-sofia-vs-botev-vratsa/2026-10-03/game;3;2026-10-04 14:11;;2026-10-04 15:26;0;0;;;
2026-10-03;2026-10-03;10:30;2026-10-03;08:30;Kolmonen finlandese;Finland Kolmonen;finland-kolmonen;FK;SAPA/2;JyTy;60;16;24;1;2-1;4.34;;4.25;49.39;50.61;O;35;65;Si;0-2;0;2;2;0;;https://betimate.com/it/football-predictions/jyty-vs-sapa-2/2026-10-03/game;32;2026-10-04 14:11;;2026-10-04 15:26;0;0;;;
2026-10-03;2026-10-03;10:30;2026-10-03;08:30;Liga 2 indonesiana;Indonesia Championship;indonesia-championship;IC;Persiku Kudus;PSGC Ciamis;39;26;35;1;1-0;2.74;;2.5;48.66;51.34;O;46;54;Si;1-2;1;2;2;0;;https://betimate.com/it/football-predictions/psgc-ciamis-vs-persiku-kudus/2026-10-03/game;7;2026-10-04 14:11;;2026-10-04 15:26;0;0;;;
2026-10-03;2026-10-03;10:30;2026-10-03;08:30;Partite Australia;Australian Matches;australian-matches;AM;Hellenic AC Women;Casuarina FC (W);61;14;25;1;3-2;6.31;28°C · pioggia 14% · vento 16 km/h;5.5;46.47;53.53;O;24;76;Si;3-1;3;1;1;1;;https://betimate.com/it/football-predictions/casuarina-fc-w-vs-hellenic-ac-women/2026-10-03/game;32;2026-10-04 14:11;;2026-10-04 15:26;0;0;;;
2026-10-03;2026-10-03;10:30;2026-10-03;08:30;Thailand Division 3;Thailand Division 3;thailand-division-3;TD3;Esan Fighter FC;Surin City FC;44;27;29;1;1-0;2.17;;2.25;50.7;49.3;U;52;48;No;3-2;3;2;1;1;;https://betimate.com/it/football-predictions/surin-city-fc-vs-esan-fighter-fc/2026-10-03/game;7;2026-10-04 14:11;;2026-10-04 15:26;0;0;;;
2026-10-03;2026-10-03;10:30;2026-10-03;08:30;Thailand Division 3;Thailand Division 3;thailand-division-3;TD3;Prime Bangkok;Lopburi City FC;84;8;8;1;4-1;5.73;;3.25;37.7;62.3;O;36;64;Si;2-0;2;0;1;1;;https://betimate.com/it/football-predictions/prime-bangkok-vs-lopburi-city-fc/2026-10-03/game;7;2026-10-04 14:11;;2026-10-04 15:26;0;0;;;
2026-10-03;2026-10-03;10:30;2026-10-03;08:30;Thailand Division 3;Thailand Division 3;thailand-division-3;TD3;Royal Thai Air Force FC;Futera United;61;20;19;1;2-0;3.04;;2.75;48.08;51.92;O;46;54;Si;;;;;;;https://betimate.com/it/football-predictions/royal-thai-air-force-fc-vs-futera-united/2026-10-03/game;7;2026-10-04 14:11;;2026-10-04 15:26;0;0;;;
2026-10-03;2026-10-03;10:30;2026-10-03;08:30;Thailand Division 3;Thailand Division 3;thailand-division-3;TD3;Royal Thai Army;Raj Pracha;45;24;31;1;1-0;2.7;;2.5;48.69;51.31;O;46;54;Si;1-0;1;0;1;1;;https://betimate.com/it/football-predictions/raj-pracha-vs-royal-thai-army/2026-10-03/game;7;2026-10-04 14:11;;2026-10-04 15:26;0;0;;;
2026-10-03;2026-10-03;10:30;2026-10-03;08:30;Thailand Division 3;Thailand Division 3;thailand-division-3;TD3;Udon Banjan United;Korat City FC;49;21;30;1;2-1;3.44;;2.5;44.48;55.52;O;40;60;Si;1-1;1;1;X;0;;https://betimate.com/it/football-predictions/udon-banjan-united-vs-korat-city-fc/2026-10-03/game;32;2026-10-04 14:11;;2026-10-04 15:26;0;0;;;
2026-10-03;2026-10-03;10:45;2026-10-03;08:45;2. Division danese femminile;Denmark Division 2 Women;denmark-division-2-women;;Fredensborg (W);BSF (W);33;17;50;2;1-2;3.58;;3.25;47.97;52.03;O;44;56;Si;2-1;2;1;1;0;;https://betimate.com/it/football-predictions/bsf-w-vs-fredensborg-w/2026-10-03/game;33;2026-10-04 14:11;;2026-10-04 15:26;0;0;;;
2026-10-03;2026-10-03;10:45;2026-10-03;08:45;Druha Liga Ucraina;Ukraine Druha Liga;ukraine-druha-liga;UDL;FC Poltava 2;PFC Oleksandria II;38;27;35;1;1-0;2.09;;2.5;52.68;47.32;U;52;48;No;1-0;1;0;1;1;;https://betimate.com/it/football-predictions/pfc-oleksandria-ii-vs-fc-poltava-2/2026-10-03/game;33;2026-10-04 14:11;;2026-10-04 15:26;0;0;;;
2026-10-03;2026-10-03;10:45;2026-10-03;08:45;Malesia - Liga A1 Semi Pro;Malaysia Liga A1 Semi Pro;malaysia-liga-a1-semi-pro;MLAS;AAK Puncak Alam;Armed Forces FC;34;24;42;2;0-1;2.5;;2.25;48.25;51.75;O;48;52;Si;1-0;1;0;1;0;;https://betimate.com/it/football-predictions/armed-forces-fc-vs-aak-puncak-alam/2026-10-03/game;33;2026-10-04 14:11;;2026-10-04 15:26;0;0;;;
2026-10-03;2026-10-03;10:45;2026-10-03;08:45;Malesia - Liga A1 Semi Pro;Malaysia Liga A1 Semi Pro;malaysia-liga-a1-semi-pro;MLAS;Imigresen FC II;Negeri Sembilan II;62;17;21;1;2-1;3.58;;2.75;44.89;55.11;O;41;59;Si;1-2;1;2;2;0;;https://betimate.com/it/football-predictions/imigresen-fc-ii-vs-negeri-sembilan-ii/2026-10-03/game;33;2026-10-04 14:11;;2026-10-04 15:26;0;0;;;
2026-10-03;2026-10-03;10:55;2026-10-03;08:55;Srpska Liga Serbia;Serbia Srpska Liga;serbia-srpska-liga;SSL;Prva Iskra;FK Bezanija;32;26;42;2;0-1;2.36;;2.25;49.23;50.77;O;50;50;Si;2-1;2;1;1;0;;https://betimate.com/it/football-predictions/fk-bezanija-vs-prva-iskra/2026-10-03/game;20;2026-10-04 14:11;;2026-10-04 15:26;0;0;;;
2026-10-03;2026-10-03;11:00;2026-10-03;09:00;Amichevoli Elite Club;Elite Club Friendlies;elite-club-friendlies;ECF;Monaco;Pisa;87;8;5;1;3-0;4.87;25°C · pioggia 0% · vento 8 km/h;2.5;37.88;62.12;O;44;56;Si;2-0;2;0;1;1;;https://betimate.com/it/football-predictions/monaco-vs-pisa/2026-10-03/game;8;2026-10-04 14:11;;2026-10-04 15:26;0;0;;;
2026-10-03;2026-10-03;11:00;2026-10-03;09:00;Amichevoli europee;Europe Friendlies;europe-friendlies;EF;NK Osijek;Bijelo Brdo;63;22;15;1;1-0;2.42;20°C · pioggia 0% · vento 4 km/h;2.75;52.06;47.94;U;51;49;No;1-1;1;1;X;0;;https://betimate.com/it/football-predictions/nk-osijek-vs-bijelo-brdo/2026-10-03/game;3;2026-10-04 14:11;;2026-10-04 15:26;0;0;;;
2026-10-03;2026-10-03;11:00;2026-10-03;09:00;Amichevoli europee;Europe Friendlies;europe-friendlies;EF;Zaglebie Lubin;Miedz Legnica;52;25;23;1;1-0;2.5;;2.5;49.98;50.02;O;49;51;Si;1-0;1;0;1;1;;https://betimate.com/it/football-predictions/miedz-legnica-vs-zaglebie-lubin/2026-10-03/game;3;2026-10-04 14:11;;2026-10-04 15:26;0;0;;;
2026-10-03;2026-10-03;11:00;2026-10-03;09:00;Bangladesh Premier League;Bangladesh Premier League;bangladesh-premier-league;BPL;Arambagh KS;Rahmatgonj MFS;26;26;48;2;0-1;2.19;;2.75;53.96;46.04;U;52;48;No;2-2;2;2;X;0;;https://betimate.com/it/football-predictions/arambagh-ks-vs-rahmatgonj-mfs/2026-10-03/game;7;2026-10-04 14:11;;2026-10-04 15:26;0;0;;;
2026-10-03;2026-10-03;11:00;2026-10-03;09:00;Bangladesh Premier League;Bangladesh Premier League;bangladesh-premier-league;BPL;Dhaka Wanderers Club;Dhaka Abahani;15;20;65;2;0-1;2.59;;2.5;49.52;50.48;O;52;48;No;1-5;1;5;2;1;;https://betimate.com/it/football-predictions/dhaka-abahani-vs-dhaka-wanderers-club/2026-10-03/game;33;2026-10-04 14:11;;2026-10-04 15:26;0;0;;;
2026-10-03;2026-10-03;11:00;2026-10-03;09:00;Bangladesh Premier League;Bangladesh Premier League;bangladesh-premier-league;BPL;Fortis FC;MSPCC City Club;58;21;21;1;1-0;2.61;;3;53.18;46.82;U;50;50;Si;3-3;3;3;X;0;;https://betimate.com/it/football-predictions/fortis-fc-vs-mspcc-city-club/2026-10-03/game;7;2026-10-04 14:11;;2026-10-04 15:26;0;0;;;
2026-10-03;2026-10-03;11:00;2026-10-03;09:00;Campionato Femminile Sudafrica;South Africa League Women;south-africa-league-women;SALW;Ezemvelo (W);JVW FC (W);14;16;70;2;0-2;2.94;;2.75;48.53;51.47;O;55;45;No;1-1;1;1;X;0;;https://betimate.com/it/football-predictions/ezemvelo-w-vs-jvw-fc-w/2026-10-03/game;8;2026-10-04 14:11;;2026-10-04 15:26;0;0;;;
2026-10-03;2026-10-03;11:00;2026-10-03;09:00;Campionato U19 Kosovo;Kosovo U19 League;kosovo-u19-league;KUL;KF Flamurtari Prishtina U19;KF Trepca 89 U19;52;18;30;1;2-1;3.52;;3.75;51.23;48.77;U;39;61;Si;1-0;1;0;1;1;;https://betimate.com/it/football-predictions/kf-trepca-89-u19-vs-kf-flamurtari-prishtina-u19/2026-10-03/game;33;2026-10-04 14:11;;2026-10-04 15:26;0;0;;;
2026-10-03;2026-10-03;11:00;2026-10-03;09:00;División de Honor Juvenil (Spagna);Spain Youth League;spain-youth-league;SYL;Real Betis U19;Sevilla U19;62;16;22;1;2-1;3.48;;3;46.71;53.29;O;42;58;Si;1-1;1;1;X;0;;https://betimate.com/it/football-predictions/sevilla-u19-vs-real-betis-u19/2026-10-03/game;6;2026-10-04 14:11;;2026-10-04 15:26;0;0;;;
2026-10-03;2026-10-03;11:00;2026-10-03;09:00;Football League giapponese;Japan Football League;japan-football-league;Jp4;Honda FC;Minebea Mitsumi;51;25;24;1;1-0;2.32;;2.5;51.19;48.81;U;51;49;No;0-1;0;1;2;0;;https://betimate.com/it/football-predictions/honda-fc-vs-minebea-mitsumi/2026-10-03/game;2;2026-10-04 14:11;;2026-10-04 15:26;0;0;;;
2026-10-03;2026-10-03;11:00;2026-10-03;09:00;Football League giapponese;Japan Football League;japan-football-league;Jp4;Veertien Mie;Verspah Oita;37;26;37;1;1-0;2.24;;2.25;50.17;49.83;U;51;49;No;3-0;3;0;1;1;;https://betimate.com/it/football-predictions/verspah-oita-vs-veertien-mie/2026-10-03/game;2;2026-10-04 14:11;;2026-10-04 15:26;0;0;;;
2026-10-03;2026-10-03;11:00;2026-10-03;09:00;IV Liga Polonia;Poland IV Liga;poland-iv-liga;PIL;Mazur Karczew;Blonianka Blonie;47;21;32;1;2-1;3.22;;3;48.54;51.46;O;42;58;Si;2-2;2;2;X;0;;https://betimate.com/it/football-predictions/blonianka-blonie-vs-mazur-karczew/2026-10-03/game;8;2026-10-04 14:11;;2026-10-04 15:26;0;0;;;
2026-10-03;2026-10-03;11:00;2026-10-03;09:00;IV Liga Polonia;Poland IV Liga;poland-iv-liga;PIL;Mustang Ostaszewo;Sparta Brodnica;48;20;32;1;2-1;3.4;;3.25;49.05;50.95;O;40;60;Si;3-3;3;3;X;0;;https://betimate.com/it/football-predictions/sparta-brodnica-vs-mustang-ostaszewo/2026-10-03/game;8;2026-10-04 14:11;;2026-10-04 15:26;0;0;;;
2026-10-03;2026-10-03;11:00;2026-10-03;09:00;IV Liga Polonia;Poland IV Liga;poland-iv-liga;PIL;Pogon Szczecin II;GKS Manowo;74;12;14;1;3-1;4.93;;4;44.83;55.17;O;36;64;Si;6-0;6;0;1;1;;https://betimate.com/it/football-predictions/pogon-szczecin-ii-vs-gks-manowo/2026-10-03/game;33;2026-10-04 14:11;;2026-10-04 15:26;0;0;;;
2026-10-03;2026-10-03;11:00;2026-10-03;09:00;IV Liga Polonia;Poland IV Liga;poland-iv-liga;PIL;Wisla Dobrzyn nad Wisla;Victoria Czernikowo;71;15;14;1;2-1;3.99;;3.25;45.9;54.1;O;41;59;Si;4-0;4;0;1;1;;https://betimate.com/it/football-predictions/wisla-dobrzyn-nad-wisla-vs-victoria-czernikowo/2026-10-03/game;8;2026-10-04 14:11;;2026-10-04 15:26;0;0;;;
2026-10-03;2026-10-03;11:00;2026-10-03;09:00;Italy Campionato Primavera 3;Italy Campionato Primavera 3;italy-campionato-primavera-3;ICP3;Crotone U19;Juve Stabia U19;52;20;28;1;2-1;2.98;;3;50.12;49.88;U;45;55;Si;1-8;1;8;2;0;;https://betimate.com/it/football-predictions/crotone-u19-vs-juve-stabia-u19/2026-10-03/game;8;2026-10-04 14:11;;2026-10-04 15:26;0;0;;;
2026-10-03;2026-10-03;11:00;2026-10-03;09:00;Kolmonen finlandese;Finland Kolmonen;finland-kolmonen;FK;EIF Academy;MPS;88;7;5;1;4-0;5.25;;4.25;45.2;54.8;O;43;57;Si;3-1;3;1;1;1;;https://betimate.com/it/football-predictions/mps-vs-eif-academy/2026-10-03/game;33;2026-10-04 14:11;;2026-10-04 15:26;0;0;;;
2026-10-03;2026-10-03;11:00;2026-10-03;09:00;Kolmonen finlandese;Finland Kolmonen;finland-kolmonen;FK;GrIFK Reservi;NuPS;46;21;33;1;2-1;3.2;;3.5;51.61;48.39;U;42;58;Si;0-2;0;2;2;0;;https://betimate.com/it/football-predictions/nups-vs-grifk-reservi/2026-10-03/game;33;2026-10-04 14:11;;2026-10-04 15:26;0;0;;;
2026-10-03;2026-10-03;11:00;2026-10-03;09:00;Kolmonen finlandese;Finland Kolmonen;finland-kolmonen;FK;HooGee;Gilla FC;32;15;53;2;2-3;5.81;;4.5;44.02;55.98;O;25;75;Si;3-2;3;2;1;0;;https://betimate.com/it/football-predictions/hoogee-vs-gilla-fc/2026-10-03/game;7;2026-10-04 14:11;;2026-10-04 15:26;0;0;;;
2026-10-03;2026-10-03;11:00;2026-10-03;09:00;Kolmonen finlandese;Finland Kolmonen;finland-kolmonen;FK;LOPA;Poxyt;45;19;36;1;2-1;4.34;13°C · pioggia 8% · vento 10 km/h;4;47.94;52.06;O;33;67;Si;2-2;2;2;X;0;;https://betimate.com/it/football-predictions/poxyt-vs-lopa/2026-10-03/game;33;2026-10-04 14:11;;2026-10-04 15:26;0;0;;;
2026-10-03;2026-10-03;11:00;2026-10-03;09:00;Kolmonen finlandese;Finland Kolmonen;finland-kolmonen;FK;LePa;ESPA;32;20;48;2;1-2;3.54;;3.5;49.71;50.29;O;39;61;Si;3-1;3;1;1;0;;https://betimate.com/it/football-predictions/espa-vs-lepa/2026-10-03/game;33;2026-10-04 14:11;;2026-10-04 15:26;0;0;;;
2026-10-03;2026-10-03;11:00;2026-10-03;09:00;Kolmonen finlandese;Finland Kolmonen;finland-kolmonen;FK;PPJ/Ruoholahti;EPS Reservi;48;18;34;1;2-1;4.63;;3.75;45.21;54.79;O;31;69;Si;2-0;2;0;1;1;;https://betimate.com/it/football-predictions/eps-reservi-vs-ppj-ruoholahti/2026-10-03/game;7;2026-10-04 14:11;;2026-10-04 15:26;0;0;;;
2026-10-03;2026-10-03;11:00;2026-10-03;09:00;Meistriliiga Femminile Estonia;Estonia Meistriliiga Women;estonia-meistriliiga-women;EMW;FC Flora Tallinn (W);Harju JK Laagri (W);88;7;5;1;3-0;4.96;12°C · pioggia 0% · vento 9 km/h;4.75;48.72;51.28;O;48;52;Si;6-0;6;0;1;1;;https://betimate.com/it/football-predictions/fc-flora-tallinn-w-vs-harju-jk-laagri-w/2026-10-03/game;7;2026-10-04 14:11;;2026-10-04 15:26;0;0;;;
2026-10-03;2026-10-03;11:00;2026-10-03;09:00;NB III ungherese;Hungary NB III;hungary-nb-iii;HNI;Egri FC;Diosgyori VTK II;35;19;46;2;1-2;3.99;20°C · pioggia 0% · vento 5 km/h;3;43.54;56.46;O;36;64;Si;2-1;2;1;1;0;;https://betimate.com/it/football-predictions/diosgyori-vtk-ii-vs-egri-fc/2026-10-03/game;1;2026-10-04 14:11;;2026-10-04 15:26;0;0;;;
2026-10-03;2026-10-03;11:00;2026-10-03;09:00;NB III ungherese;Hungary NB III;hungary-nb-iii;HNI;Paksi SE II;Szekszardi;73;13;14;1;3-1;4.42;20°C · pioggia 0% · vento 6 km/h;3.5;45.44;54.56;O;39;61;Si;8-1;8;1;1;1;;https://betimate.com/it/football-predictions/szekszardi-vs-paksi-se-ii/2026-10-03/game;1;2026-10-04 14:11;;2026-10-04 15:26;0;0;;;
2026-10-03;2026-10-03;11:00;2026-10-03;09:00;NB III ungherese;Hungary NB III;hungary-nb-iii;HNI;Tarpa SC;Debreceni II;29;21;50;2;1-2;3.12;;3;49.19;50.81;O;43;57;Si;1-2;1;2;2;1;;https://betimate.com/it/football-predictions/debreceni-ii-vs-tarpa-sc/2026-10-03/game;18;2026-10-04 14:11;;2026-10-04 15:26;0;0;;;
2026-10-03;2026-10-03;11:00;2026-10-03;09:00;NB III ungherese;Hungary NB III;hungary-nb-iii;HNI;Ujpest II;Monori SE;43;20;37;1;2-1;3.54;20°C · pioggia 0% · vento 1 km/h;3.25;48.25;51.75;O;39;61;Si;2-2;2;2;X;0;;https://betimate.com/it/football-predictions/ujpest-ii-vs-monori-se/2026-10-03/game;1;2026-10-04 14:11;;2026-10-04 15:26;0;0;;;
2026-10-03;2026-10-03;11:00;2026-10-03;09:00;NB III ungherese;Hungary NB III;hungary-nb-iii;HNI;Vasas SC II;BKV Elore SC;86;8;6;1;4-1;5.24;;3.75;42.47;57.53;O;41;59;Si;3-0;3;0;1;1;;https://betimate.com/it/football-predictions/bkv-elore-sc-vs-vasas-sc-ii/2026-10-03/game;18;2026-10-04 14:11;;2026-10-04 15:26;0;0;;;
2026-10-03;2026-10-03;11:00;2026-10-03;09:00;Oberliga Bayern Nord (Germania);Germany Oberliga Bayern North;germany-oberliga-bayern-north;De5;ASV Neumarkt;FC Ingolstadt II;42;22;36;1;2-1;3.3;17°C · pioggia 0% · vento 1 km/h;3.25;49.62;50.38;O;41;59;Si;1-2;1;2;2;0;;https://betimate.com/it/football-predictions/fc-ingolstadt-ii-vs-asv-neumarkt/2026-10-03/game;22;2026-10-04 14:11;;2026-10-04 15:26;0;0;;;
2026-10-03;2026-10-03;11:00;2026-10-03;09:00;Super League Femminile Russia;Russia Premier Women;russia-premier-women;RPW;Zvezda 2005 Perm Women;Zhfk Krylya Sovetov Samara Women;20;26;54;2;0-1;1.66;2°C · pioggia 95% · vento 16 km/h;1.5;48.97;51.03;O;67;33;No;1-1;1;1;X;0;;https://betimate.com/it/football-predictions/zvezda-2005-perm-women-vs-zhfk-krylya-sovetov-samara-women/2026-10-03/game;33;2026-10-04 14:11;;2026-10-04 15:26;0;0;;;
2026-10-03;2026-10-03;11:00;2026-10-03;09:00;U19 International;U19 International;u19-international;UI;Slovenia U19;Rep Of Ireland U19;33;23;44;2;0-1;2.62;;2.75;50.66;49.34;U;50;50;Si;1-2;1;2;2;1;;https://betimate.com/it/football-predictions/slovenia-u19-vs-rep-of-ireland-u19/2026-10-03/game;33;2026-10-04 14:11;;2026-10-04 15:26;0;0;;;
2026-10-03;2026-10-03;11:00;2026-10-03;09:00;U20 International;U20 International;u20-international;UI;Francia U20;Italia U20;60;19;21;1;2-1;3.12;;2.75;47.65;52.35;O;48;52;Si;0-3;0;3;2;0;;https://betimate.com/it/football-predictions/italy-u20-vs-france-u20/2026-10-03/game;33;2026-10-04 14:11;;2026-10-04 15:26;0;0;;;
2026-10-03;2026-10-03;11:00;2026-10-03;09:00;Youth League ceca;Czechia Youth League;czechia-youth-league;CYL;Ceske Budejovice U19;Sparta Prague U19;47;15;38;1;3-2;5.63;16°C · pioggia 0% · vento 1 km/h;4.25;43.12;56.88;O;24;76;Si;1-1;1;1;X;0;;https://betimate.com/it/football-predictions/sparta-prague-u19-vs-ceske-budejovice-u19/2026-10-03/game;7;2026-10-04 14:11;;2026-10-04 15:26;0;0;;;
2026-10-03;2026-10-03;11:00;2026-10-03;09:00;Youth League ceca;Czechia Youth League;czechia-youth-league;CYL;Slovacko U19;FC Zbrojovka Brno U19;34;17;49;2;1-2;4.02;19°C · pioggia 0% · vento 2 km/h;4;49.76;50.24;O;35;65;Si;3-0;3;0;1;0;;https://betimate.com/it/football-predictions/fc-zbrojovka-brno-u19-vs-slovacko-u19/2026-10-03/game;7;2026-10-04 14:11;;2026-10-04 15:26;0;0;;;
2026-10-03;2026-10-03;11:30;2026-10-03;09:30;1. divisjon Femminile (Norvegia);Norway Division 1 Women;norway-division-1-women;;Arna-Bjørnar (W);Grei (W);88;6;6;1;3-0;4.68;12°C · pioggia 94% · vento 9 km/h;3.75;44.98;55.02;O;50;50;Si;10-0;10;0;1;1;;https://betimate.com/it/football-predictions/arna-bj-rnar-w-vs-grei-w/2026-10-03/game;34;2026-10-04 14:11;;2026-10-04 15:26;0;0;;;
2026-10-03;2026-10-03;11:30;2026-10-03;09:30;Algeria D1 Championship Women;Algeria D1 Championship Women;algeria-d1-championship-women;ADCW;FC Bejaia (W);CS Constantine (W);13;16;71;2;0-2;2.76;;4;58.57;41.43;U;58;42;No;1-2;1;2;2;1;;https://betimate.com/it/football-predictions/cs-constantine-w-vs-fc-bejaia-w/2026-10-03/game;34;2026-10-04 14:11;;2026-10-04 15:26;0;0;;;
2026-10-03;2026-10-03;11:30;2026-10-03;09:30;Amichevoli europee;Europe Friendlies;europe-friendlies;EF;SK Artis Brno;AS Trencin;50;24;26;1;2-1;2.96;19°C · pioggia 0% · vento 13 km/h;3.25;51.91;48.09;U;44;56;Si;3-0;3;0;1;1;;https://betimate.com/it/football-predictions/as-trencin-vs-sk-artis-brno/2026-10-03/game;3;2026-10-04 14:11;;2026-10-04 15:26;0;0;;;
2026-10-03;2026-10-03;11:30;2026-10-03;09:30;División de Honor Juvenil (Spagna);Spain Youth League;spain-youth-league;SYL;AD Huracan U19;Mensajero U19;52;19;29;1;2-1;3.06;;3;49.58;50.42;O;44;56;Si;2-1;2;1;1;1;;https://betimate.com/it/football-predictions/ad-huracan-u19-vs-mensajero-u19/2026-10-03/game;22;2026-10-04 14:11;;2026-10-04 15:26;0;0;;;
2026-10-03;2026-10-03;11:30;2026-10-03;09:30;Esiliiga B estone;Estonia Esiliiga B;estonia-esiliiga-b;EEB;JK Viljandi Tulevik;JK Tallinna Kalev II;68;14;18;1;3-1;5.05;17°C · pioggia 0% · vento 7 km/h;4.75;48.41;51.59;O;33;67;Si;1-3;1;3;2;0;;https://betimate.com/it/football-predictions/jk-viljandi-tulevik-vs-jk-tallinna-kalev-ii/2026-10-03/game;8;2026-10-04 14:11;;2026-10-04 15:26;0;0;;;
2026-10-03;2026-10-03;11:30;2026-10-03;09:30;Esiliiga B estone;Estonia Esiliiga B;estonia-esiliiga-b;EEB;Tallinna JK Legion;FC Levadia Tallinn U19;9;11;80;2;1-3;4.84;12°C · pioggia 0% · vento 10 km/h;4.75;49.53;50.47;O;40;60;Si;0-3;0;3;2;1;;https://betimate.com/it/football-predictions/tallinna-jk-legion-vs-fc-levadia-tallinn-u19/2026-10-03/game;34;2026-10-04 14:11;;2026-10-04 15:26;0;0;;;
2026-10-03;2026-10-03;11:30;2026-10-03;09:30;Meistriliiga Femminile Estonia;Estonia Meistriliiga Women;estonia-meistriliiga-women;EMW;Viimsi JK (W);FC Elva (W);93;4;3;1;4-1;6;;5.5;47.78;52.22;O;47;53;Si;3-3;3;3;X;0;;https://betimate.com/it/football-predictions/fc-elva-w-vs-viimsi-jk-w/2026-10-03/game;34;2026-10-04 14:11;;2026-10-04 15:26;0;0;;;
2026-10-03;2026-10-03;11:30;2026-10-03;09:30;Mizoram Premier League India;India Mizoram Premier League;india-mizoram-premier-league;IMPL;Saikhamakawn FC;Mizoram Police FC;37;22;41;2;1-2;3.03;;2.75;48.1;51.9;O;43;57;Si;0-1;0;1;2;1;;https://betimate.com/it/football-predictions/mizoram-police-fc-vs-saikhamakawn-fc/2026-10-03/game;5;2026-10-04 14:11;;2026-10-04 15:26;0;0;;;
2026-10-03;2026-10-03;11:30;2026-10-03;09:30;Paesi Bassi - Campionato U21;Netherlands U21 League;netherlands-u21-league;NUL;Excelsior Maassluis U21;RKVV Westlandia U21;45;17;38;1;2-1;4.2;;4;48.73;51.27;O;33;67;Si;5-1;5;1;1;1;;https://betimate.com/it/football-predictions/rkvv-westlandia-u21-vs-excelsior-maassluis-u21/2026-10-03/game;8;2026-10-04 14:11;;2026-10-04 15:26;0;0;;;
2026-10-03;2026-10-03;11:30;2026-10-03;09:30;Persha Liga Ucraina;Ukraine Persha Liga;ukraine-persha-liga;Ua1;Lokomotiv Kyiv;Polissya Zhytomyr II;46;26;28;1;1-0;2.69;;2.5;49.11;50.89;O;47;53;Si;3-3;3;3;X;0;;https://betimate.com/it/football-predictions/lokomotiv-kyiv-vs-polissya-zhytomyr-ii/2026-10-03/game;8;2026-10-04 14:11;;2026-10-04 15:26;0;0;;;
2026-10-03;2026-10-03;11:30;2026-10-03;09:30;Shillong Premier League indiana;India Shillong Premier League;india-shillong-premier-league;ISPL;Nongkseh SS & CC;Laitkor SC;67;18;15;1;2-0;3.15;;4;55.77;44.23;U;47;53;Si;3-1;3;1;1;1;;https://betimate.com/it/football-predictions/laitkor-sc-vs-nongkseh-ss-cc/2026-10-03/game;8;2026-10-04 14:11;;2026-10-04 15:26;0;0;;;
2026-10-03;2026-10-03;11:41;2026-10-03;09:41;Paesi Bassi - Campionato U21;Netherlands U21 League;netherlands-u21-league;NUL;Alphense Boys U21;USV Hercules U21;8;8;84;2;1-4;5.56;;4;41.8;58.2;O;37;63;Si;1-3;1;3;2;1;;https://betimate.com/it/football-predictions/usv-hercules-u21-vs-alphense-boys-u21/2026-10-03/game;8;2026-10-04 14:11;;2026-10-04 15:26;0;0;;;
2026-10-03;2026-10-03;12:00;2026-10-03;10:00;Amichevoli europee;Europe Friendlies;europe-friendlies;EF;Chrobry Glogow;Warta Poznan;50;24;26;1;2-1;3.08;18°C · pioggia 0% · vento 4 km/h;2.75;47.91;52.09;O;43;57;Si;1-3;1;3;2;0;;https://betimate.com/it/football-predictions/chrobry-glogow-vs-warta-poznan/2026-10-03/game;3;2026-10-04 14:11;;2026-10-04 15:26;0;0;;;
2026-10-03;2026-10-03;12:00;2026-10-03;10:00;Amichevoli europee;Europe Friendlies;europe-friendlies;EF;FK Zalgiris Vilnius;Panevezys;44;24;32;1;2-1;3.26;;3;48.4;51.6;O;41;59;Si;0-2;0;2;2;0;;https://betimate.com/it/football-predictions/fk-zalgiris-vilnius-vs-panevezys/2026-10-03/game;19;2026-10-04 14:11;;2026-10-04 15:26;0;0;;;
2026-10-03;2026-10-03;12:00;2026-10-03;10:00;Amichevoli europee;Europe Friendlies;europe-friendlies;EF;Ruch Chorzow;Lechia Gdansk;30;25;45;2;1-2;3.16;;3;48.98;51.02;O;42;58;Si;1-3;1;3;2;1;;https://betimate.com/it/football-predictions/ruch-chorzow-vs-lechia-gdansk/2026-10-03/game;19;2026-10-04 14:11;;2026-10-04 15:26;0;0;;;
2026-10-03;2026-10-03;12:00;2026-10-03;10:00;Bundesliga U19 (Germania);Germany Bundesliga U19;germany-bundesliga-u19;GBU;FSV Frankfurt U19;Fortuna Koln U19;37;19;44;2;1-2;3.32;16°C · pioggia 0% · vento 5 km/h;3.25;49.48;50.52;O;40;60;Si;1-1;1;1;X;0;;https://betimate.com/it/football-predictions/fortuna-koln-u19-vs-fsv-frankfurt-u19/2026-10-03/game;35;2026-10-04 14:11;;2026-10-04 15:26;0;0;;;
2026-10-03;2026-10-03;12:00;2026-10-03;10:00;Campionato Femminile Polonia;Poland League Women;poland-league-women;PLW;Medyk Konin (W);UKS Staszkowka Jelna (W);54;18;28;1;2-1;3.25;18°C · pioggia 0% · vento 2 km/h;3.25;49.88;50.12;O;47;53;Si;5-1;5;1;1;1;;https://betimate.com/it/football-predictions/uks-staszkowka-jelna-w-vs-medyk-konin-w/2026-10-03/game;8;2026-10-04 14:11;;2026-10-04 15:26;0;0;;;
2026-10-03;2026-10-03;12:00;2026-10-03;10:00;Campionato Femminile Polonia;Poland League Women;poland-league-women;PLW;Stomilanki Olsztyn (W);KKP Bydgoszcz (W);57;18;25;1;2-1;3.15;17°C · pioggia 0% · vento 4 km/h;3.75;53.47;46.53;U;49;51;Si;2-0;2;0;1;1;;https://betimate.com/it/football-predictions/stomilanki-olsztyn-w-vs-kkp-bydgoszcz-w/2026-10-03/game;8;2026-10-04 14:11;;2026-10-04 15:26;0;0;;;
2026-10-03;2026-10-03;12:00;2026-10-03;10:00;Campionato Under 21 finlandese;Finland U21 League;finland-u21-league;FUL;ESPA U21;Valtti U21;64;14;22;1;3-1;4.72;;4.5;48.72;51.28;O;33;67;Si;3-0;3;0;1;1;;https://betimate.com/it/football-predictions/valtti-u21-vs-espa-u21/2026-10-03/game;34;2026-10-04 14:11;;2026-10-04 15:26;0;0;;;
2026-10-03;2026-10-03;12:00;2026-10-03;10:00;Campionato Under 21 finlandese;Finland U21 League;finland-u21-league;FUL;HJK Helsinki U21;FC Honka U21;80;9;11;1;4-1;5.92;;5.5;48.19;51.81;O;32;68;Si;6-2;6;2;1;1;;https://betimate.com/it/football-predictions/hjk-helsinki-u21-vs-fc-honka-u21/2026-10-03/game;34;2026-10-04 14:11;;2026-10-04 15:26;0;0;;;
2026-10-03;2026-10-03;12:00;2026-10-03;10:00;Campionato Under 21 finlandese;Finland U21 League;finland-u21-league;FUL;Nops U21;Japs U21;46;19;35;1;2-1;3.27;;4;54.68;45.32;U;41;59;Si;3-3;3;3;X;0;;https://betimate.com/it/football-predictions/nops-u21-vs-japs-u21/2026-10-03/game;35;2026-10-04 14:11;;2026-10-04 15:26;0;0;;;
2026-10-03;2026-10-03;12:00;2026-10-03;10:00;Campionato Under 21 finlandese;Finland U21 League;finland-u21-league;FUL;PPJ U21;TPV U21;25;14;61;2;1-3;5.23;;5;48.69;51.31;O;29;71;Si;2-3;2;3;2;1;;https://betimate.com/it/football-predictions/tpv-u21-vs-ppj-u21/2026-10-03/game;34;2026-10-04 14:11;;2026-10-04 15:26;0;0;;;
2026-10-03;2026-10-03;12:00;2026-10-03;10:00;Campionato Under 21 finlandese;Finland U21 League;finland-u21-league;FUL;TPS U21;Atlantis U21;43;16;41;1;3-2;5.24;;5;48.49;51.51;O;26;74;Si;5-2;5;2;1;1;;https://betimate.com/it/football-predictions/tps-u21-vs-atlantis-u21/2026-10-03/game;34;2026-10-04 14:11;;2026-10-04 15:26;0;0;;;
2026-10-03;2026-10-03;12:00;2026-10-03;10:00;Campionato Under 21 finlandese;Finland U21 League;finland-u21-league;FUL;TiPS U21;HPS/FC POHU YJ U21;27;16;57;2;1-2;4.15;;4.25;50.35;49.65;U;35;65;Si;0-3;0;3;2;1;;https://betimate.com/it/football-predictions/tips-u21-vs-hps-fc-pohu-yj-u21/2026-10-03/game;34;2026-10-04 14:11;;2026-10-04 15:26;0;0;;;
2026-10-03;2026-10-03;12:00;2026-10-03;10:00;Centralna Liga Juniorów (Polonia);Poland Youth League;poland-youth-league;PYL;Gornik Zabrze U19;Arka Gdynia U19;63;17;20;1;2-1;3.27;;3.25;49.9;50.1;O;45;55;Si;5-1;5;1;1;1;;https://betimate.com/it/football-predictions/arka-gdynia-u19-vs-gornik-zabrze-u19/2026-10-03/game;8;2026-10-04 14:11;;2026-10-04 15:26;0;0;;;
2026-10-03;2026-10-03;12:00;2026-10-03;10:00;Centralna Liga Juniorów (Polonia);Poland Youth League;poland-youth-league;PYL;Korona Kielce U19;Escola Varsovia U19;29;19;52;2;1-2;3.47;;3.25;48.65;51.35;O;40;60;Si;0-0;0;0;X;0;;https://betimate.com/it/football-predictions/korona-kielce-u19-vs-escola-varsovia-u19/2026-10-03/game;8;2026-10-04 14:11;;2026-10-04 15:26;0;0;;;
2026-10-03;2026-10-03;12:00;2026-10-03;10:00;Centralna Liga Juniorów (Polonia);Poland Youth League;poland-youth-league;PYL;Talent Warsaw U19;Jagiellonia Bialystok U19;46;17;37;1;2-1;4.01;;3.25;45.56;54.44;O;35;65;Si;0-2;0;2;2;0;;https://betimate.com/it/football-predictions/jagiellonia-bialystok-u19-vs-talent-warsaw-u19/2026-10-03/game;8;2026-10-04 14:11;;2026-10-04 15:26;0;0;;;
2026-10-03;2026-10-03;12:00;2026-10-03;10:00;Danimarca - 1. Division Femminile;Danish Womens 1.Division;danish-womens-1-division;DW1;Sundby BK (W);Osterbro IF (W);52;18;30;1;2-1;3.59;14°C · pioggia 0% · vento 8 km/h;3.25;47.9;52.1;O;44;56;Si;2-0;2;0;1;1;;https://betimate.com/it/football-predictions/sundby-bk-w-vs-osterbro-if-w/2026-10-03/game;34;2026-10-04 14:11;;2026-10-04 15:26;0;0;;;
2026-10-03;2026-10-03;12:00;2026-10-03;10:00;Denmark Series Gruppo 1 Danimarca;Denmark Series Group 1;denmark-series-group-1;DSG1;GVI;Skjold;37;24;39;2;0-1;2.59;14°C · pioggia 0% · vento 8 km/h;2.5;49.37;50.63;O;47;53;Si;1-2;1;2;2;1;;https://betimate.com/it/football-predictions/gvi-vs-skjold/2026-10-03/game;34;2026-10-04 14:11;;2026-10-04 15:26;0;0;;;
2026-10-03;2026-10-03;12:00;2026-10-03;10:00;Denmark Series Gruppo 1 Danimarca;Denmark Series Group 1;denmark-series-group-1;DSG1;Ledøje-Smørum Fodbold;FC Sydkysten;38;22;40;2;1-2;3.21;15°C · pioggia 0% · vento 8 km/h;3;48.55;51.45;O;41;59;Si;4-1;4;1;1;0;;https://betimate.com/it/football-predictions/led-je-sm-rum-fodbold-vs-fc-sydkysten/2026-10-03/game;34;2026-10-04 14:11;;2026-10-04 15:26;0;0;;;
2026-10-03;2026-10-03;12:00;2026-10-03;10:00;Denmark Series Gruppo 2 Danimarca;Denmark Series Group 2;denmark-series-group-2;DSG2;Saby;Glostrup FK;38;17;45;2;2-3;5.02;;4.75;48.45;51.55;O;29;71;Si;2-2;2;2;X;0;;https://betimate.com/it/football-predictions/glostrup-fk-vs-saby/2026-10-03/game;34;2026-10-04 14:11;;2026-10-04 15:26;0;0;;;
2026-10-03;2026-10-03;12:00;2026-10-03;10:00;Denmark Series Gruppo 3 Danimarca;Denmark Series Group 3;denmark-series-group-3;DSG3;B 1913;OKS;40;21;39;1;2-1;3.34;17°C · pioggia 0% · vento 14 km/h;3.25;49.46;50.54;O;40;60;Si;4-0;4;0;1;1;;https://betimate.com/it/football-predictions/oks-vs-b-1913/2026-10-03/game;34;2026-10-04 14:11;;2026-10-04 15:26;0;0;;;
2026-10-03;2026-10-03;12:00;2026-10-03;10:00;División de Honor Juvenil (Spagna);Spain Youth League;spain-youth-league;SYL;Acodetti CF U19;CD Herbania U19;46;20;34;1;2-1;2.92;;2.75;48.66;51.34;O;44;56;Si;3-0;3;0;1;1;;https://betimate.com/it/football-predictions/acodetti-cf-u19-vs-cd-herbania-u19/2026-10-03/game;6;2026-10-04 14:11;;2026-10-04 15:26;0;0;;;
2026-10-03;2026-10-03;12:00;2026-10-03;10:00;División de Honor Juvenil (Spagna);Spain Youth League;spain-youth-league;SYL;Alcorcon U19;Toledo U19;53;18;29;1;2-1;3.69;;2.75;44.14;55.86;O;38;62;Si;1-1;1;1;X;0;;https://betimate.com/it/football-predictions/toledo-u19-vs-alcorcon-u19/2026-10-03/game;22;2026-10-04 14:11;;2026-10-04 15:26;0;0;;;
2026-10-03;2026-10-03;12:00;2026-10-03;10:00;División de Honor Juvenil (Spagna);Spain Youth League;spain-youth-league;SYL;Eibar U19;Santutxu U19;61;16;23;1;2-1;3.8;;3;44.72;55.28;O;39;61;Si;4-2;4;2;1;1;;https://betimate.com/it/football-predictions/eibar-u19-vs-santutxu-u19/2026-10-03/game;6;2026-10-04 14:11;;2026-10-04 15:26;0;0;;;
2026-10-03;2026-10-03;12:00;2026-10-03;10:00;FIFA ASEAN Cup;FIFA ASEAN Cup;fifa-asean-cup;FAC;Hong Kong;Cambogia;57;20;23;1;2-1;3.31;;2.5;45.26;54.74;O;43;57;Si;2-0;2;0;1;1;;https://betimate.com/it/football-predictions/hong-kong-vs-cambodia/2026-10-03/game;8;2026-10-04 14:11;;2026-10-04 15:26;0;0;;;
2026-10-03;2026-10-03;12:00;2026-10-03;10:00;II Lyga Lituania;Lithuania II Lyga;lithuania-ii-lyga;LIL;FK Silute;FK Neptunas Klaipeda II;48;18;34;1;2-1;4.28;15°C · pioggia 3% · vento 10 km/h;4.25;49.66;50.34;O;34;66;Si;3-1;3;1;1;1;;https://betimate.com/it/football-predictions/fk-silute-vs-fk-neptunas-klaipeda-ii/2026-10-03/game;34;2026-10-04 14:11;;2026-10-04 15:26;0;0;;;
2026-10-03;2026-10-03;12:00;2026-10-03;10:00;III Liga polacca;Poland III Liga;poland-iii-liga;PlC;Gedania Gdansk;Victoria Wrzesnia;58;18;24;1;2-1;4.08;;3;43.14;56.86;O;37;63;Si;0-0;0;0;X;0;;https://betimate.com/it/football-predictions/victoria-wrzesnia-vs-gedania-gdansk/2026-10-03/game;2;2026-10-04 14:11;;2026-10-04 15:26;0;0;;;
2026-10-03;2026-10-03;12:00;2026-10-03;10:00;III Liga polacca;Poland III Liga;poland-iii-liga;PlC;Sparta Katowice;Warta Gorzow;61;21;18;1;1-0;2.56;;2.75;51.32;48.68;U;51;49;No;1-1;1;1;X;0;;https://betimate.com/it/football-predictions/warta-gorzow-vs-sparta-katowice/2026-10-03/game;2;2026-10-04 14:11;;2026-10-04 15:26;0;0;;;
2026-10-03;2026-10-03;12:00;2026-10-03;10:00;III Liga polacca;Poland III Liga;poland-iii-liga;PlC;Unia Swarzedz;KSS Kotwica Kornik;47;21;32;1;2-1;3.5;13°C · pioggia 0% · vento 1 km/h;3.25;48.49;51.51;O;40;60;Si;7-0;7;0;1;1;;https://betimate.com/it/football-predictions/unia-swarzedz-vs-kss-kotwica-kornik/2026-10-03/game;2;2026-10-04 14:11;;2026-10-04 15:26;0;0;;;
2026-10-03;2026-10-03;12:00;2026-10-03;10:00;III Liga polacca;Poland III Liga;poland-iii-liga;PlC;Wieczysta Krakow II;Wislanie Jaskowice;37;25;38;2;0-1;2.37;;3;55.07;44.93;U;49;51;Si;1-0;1;0;1;0;;https://betimate.com/it/football-predictions/wislanie-jaskowice-vs-wieczysta-krakow-ii/2026-10-03/game;2;2026-10-04 14:11;;2026-10-04 15:26;0;0;;;
2026-10-03;2026-10-03;12:00;2026-10-03;10:00;Italy Campionato Primavera 3;Italy Campionato Primavera 3;italy-campionato-primavera-3;ICP3;Gubbio U19;Catania U19;42;26;32;1;1-0;1.87;;2.5;54.16;45.84;U;56;44;No;;;;;;;https://betimate.com/it/football-predictions/catania-u19-vs-gubbio-u19/2026-10-03/game;8;2026-10-04 14:11;;2026-10-04 15:26;0;0;;;
2026-10-03;2026-10-03;12:00;2026-10-03;10:00;J.League Cup giapponese;Japan J-League Cup;japan-j-league-cup;JJC;Kashiwa Reysol;Gamba Osaka;52;23;25;1;2-1;3.16;19°C · pioggia 0% · vento 5 km/h;2.75;47.14;52.86;O;39;61;Si;3-3;3;3;X;0;;https://betimate.com/it/football-predictions/gamba-osaka-vs-kashiwa-reysol/2026-10-03/game;1;2026-10-04 14:11;;2026-10-04 15:26;0;0;;;
2026-10-03;2026-10-03;12:00;2026-10-03;10:00;Kenya League Women;Kenya League Women;kenya-league-women;KLW;Ulinzi Starlets (W);KSL FC (W);50;25;25;1;1-0;1.92;;2.5;53.79;46.21;U;62;38;No;6-1;6;1;1;1;;https://betimate.com/it/football-predictions/ulinzi-starlets-w-vs-ksl-fc-w/2026-10-03/game;35;2026-10-04 14:11;;2026-10-04 15:26;0;0;;;
2026-10-03;2026-10-03;12:00;2026-10-03;10:00;Kolmonen finlandese;Finland Kolmonen;finland-kolmonen;FK;PeKa;KJP;68;14;18;1;3-1;5.05;13°C · pioggia 0% · vento 16 km/h;4.25;45.93;54.07;O;33;67;Si;4-2;4;2;1;1;;https://betimate.com/it/football-predictions/peka-vs-kjp/2026-10-03/game;8;2026-10-04 14:11;;2026-10-04 15:26;0;0;;;
2026-10-03;2026-10-03;12:00;2026-10-03;10:00;Liga 1 Femminile (Romania);Romania Liga 1 Women;romania-liga-1-women;;SSU Politehnica Timisoara (W);Farul Constanta (W);35;14;51;2;2-3;5.54;;3.5;40.33;59.67;O;29;71;Si;1-2;1;2;2;1;;https://betimate.com/it/football-predictions/farul-constanta-w-vs-ssu-politehnica-timisoara-w/2026-10-03/game;6;2026-10-04 14:11;;2026-10-04 15:26;0;0;;;
2026-10-03;2026-10-03;12:00;2026-10-03;10:00;Liga F Spagna;Spain Primera Women;spain-primera-women;SPW;Espanyol (W);CD Alaves (W);25;22;53;2;0-1;2.21;22°C · pioggia 48% · vento 8 km/h;2.25;50.15;49.85;U;59;41;No;1-0;1;0;1;0;;https://betimate.com/it/football-predictions/espanyol-w-vs-cd-alaves-w/2026-10-03/game;8;2026-10-04 14:11;;2026-10-04 15:26;0;0;;;
2026-10-03;2026-10-03;12:00;2026-10-03;10:00;Liga F Spagna;Spain Primera Women;spain-primera-women;SPW;Sevilla (W);FC Badalona (W);42;21;37;1;1-0;2.56;26°C · pioggia 10% · vento 16 km/h;2.5;49.32;50.68;O;53;47;No;3-3;3;3;X;0;;https://betimate.com/it/football-predictions/sevilla-w-vs-fc-badalona-w/2026-10-03/game;8;2026-10-04 14:11;;2026-10-04 15:26;0;0;;;
2026-10-03;2026-10-03;12:00;2026-10-03;10:00;Premier League ucraina;Ukraine Vyscha Liga;ukraine-vyscha-liga;UVL;FC Veres Rivne;FC Kudrivka;49;28;23;1;1-0;2.33;18°C · pioggia 0% · vento 2 km/h;2.25;49.56;50.44;O;50;50;Si;2-1;2;1;1;1;;https://betimate.com/it/football-predictions/fc-veres-rivne-vs-fc-kudrivka/2026-10-03/game;8;2026-10-04 14:11;;2026-10-04 15:26;0;0;;;
2026-10-03;2026-10-03;12:00;2026-10-03;10:00;Prima Lega bielorussa;Belarus Division 1;belarus-division-1;BD1;FC Orsha;Niva Dolbizno;14;16;70;2;1-3;4.54;14°C · pioggia 0% · vento 6 km/h;4.25;48.81;51.19;O;39;61;Si;0-0;0;0;X;0;;https://betimate.com/it/football-predictions/fc-orsha-vs-niva-dolbizno/2026-10-03/game;35;2026-10-04 14:11;;2026-10-04 15:26;0;0;;;
2026-10-03;2026-10-03;12:00;2026-10-03;10:00;Seconda Lega russa;Russia Division 2;russia-division-2;RD2;Rotor Volgograd II;Spartak Tambov;15;21;64;2;0-1;2.41;10°C · pioggia 18% · vento 12 km/h;2.25;49.08;50.92;O;54;46;No;0-1;0;1;2;1;;https://betimate.com/it/football-predictions/rotor-volgograd-ii-vs-spartak-tambov/2026-10-03/game;34;2026-10-04 14:11;;2026-10-04 15:26;0;0;;;
2026-10-03;2026-10-03;12:00;2026-10-03;10:00;Seconda Lega russa;Russia Division 2;russia-division-2;RD2;Salyut Belgorod;SKA-Khabarovsk-M;71;16;13;1;2-0;3.37;14°C · pioggia 0% · vento 11 km/h;3.25;49.38;50.62;O;47;53;Si;3-1;3;1;1;1;;https://betimate.com/it/football-predictions/salyut-belgorod-vs-ska-khabarovsk-m/2026-10-03/game;34;2026-10-04 14:11;;2026-10-04 15:26;0;0;;;
2026-10-03;2026-10-03;12:00;2026-10-03;10:00;South Africa Diski Challenge;South Africa Diski Challenge;south-africa-diski-challenge;SADC;Amazulu Reserves;Richards Bay FC Reserves;34;23;43;2;0-1;2.75;;2.5;48.38;51.62;O;46;54;Si;2-0;2;0;1;0;;https://betimate.com/it/football-predictions/amazulu-reserves-vs-richards-bay-fc-reserves/2026-10-03/game;20;2026-10-04 14:11;;2026-10-04 15:26;0;0;;;
2026-10-03;2026-10-03;12:00;2026-10-03;10:00;Srpska Liga Serbia;Serbia Srpska Liga;serbia-srpska-liga;SSL;FK Zvezdara;FK Radnicki Beograd;56;20;24;1;2-1;3.11;;3;49.34;50.66;O;44;56;Si;;;;;;;https://betimate.com/it/football-predictions/fk-radnicki-beograd-vs-fk-zvezdara/2026-10-03/game;20;2026-10-04 14:11;;2026-10-04 15:26;0;0;;;
2026-10-03;2026-10-03;12:00;2026-10-03;10:00;Super League Femminile Russia;Russia Premier Women;russia-premier-women;RPW;Dinamo Moscow Women;Rubin Kazan Women;62;19;19;1;1-0;2.5;;2.5;49.73;50.27;O;57;43;No;1-0;1;0;1;1;;https://betimate.com/it/football-predictions/rubin-kazan-women-vs-dinamo-moscow-women/2026-10-03/game;8;2026-10-04 14:11;;2026-10-04 15:26;0;0;;;
2026-10-03;2026-10-03;12:00;2026-10-03;10:00;Thailand Division 3;Thailand Division 3;thailand-division-3;TD3;Chiangrai City FC;Maejo United;24;22;54;2;0-1;2.69;;2.5;48.77;51.23;O;48;52;Si;0-1;0;1;2;1;;https://betimate.com/it/football-predictions/chiangrai-city-fc-vs-maejo-united/2026-10-03/game;8;2026-10-04 14:11;;2026-10-04 15:26;0;0;;;
2026-10-03;2026-10-03;12:00;2026-10-03;10:00;Thailand Division 3;Thailand Division 3;thailand-division-3;TD3;Phetchaburi PBRU FC;Assumption United;51;22;27;1;1-0;2.82;;2.5;47.97;52.03;O;46;54;Si;1-2;1;2;2;0;;https://betimate.com/it/football-predictions/assumption-united-vs-phetchaburi-pbru-fc/2026-10-03/game;35;2026-10-04 14:11;;2026-10-04 15:26;0;0;;;
2026-10-03;2026-10-03;12:00;2026-10-03;10:00;Youth League ceca;Czechia Youth League;czechia-youth-league;CYL;Banik Ostrava U19;Hradec Kralove U19;29;17;54;2;1-2;3.63;19°C · pioggia 0% · vento 3 km/h;3.5;49.25;50.75;O;39;61;Si;2-1;2;1;1;0;;https://betimate.com/it/football-predictions/hradec-kralove-u19-vs-banik-ostrava-u19/2026-10-03/game;8;2026-10-04 14:11;;2026-10-04 15:26;0;0;;;
2026-10-03;2026-10-03;12:30;2026-10-03;10:30;Amichevoli europee;Europe Friendlies;europe-friendlies;EF;Jagiellonia Bialystok;Polonia Warsaw;71;17;12;1;2-0;3.26;;3;48.01;51.99;O;45;55;Si;;;;;;;https://betimate.com/it/football-predictions/polonia-warsaw-vs-jagiellonia-bialystok/2026-10-03/game;3;2026-10-04 14:11;;2026-10-04 15:26;0;0;;;
2026-10-03;2026-10-03;12:30;2026-10-03;10:30;Darwin Premier League Australia;Australia Darwin Premier League;australia-darwin-premier-league;ADPL;Mindil Aces;Darwin Olympic;55;18;27;1;2-1;3.89;27°C · pioggia 0% · vento 14 km/h;3.75;49.13;50.87;O;37;63;Si;5-2;5;2;1;1;;https://betimate.com/it/football-predictions/darwin-olympic-vs-mindil-aces/2026-10-03/game;8;2026-10-04 14:11;;2026-10-04 15:26;0;0;;;
2026-10-03;2026-10-03;12:30;2026-10-03;10:30;Denmark Series Gruppo 2 Danimarca;Denmark Series Group 2;denmark-series-group-2;DSG2;Tårnby FF;FC Gladsaxe;50;19;31;1;2-1;3.91;14°C · pioggia 0% · vento 10 km/h;3.75;49.01;50.99;O;37;63;Si;3-2;3;2;1;1;;https://betimate.com/it/football-predictions/t-rnby-ff-vs-fc-gladsaxe/2026-10-03/game;35;2026-10-04 14:11;;2026-10-04 15:26;0;0;;;
2026-10-03;2026-10-03;12:30;2026-10-03;10:30;Giochi Asiatici;Asian Games;asian-games;AG;Corea del Sud U23;Giappone U23;31;20;49;2;1-2;3.38;;2;39.78;60.22;O;41;59;Si;1-0;1;0;1;0;;https://betimate.com/it/football-predictions/japan-u23-vs-south-korea-u23/2026-10-03/game;8;2026-10-04 14:11;;2026-10-04 15:26;0;0;;;
2026-10-03;2026-10-03;12:30;2026-10-03;10:30;Greece U19 Cup;Greece U19 Cup;greece-u19-cup;GUC;Kalamata U19;AEK Athens U19;20;21;59;2;0-1;2.39;;3.5;56.94;43.06;U;53;47;No;0-4;0;4;2;1;;https://betimate.com/it/football-predictions/aek-athens-u19-vs-kalamata-u19/2026-10-03/game;8;2026-10-04 14:11;;2026-10-04 15:26;0;0;;;
2026-10-03;2026-10-03;12:30;2026-10-03;10:30;II Lyga Lituania;Lithuania II Lyga;lithuania-ii-lyga;LIL;FK Viltis Vilnius;Utenis Utena;34;19;47;2;1-2;4.2;17°C · pioggia 0% · vento 9 km/h;4;48.71;51.29;O;34;66;Si;1-0;1;0;1;0;;https://betimate.com/it/football-predictions/utenis-utena-vs-fk-viltis-vilnius/2026-10-03/game;35;2026-10-04 14:11;;2026-10-04 15:26;0;0;;;
2026-10-03;2026-10-03;12:30;2026-10-03;10:30;III Liga polacca;Poland III Liga;poland-iii-liga;PlC;Grom Nowy Staw;Baltyk Koszalin;57;18;25;1;2-1;3.78;17°C · pioggia 0% · vento 4 km/h;3.25;46.92;53.08;O;39;61;Si;1-3;1;3;2;0;;https://betimate.com/it/football-predictions/grom-nowy-staw-vs-baltyk-koszalin/2026-10-03/game;2;2026-10-04 14:11;;2026-10-04 15:26;0;0;;;
2026-10-03;2026-10-03;12:30;2026-10-03;10:30;Oberliga Hamburg (Germania);Germany Oberliga Hamburg;germany-oberliga-hamburg;De5;HT 16 Hamburg;FC Teutonia 05;56;19;25;1;2-1;3.7;;3.5;48.91;51.09;O;39;61;Si;4-1;4;1;1;1;;https://betimate.com/it/football-predictions/fc-teutonia-05-vs-ht-16-hamburg/2026-10-03/game;22;2026-10-04 14:11;;2026-10-04 15:26;0;0;;;
2026-10-03;2026-10-03;12:30;2026-10-03;10:30;Serie A Femminile;Italy Serie A Women;italy-serie-a-women;ISAW;Parma (W);Ternana (W);43;24;33;1;1-0;2.14;23°C · pioggia 0% · vento 8 km/h;2.25;50.69;49.31;U;58;42;No;1-2;1;2;2;0;;https://betimate.com/it/football-predictions/ternana-w-vs-parma-w/2026-10-03/game;8;2026-10-04 14:11;;2026-10-04 15:26;0;0;;;
2026-10-03;2026-10-03;12:30;2026-10-03;10:30;Spagna - Primera Federación Femminile;Spain Primera Federacion Women;spain-primera-federacion-women;SPFW;Athletic Bilbao B (W);Osasuna (W);60;21;19;1;1-0;2.26;;2.25;49.84;50.16;O;60;40;No;0-6;0;6;2;0;;https://betimate.com/it/football-predictions/osasuna-w-vs-athletic-bilbao-b-w/2026-10-03/game;8;2026-10-04 14:11;;2026-10-04 15:26;0;0;;;
2026-10-03;2026-10-03;12:30;2026-10-03;10:30;Spagna - Segunda Federación Femminile;Spain Segunda Federacion Women;spain-segunda-federacion-women;SSFW;FC Badalona B (W);Villaviciosa Odon (W);79;11;10;1;2-0;3.49;;3.5;49.95;50.05;O;54;46;No;2-0;2;0;1;1;;https://betimate.com/it/football-predictions/fc-badalona-b-w-vs-villaviciosa-odon-w/2026-10-03/game;8;2026-10-04 14:11;;2026-10-04 15:26;0;0;;;
2026-10-03;2026-10-03;12:30;2026-10-03;10:30;Spain Tercera Federacion Women;Spain Tercera Federacion Women;spain-tercera-federacion-women;STFW;Mulier FCN (W);CD Lourdes (W);68;15;17;1;2-1;3.4;;4.25;54.71;45.29;U;50;50;Si;6-2;6;2;1;1;;https://betimate.com/it/football-predictions/mulier-fcn-w-vs-cd-lourdes-w/2026-10-03/game;35;2026-10-04 14:11;;2026-10-04 15:26;0;0;;;
2026-10-03;2026-10-03;12:45;2026-10-03;10:45;Youth League ceca;Czechia Youth League;czechia-youth-league;CYL;Mlada Boleslav U19;Opava U19;57;16;27;1;2-1;4.23;;3.75;47.3;52.7;O;35;65;Si;1-3;1;3;2;0;;https://betimate.com/it/football-predictions/mlada-boleslav-u19-vs-opava-u19/2026-10-03/game;35;2026-10-04 14:11;;2026-10-04 15:26;0;0;;;
2026-10-03;2026-10-03;13:00;2026-10-03;11:00;1. Liga femminile slovacca;Slovakia I Liga Women;slovakia-i-liga-women;SILW;Dukla Banska Bystrica (W);FC Vion Zlate Moravce (W);9;9;82;2;1-3;4.79;21°C · pioggia 0% · vento 6 km/h;4.75;49.5;50.5;O;45;55;Si;1-5;1;5;2;1;;https://betimate.com/it/football-predictions/fc-vion-zlate-moravce-w-vs-dukla-banska-bystrica-w/2026-10-03/game;36;2026-10-04 14:11;;2026-10-04 15:26;0;0;;;
2026-10-03;2026-10-03;13:00;2026-10-03;11:00;1. divisjon Femminile (Norvegia);Norway Division 1 Women;norway-division-1-women;;Asane (W);Odd BK (W);61;20;19;1;1-0;2.34;12°C · pioggia 56% · vento 12 km/h;2.75;52.6;47.4;U;59;41;No;4-2;4;2;1;1;;https://betimate.com/it/football-predictions/odd-bk-w-vs-asane-w/2026-10-03/game;36;2026-10-04 14:11;;2026-10-04 15:26;0;0;;;
2026-10-03;2026-10-03;13:00;2026-10-03;11:00;3ª Divisione Danimarca;Denmark Division 3;denmark-division-3;DD3;Holbæk;ASA Aarhus;56;19;25;1;2-1;3.61;17°C · pioggia 0% · vento 15 km/h;3;45.93;54.07;O;40;60;Si;2-1;2;1;1;1;;https://betimate.com/it/football-predictions/holb-k-vs-asa-aarhus/2026-10-03/game;36;2026-10-04 14:11;;2026-10-04 15:26;0;0;;;
2026-10-03;2026-10-03;13:00;2026-10-03;11:00;3ª Divisione Danimarca;Denmark Division 3;denmark-division-3;DD3;Ishoj;Ringsted IF;52;20;28;1;2-1;3.41;14°C · pioggia 0% · vento 9 km/h;3;47.24;52.76;O;41;59;Si;2-2;2;2;X;0;;https://betimate.com/it/football-predictions/ringsted-if-vs-ishoj/2026-10-03/game;9;2026-10-04 14:11;;2026-10-04 15:26;0;0;;;
2026-10-03;2026-10-03;13:00;2026-10-03;11:00;Amichevoli europee;Europe Friendlies;europe-friendlies;EF;FC Thun;Kriens;64;17;19;1;2-0;3.88;;3.25;47.12;52.88;O;44;56;Si;2-0;2;0;1;1;;https://betimate.com/it/football-predictions/fc-thun-vs-kriens/2026-10-03/game;3;2026-10-04 14:11;;2026-10-04 15:26;0;0;;;
2026-10-03;2026-10-03;13:00;2026-10-03;11:00;Amichevoli europee;Europe Friendlies;europe-friendlies;EF;Genk;Fortuna Sittard;61;20;19;1;2-1;3.62;19°C · pioggia 0% · vento 2 km/h;3.25;47.65;52.35;O;39;61;Si;1-2;1;2;2;0;;https://betimate.com/it/football-predictions/genk-vs-fortuna-sittard/2026-10-03/game;3;2026-10-04 14:11;;2026-10-04 15:26;0;0;;;
2026-10-03;2026-10-03;13:00;2026-10-03;11:00;Amichevoli europee;Europe Friendlies;europe-friendlies;EF;Hannover 96;Verl;76;14;10;1;2-1;3.84;18°C · pioggia 0% · vento 5 km/h;3.25;46.4;53.6;O;43;57;Si;2-0;2;0;1;1;;https://betimate.com/it/football-predictions/hannover-96-vs-verl/2026-10-03/game;3;2026-10-04 14:11;;2026-10-04 15:26;0;0;;;
2026-10-03;2026-10-03;13:00;2026-10-03;11:00;Amichevoli per club;Club Friendly List;club-friendly-list;CFL;Halmstad;Osters IF;46;25;29;1;2-1;2.93;14°C · pioggia 0% · vento 10 km/h;2.75;48.86;51.14;O;44;56;Si;3-2;3;2;1;1;;https://betimate.com/it/football-predictions/osters-if-vs-halmstad/2026-10-03/game;36;2026-10-04 14:11;;2026-10-04 15:26;0;0;;;
2026-10-03;2026-10-03;13:00;2026-10-03;11:00;Bundesliga U19 (Germania);Germany Bundesliga U19;germany-bundesliga-u19;GBU;Berliner AK 07 U19;FC Magdeburg U19;29;18;53;2;1-2;3.37;18°C · pioggia 0% · vento 5 km/h;3.25;49.27;50.73;O;41;59;Si;1-3;1;3;2;1;;https://betimate.com/it/football-predictions/fc-magdeburg-u19-vs-berliner-ak-07-u19/2026-10-03/game;36;2026-10-04 14:11;;2026-10-04 15:26;0;0;;;
2026-10-03;2026-10-03;13:00;2026-10-03;11:00;Bundesliga U19 (Germania);Germany Bundesliga U19;germany-bundesliga-u19;GBU;Eintracht Braunschweig U19;Chemnitzer U19;29;15;56;2;1-2;4.67;18°C · pioggia 0% · vento 1 km/h;4.5;48.9;51.1;O;31;69;Si;3-2;3;2;1;0;;https://betimate.com/it/football-predictions/eintracht-braunschweig-u19-vs-chemnitzer-u19/2026-10-03/game;36;2026-10-04 14:11;;2026-10-04 15:26;0;0;;;
2026-10-03;2026-10-03;13:00;2026-10-03;11:00;Bundesliga U19 (Germania);Germany Bundesliga U19;germany-bundesliga-u19;GBU;SV Wehen Wiesbaden U19;Kaiserslautern U19;27;15;58;2;1-2;4.43;;4.25;48.88;51.12;O;33;67;Si;3-1;3;1;1;0;;https://betimate.com/it/football-predictions/kaiserslautern-u19-vs-sv-wehen-wiesbaden-u19/2026-10-03/game;36;2026-10-04 14:11;;2026-10-04 15:26;0;0;;;
2026-10-03;2026-10-03;13:00;2026-10-03;11:00;Bundesliga U19 (Germania);Germany Bundesliga U19;germany-bundesliga-u19;GBU;St Pauli U19;Hansa Rostock U19;79;10;11;1;3-1;4.51;17°C · pioggia 0% · vento 4 km/h;4.25;48.67;51.33;O;41;59;Si;3-2;3;2;1;1;;https://betimate.com/it/football-predictions/st-pauli-u19-vs-hansa-rostock-u19/2026-10-03/game;36;2026-10-04 14:11;;2026-10-04 15:26;0;0;;;
2026-10-03;2026-10-03;13:00;2026-10-03;11:00;Campionato U19 portoghese;Portugal U19 League;portugal-u19-league;PUL;Santa Clara U19;SC Farense U19;58;20;22;1;1-0;2.66;;3;52.7;47.3;U;50;50;Si;2-1;2;1;1;1;;https://betimate.com/it/football-predictions/sc-farense-u19-vs-santa-clara-u19/2026-10-03/game;6;2026-10-04 14:11;;2026-10-04 15:26;0;0;;;
2026-10-03;2026-10-03;13:00;2026-10-03;11:00;Campionato U19 serbo;Serbia U19 League;serbia-u19-league;SUL;FK Novi Pazar U19;Cukaricki U19;41;18;41;1;2-1;3.87;;3.25;46.33;53.67;O;36;64;Si;4-2;4;2;1;1;;https://betimate.com/it/football-predictions/cukaricki-u19-vs-fk-novi-pazar-u19/2026-10-03/game;6;2026-10-04 14:11;;2026-10-04 15:26;0;0;;;
2026-10-03;2026-10-03;13:00;2026-10-03;11:00;Campionato U19 serbo;Serbia U19 League;serbia-u19-league;SUL;OFK Beograd U19;FK Brodarac U19;67;15;18;1;2-1;3.6;;3.25;47.97;52.03;O;43;57;Si;2-1;2;1;1;1;;https://betimate.com/it/football-predictions/fk-brodarac-u19-vs-ofk-beograd-u19/2026-10-03/game;6;2026-10-04 14:11;;2026-10-04 15:26;0;0;;;
2026-10-03;2026-10-03;13:00;2026-10-03;11:00;Campionato U20 Cina;China U20 League;china-u20-league;CUL;Zhejiang Professional U20;Beijing Guoan U20;45;18;37;1;2-1;3.58;;3;45.99;54.01;O;38;62;Si;1-2;1;2;2;0;;https://betimate.com/it/football-predictions/beijing-guoan-u20-vs-zhejiang-professional-u20/2026-10-03/game;9;2026-10-04 14:11;;2026-10-04 15:26;0;0;;;
2026-10-03;2026-10-03;13:00;2026-10-03;11:00;Coppa d'Estonia;Estonia Cup;estonia-cup;EC;FC Kuressaare;Saku Sporting;60;16;24;1;2-1;4.65;16°C · pioggia 0% · vento 11 km/h;4.5;49.07;50.93;O;33;67;Si;4-2;4;2;1;1;;https://betimate.com/it/football-predictions/fc-kuressaare-vs-saku-sporting/2026-10-03/game;36;2026-10-04 14:11;;2026-10-04 15:26;0;0;;;
2026-10-03;2026-10-03;13:00;2026-10-03;11:00;Coppa di Bulgaria;Bulgaria Cup;bulgaria-cup;BC;Balkan Botevgrad;FK Fratria;5;10;85;2;0-3;3.65;;3.5;49.26;50.74;O;53;47;No;0-3;0;3;2;1;;https://betimate.com/it/football-predictions/balkan-botevgrad-vs-fk-fratria/2026-10-03/game;36;2026-10-04 14:11;;2026-10-04 15:26;0;0;;;
2026-10-03;2026-10-03;13:00;2026-10-03;11:00;Coppa di Bulgaria;Bulgaria Cup;bulgaria-cup;BC;Botev Novi Pazar;Vihren Sandanski;2;3;95;2;0-4;5.39;20°C · pioggia 0% · vento 13 km/h;5.25;49.41;50.59;O;52;48;No;1-4;1;4;2;1;;https://betimate.com/it/football-predictions/vihren-sandanski-vs-botev-novi-pazar/2026-10-03/game;36;2026-10-04 14:11;;2026-10-04 15:26;0;0;;;
2026-10-03;2026-10-03;13:00;2026-10-03;11:00;Coppa di Bulgaria;Bulgaria Cup;bulgaria-cup;BC;Chernomorets;Etar 1924 Veliko Tarnovo;32;23;45;2;1-2;3.15;19°C · pioggia 0% · vento 14 km/h;3;48.79;51.21;O;40;60;Si;2-3;2;3;2;1;;https://betimate.com/it/football-predictions/chernomorets-vs-etar-1924-veliko-tarnovo/2026-10-03/game;36;2026-10-04 14:11;;2026-10-04 15:26;0;0;;;
2026-10-03;2026-10-03;13:00;2026-10-03;11:00;Coppa di Bulgaria;Bulgaria Cup;bulgaria-cup;BC;Krumovgrad;Spartak Pleven;61;21;18;1;1-0;2.36;20°C · pioggia 0% · vento 25 km/h;2.25;48.53;51.47;O;49;51;Si;1-2;1;2;2;0;;https://betimate.com/it/football-predictions/spartak-pleven-vs-krumovgrad/2026-10-03/game;36;2026-10-04 14:11;;2026-10-04 15:26;0;0;;;
2026-10-03;2026-10-03;13:00;2026-10-03;11:00;Damallsvenskan svedese;Sweden Damallsvenskan;sweden-damallsvenskan;SD;Pitea IF (W);IFK Norrkoping (W);48;25;27;1;1-0;2.4;12°C · pioggia 29% · vento 9 km/h;2.5;50.56;49.44;U;50;50;Si;1-1;1;1;X;0;;https://betimate.com/it/football-predictions/ifk-norrkoping-w-vs-pitea-if-w/2026-10-03/game;9;2026-10-04 14:11;;2026-10-04 15:26;0;0;;;
2026-10-03;2026-10-03;13:00;2026-10-03;11:00;Damallsvenskan svedese;Sweden Damallsvenskan;sweden-damallsvenskan;SD;Vittsjö GIK (W);Eskilstuna Utd (W);37;25;38;2;0-1;2.35;15°C · pioggia 0% · vento 8 km/h;2.75;52.75;47.25;U;50;50;Si;2-0;2;0;1;0;;https://betimate.com/it/football-predictions/vittsj-gik-w-vs-eskilstuna-utd-w/2026-10-03/game;8;2026-10-04 14:11;;2026-10-04 15:26;0;0;;;
2026-10-03;2026-10-03;13:00;2026-10-03;11:00;Danimarca - 1. Division Femminile;Danish Womens 1.Division;danish-womens-1-division;DW1;AaB (W);Naestved HG (W);21;15;64;2;1-2;3.62;17°C · pioggia 0% · vento 20 km/h;3.25;47.68;52.32;O;46;54;Si;1-4;1;4;2;1;;https://betimate.com/it/football-predictions/aab-w-vs-naestved-hg-w/2026-10-03/game;9;2026-10-04 14:11;;2026-10-04 15:26;0;0;;;
2026-10-03;2026-10-03;13:00;2026-10-03;11:00;Danimarca - Elitedivisionen Femminile;Danish Womens Elitedivisionen;danish-womens-elitedivisionen;DWE;ASA Aarhus (W);Midtjylland (W);50;19;31;1;2-1;3.09;18°C · pioggia 0% · vento 17 km/h;3;49.21;50.79;O;48;52;Si;1-0;1;0;1;1;;https://betimate.com/it/football-predictions/midtjylland-w-vs-asa-aarhus-w/2026-10-03/game;9;2026-10-04 14:11;;2026-10-04 15:26;0;0;;;
2026-10-03;2026-10-03;13:00;2026-10-03;11:00;Danimarca - Elitedivisionen Femminile;Danish Womens Elitedivisionen;danish-womens-elitedivisionen;DWE;Kolding IF (W);AGF (W);51;17;32;1;2-1;3.68;18°C · pioggia 0% · vento 17 km/h;3;45.25;54.75;O;43;57;Si;2-1;2;1;1;1;;https://betimate.com/it/football-predictions/kolding-if-w-vs-agf-w/2026-10-03/game;9;2026-10-04 14:11;;2026-10-04 15:26;0;0;;;
2026-10-03;2026-10-03;13:00;2026-10-03;11:00;Danmarksserien Gruppo 4 (Danimarca);Denmark Series Group 4;denmark-series-group-4;DSG4;Fuglebakken KFUM;Skovsgaard;44;23;33;1;2-1;2.89;17°C · pioggia 0% · vento 17 km/h;2.75;48.95;51.05;O;44;56;Si;1-2;1;2;2;0;;https://betimate.com/it/football-predictions/fuglebakken-kfum-vs-skovsgaard/2026-10-03/game;36;2026-10-04 14:11;;2026-10-04 15:26;0;0;;;
2026-10-03;2026-10-03;13:00;2026-10-03;11:00;Danmarksserien Gruppo 4 (Danimarca);Denmark Series Group 4;denmark-series-group-4;DSG4;Vejgaard B;Vorup FB;41;24;35;1;1-0;2.76;17°C · pioggia 0% · vento 20 km/h;2.5;48.34;51.66;O;46;54;Si;0-1;0;1;2;0;;https://betimate.com/it/football-predictions/vejgaard-b-vs-vorup-fb/2026-10-03/game;36;2026-10-04 14:11;;2026-10-04 15:26;0;0;;;
2026-10-03;2026-10-03;13:00;2026-10-03;11:00;Danmarksserien Gruppo 4 (Danimarca);Denmark Series Group 4;denmark-series-group-4;DSG4;Viby;Hobro IK 2;44;25;31;1;1-0;2.43;18°C · pioggia 0% · vento 18 km/h;2.25;48.75;51.25;O;49;51;Si;4-2;4;2;1;1;;https://betimate.com/it/football-predictions/viby-vs-hobro-ik-2/2026-10-03/game;36;2026-10-04 14:11;;2026-10-04 15:26;0;0;;;
2026-10-03;2026-10-03;13:00;2026-10-03;11:00;Denmark Series Gruppo 1 Danimarca;Denmark Series Group 1;denmark-series-group-1;DSG1;Avarta;Skovshoved;39;25;36;1;1-0;2.34;14°C · pioggia 0% · vento 9 km/h;2.25;49.37;50.63;O;50;50;Si;2-4;2;4;2;0;;https://betimate.com/it/football-predictions/skovshoved-vs-avarta/2026-10-03/game;36;2026-10-04 14:11;;2026-10-04 15:26;0;0;;;
2026-10-03;2026-10-03;13:00;2026-10-03;11:00;Denmark Series Gruppo 1 Danimarca;Denmark Series Group 1;denmark-series-group-1;DSG1;FC Nakskov;Espergærde IF;36;17;47;2;1-2;4.61;18°C · pioggia 0% · vento 13 km/h;4.5;49.24;50.76;O;31;69;Si;1-2;1;2;2;1;;https://betimate.com/it/football-predictions/fc-nakskov-vs-esperg-rde-if/2026-10-03/game;36;2026-10-04 14:11;;2026-10-04 15:26;0;0;;;
2026-10-03;2026-10-03;13:00;2026-10-03;11:00;Denmark Series Gruppo 3 Danimarca;Denmark Series Group 3;denmark-series-group-3;DSG3;Aarhus Fremad 2;Oure FA;38;21;41;2;1-2;3.44;17°C · pioggia 0% · vento 18 km/h;3.25;48.79;51.21;O;40;60;Si;2-2;2;2;X;0;;https://betimate.com/it/football-predictions/aarhus-fremad-2-vs-oure-fa/2026-10-03/game;36;2026-10-04 14:11;;2026-10-04 15:26;0;0;;;
2026-10-03;2026-10-03;13:00;2026-10-03;11:00;Denmark Series Gruppo 3 Danimarca;Denmark Series Group 3;denmark-series-group-3;DSG3;Odder IGF;Esbjerg II;32;20;48;2;1-2;3.5;18°C · pioggia 0% · vento 17 km/h;3.25;48.52;51.48;O;40;60;Si;3-2;3;2;1;0;;https://betimate.com/it/football-predictions/odder-igf-vs-esbjerg-ii/2026-10-03/game;36;2026-10-04 14:11;;2026-10-04 15:26;0;0;;;
2026-10-03;2026-10-03;13:00;2026-10-03;11:00;Denmark Series Gruppo 3 Danimarca;Denmark Series Group 3;denmark-series-group-3;DSG3;Tarup-Paarup;Horsens fS;54;18;28;1;2-1;4.21;18°C · pioggia 0% · vento 18 km/h;4;48.72;51.28;O;35;65;Si;1-7;1;7;2;0;;https://betimate.com/it/football-predictions/tarup-paarup-vs-horsens-fs/2026-10-03/game;36;2026-10-04 14:11;;2026-10-04 15:26;0;0;;;
2026-10-03;2026-10-03;13:00;2026-10-03;11:00;Division 2 Norra Götaland svedese;Sweden 2.div Norra Götaland;sweden-2-div-norra-g-taland;;Husqvarna FF;Vänersborgs IF;86;8;6;1;3-0;4.87;15°C · pioggia 0% · vento 13 km/h;4.75;49.37;50.63;O;44;56;Si;4-0;4;0;1;1;;https://betimate.com/it/football-predictions/husqvarna-ff-vs-v-nersborgs-if/2026-10-03/game;36;2026-10-04 14:11;;2026-10-04 15:26;0;0;;;
2026-10-03;2026-10-03;13:00;2026-10-03;11:00;Division 2 Norra Götaland svedese;Sweden 2.div Norra Götaland;sweden-2-div-norra-g-taland;;Stenungsunds IF;IFK Skövde FK;46;23;31;1;1-0;2.78;16°C · pioggia 0% · vento 23 km/h;3;51.72;48.28;U;46;54;Si;0-3;0;3;2;0;;https://betimate.com/it/football-predictions/stenungsunds-if-vs-ifk-sk-vde-fk/2026-10-03/game;8;2026-10-04 14:11;;2026-10-04 15:26;0;0;;;
2026-10-03;2026-10-03;13:00;2026-10-03;11:00;Division 2 Norra Svealand Svezia;Sweden 2.div Norra Svealand;sweden-2-div-norra-svealand;;Enskede IK;Falu BS FK;40;25;35;1;1-0;2.44;16°C · pioggia 0% · vento 16 km/h;2.75;52.1;47.9;U;49;51;Si;2-0;2;0;1;1;;https://betimate.com/it/football-predictions/enskede-ik-vs-falu-bs-fk/2026-10-03/game;8;2026-10-04 14:11;;2026-10-04 15:26;0;0;;;
2026-10-03;2026-10-03;13:00;2026-10-03;11:00;Division 2 Norra Svealand Svezia;Sweden 2.div Norra Svealand;sweden-2-div-norra-svealand;;Täby FK;Viggbyholms IK;67;17;16;1;2-0;3.33;17°C · pioggia 0% · vento 16 km/h;3.5;50.92;49.08;U;45;55;Si;3-0;3;0;1;1;;https://betimate.com/it/football-predictions/t-by-fk-vs-viggbyholms-ik/2026-10-03/game;8;2026-10-04 14:11;;2026-10-04 15:26;0;0;;;
2026-10-03;2026-10-03;13:00;2026-10-03;11:00;Division 2 Norrland Svezia;Sweden 2.div Norrland;sweden-2-div-norrland;;Umeå FF;Friska Viljor FC;43;20;37;1;2-1;3.98;;3.5;47.43;52.57;O;36;64;Si;0-4;0;4;2;0;;https://betimate.com/it/football-predictions/friska-viljor-fc-vs-ume-ff/2026-10-03/game;9;2026-10-04 14:11;;2026-10-04 15:26;0;0;;;
2026-10-03;2026-10-03;13:00;2026-10-03;11:00;Division 2 Södra Götaland svedese;Sweden 2.div Södra Götaland;sweden-2-div-s-dra-g-taland;;Växjö Norra;IFK Karlshamn;72;15;13;1;2-1;3.76;;3.5;48.66;51.34;O;44;56;Si;0-2;0;2;2;0;;https://betimate.com/it/football-predictions/ifk-karlshamn-vs-v-xj-norra/2026-10-03/game;8;2026-10-04 14:11;;2026-10-04 15:26;0;0;;;
2026-10-03;2026-10-03;13:00;2026-10-03;11:00;Division 2 Södra Svealand svedese;Sweden 2.div Södra Svealand;sweden-2-div-s-dra-svealand;;BK Forward;IK Sleipner;49;21;30;1;2-1;3.17;;3.25;50.5;49.5;U;42;58;Si;1-1;1;1;X;0;;https://betimate.com/it/football-predictions/bk-forward-vs-ik-sleipner/2026-10-03/game;8;2026-10-04 14:11;;2026-10-04 15:26;0;0;;;
2026-10-03;2026-10-03;13:00;2026-10-03;11:00;Division 2 Södra Svealand svedese;Sweden 2.div Södra Svealand;sweden-2-div-s-dra-svealand;;IF Eker Örebro;Ragsveds IF;19;16;65;2;1-2;3.94;;3.75;48.85;51.15;O;39;61;Si;1-3;1;3;2;1;;https://betimate.com/it/football-predictions/ragsveds-if-vs-if-eker-rebro/2026-10-03/game;36;2026-10-04 14:11;;2026-10-04 15:26;0;0;;;
2026-10-03;2026-10-03;13:00;2026-10-03;11:00;Division 2 Västra Götaland Svezia;Sweden 2.div Västra Götaland;sweden-2-div-v-stra-g-taland;;Astorps FF;Dalstorps IF;28;23;49;2;0-1;2.56;;2.5;49.59;50.41;O;48;52;Si;1-3;1;3;2;1;;https://betimate.com/it/football-predictions/dalstorps-if-vs-astorps-ff/2026-10-03/game;36;2026-10-04 14:11;;2026-10-04 15:26;0;0;;;
2026-10-03;2026-10-03;13:00;2026-10-03;11:00;Division 2 Västra Götaland Svezia;Sweden 2.div Västra Götaland;sweden-2-div-v-stra-g-taland;;IF Boljan;Jonsereds IF;43;23;34;1;2-1;3.02;;3.25;51.4;48.6;U;43;57;Si;0-1;0;1;2;0;;https://betimate.com/it/football-predictions/jonsereds-if-vs-if-boljan/2026-10-03/game;8;2026-10-04 14:11;;2026-10-04 15:26;0;0;;;
2026-10-03;2026-10-03;13:00;2026-10-03;11:00;Division 3 Gruppo 2 Norvegia;Norway Division 3 Group 2;norway-division-3-group-2;;Volda;Orkla;86;8;6;1;4-1;5.1;11°C · pioggia 89% · vento 7 km/h;4.25;45.83;54.17;O;42;58;Si;4-1;4;1;1;1;;https://betimate.com/it/football-predictions/volda-vs-orkla/2026-10-03/game;8;2026-10-04 14:11;;2026-10-04 15:26;0;0;;;
2026-10-03;2026-10-03;13:00;2026-10-03;11:00;Division 3 norvegese - Gruppo 1;Norway Division 3 Group 1;norway-division-3-group-1;;Frigg;Gamle Oslo;39;18;43;2;2-3;5.15;15°C · pioggia 66% · vento 17 km/h;4.5;46.75;53.25;O;28;72;Si;1-1;1;1;X;0;;https://betimate.com/it/football-predictions/frigg-vs-gamle-oslo/2026-10-03/game;8;2026-10-04 14:11;;2026-10-04 15:26;0;0;;;
2026-10-03;2026-10-03;13:00;2026-10-03;11:00;Division 3 norvegese - Gruppo 1;Norway Division 3 Group 1;norway-division-3-group-1;;Grei;Asker;4;6;90;2;1-4;6.16;14°C · pioggia 66% · vento 25 km/h;4.75;43.59;56.41;O;39;61;Si;4-3;4;3;1;0;;https://betimate.com/it/football-predictions/grei-vs-asker/2026-10-03/game;8;2026-10-04 14:11;;2026-10-04 15:26;0;0;;;
2026-10-03;2026-10-03;13:00;2026-10-03;11:00;Division 3 norvegese - Gruppo 1;Norway Division 3 Group 1;norway-division-3-group-1;;Konnerud;Heming;17;18;65;2;0-2;3.11;;3.75;53.84;46.16;U;47;53;Si;5-5;5;5;X;0;;https://betimate.com/it/football-predictions/heming-vs-konnerud/2026-10-03/game;8;2026-10-04 14:11;;2026-10-04 15:26;0;0;;;
2026-10-03;2026-10-03;13:00;2026-10-03;11:00;Division 3 norvegese - Gruppo 1;Norway Division 3 Group 1;norway-division-3-group-1;;Nordstrand;Vålerenga 2;51;18;31;1;2-1;4.15;14°C · pioggia 52% · vento 24 km/h;4.25;50.33;49.67;U;35;65;Si;0-3;0;3;2;0;;https://betimate.com/it/football-predictions/nordstrand-vs-v-lerenga-2/2026-10-03/game;8;2026-10-04 14:11;;2026-10-04 15:26;0;0;;;
2026-10-03;2026-10-03;13:00;2026-10-03;11:00;Division 3 norvegese - Gruppo 3;Norway Division 3 Group 3;norway-division-3-group-3;;Stord;Vard Haugesund;18;13;69;2;1-3;5.3;13°C · pioggia 83% · vento 9 km/h;4.25;44.81;55.19;O;32;68;Si;1-2;1;2;2;1;;https://betimate.com/it/football-predictions/stord-vs-vard-haugesund/2026-10-03/game;8;2026-10-04 14:11;;2026-10-04 15:26;0;0;;;
2026-10-03;2026-10-03;13:00;2026-10-03;11:00;Division 3 norvegese - Gruppo 5;Norway Division 3 Group 5;norway-division-3-group-5;;Fløya;Bossekop;90;6;4;1;4-1;6.11;12°C · pioggia 0% · vento 9 km/h;5.5;47.45;52.55;O;39;61;Si;5-1;5;1;1;1;;https://betimate.com/it/football-predictions/fl-ya-vs-bossekop/2026-10-03/game;36;2026-10-04 14:11;;2026-10-04 15:26;0;0;;;
2026-10-03;2026-10-03;13:00;2026-10-03;11:00;Division 3 norvegese - Gruppo 5;Norway Division 3 Group 5;norway-division-3-group-5;;IL Ulfstind;Alta;14;12;74;2;1-3;5.26;;5;48.65;51.35;O;34;66;Si;0-2;0;2;2;1;;https://betimate.com/it/football-predictions/alta-vs-il-ulfstind/2026-10-03/game;36;2026-10-04 14:11;;2026-10-04 15:26;0;0;;;
2026-10-03;2026-10-03;13:00;2026-10-03;11:00;División de Honor Juvenil (Spagna);Spain Youth League;spain-youth-league;SYL;CD Sobradillo U19;CD 35600 U19;41;20;39;1;2-1;3.02;;2.75;47.95;52.05;O;43;57;Si;1-0;1;0;1;1;;https://betimate.com/it/football-predictions/cd-sobradillo-u19-vs-cd-35600-u19/2026-10-03/game;22;2026-10-04 14:11;;2026-10-04 15:26;0;0;;;
2026-10-03;2026-10-03;13:00;2026-10-03;11:00;División de Honor Juvenil (Spagna);Spain Youth League;spain-youth-league;SYL;Danok Bat U19;Arratia CD U19;64;17;19;1;2-1;3.29;;3;48.04;51.96;O;45;55;Si;4-1;4;1;1;1;;https://betimate.com/it/football-predictions/danok-bat-u19-vs-arratia-cd-u19/2026-10-03/game;6;2026-10-04 14:11;;2026-10-04 15:26;0;0;;;
2026-10-03;2026-10-03;13:00;2026-10-03;11:00;División de Honor Juvenil (Spagna);Spain Youth League;spain-youth-league;SYL;Union Viera CF U19;SD San Jose U19;40;20;40;1;2-1;3.04;;3;49.7;50.3;O;43;57;Si;0-1;0;1;2;0;;https://betimate.com/it/football-predictions/sd-san-jose-u19-vs-union-viera-cf-u19/2026-10-03/game;22;2026-10-04 14:11;;2026-10-04 15:26;0;0;;;
2026-10-03;2026-10-03;13:00;2026-10-03;11:00;Druha Liga Ucraina;Ukraine Druha Liga;ukraine-druha-liga;UDL;FC Podillya Khmelnytskyi;FK Vilhivci;44;22;34;1;2-1;3;;2.75;48.25;51.75;O;43;57;Si;1-2;1;2;2;0;;https://betimate.com/it/football-predictions/fc-podillya-khmelnytskyi-vs-fk-vilhivci/2026-10-03/game;36;2026-10-04 14:11;;2026-10-04 15:26;0;0;;;
2026-10-03;2026-10-03;13:00;2026-10-03;11:00;Ettan Norra Svezia;Sweden 1.div Norra;sweden-1-div-norra;Se3;Enkopings SK;Gefle IF;46;23;31;1;1-0;2.66;17°C · pioggia 0% · vento 17 km/h;2.75;50.55;49.45;U;47;53;Si;1-0;1;0;1;1;;https://betimate.com/it/football-predictions/gefle-if-vs-enkopings-sk/2026-10-03/game;5;2026-10-04 14:11;;2026-10-04 15:26;0;0;;;
2026-10-03;2026-10-03;13:00;2026-10-03;11:00;Ettan Norra Svezia;Sweden 1.div Norra;sweden-1-div-norra;Se3;FC Stockholm Internazionale;Assyriska Föreningen;66;18;16;1;2-0;3.03;16°C · pioggia 0% · vento 17 km/h;3;49.95;50.05;O;48;52;Si;3-0;3;0;1;1;;https://betimate.com/it/football-predictions/fc-stockholm-internazionale-vs-assyriska-f-reningen/2026-10-03/game;5;2026-10-04 14:11;;2026-10-04 15:26;0;0;;;
2026-10-03;2026-10-03;13:00;2026-10-03;11:00;Ettan Södra svedese;Sweden 1.div Södra;sweden-1-div-s-dra;;Angelholm;FC Rosengård 1917;30;21;49;2;1-2;3.13;15°C · pioggia 0% · vento 9 km/h;3;49.16;50.84;O;43;57;Si;3-0;3;0;1;0;;https://betimate.com/it/football-predictions/angelholm-vs-fc-roseng-rd-1917/2026-10-03/game;8;2026-10-04 14:11;;2026-10-04 15:26;0;0;;;
2026-10-03;2026-10-03;13:00;2026-10-03;11:00;Ettan Södra svedese;Sweden 1.div Södra;sweden-1-div-s-dra;;Tvååkers IF;Hässleholms IF;41;24;35;1;1-0;2.65;15°C · pioggia 0% · vento 16 km/h;2.75;50.61;49.39;U;47;53;Si;1-2;1;2;2;0;;https://betimate.com/it/football-predictions/h-ssleholms-if-vs-tv-kers-if/2026-10-03/game;8;2026-10-04 14:11;;2026-10-04 15:26;0;0;;;
2026-10-03;2026-10-03;13:00;2026-10-03;11:00;Greece U19 Cup;Greece U19 Cup;greece-u19-cup;GUC;Iraklis 1908 FC U19;Volos Nps U19;40;19;41;2;1-2;3.37;;3;47.37;52.63;O;40;60;Si;0-2;0;2;2;1;;https://betimate.com/it/football-predictions/volos-nps-u19-vs-iraklis-1908-fc-u19/2026-10-03/game;9;2026-10-04 14:11;;2026-10-04 15:26;0;0;;;
2026-10-03;2026-10-03;13:00;2026-10-03;11:00;II Liga polacca;Poland II Liga;poland-ii-liga;Pl2;Podhale Nowy Targ;Rekord Bielsko-Biala;55;21;24;1;1-0;2.81;16°C · pioggia 0% · vento 3 km/h;3;51.54;48.46;U;47;53;Si;2-1;2;1;1;1;;https://betimate.com/it/football-predictions/podhale-nowy-targ-vs-rekord-bielsko-biala/2026-10-03/game;2;2026-10-04 14:11;;2026-10-04 15:26;0;0;;;
2026-10-03;2026-10-03;13:00;2026-10-03;11:00;II Liga polacca;Poland II Liga;poland-ii-liga;Pl2;Resovia Rzeszow;Avia Swidnik;35;24;41;2;0-1;2.72;20°C · pioggia 0% · vento 5 km/h;2.75;50.11;49.89;U;46;54;Si;1-1;1;1;X;0;;https://betimate.com/it/football-predictions/avia-swidnik-vs-resovia-rzeszow/2026-10-03/game;2;2026-10-04 14:11;;2026-10-04 15:26;0;0;;;
2026-10-03;2026-10-03;13:00;2026-10-03;11:00;II Lyga Lituania;Lithuania II Lyga;lithuania-ii-lyga;LIL;Sirijus Klaipeda;FK Panevezys II;56;19;25;1;2-1;3.65;;3.5;49.14;50.86;O;40;60;Si;6-5;6;5;1;1;;https://betimate.com/it/football-predictions/fk-panevezys-ii-vs-sirijus-klaipeda/2026-10-03/game;36;2026-10-04 14:11;;2026-10-04 15:26;0;0;;;
2026-10-03;2026-10-03;13:00;2026-10-03;11:00;III Liga polacca;Poland III Liga;poland-iii-liga;PlC;Elana Torun;KTS-K Luzino;16;16;68;2;1-2;3.84;18°C · pioggia 0% · vento 4 km/h;3.25;46.63;53.37;O;41;59;Si;3-1;3;1;1;0;;https://betimate.com/it/football-predictions/elana-torun-vs-kts-k-luzino/2026-10-03/game;2;2026-10-04 14:11;;2026-10-04 15:26;0;0;;;
2026-10-03;2026-10-03;13:00;2026-10-03;11:00;III Liga polacca;Poland III Liga;poland-iii-liga;PlC;LKS Goczalkowice Zdroj;ROW 1964 Rybnik;42;21;37;1;2-1;3.38;;3;47.41;52.59;O;40;60;Si;0-1;0;1;2;0;;https://betimate.com/it/football-predictions/lks-goczalkowice-zdroj-vs-row-1964-rybnik/2026-10-03/game;2;2026-10-04 14:11;;2026-10-04 15:26;0;0;;;
2026-10-03;2026-10-03;13:00;2026-10-03;11:00;IV Liga Polonia;Poland IV Liga;poland-iv-liga;PIL;KS Lomianki;Oskar Przysucha;45;19;36;1;2-1;3.99;;3.5;47.38;52.62;O;36;64;Si;1-3;1;3;2;0;;https://betimate.com/it/football-predictions/ks-lomianki-vs-oskar-przysucha/2026-10-03/game;9;2026-10-04 14:11;;2026-10-04 15:26;0;0;;;
2026-10-03;2026-10-03;13:00;2026-10-03;11:00;Irlanda - Campionato U20;Republic of Ireland U20 League;republic-of-ireland-u20-league;RoIU;UCD U20;Shelbourne U20;38;16;46;2;2-3;5.15;;3.5;41.98;58.02;O;27;73;Si;;;;;;;https://betimate.com/it/football-predictions/shelbourne-u20-vs-ucd-u20/2026-10-03/game;36;2026-10-04 14:11;;2026-10-04 15:26;0;0;;;
2026-10-03;2026-10-03;13:00;2026-10-03;11:00;Kakkonen finlandese - Gruppo A;Finland Kakkonen Group A;finland-kakkonen-group-a;FKGA;MyPa;Puiu;34;20;46;2;1-2;3.88;14°C · pioggia 0% · vento 13 km/h;4;50.64;49.36;U;36;64;Si;0-2;0;2;2;1;;https://betimate.com/it/football-predictions/puiu-vs-mypa/2026-10-03/game;9;2026-10-04 14:11;;2026-10-04 15:26;0;0;;;
2026-10-03;2026-10-03;13:00;2026-10-03;11:00;Kenya League Women;Kenya League Women;kenya-league-women;KLW;Gideon Starlets (W);Vihiga Queens FC (W);43;25;32;1;1-0;1.95;;2.75;55.69;44.31;U;61;39;No;3-0;3;0;1;1;;https://betimate.com/it/football-predictions/vihiga-queens-fc-w-vs-gideon-starlets-w/2026-10-03/game;9;2026-10-04 14:11;;2026-10-04 15:26;0;0;;;
2026-10-03;2026-10-03;13:00;2026-10-03;11:00;Kolmonen finlandese;Finland Kolmonen;finland-kolmonen;FK;Ajax Sarkkiranta;KaPa Kajaani;8;7;85;2;1-4;6.3;;4.5;42.29;57.71;O;34;66;Si;1-4;1;4;2;1;;https://betimate.com/it/football-predictions/kapa-kajaani-vs-ajax-sarkkiranta/2026-10-03/game;8;2026-10-04 14:11;;2026-10-04 15:26;0;0;;;
2026-10-03;2026-10-03;13:00;2026-10-03;11:00;Kolmonen finlandese;Finland Kolmonen;finland-kolmonen;FK;EuPa;PIF Parainen;59;19;22;1;2-1;3.3;;3.25;49.76;50.24;O;43;57;Si;5-2;5;2;1;1;;https://betimate.com/it/football-predictions/eupa-vs-pif-parainen/2026-10-03/game;8;2026-10-04 14:11;;2026-10-04 15:26;0;0;;;
2026-10-03;2026-10-03;13:00;2026-10-03;11:00;Kolmonen finlandese;Finland Kolmonen;finland-kolmonen;FK;FC Haka Juniors;FC LeKi;41;16;43;2;2-3;5.68;;4.5;44.55;55.45;O;25;75;Si;0-4;0;4;2;1;;https://betimate.com/it/football-predictions/fc-haka-juniors-vs-fc-leki/2026-10-03/game;36;2026-10-04 14:11;;2026-10-04 15:26;0;0;;;
2026-10-03;2026-10-03;13:00;2026-10-03;11:00;Kolmonen finlandese;Finland Kolmonen;finland-kolmonen;FK;HauPa;Hercules II;67;13;20;1;3-1;5.48;;4.25;43.95;56.05;O;30;70;Si;3-2;3;2;1;1;;https://betimate.com/it/football-predictions/hercules-ii-vs-haupa/2026-10-03/game;9;2026-10-04 14:11;;2026-10-04 15:26;0;0;;;
2026-10-03;2026-10-03;13:00;2026-10-03;11:00;Kolmonen finlandese;Finland Kolmonen;finland-kolmonen;FK;HauPa;Hercules-J;88;7;5;1;4-1;6.34;12°C · pioggia 40% · vento 14 km/h;5;43.6;56.4;O;36;64;Si;3-2;3;2;1;1;;https://betimate.com/it/football-predictions/haupa-vs-hercules-j/2026-10-03/game;36;2026-10-04 14:11;;2026-10-04 15:26;0;0;;;
2026-10-03;2026-10-03;13:00;2026-10-03;11:00;Kolmonen finlandese;Finland Kolmonen;finland-kolmonen;FK;KePS;Villan Pojat;55;20;25;1;2-1;3.37;;3.75;52.12;47.88;U;42;58;Si;3-1;3;1;1;1;;https://betimate.com/it/football-predictions/keps-vs-villan-pojat/2026-10-03/game;8;2026-10-04 14:11;;2026-10-04 15:26;0;0;;;
2026-10-03;2026-10-03;13:00;2026-10-03;11:00;Kolmonen finlandese;Finland Kolmonen;finland-kolmonen;FK;PiPS;VG-62;37;21;42;2;1-2;3.43;;3.25;48.89;51.11;O;40;60;Si;1-0;1;0;1;0;;https://betimate.com/it/football-predictions/vg-62-vs-pips/2026-10-03/game;9;2026-10-04 14:11;;2026-10-04 15:26;0;0;;;
2026-10-03;2026-10-03;13:00;2026-10-03;11:00;Kolmonen finlandese;Finland Kolmonen;finland-kolmonen;FK;RoPo;PonPa;87;7;6;1;4-1;6.47;;5.5;46.02;53.98;O;34;66;Si;8-3;8;3;1;1;;https://betimate.com/it/football-predictions/ropo-vs-ponpa/2026-10-03/game;36;2026-10-04 14:11;;2026-10-04 15:26;0;0;;;
2026-10-03;2026-10-03;13:00;2026-10-03;11:00;Kolmonen finlandese;Finland Kolmonen;finland-kolmonen;FK;Santa Claus;Kajha;4;5;91;2;1-4;6.07;12°C · pioggia 63% · vento 12 km/h;5.5;47.65;52.35;O;41;59;Si;0-9;0;9;2;1;;https://betimate.com/it/football-predictions/santa-claus-vs-kajha/2026-10-03/game;36;2026-10-04 14:11;;2026-10-04 15:26;0;0;;;
2026-10-03;2026-10-03;13:00;2026-10-03;11:00;Kolmonen finlandese;Finland Kolmonen;finland-kolmonen;FK;TP-T;ACE;71;13;16;1;3-1;5.2;;4.25;45.25;54.75;O;33;67;Si;3-3;3;3;X;0;;https://betimate.com/it/football-predictions/tp-t-vs-ace/2026-10-03/game;36;2026-10-04 14:11;;2026-10-04 15:26;0;0;;;
2026-10-03;2026-10-03;13:00;2026-10-03;11:00;Kolmonen finlandese;Finland Kolmonen;finland-kolmonen;FK;Ylojarvi United;Fish United;74;12;14;1;3-1;5.73;;5.5;48.84;51.16;O;31;69;Si;0-2;0;2;2;0;;https://betimate.com/it/football-predictions/ylojarvi-united-vs-fish-united/2026-10-03/game;36;2026-10-04 14:11;;2026-10-04 15:26;0;0;;;
2026-10-03;2026-10-03;13:00;2026-10-03;11:00;Ligue A Burundi;Burundi Premier League;burundi-premier-league;Bi1;Rukinzo FC;Young Star FC;77;15;8;1;2-0;2.89;29°C · pioggia 47% · vento 20 km/h;2.75;48.97;51.03;O;55;45;No;7-0;7;0;1;1;;https://betimate.com/it/football-predictions/rukinzo-fc-vs-young-star-fc/2026-10-03/game;36;2026-10-04 14:11;;2026-10-04 15:26;0;0;;;
2026-10-03;2026-10-03;13:00;2026-10-03;11:00;NB III ungherese;Hungary NB III;hungary-nb-iii;HNI;Bekescsabai Elore SE;Sandorfalvi SK;61;20;19;1;1-0;2.73;22°C · pioggia 0% · vento 4 km/h;2.5;48.58;51.42;O;49;51;Si;0-1;0;1;2;0;;https://betimate.com/it/football-predictions/bekescsabai-elore-se-vs-sandorfalvi-sk/2026-10-03/game;19;2026-10-04 14:11;;2026-10-04 15:26;0;0;;;
2026-10-03;2026-10-03;13:00;2026-10-03;11:00;NB III ungherese;Hungary NB III;hungary-nb-iii;HNI;Cigand SE;Godolloi SK;64;19;17;1;2-0;3.1;20°C · pioggia 0% · vento 3 km/h;3;49.48;50.52;O;47;53;Si;2-2;2;2;X;0;;https://betimate.com/it/football-predictions/cigand-se-vs-godolloi-sk/2026-10-03/game;19;2026-10-04 14:11;;2026-10-04 15:26;0;0;;;
2026-10-03;2026-10-03;13:00;2026-10-03;11:00;NB III ungherese;Hungary NB III;hungary-nb-iii;HNI;DEAC;Fuzesabonyi SC;68;19;13;1;2-0;2.74;;3;52.18;47.82;U;52;48;No;3-0;3;0;1;1;;https://betimate.com/it/football-predictions/deac-vs-fuzesabonyi-sc/2026-10-03/game;19;2026-10-04 14:11;;2026-10-04 15:26;0;0;;;
2026-10-03;2026-10-03;13:00;2026-10-03;11:00;NB III ungherese;Hungary NB III;hungary-nb-iii;HNI;Dunaharaszti MTK;BFC Siofok;47;20;33;1;2-1;3.53;;3;46.39;53.61;O;39;61;Si;2-1;2;1;1;1;;https://betimate.com/it/football-predictions/bfc-siofok-vs-dunaharaszti-mtk/2026-10-03/game;1;2026-10-04 14:11;;2026-10-04 15:26;0;0;;;
2026-10-03;2026-10-03;13:00;2026-10-03;11:00;NB III ungherese;Hungary NB III;hungary-nb-iii;HNI;Erdi VSE;Kaposvari Rakoczi;33;21;46;2;1-2;3.23;;3.25;50.1;49.9;U;42;58;Si;3-1;3;1;1;0;;https://betimate.com/it/football-predictions/erdi-vse-vs-kaposvari-rakoczi/2026-10-03/game;2;2026-10-04 14:11;;2026-10-04 15:26;0;0;;;
2026-10-03;2026-10-03;13:00;2026-10-03;11:00;NB III ungherese;Hungary NB III;hungary-nb-iii;HNI;FC Tiszaujvaros;Mateszalkai MTK;39;22;39;1;2-1;3.16;;2.75;47.31;52.69;O;42;58;Si;2-2;2;2;X;0;;https://betimate.com/it/football-predictions/fc-tiszaujvaros-vs-mateszalkai-mtk/2026-10-03/game;2;2026-10-04 14:11;;2026-10-04 15:26;0;0;;;
2026-10-03;2026-10-03;13:00;2026-10-03;11:00;NB III ungherese;Hungary NB III;hungary-nb-iii;HNI;Ferencvarosi TC II;MTK Budapest II;43;20;37;1;2-1;3.71;24°C · pioggia 0% · vento 5 km/h;3.5;48.81;51.19;O;38;62;Si;2-0;2;0;1;1;;https://betimate.com/it/football-predictions/ferencvarosi-tc-ii-vs-mtk-budapest-ii/2026-10-03/game;18;2026-10-04 14:11;;2026-10-04 15:26;0;0;;;
2026-10-03;2026-10-03;13:00;2026-10-03;11:00;NB III ungherese;Hungary NB III;hungary-nb-iii;HNI;Ivancsa;Sarbogard SE;67;17;16;1;2-0;3.34;;3.5;50.89;49.11;U;45;55;Si;4-1;4;1;1;1;;https://betimate.com/it/football-predictions/ivancsa-vs-sarbogard-se/2026-10-03/game;18;2026-10-04 14:11;;2026-10-04 15:26;0;0;;;
2026-10-03;2026-10-03;13:00;2026-10-03;11:00;NB III ungherese;Hungary NB III;hungary-nb-iii;HNI;Kiraly Sze;Balatonalmadi SE;56;20;24;1;2-1;3.25;;3.25;50.04;49.96;U;43;57;Si;2-2;2;2;X;0;;https://betimate.com/it/football-predictions/kiraly-sze-vs-balatonalmadi-se/2026-10-03/game;2;2026-10-04 14:11;;2026-10-04 15:26;0;0;;;
2026-10-03;2026-10-03;13:00;2026-10-03;11:00;NB III ungherese;Hungary NB III;hungary-nb-iii;HNI;Komarom VSE;FC Tatabanya;35;21;44;2;1-2;3.37;;3;47.46;52.54;O;40;60;Si;0-2;0;2;2;1;;https://betimate.com/it/football-predictions/fc-tatabanya-vs-komarom-vse/2026-10-03/game;1;2026-10-04 14:11;;2026-10-04 15:26;0;0;;;
2026-10-03;2026-10-03;13:00;2026-10-03;11:00;NB III ungherese;Hungary NB III;hungary-nb-iii;HNI;MTE 1904;Puskas Academy II;54;23;23;1;1-0;2.52;23°C · pioggia 0% · vento 11 km/h;2.75;51.54;48.46;U;50;50;Si;1-4;1;4;2;0;;https://betimate.com/it/football-predictions/mte-1904-vs-puskas-academy-ii/2026-10-03/game;1;2026-10-04 14:11;;2026-10-04 15:26;0;0;;;
2026-10-03;2026-10-03;13:00;2026-10-03;11:00;NB III ungherese;Hungary NB III;hungary-nb-iii;HNI;Majosi SE;PEAC FC;58;18;24;1;2-1;3.67;;3.25;47.57;52.43;O;40;60;Si;1-1;1;1;X;0;;https://betimate.com/it/football-predictions/majosi-se-vs-peac-fc/2026-10-03/game;18;2026-10-04 14:11;;2026-10-04 15:26;0;0;;;
2026-10-03;2026-10-03;13:00;2026-10-03;11:00;NB III ungherese;Hungary NB III;hungary-nb-iii;HNI;Nyiregyhaza II;Salgotarjani BTC;65;17;18;1;2-1;3.6;;3;46.1;53.9;O;42;58;Si;0-1;0;1;2;0;;https://betimate.com/it/football-predictions/salgotarjani-btc-vs-nyiregyhaza-ii/2026-10-03/game;2;2026-10-04 14:11;;2026-10-04 15:26;0;0;;;
2026-10-03;2026-10-03;13:00;2026-10-03;11:00;NB III ungherese;Hungary NB III;hungary-nb-iii;HNI;Ozd Sajovolgye;Hajdunanas FK;72;13;15;1;3-1;4.7;;4.5;48.97;51.03;O;37;63;Si;9-0;9;0;1;1;;https://betimate.com/it/football-predictions/ozd-sajovolgye-vs-hajdunanas-fk/2026-10-03/game;19;2026-10-04 14:11;;2026-10-04 15:26;0;0;;;
2026-10-03;2026-10-03;13:00;2026-10-03;11:00;NB III ungherese;Hungary NB III;hungary-nb-iii;HNI;Pecsi MFC;Budafoki MTE;79;12;9;1;2-0;3.75;23°C · pioggia 0% · vento 7 km/h;3;45.28;54.72;O;48;52;Si;2-1;2;1;1;1;;https://betimate.com/it/football-predictions/pecsi-mfc-vs-budafoki-mte/2026-10-03/game;2;2026-10-04 14:11;;2026-10-04 15:26;0;0;;;
2026-10-03;2026-10-03;13:00;2026-10-03;11:00;NB III ungherese;Hungary NB III;hungary-nb-iii;HNI;Szegedi VSE;ESMTK;7;8;85;2;1-4;5.07;;4;44.17;55.83;O;41;59;Si;1-4;1;4;2;1;;https://betimate.com/it/football-predictions/esmtk-vs-szegedi-vse/2026-10-03/game;1;2026-10-04 14:11;;2026-10-04 15:26;0;0;;;
2026-10-03;2026-10-03;13:00;2026-10-03;11:00;NB III ungherese;Hungary NB III;hungary-nb-iii;HNI;Szolnoki Mav FC;Gyulai Termal;15;15;70;2;1-2;4.09;22°C · pioggia 0% · vento 5 km/h;4;49.52;50.48;O;40;60;Si;3-4;3;4;2;1;;https://betimate.com/it/football-predictions/szolnoki-mav-fc-vs-gyulai-termal/2026-10-03/game;18;2026-10-04 14:11;;2026-10-04 15:26;0;0;;;
2026-10-03;2026-10-03;13:00;2026-10-03;11:00;NB III ungherese;Hungary NB III;hungary-nb-iii;HNI;Tiszafured VSE;Kisvarda II;31;25;44;2;0-1;2.35;;2.25;49.33;50.67;O;50;50;Si;0-2;0;2;2;1;;https://betimate.com/it/football-predictions/tiszafured-vse-vs-kisvarda-ii/2026-10-03/game;19;2026-10-04 14:11;;2026-10-04 15:26;0;0;;;
2026-10-03;2026-10-03;13:00;2026-10-03;11:00;NB III ungherese;Hungary NB III;hungary-nb-iii;HNI;Veszprem FC;Sarisapi BSE;45;23;32;1;1-0;2.68;22°C · pioggia 0% · vento 8 km/h;3.25;53.81;46.19;U;47;53;Si;1-1;1;1;X;0;;https://betimate.com/it/football-predictions/veszprem-fc-vs-sarisapi-bse/2026-10-03/game;1;2026-10-04 14:11;;2026-10-04 15:26;0;0;;;
2026-10-03;2026-10-03;13:00;2026-10-03;11:00;NB III ungherese;Hungary NB III;hungary-nb-iii;HNI;Zalaegerszegi TE II;Bicskei TC;52;18;30;1;2-1;4.38;;4.25;49.18;50.82;O;34;66;Si;3-1;3;1;1;1;;https://betimate.com/it/football-predictions/bicskei-tc-vs-zalaegerszegi-te-ii/2026-10-03/game;18;2026-10-04 14:11;;2026-10-04 15:26;0;0;;;
2026-10-03;2026-10-03;13:00;2026-10-03;11:00;Polonia - Ekstraliga Femminile;Poland Ekstraliga Women;poland-ekstraliga-women;PEW;APLG Gdansk (W);Lech Poznan UAM (W);49;18;33;1;2-1;3.32;18°C · pioggia 0% · vento 5 km/h;3;47.64;52.36;O;46;54;Si;3-1;3;1;1;1;;https://betimate.com/it/football-predictions/lech-poznan-uam-w-vs-aplg-gdansk-w/2026-10-03/game;36;2026-10-04 14:11;;2026-10-04 15:26;0;0;;;
2026-10-03;2026-10-03;13:00;2026-10-03;11:00;Polonia - Ekstraliga Femminile;Poland Ekstraliga Women;poland-ekstraliga-women;PEW;Gornik Leczna (W);GKS Katowice (W);38;18;44;2;1-2;3.25;19°C · pioggia 0% · vento 6 km/h;3;48.14;51.86;O;46;54;Si;1-2;1;2;2;1;;https://betimate.com/it/football-predictions/gks-katowice-w-vs-gornik-leczna-w/2026-10-03/game;8;2026-10-04 14:11;;2026-10-04 15:26;0;0;;;
2026-10-03;2026-10-03;13:00;2026-10-03;11:00;Prima Lega bielorussa;Belarus Division 1;belarus-division-1;BD1;FC Slonim;Soligorsk;35;24;41;2;1-2;3.25;18°C · pioggia 0% · vento 5 km/h;3;48.45;51.55;O;41;59;Si;1-1;1;1;X;0;;https://betimate.com/it/football-predictions/fc-slonim-vs-soligorsk/2026-10-03/game;36;2026-10-04 14:11;;2026-10-04 15:26;0;0;;;
2026-10-03;2026-10-03;13:00;2026-10-03;11:00;Seconda Lega russa;Russia Division 2;russia-division-2;RD2;FK Volna Nizhegorodskaya Oblast;Saturn Ramenskoye;56;21;23;1;1-0;2.87;8°C · pioggia 0% · vento 15 km/h;2.75;49.2;50.8;O;47;53;Si;0-2;0;2;2;0;;https://betimate.com/it/football-predictions/saturn-ramenskoye-vs-fk-volna-nizhegorodskaya-oblast/2026-10-03/game;36;2026-10-04 14:11;;2026-10-04 15:26;0;0;;;
2026-10-03;2026-10-03;13:00;2026-10-03;11:00;Seconda Lega russa;Russia Division 2;russia-division-2;RD2;Metallurg Lipetsk;Zenit Penza;65;19;16;1;2-0;2.94;11°C · pioggia 3% · vento 10 km/h;2.75;48.79;51.21;O;48;52;Si;2-0;2;0;1;1;;https://betimate.com/it/football-predictions/metallurg-lipetsk-vs-zenit-penza/2026-10-03/game;36;2026-10-04 14:11;;2026-10-04 15:26;0;0;;;
2026-10-03;2026-10-03;13:00;2026-10-03;11:00;Spagna - Primera Federación Gruppo 2;Spain Primera Division RFEF Group 2;spain-primera-division-rfef-group-2;SPDR;Hercules;Real Jaen;31;27;42;2;0-1;2.52;27°C · pioggia 0% · vento 14 km/h;2.25;48.5;51.5;O;49;51;Si;0-0;0;0;X;0;;https://betimate.com/it/football-predictions/hercules-vs-real-jaen/2026-10-03/game;9;2026-10-04 14:11;;2026-10-04 15:26;0;0;;;
2026-10-03;2026-10-03;13:00;2026-10-03;11:00;Svizzera - U19 Elite;Switzerland U19 Elite;switzerland-u19-elite;SUE;Young Boys U19;Winterthur U19;49;15;36;1;3-2;5.29;;3.75;42.05;57.95;O;26;74;Si;0-0;0;0;X;0;;https://betimate.com/it/football-predictions/young-boys-u19-vs-winterthur-u19/2026-10-03/game;9;2026-10-04 14:11;;2026-10-04 15:26;0;0;;;
2026-10-03;2026-10-03;13:00;2026-10-03;11:00;Tercera Gruppo 12 Spagna;Spain Tercera Group 12;spain-tercera-group-12;Es5;Panaderia Pulido;UD Anaza;59;22;19;1;1-0;2.65;24°C · pioggia 0% · vento 7 km/h;2.5;49.04;50.96;O;50;50;Si;5-2;5;2;1;1;;https://betimate.com/it/football-predictions/panaderia-pulido-vs-ud-anaza/2026-10-03/game;4;2026-10-04 14:11;;2026-10-04 15:26;0;0;;;
2026-10-03;2026-10-03;13:00;2026-10-03;11:00;Thailand Division 3;Thailand Division 3;thailand-division-3;TD3;BFB Pattaya City;Banbueng FC;43;24;33;1;1-0;2.61;;3.5;55.36;44.64;U;47;53;Si;2-0;2;0;1;1;;https://betimate.com/it/football-predictions/banbueng-fc-vs-bfb-pattaya-city/2026-10-03/game;9;2026-10-04 14:11;;2026-10-04 15:26;0;0;;;
2026-10-03;2026-10-03;13:00;2026-10-03;11:00;Thailand Division 3;Thailand Division 3;thailand-division-3;TD3;Chachoengsao FC;Royal Navy;22;30;48;2;0-1;1.71;;2.25;54.59;45.41;U;59;41;No;1-0;1;0;1;0;;https://betimate.com/it/football-predictions/chachoengsao-fc-vs-royal-navy/2026-10-03/game;36;2026-10-04 14:11;;2026-10-04 15:26;0;0;;;
2026-10-03;2026-10-03;13:00;2026-10-03;11:00;Thailand Division 3;Thailand Division 3;thailand-division-3;TD3;Phichit United;Chattrakan City FC;48;21;31;1;2-1;3.14;;2.75;47.44;52.56;O;43;57;Si;2-2;2;2;X;0;;https://betimate.com/it/football-predictions/phichit-united-vs-chattrakan-city-fc/2026-10-03/game;9;2026-10-04 14:11;;2026-10-04 15:26;0;0;;;
2026-10-03;2026-10-03;13:00;2026-10-03;11:00;Thailand Division 3;Thailand Division 3;thailand-division-3;TD3;Ranong United;Nakhon Si United;38;24;38;1;1-0;2.57;;2.5;49.44;50.56;O;47;53;Si;1-1;1;1;X;0;;https://betimate.com/it/football-predictions/ranong-united-vs-nakhon-si-united/2026-10-03/game;9;2026-10-04 14:11;;2026-10-04 15:26;0;0;;;
2026-10-03;2026-10-03;13:00;2026-10-03;11:00;Thailand Division 3;Thailand Division 3;thailand-division-3;TD3;Roi-Et PB United;Udon United;29;21;50;2;1-2;3.27;;2.5;45.44;54.56;O;42;58;Si;0-0;0;0;X;0;;https://betimate.com/it/football-predictions/udon-united-vs-roi-et-pb-united/2026-10-03/game;9;2026-10-04 14:11;;2026-10-04 15:26;0;0;;;
2026-10-03;2026-10-03;13:15;2026-10-03;11:15;Denmark Series Gruppo 2 Danimarca;Denmark Series Group 2;denmark-series-group-2;DSG2;Fredensborg;Gørslev IF;61;15;24;1;3-1;5.17;15°C · pioggia 0% · vento 10 km/h;5;49.02;50.98;O;30;70;Si;6-1;6;1;1;1;;https://betimate.com/it/football-predictions/fredensborg-vs-g-rslev-if/2026-10-03/game;37;2026-10-04 14:11;;2026-10-04 15:26;0;0;;;
2026-10-03;2026-10-03;13:15;2026-10-03;11:15;Italy Campionato Primavera 3;Italy Campionato Primavera 3;italy-campionato-primavera-3;ICP3;Giugliano U19;Foggia U19;77;10;13;1;4-1;6.12;;2.5;32.31;67.69;O;29;71;Si;0-5;0;5;2;0;;https://betimate.com/it/football-predictions/foggia-u19-vs-giugliano-u19/2026-10-03/game;9;2026-10-04 14:11;;2026-10-04 15:26;0;0;;;
2026-10-03;2026-10-03;13:30;2026-10-03;11:30;Amichevoli Elite Club;Elite Club Friendlies;elite-club-friendlies;ECF;Crystal Palace;Bristol City;85;10;5;1;3-0;3.81;;3;44.43;55.57;O;48;52;Si;0-2;0;2;2;0;;https://betimate.com/it/football-predictions/crystal-palace-vs-bristol-city/2026-10-03/game;9;2026-10-04 14:11;;2026-10-04 15:26;0;0;;;
2026-10-03;2026-10-03;13:30;2026-10-03;11:30;Campionato U20 Cina;China U20 League;china-u20-league;CUL;Guangdong GZ-Power U20;Henan U20;24;25;51;2;0-1;1.85;;2.25;53.21;46.79;U;58;42;No;2-1;2;1;1;0;;https://betimate.com/it/football-predictions/henan-u20-vs-guangdong-gz-power-u20/2026-10-03/game;9;2026-10-04 14:11;;2026-10-04 15:26;0;0;;;
2026-10-03;2026-10-03;13:30;2026-10-03;11:30;Danmarksserien Gruppo 4 (Danimarca);Denmark Series Group 4;denmark-series-group-4;DSG4;IF Lyseng;Holstebro 2;19;20;61;2;0-1;2.95;18°C · pioggia 0% · vento 18 km/h;2.75;48.69;51.31;O;47;53;Si;0-4;0;4;2;1;;https://betimate.com/it/football-predictions/if-lyseng-vs-holstebro-2/2026-10-03/game;37;2026-10-04 14:11;;2026-10-04 15:26;0;0;;;
2026-10-03;2026-10-03;13:30;2026-10-03;11:30;Danmarksserien Gruppo 4 (Danimarca);Denmark Series Group 4;denmark-series-group-4;DSG4;Norresundby;VRI;32;18;50;2;1-2;4.55;18°C · pioggia 0% · vento 20 km/h;4.5;49.51;50.49;O;32;68;Si;3-3;3;3;X;0;;https://betimate.com/it/football-predictions/norresundby-vs-vri/2026-10-03/game;37;2026-10-04 14:11;;2026-10-04 15:26;0;0;;;
2026-10-03;2026-10-03;13:30;2026-10-03;11:30;Denmark Series Gruppo 3 Danimarca;Denmark Series Group 3;denmark-series-group-3;DSG3;Marienlyst;Kolding BK;72;15;13;1;2-1;3.94;19°C · pioggia 0% · vento 16 km/h;3.75;48.95;51.05;O;42;58;Si;2-0;2;0;1;1;;https://betimate.com/it/football-predictions/marienlyst-vs-kolding-bk/2026-10-03/game;37;2026-10-04 14:11;;2026-10-04 15:26;0;0;;;
2026-10-03;2026-10-03;13:30;2026-10-03;11:30;Juniorallsvenskan svedese;Sweden Juniorallsvenskan;sweden-juniorallsvenskan;SJ;Kalmar FF U19;Brommapojkarna U19;30;19;51;2;1-2;3.34;18°C · pioggia 0% · vento 10 km/h;3.25;49.42;50.58;O;41;59;Si;1-1;1;1;X;0;;https://betimate.com/it/football-predictions/kalmar-ff-u19-vs-brommapojkarna-u19/2026-10-03/game;37;2026-10-04 14:11;;2026-10-04 15:26;0;0;;;
2026-10-03;2026-10-03;13:30;2026-10-03;11:30;League Two Inghilterra;England League 2;england-league-2;L2;Chesterfield;Tranmere;54;26;20;1;1-0;2.64;16°C · pioggia 0% · vento 9 km/h;3;52.89;47.11;U;49;51;Si;4-2;4;2;1;1;;https://betimate.com/it/football-predictions/chesterfield-vs-tranmere/2026-10-03/game;3;2026-10-04 14:11;;2026-10-04 15:26;0;0;;;
2026-10-03;2026-10-03;13:30;2026-10-03;11:30;Oberliga Niedersachsen (Germania);Germany Oberliga Niedersachsen;germany-oberliga-niedersachsen;De5;FC Verden 04;Heeslinger SC;25;18;57;2;1-2;3.93;;3.75;48.91;51.09;O;38;62;Si;4-1;4;1;1;0;;https://betimate.com/it/football-predictions/heeslinger-sc-vs-fc-verden-04/2026-10-03/game;22;2026-10-04 14:11;;2026-10-04 15:26;0;0;;;
2026-10-03;2026-10-03;13:30;2026-10-03;11:30;Oberliga Schleswig-Holstein (Germania);Germany Oberliga Schleswig-Holstein;germany-oberliga-schleswig-holstein;De5;Holstein Kiel II;Mtsv Hohenwestedt;88;7;5;1;4-0;5.13;18°C · pioggia 0% · vento 12 km/h;5;49.43;50.57;O;43;57;Si;4-0;4;0;1;1;;https://betimate.com/it/football-predictions/holstein-kiel-ii-vs-mtsv-hohenwestedt/2026-10-03/game;22;2026-10-04 14:11;;2026-10-04 15:26;0;0;;;
2026-10-03;2026-10-03;13:30;2026-10-03;11:30;Persha Liga Ucraina;Ukraine Persha Liga;ukraine-persha-liga;Ua1;Prykarpattya Ivano Frankivsk;FC Metalist Kharkiv;39;30;31;1;1-0;2.05;21°C · pioggia 0% · vento 6 km/h;2;50;50;O;54;46;No;0-0;0;0;X;0;;https://betimate.com/it/football-predictions/prykarpattya-ivano-frankivsk-vs-fc-metalist-kharkiv/2026-10-03/game;9;2026-10-04 14:11;;2026-10-04 15:26;0;0;;;
2026-10-03;2026-10-03;13:30;2026-10-03;11:30;Premier League Femminile Bulgaria;Bulgaria Premier League Women;bulgaria-premier-league-women;BPLW;NSA Sofia (W);FK Lokomotiv Stara Zagora (W);67;13;20;1;2-1;4.63;;4.25;47.82;52.18;O;39;61;Si;4-1;4;1;1;1;;https://betimate.com/it/football-predictions/fk-lokomotiv-stara-zagora-w-vs-nsa-sofia-w/2026-10-03/game;37;2026-10-04 14:11;;2026-10-04 15:26;0;0;;;
2026-10-03;2026-10-03;13:30;2026-10-03;11:30;Qualificazioni FA Cup Inghilterra;England FA Cup Qualification;england-fa-cup-qualification;EFCQ;Brentwood Town;Dag & Red;47;22;31;1;2-1;3.08;19°C · pioggia 12% · vento 12 km/h;3;49.52;50.48;O;43;57;Si;3-1;3;1;1;1;;https://betimate.com/it/football-predictions/dag-red-vs-brentwood-town/2026-10-03/game;37;2026-10-04 14:11;;2026-10-04 15:26;0;0;;;
2026-10-03;2026-10-03;13:30;2026-10-03;11:30;Super League Femminile Belgio;Belgium Super League Women;belgium-super-league-women;BSLW;Club Brugge (W);Anderlecht (W);29;20;51;2;1-2;2.92;20°C · pioggia 0% · vento 5 km/h;3;50.46;49.54;U;50;50;Si;3-1;3;1;1;0;;https://betimate.com/it/football-predictions/anderlecht-w-vs-club-brugge-w/2026-10-03/game;9;2026-10-04 14:11;;2026-10-04 15:26;0;0;;;
2026-10-03;2026-10-03;13:30;2026-10-03;11:30;Super League Femminile Russia;Russia Premier Women;russia-premier-women;RPW;Spartak Moscow Women;Zenit St Petersburg Women;31;19;50;2;1-2;3.1;;2.25;44.28;55.72;O;48;52;Si;0-1;0;1;2;1;;https://betimate.com/it/football-predictions/zenit-st-petersburg-women-vs-spartak-moscow-women/2026-10-03/game;9;2026-10-04 14:11;;2026-10-04 15:26;0;0;;;
2026-10-03;2026-10-03;13:30;2026-10-03;11:30;Thailand Division 3;Thailand Division 3;thailand-division-3;TD3;Bangkok FC;Thap Luang United;29;25;46;2;0-1;2.28;;2.25;49.88;50.12;O;51;49;No;0-0;0;0;X;0;;https://betimate.com/it/football-predictions/bangkok-fc-vs-thap-luang-united/2026-10-03/game;9;2026-10-04 14:11;;2026-10-04 15:26;0;0;;;
2026-10-03;2026-10-03;13:30;2026-10-03;11:30;Turchia - 2. Lig Kırmızı;Türkiye 2 Lig Kirmizi;t-rkiye-2-lig-kirmizi;;1461 Trabzon FK;Serikspor;42;26;32;1;1-0;2.67;19°C · pioggia 0% · vento 32 km/h;2.5;49.07;50.93;O;46;54;Si;4-1;4;1;1;1;;https://betimate.com/it/football-predictions/1461-trabzon-fk-vs-serikspor/2026-10-03/game;37;2026-10-04 14:11;;2026-10-04 15:26;0;0;;;
2026-10-03;2026-10-03;13:30;2026-10-03;11:30;Turchia - 3. Lig Gruppo 1;Türkiye 3.Lig Group 1;t-rkiye-3-lig-group-1;;Pazarspor;Kucukcekmece Sinopspor;34;25;41;2;0-1;2.4;17°C · pioggia 45% · vento 14 km/h;2.25;48.94;51.06;O;49;51;Si;3-1;3;1;1;0;;https://betimate.com/it/football-predictions/pazarspor-vs-kucukcekmece-sinopspor/2026-10-03/game;37;2026-10-04 14:11;;2026-10-04 15:26;0;0;;;
2026-10-03;2026-10-03;13:30;2026-10-03;11:30;Türkiye 3.Lig Group 3;Türkiye 3.Lig Group 3;t-rkiye-3-lig-group-3;;Agrispor;Diyarbakirspor;66;19;15;1;2-0;2.82;13°C · pioggia 78% · vento 10 km/h;2.75;49.61;50.39;O;50;50;Si;2-1;2;1;1;1;;https://betimate.com/it/football-predictions/diyarbakirspor-vs-agrispor/2026-10-03/game;37;2026-10-04 14:11;;2026-10-04 15:26;0;0;;;
2026-10-03;2026-10-03;13:30;2026-10-03;11:30;Türkiye 3.Lig Group 3;Türkiye 3.Lig Group 3;t-rkiye-3-lig-group-3;;Bitlis Ozguzeldere Spor;Yaz Sigorta Adaletgucu Spor;58;20;22;1;2-1;3.27;;3;48.21;51.79;O;43;57;Si;5-0;5;0;1;1;;https://betimate.com/it/football-predictions/bitlis-ozguzeldere-spor-vs-yaz-sigorta-adaletgucu-spor/2026-10-03/game;37;2026-10-04 14:11;;2026-10-04 15:26;0;0;;;
2026-10-03;2026-10-03;13:45;2026-10-03;11:45;Super League 2 Grecia;Greece Super League 2;greece-super-league-2;GSL2;Niki Volou;Larissa;61;22;17;1;1-0;2.48;21°C · pioggia 0% · vento 15 km/h;2;46.31;53.69;O;52;48;No;2-2;2;2;X;0;;https://betimate.com/it/football-predictions/larissa-vs-niki-volou/2026-10-03/game;9;2026-10-04 14:11;;2026-10-04 15:26;0;0;;;
2026-10-03;2026-10-03;13:55;2026-10-03;11:55;Liga III Romania;Romania Liga III;romania-liga-iii;RLI;Petrolul ZF 1948 Berca;Vointa 2024 Crevedia;52;19;29;1;2-1;3.77;;2.75;43.81;56.19;O;38;62;Si;4-5;4;5;2;0;;https://betimate.com/it/football-predictions/vointa-2024-crevedia-vs-petrolul-zf-1948-berca/2026-10-03/game;20;2026-10-04 14:11;;2026-10-04 15:26;0;0;;;
2026-10-03;2026-10-03;14:00;2026-10-03;12:00;1. divisjon Femminile (Norvegia);Norway Division 1 Women;norway-division-1-women;;Viking FK (W);Bryne (W);73;13;14;1;2-1;3.67;;3.5;49;51;O;49;51;Si;2-1;2;1;1;1;;https://betimate.com/it/football-predictions/viking-fk-w-vs-bryne-w/2026-10-03/game;9;2026-10-04 14:11;;2026-10-04 15:26;0;0;;;
2026-10-03;2026-10-03;14:00;2026-10-03;12:00;2. divisjon Gruppo 1 (Norvegia);Norway Division 2 Group 1;norway-division-2-group-1;;Pors Grenland;Vidar;65;18;17;1;2-0;3.22;15°C · pioggia 94% · vento 18 km/h;3.5;51.56;48.44;U;46;54;Si;4-1;4;1;1;1;;https://betimate.com/it/football-predictions/vidar-vs-pors-grenland/2026-10-03/game;9;2026-10-04 14:11;;2026-10-04 15:26;0;0;;;
2026-10-03;2026-10-03;14:00;2026-10-03;12:00;2ª Divisione Danimarca;Denmark Division 2;denmark-division-2;DD2;Middelfart;FA 2000;36;24;40;2;0-1;2.52;18°C · pioggia 0% · vento 16 km/h;2.75;51.51;48.49;U;48;52;Si;1-0;1;0;1;0;;https://betimate.com/it/football-predictions/middelfart-vs-fa-2000/2026-10-03/game;9;2026-10-04 14:11;;2026-10-04 15:26;0;0;;;
2026-10-03;2026-10-03;14:00;2026-10-03;12:00;2ª Divisione Danimarca;Denmark Division 2;denmark-division-2;DD2;Skive;Hellerup IK;52;21;27;1;1-0;2.89;18°C · pioggia 0% · vento 23 km/h;2.5;47.62;52.38;O;45;55;Si;2-0;2;0;1;1;;https://betimate.com/it/football-predictions/skive-vs-hellerup-ik/2026-10-03/game;38;2026-10-04 14:11;;2026-10-04 15:26;0;0;;;
2026-10-03;2026-10-03;14:00;2026-10-03;12:00;3. Liga ceca;Czechia 3. Liga;czechia-3-liga;;FC Vsetin;Slovacko II;37;22;41;2;1-2;3.16;;2.75;47.28;52.72;O;42;58;Si;1-0;1;0;1;0;;https://betimate.com/it/football-predictions/slovacko-ii-vs-fc-vsetin/2026-10-03/game;9;2026-10-04 14:11;;2026-10-04 15:26;0;0;;;
2026-10-03;2026-10-03;14:00;2026-10-03;12:00;3ª Divisione Danimarca;Denmark Division 3;denmark-division-3;DD3;Bronshoj BK;Frem;57;20;23;1;2-1;3.21;16°C · pioggia 0% · vento 10 km/h;3;48.65;51.35;O;44;56;Si;1-1;1;1;X;0;;https://betimate.com/it/football-predictions/frem-vs-bronshoj-bk/2026-10-03/game;9;2026-10-04 14:11;;2026-10-04 15:26;0;0;;;
2026-10-03;2026-10-03;14:00;2026-10-03;12:00;3ª Divisione Danimarca;Denmark Division 3;denmark-division-3;DD3;Horsholm-Usserod IK;FC Helsingor;48;20;32;1;2-1;3.8;17°C · pioggia 0% · vento 9 km/h;3.25;46.76;53.24;O;37;63;Si;3-1;3;1;1;1;;https://betimate.com/it/football-predictions/fc-helsingor-vs-horsholm-usserod-ik/2026-10-03/game;9;2026-10-04 14:11;;2026-10-04 15:26;0;0;;;
2026-10-03;2026-10-03;14:00;2026-10-03;12:00;3ª Divisione Danimarca;Denmark Division 3;denmark-division-3;DD3;Næsby;Holstebro;64;17;19;1;2-1;3.9;18°C · pioggia 0% · vento 16 km/h;3.75;49.14;50.86;O;40;60;Si;4-0;4;0;1;1;;https://betimate.com/it/football-predictions/n-sby-vs-holstebro/2026-10-03/game;38;2026-10-04 14:11;;2026-10-04 15:26;0;0;;;
2026-10-03;2026-10-03;14:00;2026-10-03;12:00;3ª Divisione Danimarca;Denmark Division 3;denmark-division-3;DD3;Sundby;Vanløse;40;23;37;1;1-0;2.74;16°C · pioggia 0% · vento 11 km/h;2.75;49.99;50.01;O;46;54;Si;0-1;0;1;2;0;;https://betimate.com/it/football-predictions/vanl-se-vs-sundby/2026-10-03/game;9;2026-10-04 14:11;;2026-10-04 15:26;0;0;;;
2026-10-03;2026-10-03;14:00;2026-10-03;12:00;Amichevoli europee;Europe Friendlies;europe-friendlies;EF;FC Viktoria Köln;Cologne;9;13;78;2;1-2;3.38;21°C · pioggia 0% · vento 3 km/h;3.25;48.58;51.42;O;41;59;Si;2-2;2;2;X;0;;https://betimate.com/it/football-predictions/fc-viktoria-k-ln-vs-cologne/2026-10-03/game;19;2026-10-04 14:11;;2026-10-04 15:26;0;0;;;
2026-10-03;2026-10-03;14:00;2026-10-03;12:00;Amichevoli europee;Europe Friendlies;europe-friendlies;EF;Holstein Kiel;Viborg;48;25;27;1;1-0;2.81;18°C · pioggia 0% · vento 10 km/h;3;51.58;48.42;U;46;54;Si;3-1;3;1;1;1;;https://betimate.com/it/football-predictions/viborg-vs-holstein-kiel/2026-10-03/game;3;2026-10-04 14:11;;2026-10-04 15:26;0;0;;;
2026-10-03;2026-10-03;14:00;2026-10-03;12:00;Amichevoli per club;Club Friendly List;club-friendly-list;CFL;Arminia Bielefeld;Rot-Weiss Essen;68;17;15;1;3-1;4.33;19°C · pioggia 0% · vento 3 km/h;4.25;49.63;50.37;O;38;62;Si;2-2;2;2;X;0;;https://betimate.com/it/football-predictions/arminia-bielefeld-vs-rot-weiss-essen/2026-10-03/game;38;2026-10-04 14:11;;2026-10-04 15:26;0;0;;;
2026-10-03;2026-10-03;14:00;2026-10-03;12:00;Bundesliga Femminile Germania;Germany Bundesliga Women;germany-bundesliga-women;GBW;RB Leipzig (W);Mainz (W);54;17;29;1;2-1;3.38;17°C · pioggia 0% · vento 3 km/h;3;47.2;52.8;O;46;54;Si;5-0;5;0;1;1;;https://betimate.com/it/football-predictions/rb-leipzig-w-vs-mainz-w/2026-10-03/game;10;2026-10-04 14:11;;2026-10-04 15:26;0;0;;;
2026-10-03;2026-10-03;14:00;2026-10-03;12:00;Bundesliga U19 (Germania);Germany Bundesliga U19;germany-bundesliga-u19;GBU;FC Viktoria Köln U19;Saarbrucken U19;89;6;5;1;4-1;5.87;21°C · pioggia 0% · vento 3 km/h;5.5;48.47;51.53;O;41;59;Si;4-3;4;3;1;1;;https://betimate.com/it/football-predictions/fc-viktoria-k-ln-u19-vs-saarbrucken-u19/2026-10-03/game;38;2026-10-04 14:11;;2026-10-04 15:26;0;0;;;
2026-10-03;2026-10-03;14:00;2026-10-03;12:00;Campionato Giovanile Argentina;Argentina Youth League;argentina-youth-league;AYL;Union Santa Fe U20;River Plate U20;31;24;45;2;0-1;2.18;;2.5;51.89;48.11;U;53;47;No;2-1;2;1;1;0;;https://betimate.com/it/football-predictions/river-plate-u20-vs-union-santa-fe-u20/2026-10-03/game;10;2026-10-04 14:11;;2026-10-04 15:26;0;0;;;
2026-10-03;2026-10-03;14:00;2026-10-03;12:00;Campionato U19 francese;France U19 League;france-u19-league;FUL;US Cap d'Ail U19;FC Bastia-Borgo U19;57;15;28;1;2-1;4.46;;4.25;48.71;51.29;O;33;67;Si;5-0;5;0;1;1;;https://betimate.com/it/football-predictions/us-cap-d-ail-u19-vs-fc-bastia-borgo-u19/2026-10-03/game;38;2026-10-04 14:11;;2026-10-04 15:26;0;0;;;
2026-10-03;2026-10-03;14:00;2026-10-03;12:00;Danimarca - 1. Division Femminile;Danish Womens 1.Division;danish-womens-1-division;DW1;Viborg (W);Boldklubben AF 1893 (W);41;23;36;1;1-0;2.41;;2.25;48.68;51.32;O;55;45;No;0-2;0;2;2;0;;https://betimate.com/it/football-predictions/boldklubben-af-1893-w-vs-viborg-w/2026-10-03/game;38;2026-10-04 14:11;;2026-10-04 15:26;0;0;;;
2026-10-03;2026-10-03;14:00;2026-10-03;12:00;Denmark Series Gruppo 1 Danimarca;Denmark Series Group 1;denmark-series-group-1;DSG1;NB Bornholm;Frederikssund IK;42;22;36;1;2-1;3.15;14°C · pioggia 0% · vento 7 km/h;3;48.96;51.04;O;42;58;Si;3-1;3;1;1;1;;https://betimate.com/it/football-predictions/nb-bornholm-vs-frederikssund-ik/2026-10-03/game;38;2026-10-04 14:11;;2026-10-04 15:26;0;0;;;
2026-10-03;2026-10-03;14:00;2026-10-03;12:00;Denmark Series Gruppo 2 Danimarca;Denmark Series Group 2;denmark-series-group-2;DSG2;Herlev;KFUM Roskilde;68;16;16;1;2-1;4;16°C · pioggia 0% · vento 10 km/h;3.75;48.57;51.43;O;40;60;Si;4-0;4;0;1;1;;https://betimate.com/it/football-predictions/kfum-roskilde-vs-herlev/2026-10-03/game;38;2026-10-04 14:11;;2026-10-04 15:26;0;0;;;
2026-10-03;2026-10-03;14:00;2026-10-03;12:00;Division 2 Norra Götaland svedese;Sweden 2.div Norra Götaland;sweden-2-div-norra-g-taland;;Skara;IFK Kumla;71;16;13;1;2-0;3.13;;3;49.31;50.69;O;49;51;Si;3-1;3;1;1;1;;https://betimate.com/it/football-predictions/ifk-kumla-vs-skara/2026-10-03/game;38;2026-10-04 14:11;;2026-10-04 15:26;0;0;;;
2026-10-03;2026-10-03;14:00;2026-10-03;12:00;Division 2 Norrland Svezia;Sweden 2.div Norrland;sweden-2-div-norrland;;Gottne IF;Bodens BK FF;49;21;30;1;2-1;3.12;14°C · pioggia 0% · vento 5 km/h;3;49.22;50.78;O;43;57;Si;4-2;4;2;1;1;;https://betimate.com/it/football-predictions/bodens-bk-ff-vs-gottne-if/2026-10-03/game;38;2026-10-04 14:11;;2026-10-04 15:26;0;0;;;
2026-10-03;2026-10-03;14:00;2026-10-03;12:00;Division 2 Norrland Svezia;Sweden 2.div Norrland;sweden-2-div-norrland;;Lucksta IF;IFK Östersund;24;17;59;2;1-2;4.3;;4.25;49.61;50.39;O;35;65;Si;2-5;2;5;2;1;;https://betimate.com/it/football-predictions/ifk-stersund-vs-lucksta-if/2026-10-03/game;9;2026-10-04 14:11;;2026-10-04 15:26;0;0;;;
2026-10-03;2026-10-03;14:00;2026-10-03;12:00;Division 2 Norrland Svezia;Sweden 2.div Norrland;sweden-2-div-norrland;;Täfteå IK;Kubikenborgs IF;35;21;44;2;1-2;3.36;14°C · pioggia 6% · vento 7 km/h;3.5;50.73;49.27;U;40;60;Si;0-4;0;4;2;1;;https://betimate.com/it/football-predictions/kubikenborgs-if-vs-t-fte-ik/2026-10-03/game;9;2026-10-04 14:11;;2026-10-04 15:26;0;0;;;
2026-10-03;2026-10-03;14:00;2026-10-03;12:00;Division 2 norvegese - Gruppo 2;Norway Division 2 Group 2;norway-division-2-group-2;;Grorud;Lørenskog;59;22;19;1;1-0;2.57;14°C · pioggia 78% · vento 25 km/h;3.25;54.69;45.31;U;51;49;No;4-0;4;0;1;1;;https://betimate.com/it/football-predictions/l-renskog-vs-grorud/2026-10-03/game;9;2026-10-04 14:11;;2026-10-04 15:26;0;0;;;
2026-10-03;2026-10-03;14:00;2026-10-03;12:00;Division 2 norvegese - Gruppo 2;Norway Division 2 Group 2;norway-division-2-group-2;;Skeid;Honefoss;17;15;68;2;1-2;3.91;14°C · pioggia 92% · vento 22 km/h;3.25;46.24;53.76;O;41;59;Si;4-3;4;3;1;0;;https://betimate.com/it/football-predictions/skeid-vs-honefoss/2026-10-03/game;9;2026-10-04 14:11;;2026-10-04 15:26;0;0;;;
2026-10-03;2026-10-03;14:00;2026-10-03;12:00;Division 2 norvegese - Gruppo 2;Norway Division 2 Group 2;norway-division-2-group-2;;Ullensaker/Kisa;Kjelsås;14;13;73;2;1-3;4.87;14°C · pioggia 75% · vento 21 km/h;3.75;44.19;55.81;O;36;64;Si;1-2;1;2;2;1;;https://betimate.com/it/football-predictions/kjels-s-vs-ullensaker-kisa/2026-10-03/game;9;2026-10-04 14:11;;2026-10-04 15:26;0;0;;;
2026-10-03;2026-10-03;14:00;2026-10-03;12:00;Division 3 Gruppo 2 Norvegia;Norway Division 3 Group 2;norway-division-3-group-2;;Nardo;Strindheim;39;19;42;2;1-2;4.48;15°C · pioggia 0% · vento 13 km/h;3.75;45.99;54.01;O;32;68;Si;0-1;0;1;2;1;;https://betimate.com/it/football-predictions/nardo-vs-strindheim/2026-10-03/game;9;2026-10-04 14:11;;2026-10-04 15:26;0;0;;;
2026-10-03;2026-10-03;14:00;2026-10-03;12:00;Division 3 norvegese - Gruppo 1;Norway Division 3 Group 1;norway-division-3-group-1;;FK Union Carl Berner;Lokomotiv Oslo;50;21;29;1;2-1;3.2;;4;55.26;44.74;U;42;58;Si;4-1;4;1;1;1;;https://betimate.com/it/football-predictions/lokomotiv-oslo-vs-fk-union-carl-berner/2026-10-03/game;9;2026-10-04 14:11;;2026-10-04 15:26;0;0;;;
2026-10-03;2026-10-03;14:00;2026-10-03;12:00;Division 3 norvegese - Gruppo 3;Norway Division 3 Group 3;norway-division-3-group-3;;Brann 2;Varegg;44;20;36;1;2-1;3.76;13°C · pioggia 35% · vento 9 km/h;4.75;55.15;44.85;U;37;63;Si;1-2;1;2;2;0;;https://betimate.com/it/football-predictions/brann-2-vs-varegg/2026-10-03/game;9;2026-10-04 14:11;;2026-10-04 15:26;0;0;;;
2026-10-03;2026-10-03;14:00;2026-10-03;12:00;Division 3 norvegese - Gruppo 3;Norway Division 3 Group 3;norway-division-3-group-3;;Gneist;Djerv 1919;17;15;68;2;1-2;4.28;14°C · pioggia 0% · vento 9 km/h;4;48.4;51.6;O;38;62;Si;0-5;0;5;2;1;;https://betimate.com/it/football-predictions/gneist-vs-djerv-1919/2026-10-03/game;9;2026-10-04 14:11;;2026-10-04 15:26;0;0;;;
2026-10-03;2026-10-03;14:00;2026-10-03;12:00;Division 3 norvegese - Gruppo 3;Norway Division 3 Group 3;norway-division-3-group-3;;Os;Askøy;68;15;17;1;2-1;4.08;13°C · pioggia 63% · vento 11 km/h;4.25;50.88;49.12;U;40;60;Si;0-0;0;0;X;0;;https://betimate.com/it/football-predictions/os-vs-ask-y/2026-10-03/game;9;2026-10-04 14:11;;2026-10-04 15:26;0;0;;;
2026-10-03;2026-10-03;14:00;2026-10-03;12:00;Division 3 norvegese - Gruppo 4;Norway Division 3 Group 4;norway-division-3-group-4;;Åkra;Mandalskameratene;13;13;74;2;1-3;4.26;14°C · pioggia 39% · vento 15 km/h;4;48.49;51.51;O;41;59;Si;0-4;0;4;2;1;;https://betimate.com/it/football-predictions/kra-vs-mandalskameratene/2026-10-03/game;38;2026-10-04 14:11;;2026-10-04 15:26;0;0;;;
2026-10-03;2026-10-03;14:00;2026-10-03;12:00;Division 3 norvegese - Gruppo 6;Norway Division 3 Group 6;norway-division-3-group-6;;Drøbak/Frogn;Sarpsborg 2;61;16;23;1;2-1;4.47;15°C · pioggia 75% · vento 23 km/h;4;47.2;52.8;O;34;66;Si;4-1;4;1;1;1;;https://betimate.com/it/football-predictions/dr-bak-frogn-vs-sarpsborg-2/2026-10-03/game;9;2026-10-04 14:11;;2026-10-04 15:26;0;0;;;
2026-10-03;2026-10-03;14:00;2026-10-03;12:00;Division 3 norvegese - Gruppo 6;Norway Division 3 Group 6;norway-division-3-group-6;;Fram;Sandefjord 2;55;17;28;1;2-1;4.85;16°C · pioggia 67% · vento 31 km/h;4.75;49.29;50.71;O;31;69;Si;1-1;1;1;X;0;;https://betimate.com/it/football-predictions/fram-vs-sandefjord-2/2026-10-03/game;38;2026-10-04 14:11;;2026-10-04 15:26;0;0;;;
2026-10-03;2026-10-03;14:00;2026-10-03;12:00;Division 3 norvegese - Gruppo 6;Norway Division 3 Group 6;norway-division-3-group-6;;Gjøvik-Lyn;Rælingen;52;23;25;1;1-0;2.49;13°C · pioggia 67% · vento 6 km/h;3.75;58.12;41.88;U;49;51;Si;5-0;5;0;1;1;;https://betimate.com/it/football-predictions/gj-vik-lyn-vs-r-lingen/2026-10-03/game;9;2026-10-04 14:11;;2026-10-04 15:26;0;0;;;
2026-10-03;2026-10-03;14:00;2026-10-03;12:00;Division 3 norvegese - Gruppo 6;Norway Division 3 Group 6;norway-division-3-group-6;;Lillehammer;Oppsal;80;11;9;1;3-1;4.75;11°C · pioggia 90% · vento 10 km/h;4.5;48.79;51.21;O;40;60;Si;4-2;4;2;1;1;;https://betimate.com/it/football-predictions/oppsal-vs-lillehammer/2026-10-03/game;9;2026-10-04 14:11;;2026-10-04 15:26;0;0;;;
2026-10-03;2026-10-03;14:00;2026-10-03;12:00;Elitettan svedese;Sweden Elitettan;sweden-elitettan;SE;BK Hacken (W) II;Orebro SK (W);28;24;48;2;0-1;2.6;;2.5;49.3;50.7;O;48;52;Si;2-3;2;3;2;1;;https://betimate.com/it/football-predictions/orebro-sk-w-vs-bk-hacken-w-ii/2026-10-03/game;38;2026-10-04 14:11;;2026-10-04 15:26;0;0;;;
2026-10-03;2026-10-03;14:00;2026-10-03;12:00;Elitettan svedese;Sweden Elitettan;sweden-elitettan;SE;Gamla Upsala SK (W);Enskede IK (W);38;22;40;2;1-2;2.96;18°C · pioggia 0% · vento 17 km/h;2.75;48.5;51.5;O;44;56;Si;1-2;1;2;2;1;;https://betimate.com/it/football-predictions/gamla-upsala-sk-w-vs-enskede-ik-w/2026-10-03/game;10;2026-10-04 14:11;;2026-10-04 15:26;0;0;;;
2026-10-03;2026-10-03;14:00;2026-10-03;12:00;Elitettan svedese;Sweden Elitettan;sweden-elitettan;SE;Trelleborgs FF (W);Elfsborg (W);28;26;46;2;0-1;2.17;14°C · pioggia 0% · vento 10 km/h;2.75;54.11;45.89;U;52;48;No;2-4;2;4;2;1;;https://betimate.com/it/football-predictions/elfsborg-w-vs-trelleborgs-ff-w/2026-10-03/game;9;2026-10-04 14:11;;2026-10-04 15:26;0;0;;;
2026-10-03;2026-10-03;14:00;2026-10-03;12:00;First League Kosovo;Kosovo Division 1;kosovo-division-1;KD1;Rilindja 1974;Istogu;49;22;29;1;2-1;3.05;20°C · pioggia 0% · vento 13 km/h;2.25;44.75;55.25;O;44;56;Si;0-2;0;2;2;0;;https://betimate.com/it/football-predictions/istogu-vs-rilindja-1974/2026-10-03/game;38;2026-10-04 14:11;;2026-10-04 15:26;0;0;;;
2026-10-03;2026-10-03;14:00;2026-10-03;12:00;Frauen-Bundesliga Austria;Austria League 1 Women;austria-league-1-women;;LASK Linz (W);FC Sudburgenland/TSV Hartberg (W);66;16;18;1;2-1;3.21;;3.5;51.49;48.51;U;51;49;No;0-1;0;1;2;0;;https://betimate.com/it/football-predictions/fc-sudburgenland-tsv-hartberg-w-vs-lask-linz-w/2026-10-03/game;10;2026-10-04 14:11;;2026-10-04 15:26;0;0;;;
2026-10-03;2026-10-03;14:00;2026-10-03;12:00;Frauen-Bundesliga Austria;Austria League 1 Women;austria-league-1-women;;SCR Altach (W);Kleinmunchen/Blau-Weiss Linz (W);64;18;18;1;1-0;2.65;22°C · pioggia 0% · vento 12 km/h;3.25;53.93;46.07;U;56;44;No;6-1;6;1;1;1;;https://betimate.com/it/football-predictions/scr-altach-w-vs-kleinmunchen-blau-weiss-linz-w/2026-10-03/game;38;2026-10-04 14:11;;2026-10-04 15:26;0;0;;;
2026-10-03;2026-10-03;14:00;2026-10-03;12:00;III Liga polacca;Poland III Liga;poland-iii-liga;PlC;Blekitni Stargard;KKS 1925 Kalisz;47;22;31;1;2-1;3.02;17°C · pioggia 0% · vento 3 km/h;3;49.9;50.1;O;44;56;Si;5-0;5;0;1;1;;https://betimate.com/it/football-predictions/kks-1925-kalisz-vs-blekitni-stargard/2026-10-03/game;2;2026-10-04 14:11;;2026-10-04 15:26;0;0;;;
2026-10-03;2026-10-03;14:00;2026-10-03;12:00;III Liga polacca;Poland III Liga;poland-iii-liga;PlC;Lipno Steszew;Chemik Bydgoszcz;46;21;33;1;2-1;3.49;;3;46.67;53.33;O;39;61;Si;0-1;0;1;2;0;;https://betimate.com/it/football-predictions/chemik-bydgoszcz-vs-lipno-steszew/2026-10-03/game;2;2026-10-04 14:11;;2026-10-04 15:26;0;0;;;
2026-10-03;2026-10-03;14:00;2026-10-03;12:00;III Liga polacca;Poland III Liga;poland-iii-liga;PlC;Notec Czarnkow;Flota Swinoujscie;59;20;21;1;2-1;3.07;;3;49.62;50.38;O;45;55;Si;3-0;3;0;1;1;;https://betimate.com/it/football-predictions/flota-swinoujscie-vs-notec-czarnkow/2026-10-03/game;2;2026-10-04 14:11;;2026-10-04 15:26;0;0;;;
2026-10-03;2026-10-03;14:00;2026-10-03;12:00;Kakkonen finlandese - Gruppo B;Finland Kakkonen Group B;finland-kakkonen-group-b;FKGB;NJS;EBK;18;17;65;2;1-2;3.7;13°C · pioggia 4% · vento 7 km/h;3.75;50.25;49.75;U;42;58;Si;3-0;3;0;1;0;;https://betimate.com/it/football-predictions/njs-vs-ebk/2026-10-03/game;10;2026-10-04 14:11;;2026-10-04 15:26;0;0;;;
2026-10-03;2026-10-03;14:00;2026-10-03;12:00;Kansallinen Liiga Femminile Finlandia;Finland Kansallinen Liiga Women;finland-kansallinen-liiga-women;FKLW;Ilves (W);KuPS (W);27;19;54;2;1-2;2.96;13°C · pioggia 16% · vento 13 km/h;3.25;51.78;48.22;U;50;50;Si;3-3;3;3;X;0;;https://betimate.com/it/football-predictions/ilves-w-vs-kups-w/2026-10-03/game;10;2026-10-04 14:11;;2026-10-04 15:26;0;0;;;
2026-10-03;2026-10-03;14:00;2026-10-03;12:00;Kenya League Women;Kenya League Women;kenya-league-women;KLW;Kenya Police Bullets (W);Shabana Starlets (W);85;9;6;1;2-0;3.64;;3.75;50.45;49.55;U;57;43;No;2-1;2;1;1;1;;https://betimate.com/it/football-predictions/kenya-police-bullets-w-vs-shabana-starlets-w/2026-10-03/game;10;2026-10-04 14:11;;2026-10-04 15:26;0;0;;;
2026-10-03;2026-10-03;14:00;2026-10-03;12:00;Kolmonen finlandese;Finland Kolmonen;finland-kolmonen;FK;Edustus STPS;KoPa;43;21;36;1;2-1;3.3;;3.25;49.64;50.36;O;41;59;Si;5-0;5;0;1;1;;https://betimate.com/it/football-predictions/edustus-stps-vs-kopa/2026-10-03/game;38;2026-10-04 14:11;;2026-10-04 15:26;0;0;;;
2026-10-03;2026-10-03;14:00;2026-10-03;12:00;Kolmonen finlandese;Finland Kolmonen;finland-kolmonen;FK;HaPK;MP II;35;17;48;2;2-3;5.41;;5.25;49.04;50.96;O;27;73;Si;4-3;4;3;1;0;;https://betimate.com/it/football-predictions/hapk-vs-mp-ii/2026-10-03/game;38;2026-10-04 14:11;;2026-10-04 15:26;0;0;;;
2026-10-03;2026-10-03;14:00;2026-10-03;12:00;Kolmonen finlandese;Finland Kolmonen;finland-kolmonen;FK;MiPK;Kultsu FC;51;17;32;1;3-2;5.13;15°C · pioggia 0% · vento 12 km/h;5;49.16;50.84;O;29;71;Si;0-3;0;3;2;0;;https://betimate.com/it/football-predictions/kultsu-fc-vs-mipk/2026-10-03/game;38;2026-10-04 14:11;;2026-10-04 15:26;0;0;;;
2026-10-03;2026-10-03;14:00;2026-10-03;12:00;Landesliga austriaca;Austria Landesliga;austria-landesliga;AL;Hellas Kagran;First Vienna II;34;20;46;2;1-2;3.8;;3.25;46.77;53.23;O;37;63;Si;3-3;3;3;X;0;;https://betimate.com/it/football-predictions/hellas-kagran-vs-first-vienna-ii/2026-10-03/game;6;2026-10-04 14:11;;2026-10-04 15:26;0;0;;;
2026-10-03;2026-10-03;14:00;2026-10-03;12:00;Landesliga austriaca;Austria Landesliga;austria-landesliga;AL;Sportunion Mauer;Slovan HAC;67;16;17;1;2-1;3.5;;3.25;48.59;51.41;O;44;56;Si;5-1;5;1;1;1;;https://betimate.com/it/football-predictions/sportunion-mauer-vs-slovan-hac/2026-10-03/game;6;2026-10-04 14:11;;2026-10-04 15:26;0;0;;;
2026-10-03;2026-10-03;14:00;2026-10-03;12:00;Liga 1 Femminile (Romania);Romania Liga 1 Women;romania-liga-1-women;;Olimpia Cluj (W);CS Gloria 2018 Bistrita-Nasaud (W);20;12;68;2;2-3;5.57;20°C · pioggia 0% · vento 5 km/h;5.5;49.42;50.58;O;32;68;Si;1-2;1;2;2;1;;https://betimate.com/it/football-predictions/cs-gloria-2018-bistrita-nasaud-w-vs-olimpia-cluj-w/2026-10-03/game;22;2026-10-04 14:11;;2026-10-04 15:26;0;0;;;
2026-10-03;2026-10-03;14:00;2026-10-03;12:00;Liga 2 indonesiana;Indonesia Championship;indonesia-championship;IC;PSBS Biak;RANS Nusantara;30;22;48;2;1-2;4.51;26°C · pioggia 0% · vento 10 km/h;4.25;48.83;51.17;O;33;67;Si;1-5;1;5;2;1;;https://betimate.com/it/football-predictions/psbs-biak-vs-rans-nusantara/2026-10-03/game;38;2026-10-04 14:11;;2026-10-04 15:26;0;0;;;
2026-10-03;2026-10-03;14:00;2026-10-03;12:00;Liga 2 indonesiana;Indonesia Championship;indonesia-championship;IC;PSIS Semarang;Bekasi City;27;23;50;2;0-1;2.8;30°C · pioggia 0% · vento 15 km/h;2.75;49.57;50.43;O;46;54;Si;1-0;1;0;1;0;;https://betimate.com/it/football-predictions/psis-semarang-vs-bekasi-city/2026-10-03/game;10;2026-10-04 14:11;;2026-10-04 15:26;0;0;;;
2026-10-03;2026-10-03;14:00;2026-10-03;12:00;Liga 2 indonesiana;Indonesia Championship;indonesia-championship;IC;PSMS Medan;Persikad 1999 FC;62;21;17;1;2-1;3.08;26°C · pioggia 96% · vento 4 km/h;2.75;47.8;52.2;O;45;55;Si;4-0;4;0;1;1;;https://betimate.com/it/football-predictions/psms-medan-vs-persikad-1999-fc/2026-10-03/game;10;2026-10-04 14:11;;2026-10-04 15:26;0;0;;;
2026-10-03;2026-10-03;14:00;2026-10-03;12:00;Liga 2 indonesiana;Indonesia Championship;indonesia-championship;IC;Persis Solo;Kendal Tornado;37;25;38;2;1-2;2.95;28°C · pioggia 14% · vento 16 km/h;2.5;47.41;52.59;O;44;56;Si;0-2;0;2;2;1;;https://betimate.com/it/football-predictions/persis-solo-vs-kendal-tornado/2026-10-03/game;10;2026-10-04 14:11;;2026-10-04 15:26;0;0;;;
2026-10-03;2026-10-03;14:00;2026-10-03;12:00;Liga 2 indonesiana;Indonesia Championship;indonesia-championship;IC;Persis Solo;Tornado FC Pekanbaru;59;19;22;1;2-1;3.55;;2.5;43.97;56.03;O;41;59;Si;0-2;0;2;2;0;;https://betimate.com/it/football-predictions/persis-solo-vs-tornado-fc-pekanbaru/2026-10-03/game;10;2026-10-04 14:11;;2026-10-04 15:26;0;0;;;
2026-10-03;2026-10-03;14:00;2026-10-03;12:00;Liga III Romania;Romania Liga III;romania-liga-iii;RLI;ACS Progresul Fundulea;Gloria Baneasa;72;15;13;1;2-1;3.85;;3.75;49.42;50.58;O;43;57;Si;2-1;2;1;1;1;;https://betimate.com/it/football-predictions/gloria-baneasa-vs-acs-progresul-fundulea/2026-10-03/game;20;2026-10-04 14:11;;2026-10-04 15:26;0;0;;;
2026-10-03;2026-10-03;14:00;2026-10-03;12:00;Liga III Romania;Romania Liga III;romania-liga-iii;RLI;ACS Progresul Pecica;ACS CIL Blaj;42;22;36;1;2-1;3.19;;3;48.69;51.31;O;42;58;Si;2-1;2;1;1;1;;https://betimate.com/it/football-predictions/acs-progresul-pecica-vs-acs-cil-blaj/2026-10-03/game;20;2026-10-04 14:11;;2026-10-04 15:26;0;0;;;
2026-10-03;2026-10-03;14:00;2026-10-03;12:00;Liga III Romania;Romania Liga III;romania-liga-iii;RLI;ACS Viitorul Arad;Unirea Alba Iulia;11;15;74;2;0-2;3.25;;3;48.52;51.48;O;49;51;Si;0-4;0;4;2;1;;https://betimate.com/it/football-predictions/unirea-alba-iulia-vs-acs-viitorul-arad/2026-10-03/game;20;2026-10-04 14:11;;2026-10-04 15:26;0;0;;;
2026-10-03;2026-10-03;14:00;2026-10-03;12:00;Liga III Romania;Romania Liga III;romania-liga-iii;RLI;AS FC Pausesti-Otasau;CS U Craiova II;27;23;50;2;0-1;2.79;;2.75;49.64;50.36;O;46;54;Si;1-0;1;0;1;0;;https://betimate.com/it/football-predictions/cs-u-craiova-ii-vs-as-fc-pausesti-otasau/2026-10-03/game;20;2026-10-04 14:11;;2026-10-04 15:26;0;0;;;
2026-10-03;2026-10-03;14:00;2026-10-03;12:00;Liga III Romania;Romania Liga III;romania-liga-iii;RLI;CF Bihorul Beius;CS Sanatatea Cluj;25;25;50;2;0-1;2.19;;2;48.58;51.42;O;53;47;No;1-3;1;3;2;1;;https://betimate.com/it/football-predictions/cs-sanatatea-cluj-vs-cf-bihorul-beius/2026-10-03/game;20;2026-10-04 14:11;;2026-10-04 15:26;0;0;;;
2026-10-03;2026-10-03;14:00;2026-10-03;12:00;Liga III Romania;Romania Liga III;romania-liga-iii;RLI;CS Bradul Putna;Viitorul Onesti;51;21;28;1;2-1;3.02;;2.75;48.21;51.79;O;44;56;Si;2-1;2;1;1;1;;https://betimate.com/it/football-predictions/viitorul-onesti-vs-cs-bradul-putna/2026-10-03/game;21;2026-10-04 14:11;;2026-10-04 15:26;0;0;;;
2026-10-03;2026-10-03;14:00;2026-10-03;12:00;Liga III Romania;Romania Liga III;romania-liga-iii;RLI;CS Carpati Covasna;Cso Baicoi;21;18;61;2;1-2;3.4;;3.25;49.17;50.83;O;43;57;Si;0-2;0;2;2;1;;https://betimate.com/it/football-predictions/cso-baicoi-vs-cs-carpati-covasna/2026-10-03/game;21;2026-10-04 14:11;;2026-10-04 15:26;0;0;;;
2026-10-03;2026-10-03;14:00;2026-10-03;12:00;Liga III Romania;Romania Liga III;romania-liga-iii;RLI;CS Gheorgheni;ACS FC Bacau II;61;17;22;1;2-1;3.89;;3;44.22;55.78;O;39;61;Si;1-1;1;1;X;0;;https://betimate.com/it/football-predictions/cs-gheorgheni-vs-acs-fc-bacau-ii/2026-10-03/game;21;2026-10-04 14:11;;2026-10-04 15:26;0;0;;;
2026-10-03;2026-10-03;14:00;2026-10-03;12:00;Liga III Romania;Romania Liga III;romania-liga-iii;RLI;CS Tunari;ACS Viitorul Corbeanca;55;23;22;1;1-0;2.37;;3;55.15;44.85;U;51;49;No;2-0;2;0;1;1;;https://betimate.com/it/football-predictions/cs-tunari-vs-acs-viitorul-corbeanca/2026-10-03/game;20;2026-10-04 14:11;;2026-10-04 15:26;0;0;;;
2026-10-03;2026-10-03;14:00;2026-10-03;12:00;Liga III Romania;Romania Liga III;romania-liga-iii;RLI;CSA Axiopolis;Recolta Gheorghe Doja;53;18;29;1;2-1;4.2;;3.25;44.67;55.33;O;35;65;Si;3-1;3;1;1;1;;https://betimate.com/it/football-predictions/csa-axiopolis-vs-recolta-gheorghe-doja/2026-10-03/game;20;2026-10-04 14:11;;2026-10-04 15:26;0;0;;;
2026-10-03;2026-10-03;14:00;2026-10-03;12:00;Liga III Romania;Romania Liga III;romania-liga-iii;RLI;CSM Adjud;FC Ceahlaul Piatra Neamt;69;18;13;1;2-0;2.75;;2.5;48.51;51.49;O;52;48;No;1-1;1;1;X;0;;https://betimate.com/it/football-predictions/fc-ceahlaul-piatra-neamt-vs-csm-adjud/2026-10-03/game;21;2026-10-04 14:11;;2026-10-04 15:26;0;0;;;
2026-10-03;2026-10-03;14:00;2026-10-03;12:00;Liga III Romania;Romania Liga III;romania-liga-iii;RLI;CSM Deva;Ghiroda SI Giarmata VII;38;20;42;2;1-2;3.71;;3.25;47.25;52.75;O;37;63;Si;5-1;5;1;1;0;;https://betimate.com/it/football-predictions/csm-deva-vs-ghiroda-si-giarmata-vii/2026-10-03/game;20;2026-10-04 14:11;;2026-10-04 15:26;0;0;;;
2026-10-03;2026-10-03;14:00;2026-10-03;12:00;Liga III Romania;Romania Liga III;romania-liga-iii;RLI;CSM Sacele;ACS Medias 2022;29;21;50;2;1-2;3.03;;2.75;48.15;51.85;O;44;56;Si;3-4;3;4;2;1;;https://betimate.com/it/football-predictions/acs-medias-2022-vs-csm-sacele/2026-10-03/game;21;2026-10-04 14:11;;2026-10-04 15:26;0;0;;;
2026-10-03;2026-10-03;14:00;2026-10-03;12:00;Liga III Romania;Romania Liga III;romania-liga-iii;RLI;CSO Plopeni;FC Pucioasa;48;24;28;1;1-0;2.51;;2.75;51.57;48.43;U;49;51;Si;0-0;0;0;X;0;;https://betimate.com/it/football-predictions/fc-pucioasa-vs-cso-plopeni/2026-10-03/game;20;2026-10-04 14:11;;2026-10-04 15:26;0;0;;;
2026-10-03;2026-10-03;14:00;2026-10-03;12:00;Liga III Romania;Romania Liga III;romania-liga-iii;RLI;CSSM Vaslui;USV Iasi;56;21;23;1;1-0;2.93;;2.75;48.78;51.22;O;46;54;Si;2-1;2;1;1;1;;https://betimate.com/it/football-predictions/usv-iasi-vs-cssm-vaslui/2026-10-03/game;21;2026-10-04 14:11;;2026-10-04 15:26;0;0;;;
2026-10-03;2026-10-03;14:00;2026-10-03;12:00;Liga III Romania;Romania Liga III;romania-liga-iii;RLI;Dunarea Giurgiu;Progresul Mogosoaia;44;22;34;1;2-1;2.93;;3;50.63;49.37;U;44;56;Si;1-1;1;1;X;0;;https://betimate.com/it/football-predictions/dunarea-giurgiu-vs-progresul-mogosoaia/2026-10-03/game;20;2026-10-04 14:11;;2026-10-04 15:26;0;0;;;
2026-10-03;2026-10-03;14:00;2026-10-03;12:00;Liga III Romania;Romania Liga III;romania-liga-iii;RLI;FC Agricola Borcea;CS Sporting Liesti;45;18;37;1;2-1;4.53;;4.25;48.38;51.62;O;32;68;Si;5-3;5;3;1;1;;https://betimate.com/it/football-predictions/cs-sporting-liesti-vs-fc-agricola-borcea/2026-10-03/game;20;2026-10-04 14:11;;2026-10-04 15:26;0;0;;;
2026-10-03;2026-10-03;14:00;2026-10-03;12:00;Liga III Romania;Romania Liga III;romania-liga-iii;RLI;FC Nera Bogodinti;CS Timisul Sag;24;21;55;2;1-2;3.1;;3;49.34;50.66;O;44;56;Si;0-0;0;0;X;0;;https://betimate.com/it/football-predictions/fc-nera-bogodinti-vs-cs-timisul-sag/2026-10-03/game;20;2026-10-04 14:11;;2026-10-04 15:26;0;0;;;
2026-10-03;2026-10-03;14:00;2026-10-03;12:00;Liga III Romania;Romania Liga III;romania-liga-iii;RLI;FC Paulesti;ACS Progresul Draganesti;36;23;41;2;1-2;2.83;;2.75;49.34;50.66;O;45;55;Si;2-3;2;3;2;1;;https://betimate.com/it/football-predictions/fc-paulesti-vs-acs-progresul-draganesti/2026-10-03/game;21;2026-10-04 14:11;;2026-10-04 15:26;0;0;;;
2026-10-03;2026-10-03;14:00;2026-10-03;12:00;Liga III Romania;Romania Liga III;romania-liga-iii;RLI;Minerul Lupeni;Oltul Curtisoara;63;20;17;1;1-0;2.71;;2.5;48.71;51.29;O;50;50;Si;2-0;2;0;1;1;;https://betimate.com/it/football-predictions/oltul-curtisoara-vs-minerul-lupeni/2026-10-03/game;20;2026-10-04 14:11;;2026-10-04 15:26;0;0;;;
2026-10-03;2026-10-03;14:00;2026-10-03;12:00;Liga III Romania;Romania Liga III;romania-liga-iii;RLI;SCM Zalau;CS Crisul Santandrei;60;21;19;1;1-0;2.73;;2.5;48.56;51.44;O;49;51;Si;1-2;1;2;2;0;;https://betimate.com/it/football-predictions/scm-zalau-vs-cs-crisul-santandrei/2026-10-03/game;20;2026-10-04 14:11;;2026-10-04 15:26;0;0;;;
2026-10-03;2026-10-03;14:00;2026-10-03;12:00;Liga III Romania;Romania Liga III;romania-liga-iii;RLI;Tricolorul Breaza;ACS Aro Muscelul C-Lung Muscel;28;20;52;2;1-2;3.39;;3.25;49.16;50.84;O;41;59;Si;1-5;1;5;2;1;;https://betimate.com/it/football-predictions/tricolorul-breaza-vs-acs-aro-muscelul-c-lung-muscel/2026-10-03/game;21;2026-10-04 14:11;;2026-10-04 15:26;0;0;;;
2026-10-03;2026-10-03;14:00;2026-10-03;12:00;Meistriliiga Femminile Estonia;Estonia Meistriliiga Women;estonia-meistriliiga-women;EMW;Saku Sporting (W);Paide Linnameeskond (W);39;15;46;2;2-3;5.16;;5;48.89;51.11;O;31;69;Si;3-0;3;0;1;0;;https://betimate.com/it/football-predictions/saku-sporting-w-vs-paide-linnameeskond-w/2026-10-03/game;38;2026-10-04 14:11;;2026-10-04 15:26;0;0;;;
2026-10-03;2026-10-03;14:00;2026-10-03;12:00;Oberliga Baden-Württemberg (Germania);Germany Oberliga Baden-Wuerttemberg;germany-oberliga-baden-wuerttemberg;De5;1 FC Normannia Gmund;Turkischer SV Singen;35;21;44;2;1-2;3.37;22°C · pioggia 0% · vento 1 km/h;3.25;49.28;50.72;O;40;60;Si;3-2;3;2;1;0;;https://betimate.com/it/football-predictions/1-fc-normannia-gmund-vs-turkischer-sv-singen/2026-10-03/game;22;2026-10-04 14:11;;2026-10-04 15:26;0;0;;;
2026-10-03;2026-10-03;14:00;2026-10-03;12:00;Oberliga Baden-Württemberg (Germania);Germany Oberliga Baden-Wuerttemberg;germany-oberliga-baden-wuerttemberg;De5;TSG Backnang;Bahlinger SC;43;23;34;1;2-1;3;22°C · pioggia 0% · vento 2 km/h;2.75;48.3;51.7;O;43;57;Si;3-1;3;1;1;1;;https://betimate.com/it/football-predictions/bahlinger-sc-vs-tsg-backnang/2026-10-03/game;22;2026-10-04 14:11;;2026-10-04 15:26;0;0;;;
2026-10-03;2026-10-03;14:00;2026-10-03;12:00;Oberliga Bayern Nord (Germania);Germany Oberliga Bayern North;germany-oberliga-bayern-north;De5;DJK Ammerthal;TSV Neudrossenfeld;38;23;39;2;1-2;2.94;20°C · pioggia 0% · vento 3 km/h;2.75;48.67;51.33;O;44;56;Si;1-2;1;2;2;1;;https://betimate.com/it/football-predictions/djk-ammerthal-vs-tsv-neudrossenfeld/2026-10-03/game;22;2026-10-04 14:11;;2026-10-04 15:26;0;0;;;
2026-10-03;2026-10-03;14:00;2026-10-03;12:00;Oberliga Bayern Nord (Germania);Germany Oberliga Bayern North;germany-oberliga-bayern-north;De5;SV Fortuna Regensburg;Jahn Regensburg II;48;19;33;1;2-1;4.37;21°C · pioggia 0% · vento 2 km/h;4.25;49.17;50.83;O;33;67;Si;2-2;2;2;X;0;;https://betimate.com/it/football-predictions/jahn-regensburg-ii-vs-sv-fortuna-regensburg/2026-10-03/game;22;2026-10-04 14:11;;2026-10-04 15:26;0;0;;;
2026-10-03;2026-10-03;14:00;2026-10-03;12:00;Oberliga Bayern Nord (Germania);Germany Oberliga Bayern North;germany-oberliga-bayern-north;De5;Stadeln;DJK Gebenbach;24;23;53;2;0-1;2.73;;2.5;48.55;51.45;O;47;53;Si;1-0;1;0;1;0;;https://betimate.com/it/football-predictions/djk-gebenbach-vs-stadeln/2026-10-03/game;22;2026-10-04 14:11;;2026-10-04 15:26;0;0;;;
2026-10-03;2026-10-03;14:00;2026-10-03;12:00;Oberliga Bayern Süd (Germania);Germany Oberliga Bayern South;germany-oberliga-bayern-south;De5;FC Pipinsried;Ismaning;65;16;19;1;2-1;4.18;20°C · pioggia 0% · vento 2 km/h;4;48.93;51.07;O;38;62;Si;2-1;2;1;1;1;;https://betimate.com/it/football-predictions/ismaning-vs-fc-pipinsried/2026-10-03/game;22;2026-10-04 14:11;;2026-10-04 15:26;0;0;;;
2026-10-03;2026-10-03;14:00;2026-10-03;12:00;Oberliga Bayern Süd (Germania);Germany Oberliga Bayern South;germany-oberliga-bayern-south;De5;FSV Pfaffenhofen;FC Deisenhofen;56;21;23;1;2-1;3.05;;3;49.73;50.27;O;45;55;Si;4-2;4;2;1;1;;https://betimate.com/it/football-predictions/fc-deisenhofen-vs-fsv-pfaffenhofen/2026-10-03/game;22;2026-10-04 14:11;;2026-10-04 15:26;0;0;;;
2026-10-03;2026-10-03;14:00;2026-10-03;12:00;Oberliga Bayern Süd (Germania);Germany Oberliga Bayern South;germany-oberliga-bayern-south;De5;SV Heimstetten;SV Erlbach;39;23;38;1;1-0;2.77;20°C · pioggia 0% · vento 6 km/h;2.5;48.26;51.74;O;45;55;Si;0-0;0;0;X;0;;https://betimate.com/it/football-predictions/sv-heimstetten-vs-sv-erlbach/2026-10-03/game;22;2026-10-04 14:11;;2026-10-04 15:26;0;0;;;
2026-10-03;2026-10-03;14:00;2026-10-03;12:00;Oberliga Bayern Süd (Germania);Germany Oberliga Bayern South;germany-oberliga-bayern-south;De5;SV Schalding-Heining;TSV 1880 Wasserburg;18;17;65;2;1-2;3.69;21°C · pioggia 0% · vento 5 km/h;3.5;48.94;51.06;O;41;59;Si;3-4;3;4;2;1;;https://betimate.com/it/football-predictions/sv-schalding-heining-vs-tsv-1880-wasserburg/2026-10-03/game;22;2026-10-04 14:11;;2026-10-04 15:26;0;0;;;
2026-10-03;2026-10-03;14:00;2026-10-03;12:00;Oberliga Bayern Süd (Germania);Germany Oberliga Bayern South;germany-oberliga-bayern-south;De5;TSV Schwabmünchen;Gundelfingen;48;21;31;1;2-1;3.27;20°C · pioggia 0% · vento 2 km/h;3.25;49.83;50.17;O;41;59;Si;2-1;2;1;1;1;;https://betimate.com/it/football-predictions/gundelfingen-vs-tsv-schwabm-nchen/2026-10-03/game;22;2026-10-04 14:11;;2026-10-04 15:26;0;0;;;
2026-10-03;2026-10-03;14:00;2026-10-03;12:00;Oberliga Hessen (Germania);Germany Oberliga Hessen;germany-oberliga-hessen;De5;Alzenau;SV Unter-Flockenbach;39;19;42;2;1-2;4.34;20°C · pioggia 0% · vento 5 km/h;4.25;49.34;50.66;O;33;67;Si;3-0;3;0;1;0;;https://betimate.com/it/football-predictions/alzenau-vs-sv-unter-flockenbach/2026-10-03/game;22;2026-10-04 14:11;;2026-10-04 15:26;0;0;;;
2026-10-03;2026-10-03;14:00;2026-10-03;12:00;Oberliga Hessen (Germania);Germany Oberliga Hessen;germany-oberliga-hessen;De5;VFB Marburg;Csc 03 Kassel;45;23;32;1;2-1;2.84;19°C · pioggia 0% · vento 2 km/h;2.75;49.28;50.72;O;45;55;Si;2-0;2;0;1;1;;https://betimate.com/it/football-predictions/vfb-marburg-vs-csc-03-kassel/2026-10-03/game;22;2026-10-04 14:11;;2026-10-04 15:26;0;0;;;
2026-10-03;2026-10-03;14:00;2026-10-03;12:00;Oberliga Rheinland-Pfalz/Saar (Germania);Germany Oberliga Rheinland-Pfalz/Saar;germany-oberliga-rheinland-pfalz-saar;De5;Wormatia Worms;TuS Mechtersheim;59;16;25;1;2-1;4.6;19°C · pioggia 0% · vento 4 km/h;4.5;49.33;50.67;O;33;67;Si;2-2;2;2;X;0;;https://betimate.com/it/football-predictions/wormatia-worms-vs-tus-mechtersheim/2026-10-03/game;22;2026-10-04 14:11;;2026-10-04 15:26;0;0;;;
2026-10-03;2026-10-03;14:00;2026-10-03;12:00;Oberliga Schleswig-Holstein (Germania);Germany Oberliga Schleswig-Holstein;germany-oberliga-schleswig-holstein;De5;Eckernförder SV;FC Kilia Kiel;12;11;77;2;1-3;4.74;18°C · pioggia 0% · vento 12 km/h;4.5;48.78;51.22;O;38;62;Si;1-6;1;6;2;1;;https://betimate.com/it/football-predictions/fc-kilia-kiel-vs-eckernf-rder-sv/2026-10-03/game;22;2026-10-04 14:11;;2026-10-04 15:26;0;0;;;
2026-10-03;2026-10-03;14:00;2026-10-03;12:00;Oberliga Schleswig-Holstein (Germania);Germany Oberliga Schleswig-Holstein;germany-oberliga-schleswig-holstein;De5;Kaltenkirchener Turnerschaft;VFR Neumunster;20;16;64;2;1-2;4.29;;4;48.31;51.69;O;37;63;Si;1-3;1;3;2;1;;https://betimate.com/it/football-predictions/vfr-neumunster-vs-kaltenkirchener-turnerschaft/2026-10-03/game;22;2026-10-04 14:11;;2026-10-04 15:26;0;0;;;
2026-10-03;2026-10-03;14:00;2026-10-03;12:00;Oberliga Schleswig-Holstein (Germania);Germany Oberliga Schleswig-Holstein;germany-oberliga-schleswig-holstein;De5;TSV Nordmark Satrup;TUS Rotenhof;36;21;43;2;1-2;3.39;18°C · pioggia 0% · vento 16 km/h;3.25;49.15;50.85;O;40;60;Si;0-1;0;1;2;1;;https://betimate.com/it/football-predictions/tsv-nordmark-satrup-vs-tus-rotenhof/2026-10-03/game;22;2026-10-04 14:11;;2026-10-04 15:26;0;0;;;
2026-10-03;2026-10-03;14:00;2026-10-03;12:00;Oberliga Schleswig-Holstein (Germania);Germany Oberliga Schleswig-Holstein;germany-oberliga-schleswig-holstein;De5;VfB Lubeck II;Union Neumunster;37;18;45;2;1-2;4.31;18°C · pioggia 0% · vento 9 km/h;4.25;49.54;50.46;O;33;67;Si;2-1;2;1;1;0;;https://betimate.com/it/football-predictions/union-neumunster-vs-vfb-lubeck-ii/2026-10-03/game;23;2026-10-04 14:11;;2026-10-04 15:26;0;0;;;
2026-10-03;2026-10-03;14:00;2026-10-03;12:00;Prima Lega bielorussa;Belarus Division 1;belarus-division-1;BD1;FC Gomel 2;Energetik-BGU Minsk;10;13;77;2;0-2;3.74;;3.5;48.81;51.19;O;47;53;Si;0-3;0;3;2;1;;https://betimate.com/it/football-predictions/energetik-bgu-minsk-vs-fc-gomel-2/2026-10-03/game;38;2026-10-04 14:11;;2026-10-04 15:26;0;0;;;
2026-10-03;2026-10-03;14:00;2026-10-03;12:00;Regionalliga Bayern Germania;Germany Regionalliga Bayern;germany-regionalliga-bayern;De4;1860 Munich;Ansbach;54;22;24;1;2-1;3.27;20°C · pioggia 0% · vento 3 km/h;3;48.21;51.79;O;42;58;Si;4-0;4;0;1;1;;https://betimate.com/it/football-predictions/1860-munich-vs-ansbach/2026-10-03/game;20;2026-10-04 14:11;;2026-10-04 15:26;0;0;;;
2026-10-03;2026-10-03;14:00;2026-10-03;12:00;Regionalliga Bayern Germania;Germany Regionalliga Bayern;germany-regionalliga-bayern;De4;Greuther Furth II;Bayern Munich II;19;21;60;2;1-2;3.2;18°C · pioggia 0% · vento 3 km/h;3.25;50.21;49.79;U;42;58;Si;1-1;1;1;X;0;;https://betimate.com/it/football-predictions/bayern-munich-ii-vs-greuther-furth-ii/2026-10-03/game;4;2026-10-04 14:11;;2026-10-04 15:26;0;0;;;
2026-10-03;2026-10-03;14:00;2026-10-03;12:00;Regionalliga Bayern Germania;Germany Regionalliga Bayern;germany-regionalliga-bayern;De4;Nurnberg II;Augsburg II;61;21;18;1;2-1;3.39;18°C · pioggia 0% · vento 3 km/h;3.25;49.25;50.75;O;43;57;Si;3-0;3;0;1;1;;https://betimate.com/it/football-predictions/nurnberg-ii-vs-augsburg-ii/2026-10-03/game;19;2026-10-04 14:11;;2026-10-04 15:26;0;0;;;
2026-10-03;2026-10-03;14:00;2026-10-03;12:00;Regionalliga Bayern Germania;Germany Regionalliga Bayern;germany-regionalliga-bayern;De4;SpVgg Bayreuth;TSV Landsberg;42;25;33;1;2-1;3.08;18°C · pioggia 0% · vento 5 km/h;3;49.6;50.4;O;43;57;Si;5-0;5;0;1;1;;https://betimate.com/it/football-predictions/spvgg-bayreuth-vs-tsv-landsberg/2026-10-03/game;19;2026-10-04 14:11;;2026-10-04 15:26;0;0;;;
2026-10-03;2026-10-03;14:00;2026-10-03;12:00;Regionalliga Bayern Germania;Germany Regionalliga Bayern;germany-regionalliga-bayern;De4;TSV Schwaben Augsburg;DJK Vilzing;27;24;49;2;1-2;3.02;20°C · pioggia 0% · vento 2 km/h;2.75;48.4;51.6;O;44;56;Si;3-1;3;1;1;0;;https://betimate.com/it/football-predictions/djk-vilzing-vs-tsv-schwaben-augsburg/2026-10-03/game;20;2026-10-04 14:11;;2026-10-04 15:26;0;0;;;
2026-10-03;2026-10-03;14:00;2026-10-03;12:00;Regionalliga Bayern Germania;Germany Regionalliga Bayern;germany-regionalliga-bayern;De4;VfB Eichstätt;Wacker Burghausen;35;26;39;2;1-2;2.9;20°C · pioggia 0% · vento 3 km/h;2.75;49.18;50.82;O;44;56;Si;1-0;1;0;1;0;;https://betimate.com/it/football-predictions/wacker-burghausen-vs-vfb-eichst-tt/2026-10-03/game;19;2026-10-04 14:11;;2026-10-04 15:26;0;0;;;
2026-10-03;2026-10-03;14:00;2026-10-03;12:00;Regionalliga Nord Germania;Germany Regionalliga North;germany-regionalliga-north;De4;SC Weiche Flensburg 08;VfB Oldenburg;39;19;42;2;1-2;4.18;18°C · pioggia 0% · vento 15 km/h;3.5;46.42;53.58;O;34;66;Si;3-2;3;2;1;0;;https://betimate.com/it/football-predictions/vfb-oldenburg-vs-sc-weiche-flensburg-08/2026-10-03/game;4;2026-10-04 14:11;;2026-10-04 15:26;0;0;;;
2026-10-03;2026-10-03;14:00;2026-10-03;12:00;Regionalliga Nord Germania;Germany Regionalliga North;germany-regionalliga-north;De4;SV Drochtersen-Assel;SSV Jeddeloh;62;19;19;1;2-1;4.46;18°C · pioggia 0% · vento 11 km/h;3.75;46.2;53.8;O;36;64;Si;;;;;;;https://betimate.com/it/football-predictions/ssv-jeddeloh-vs-sv-drochtersen-assel/2026-10-03/game;4;2026-10-04 14:11;;2026-10-04 15:26;0;0;;;
2026-10-03;2026-10-03;14:00;2026-10-03;12:00;Regionalliga Südwest Germania;Germany Regionalliga South West;germany-regionalliga-south-west;De4;Eintracht Trier;FC Astoria Walldorf;44;26;30;1;1-0;2.6;22°C · pioggia 6% · vento 1 km/h;3;53.29;46.71;U;47;53;Si;1-4;1;4;2;0;;https://betimate.com/it/football-predictions/fc-astoria-walldorf-vs-eintracht-trier/2026-10-03/game;5;2026-10-04 14:11;;2026-10-04 15:26;0;0;;;
2026-10-03;2026-10-03;14:00;2026-10-03;12:00;Regionalliga Südwest Germania;Germany Regionalliga South West;germany-regionalliga-south-west;De4;FC 08 Homburg;SG Barockstadt;51;25;24;1;1-0;2.79;20°C · pioggia 0% · vento 6 km/h;3.25;53.11;46.89;U;47;53;Si;1-1;1;1;X;0;;https://betimate.com/it/football-predictions/fc-08-homburg-vs-sg-barockstadt/2026-10-03/game;20;2026-10-04 14:11;;2026-10-04 15:26;0;0;;;
2026-10-03;2026-10-03;14:00;2026-10-03;12:00;Regionalliga Südwest Germania;Germany Regionalliga South West;germany-regionalliga-south-west;De4;Hessen Kassel;SSV Ulm 1846;45;25;30;1;2-1;3.2;19°C · pioggia 0% · vento 2 km/h;3;49.1;50.9;O;43;57;Si;2-2;2;2;X;0;;https://betimate.com/it/football-predictions/hessen-kassel-vs-ssv-ulm-1846/2026-10-03/game;20;2026-10-04 14:11;;2026-10-04 15:26;0;0;;;
2026-10-03;2026-10-03;14:00;2026-10-03;12:00;Regionalliga Südwest Germania;Germany Regionalliga South West;germany-regionalliga-south-west;De4;Mainz II;Freiburg II;34;24;42;2;1-2;3.49;20°C · pioggia 0% · vento 5 km/h;3.25;48.67;51.33;O;40;60;Si;0-2;0;2;2;1;;https://betimate.com/it/football-predictions/freiburg-ii-vs-mainz-ii/2026-10-03/game;20;2026-10-04 14:11;;2026-10-04 15:26;0;0;;;
2026-10-03;2026-10-03;14:00;2026-10-03;12:00;Regionalliga Südwest Germania;Germany Regionalliga South West;germany-regionalliga-south-west;De4;SGV Freiberg;TSV Steinbach;58;21;21;1;2-1;3.62;21°C · pioggia 0% · vento 4 km/h;3.5;49.4;50.6;O;41;59;Si;2-2;2;2;X;0;;https://betimate.com/it/football-predictions/tsv-steinbach-vs-sgv-freiberg/2026-10-03/game;20;2026-10-04 14:11;;2026-10-04 15:26;0;0;;;
2026-10-03;2026-10-03;14:00;2026-10-03;12:00;Regionalliga Südwest Germania;Germany Regionalliga South West;germany-regionalliga-south-west;De4;VfR Aalen;FSV Frankfurt;35;26;39;2;1-2;2.84;21°C · pioggia 0% · vento 1 km/h;2.75;49.55;50.45;O;45;55;Si;4-1;4;1;1;0;;https://betimate.com/it/football-predictions/fsv-frankfurt-vs-vfr-aalen/2026-10-03/game;20;2026-10-04 14:11;;2026-10-04 15:26;0;0;;;
2026-10-03;2026-10-03;14:00;2026-10-03;12:00;Regionalliga West Germania;Germany Regionalliga West;germany-regionalliga-west;De4;1. FC Bocholt;Gutersloh 2000;30;23;47;2;1-2;3.48;20°C · pioggia 0% · vento 4 km/h;3;47.17;52.83;O;41;59;Si;3-4;3;4;2;1;;https://betimate.com/it/football-predictions/1-fc-bocholt-vs-gutersloh-2000/2026-10-03/game;6;2026-10-04 14:11;;2026-10-04 15:26;0;0;;;
2026-10-03;2026-10-03;14:00;2026-10-03;12:00;Regionalliga West Germania;Germany Regionalliga West;germany-regionalliga-west;De4;SV Rodinghausen;Sportfreunde Lotte;47;24;29;1;2-1;2.98;19°C · pioggia 0% · vento 4 km/h;3;50.3;49.7;U;44;56;Si;2-1;2;1;1;1;;https://betimate.com/it/football-predictions/sv-rodinghausen-vs-sportfreunde-lotte/2026-10-03/game;6;2026-10-04 14:11;;2026-10-04 15:26;0;0;;;
2026-10-03;2026-10-03;14:00;2026-10-03;12:00;Regionalliga West Germania;Germany Regionalliga West;germany-regionalliga-west;De4;VfB Hilden;Bergisch Gladbach 09;32;22;46;2;1-2;4;21°C · pioggia 0% · vento 3 km/h;3.75;48.65;51.35;O;36;64;Si;4-2;4;2;1;0;;https://betimate.com/it/football-predictions/bergisch-gladbach-09-vs-vfb-hilden/2026-10-03/game;20;2026-10-04 14:11;;2026-10-04 15:26;0;0;;;
2026-10-03;2026-10-03;14:00;2026-10-03;12:00;Regionalliga West Germania;Germany Regionalliga West;germany-regionalliga-west;De4;Wattenscheid 09;SC Wiedenbruck;51;24;25;1;2-1;3.09;21°C · pioggia 0% · vento 2 km/h;2.75;48.29;51.71;O;45;55;Si;3-1;3;1;1;1;;https://betimate.com/it/football-predictions/wattenscheid-09-vs-sc-wiedenbruck/2026-10-03/game;20;2026-10-04 14:11;;2026-10-04 15:26;0;0;;;
2026-10-03;2026-10-03;14:00;2026-10-03;12:00;Regionalliga West austriaca;Austria Regionalliga West;austria-regionalliga-west;ARW;SV Lochau;FC Lustenau;57;17;26;1;2-1;4.28;;3.25;44.25;55.75;O;35;65;Si;1-1;1;1;X;0;;https://betimate.com/it/football-predictions/sv-lochau-vs-fc-lustenau/2026-10-03/game;38;2026-10-04 14:11;;2026-10-04 15:26;0;0;;;
2026-10-03;2026-10-03;14:00;2026-10-03;12:00;Scotland FA Cup;Scotland FA Cup;scotland-fa-cup;FA;Threave Rovers;Invergordon FC;45;20;35;1;2-1;3.95;;3.75;48.78;51.22;O;36;64;Si;3-2;3;2;1;1;;https://betimate.com/it/football-predictions/threave-rovers-vs-invergordon-fc/2026-10-03/game;21;2026-10-04 14:11;;2026-10-04 15:26;0;0;;;
2026-10-03;2026-10-03;14:00;2026-10-03;12:00;Seconda Lega russa;Russia Division 2;russia-division-2;RD2;Angusht Nazran;Pobeda Khasavyurt;27;26;47;2;0-1;2.21;9°C · pioggia 0% · vento 9 km/h;2;48.41;51.59;O;52;48;No;1-0;1;0;1;0;;https://betimate.com/it/football-predictions/angusht-nazran-vs-pobeda-khasavyurt/2026-10-03/game;38;2026-10-04 14:11;;2026-10-04 15:26;0;0;;;
2026-10-03;2026-10-03;14:00;2026-10-03;12:00;Seconda Lega russa;Russia Division 2;russia-division-2;RD2;FK Kvant Obninsk;Shumbrat Saransk;14;15;71;2;1-2;3.71;12°C · pioggia 0% · vento 9 km/h;3.5;48.92;51.08;O;44;56;Si;2-2;2;2;X;0;;https://betimate.com/it/football-predictions/fk-kvant-obninsk-vs-shumbrat-saransk/2026-10-03/game;38;2026-10-04 14:11;;2026-10-04 15:26;0;0;;;
2026-10-03;2026-10-03;14:00;2026-10-03;12:00;Seconda Lega russa;Russia Division 2;russia-division-2;RD2;FK Orel;Strogino;46;23;31;1;1-0;2.79;13°C · pioggia 0% · vento 11 km/h;2.75;49.66;50.34;O;46;54;Si;1-0;1;0;1;1;;https://betimate.com/it/football-predictions/strogino-vs-fk-orel/2026-10-03/game;38;2026-10-04 14:11;;2026-10-04 15:26;0;0;;;
2026-10-03;2026-10-03;14:00;2026-10-03;12:00;Seconda Lega russa;Russia Division 2;russia-division-2;RD2;Kyzyltash Yalta;Shakhtar Donetsk Taganrog;34;21;45;2;1-2;3.37;;3.25;49.28;50.72;O;40;60;Si;2-1;2;1;1;0;;https://betimate.com/it/football-predictions/kyzyltash-yalta-vs-shakhtar-donetsk-taganrog/2026-10-03/game;38;2026-10-04 14:11;;2026-10-04 15:26;0;0;;;
2026-10-03;2026-10-03;14:00;2026-10-03;12:00;Seconda Lega russa;Russia Division 2;russia-division-2;RD2;Rodina-3 Moscow;FK Arsenal Tula II;68;16;16;1;2-1;3.61;;3.5;49.43;50.57;O;43;57;Si;1-0;1;0;1;1;;https://betimate.com/it/football-predictions/fk-arsenal-tula-ii-vs-rodina-3-moscow/2026-10-03/game;38;2026-10-04 14:11;;2026-10-04 15:26;0;0;;;
2026-10-03;2026-10-03;14:00;2026-10-03;12:00;Seconda Lega russa;Russia Division 2;russia-division-2;RD2;Rubin Yalta;Chayka M;67;17;16;1;2-0;3.3;18°C · pioggia 0% · vento 11 km/h;3.25;49.83;50.17;O;46;54;Si;4-0;4;0;1;1;;https://betimate.com/it/football-predictions/chayka-m-vs-rubin-yalta/2026-10-03/game;38;2026-10-04 14:11;;2026-10-04 15:26;0;0;;;
2026-10-03;2026-10-03;14:00;2026-10-03;12:00;Seconda Lega russa;Russia Division 2;russia-division-2;RD2;Sevastopol;FC Zarya Lugansk;60;19;21;1;2-1;3.08;17°C · pioggia 0% · vento 13 km/h;3;49.59;50.41;O;45;55;Si;2-0;2;0;1;1;;https://betimate.com/it/football-predictions/fc-zarya-lugansk-vs-sevastopol/2026-10-03/game;38;2026-10-04 14:11;;2026-10-04 15:26;0;0;;;
2026-10-03;2026-10-03;14:00;2026-10-03;12:00;Segunda División spagnola;Spain Segunda;spain-segunda;Es2;Albacete;Eibar;32;29;39;2;0-1;2.39;24°C · pioggia 3% · vento 12 km/h;2.75;52.56;47.44;U;48;52;Si;1-3;1;3;2;1;;https://betimate.com/it/football-predictions/albacete-vs-eibar/2026-10-03/game;3;2026-10-04 14:11;;2026-10-04 15:26;0;0;;;
2026-10-03;2026-10-03;14:00;2026-10-03;12:00;Super League 2 Grecia;Greece Super League 2;greece-super-league-2;GSL2;Panthrakikos;Panserraikos;40;23;37;1;2-1;2.88;22°C · pioggia 0% · vento 21 km/h;2.25;45.76;54.24;O;44;56;Si;1-1;1;1;X;0;;https://betimate.com/it/football-predictions/panthrakikos-vs-panserraikos/2026-10-03/game;10;2026-10-04 14:11;;2026-10-04 15:26;0;0;;;
2026-10-03;2026-10-03;14:00;2026-10-03;12:00;Svizzera - U19 Elite;Switzerland U19 Elite;switzerland-u19-elite;SUE;Basel U19;Neuchatel Xamax U19;68;13;19;1;3-1;4.97;22°C · pioggia 0% · vento 5 km/h;4.75;48.76;51.24;O;33;67;Si;7-3;7;3;1;1;;https://betimate.com/it/football-predictions/basel-u19-vs-neuchatel-xamax-u19/2026-10-03/game;38;2026-10-04 14:11;;2026-10-04 15:26;0;0;;;
2026-10-03;2026-10-03;14:00;2026-10-03;12:00;Svizzera - U19 Elite;Switzerland U19 Elite;switzerland-u19-elite;SUE;FC Lausanne-Sport U19;Grasshoppers U19;32;19;49;2;1-2;3.42;;3.25;48.88;51.12;O;40;60;Si;1-0;1;0;1;0;;https://betimate.com/it/football-predictions/grasshoppers-u19-vs-fc-lausanne-sport-u19/2026-10-03/game;38;2026-10-04 14:11;;2026-10-04 15:26;0;0;;;
2026-10-03;2026-10-03;14:00;2026-10-03;12:00;Svizzera - U19 Elite;Switzerland U19 Elite;switzerland-u19-elite;SUE;FC Zurich U19;Servette U19;53;19;28;1;2-1;3.16;;3;48.81;51.19;O;43;57;Si;2-1;2;1;1;1;;https://betimate.com/it/football-predictions/fc-zurich-u19-vs-servette-u19/2026-10-03/game;38;2026-10-04 14:11;;2026-10-04 15:26;0;0;;;
2026-10-03;2026-10-03;14:00;2026-10-03;12:00;Svizzera - U19 Elite;Switzerland U19 Elite;switzerland-u19-elite;SUE;St Gallen U19;FC Sion U19;62;15;23;1;2-1;3.97;;3.75;48.69;51.31;O;38;62;Si;1-0;1;0;1;1;;https://betimate.com/it/football-predictions/fc-sion-u19-vs-st-gallen-u19/2026-10-03/game;38;2026-10-04 14:11;;2026-10-04 15:26;0;0;;;
2026-10-03;2026-10-03;14:00;2026-10-03;12:00;Turchia - 2. Lig Beyaz;Türkiye 2 Lig Beyaz;t-rkiye-2-lig-beyaz;;Erbaaspor;Aliaga Futbol AS;18;20;62;2;1-2;3.65;17°C · pioggia 0% · vento 10 km/h;3;45.85;54.15;O;41;59;Si;2-4;2;4;2;1;;https://betimate.com/it/football-predictions/erbaaspor-vs-aliaga-futbol-as/2026-10-03/game;10;2026-10-04 14:11;;2026-10-04 15:26;0;0;;;
2026-10-03;2026-10-03;14:00;2026-10-03;12:00;Turchia - 3. Lig Gruppo 1;Türkiye 3.Lig Group 1;t-rkiye-3-lig-group-1;;Zonguldak Komurspor;Duzcespor;40;26;34;1;1-0;2.28;18°C · pioggia 0% · vento 19 km/h;2.25;49.87;50.13;O;50;50;Si;0-0;0;0;X;0;;https://betimate.com/it/football-predictions/duzcespor-vs-zonguldak-komurspor/2026-10-03/game;38;2026-10-04 14:11;;2026-10-04 15:26;0;0;;;
2026-10-03;2026-10-03;14:00;2026-10-03;12:00;Turchia - 3. Lig Gruppo 2;Türkiye 3.Lig Group 2;t-rkiye-3-lig-group-2;;1922 Aksehir Spor Kulubu;Eskisehirspor;10;12;78;2;1-3;4.31;;4.25;49.7;50.3;O;42;58;Si;0-3;0;3;2;1;;https://betimate.com/it/football-predictions/eskisehirspor-vs-1922-aksehir-spor-kulubu/2026-10-03/game;38;2026-10-04 14:11;;2026-10-04 15:26;0;0;;;
2026-10-03;2026-10-03;14:00;2026-10-03;12:00;Turchia - 3. Lig Gruppo 2;Türkiye 3.Lig Group 2;t-rkiye-3-lig-group-2;;Eskisehir Anadolu SF;Denizli Idman Yurdu;53;24;23;1;1-0;2.45;;2.25;48.68;51.32;O;50;50;Si;2-0;2;0;1;1;;https://betimate.com/it/football-predictions/denizli-idman-yurdu-vs-eskisehir-anadolu-sf/2026-10-03/game;38;2026-10-04 14:11;;2026-10-04 15:26;0;0;;;
2026-10-03;2026-10-03;14:00;2026-10-03;12:00;Turchia - 3. Lig Gruppo 2;Türkiye 3.Lig Group 2;t-rkiye-3-lig-group-2;;Etimesgutspor;Utas Usakspor;66;20;14;1;1-0;2.52;18°C · pioggia 0% · vento 22 km/h;3;53.95;46.05;U;54;46;No;1-0;1;0;1;1;;https://betimate.com/it/football-predictions/utas-usakspor-vs-etimesgutspor/2026-10-03/game;10;2026-10-04 14:11;;2026-10-04 15:26;0;0;;;
2026-10-03;2026-10-03;14:00;2026-10-03;12:00;Turchia - 3. Lig Gruppo 2;Türkiye 3.Lig Group 2;t-rkiye-3-lig-group-2;;Kepez Belediyespor;Karsiyaka;19;19;62;2;0-2;3.04;21°C · pioggia 35% · vento 14 km/h;2.5;46.76;53.24;O;46;54;Si;0-1;0;1;2;1;;https://betimate.com/it/football-predictions/karsiyaka-vs-kepez-belediyespor/2026-10-03/game;38;2026-10-04 14:11;;2026-10-04 15:26;0;0;;;
2026-10-03;2026-10-03;14:00;2026-10-03;12:00;Tweede Divisie Paesi Bassi;Netherlands Tweede Divisie;netherlands-tweede-divisie;NTD;Koninklijke HFC;Quick Boys;23;23;54;2;0-1;2.53;20°C · pioggia 0% · vento 9 km/h;3;53.79;46.21;U;50;50;Si;2-3;2;3;2;1;;https://betimate.com/it/football-predictions/koninklijke-hfc-vs-quick-boys/2026-10-03/game;9;2026-10-04 14:11;;2026-10-04 15:26;0;0;;;
2026-10-03;2026-10-03;14:00;2026-10-03;12:00;Türkiye 3.Lig Group 3;Türkiye 3.Lig Group 3;t-rkiye-3-lig-group-3;;Adanaspor;Mazidagi Fosfat Spor;6;8;86;2;1-4;5.15;24°C · pioggia 25% · vento 8 km/h;5;49.31;50.69;O;42;58;Si;1-2;1;2;2;1;;https://betimate.com/it/football-predictions/adanaspor-vs-mazidagi-fosfat-spor/2026-10-03/game;38;2026-10-04 14:11;;2026-10-04 15:26;0;0;;;
2026-10-03;2026-10-03;14:00;2026-10-03;12:00;Türkiye 3.Lig Group 3;Türkiye 3.Lig Group 3;t-rkiye-3-lig-group-3;;Karaman;Kirsehir;13;14;73;2;1-2;3.82;15°C · pioggia 13% · vento 8 km/h;3.75;49.6;50.4;O;43;57;Si;1-7;1;7;2;1;;https://betimate.com/it/football-predictions/karaman-vs-kirsehir/2026-10-03/game;38;2026-10-04 14:11;;2026-10-04 15:26;0;0;;;
2026-10-03;2026-10-03;14:00;2026-10-03;12:00;Türkiye 3.Lig Group 3;Türkiye 3.Lig Group 3;t-rkiye-3-lig-group-3;;Kirikkale FK;Yeni Mersin Idmanyurdu;56;19;25;1;2-1;3.75;17°C · pioggia 0% · vento 25 km/h;3.5;48.61;51.39;O;39;61;Si;3-0;3;0;1;1;;https://betimate.com/it/football-predictions/yeni-mersin-idmanyurdu-vs-kirikkale-fk/2026-10-03/game;38;2026-10-04 14:11;;2026-10-04 15:26;0;0;;;
2026-10-03;2026-10-03;14:00;2026-10-03;12:00;Türkiye 3.Lig Group 3;Türkiye 3.Lig Group 3;t-rkiye-3-lig-group-3;;Osmaniyespor FK;Erciyes 38 FK;37;22;41;2;1-2;3.07;24°C · pioggia 55% · vento 7 km/h;3;49.52;50.48;O;43;57;Si;2-4;2;4;2;1;;https://betimate.com/it/football-predictions/osmaniyespor-fk-vs-erciyes-38-fk/2026-10-03/game;38;2026-10-04 14:11;;2026-10-04 15:26;0;0;;;
2026-10-03;2026-10-03;14:00;2026-10-03;12:00;Türkiye 3.Lig Group 3;Türkiye 3.Lig Group 3;t-rkiye-3-lig-group-3;;Silifke Belediyespor;Nigde Belediyesi Spor;47;23;30;1;1-0;2.72;;2.25;46.84;53.16;O;47;53;Si;0-3;0;3;2;0;;https://betimate.com/it/football-predictions/silifke-belediyespor-vs-nigde-belediyesi-spor/2026-10-03/game;9;2026-10-04 14:11;;2026-10-04 15:26;0;0;;;
2026-10-03;2026-10-03;14:00;2026-10-03;12:00;U19 International;U19 International;u19-international;UI;Paesi Bassi U19;Austria U19;28;19;53;2;1-2;3.44;;2.75;45.66;54.34;O;43;57;Si;0-1;0;1;2;1;;https://betimate.com/it/football-predictions/austria-u19-vs-netherlands-u19/2026-10-03/game;10;2026-10-04 14:11;;2026-10-04 15:26;0;0;;;
2026-10-03;2026-10-03;14:15;2026-10-03;12:15;Division 1 Femminile Belgio;Belgium Division 1 Women;belgium-division-1-women;;K Olsa Brakel (W);White Star (W);67;13;20;1;2-1;4.34;;3.25;43.89;56.11;O;41;59;Si;2-1;2;1;1;1;;https://betimate.com/it/football-predictions/white-star-w-vs-k-olsa-brakel-w/2026-10-03/game;10;2026-10-04 14:11;;2026-10-04 15:26;0;0;;;
2026-10-03;2026-10-03;14:30;2026-10-03;12:30;1. Division Norvegia;Norway Division 1;norway-division-1;No2;Strommen;Sandnes Ulf;39;21;40;2;1-2;3.48;15°C · pioggia 92% · vento 23 km/h;2.75;45.44;54.56;O;39;61;Si;3-3;3;3;X;0;;https://betimate.com/it/football-predictions/sandnes-ulf-vs-strommen/2026-10-03/game;4;2026-10-04 14:11;;2026-10-04 15:26;0;0;;;
2026-10-03;2026-10-03;14:30;2026-10-03;12:30;1. Liga femminile slovacca;Slovakia I Liga Women;slovakia-i-liga-women;SILW;FC Petrzalka (W);MFK Ruzomberok (W);12;8;80;2;2-4;7.27;23°C · pioggia 0% · vento 13 km/h;3.5;33.37;66.63;O;27;73;Si;2-5;2;5;2;1;;https://betimate.com/it/football-predictions/mfk-ruzomberok-w-vs-fc-petrzalka-w/2026-10-03/game;10;2026-10-04 14:11;;2026-10-04 15:26;0;0;;;
2026-10-03;2026-10-03;14:30;2026-10-03;12:30;1. Liga femminile slovacca;Slovakia I Liga Women;slovakia-i-liga-women;SILW;FC Tatran Presov (W);KFC Komarno (W);80;10;10;1;3-1;4.16;23°C · pioggia 0% · vento 7 km/h;4;48.94;51.06;O;48;52;Si;0-0;0;0;X;0;;https://betimate.com/it/football-predictions/kfc-komarno-w-vs-fc-tatran-presov-w/2026-10-03/game;39;2026-10-04 14:11;;2026-10-04 15:26;0;0;;;
2026-10-03;2026-10-03;14:30;2026-10-03;12:30;Campionato U19 francese;France U19 League;france-u19-league;FUL;Vertou U19;Nantes U19;17;17;66;2;0-2;2.84;23°C · pioggia 5% · vento 17 km/h;2.75;49.32;50.68;O;50;50;Si;1-1;1;1;X;0;;https://betimate.com/it/football-predictions/nantes-u19-vs-vertou-u19/2026-10-03/game;39;2026-10-04 14:11;;2026-10-04 15:26;0;0;;;
2026-10-03;2026-10-03;14:30;2026-10-03;12:30;Coppa d'Estonia;Estonia Cup;estonia-cup;EC;FC Tallinn;Harju JK Laagri;28;21;51;2;1-2;2.94;14°C · pioggia 1% · vento 11 km/h;3.25;51.73;48.27;U;42;58;Si;0-10;0;10;2;1;;https://betimate.com/it/football-predictions/harju-jk-laagri-vs-fc-tallinn/2026-10-03/game;10;2026-10-04 14:11;;2026-10-04 15:26;0;0;;;
2026-10-03;2026-10-03;14:30;2026-10-03;12:30;Derde Divisie Paesi Bassi;Netherlands Derde Divisie;netherlands-derde-divisie;NDD;DOVO;ADO '20;45;24;31;1;1-0;2.64;;3;52.89;47.11;U;47;53;Si;1-3;1;3;2;0;;https://betimate.com/it/football-predictions/dovo-vs-ado-20/2026-10-03/game;10;2026-10-04 14:11;;2026-10-04 15:26;0;0;;;
2026-10-03;2026-10-03;14:30;2026-10-03;12:30;Derde Divisie Paesi Bassi;Netherlands Derde Divisie;netherlands-derde-divisie;NDD;Rijnvogels;Groene Ster;74;14;12;1;2-0;3.73;;3.5;48.8;51.2;O;45;55;Si;5-1;5;1;1;1;;https://betimate.com/it/football-predictions/rijnvogels-vs-groene-ster/2026-10-03/game;10;2026-10-04 14:11;;2026-10-04 15:26;0;0;;;
2026-10-03;2026-10-03;14:30;2026-10-03;12:30;Derde Divisie Paesi Bassi;Netherlands Derde Divisie;netherlands-derde-divisie;NDD;Staphorst;TEC;31;18;51;2;1-2;4.53;;3.5;44.77;55.23;O;32;68;Si;0-3;0;3;2;1;;https://betimate.com/it/football-predictions/tec-vs-staphorst/2026-10-03/game;10;2026-10-04 14:11;;2026-10-04 15:26;0;0;;;
2026-10-03;2026-10-03;14:30;2026-10-03;12:30;Derde Divisie Paesi Bassi;Netherlands Derde Divisie;netherlands-derde-divisie;NDD;Zwaluwen;Achilles Veen;72;15;13;1;2-1;3.78;;3.5;48.54;51.46;O;44;56;Si;1-0;1;0;1;1;;https://betimate.com/it/football-predictions/achilles-veen-vs-zwaluwen/2026-10-03/game;39;2026-10-04 14:11;;2026-10-04 15:26;0;0;;;
2026-10-03;2026-10-03;14:30;2026-10-03;12:30;Division 2 norvegese - Gruppo 2;Norway Division 2 Group 2;norway-division-2-group-2;;Follo;Stjørdals/Blink;29;23;48;2;0-1;2.83;14°C · pioggia 86% · vento 26 km/h;3.5;53.9;46.1;U;45;55;Si;0-1;0;1;2;1;;https://betimate.com/it/football-predictions/follo-vs-stj-rdals-blink/2026-10-03/game;10;2026-10-04 14:11;;2026-10-04 15:26;0;0;;;
2026-10-03;2026-10-03;14:30;2026-10-03;12:30;III Liga polacca;Poland III Liga;poland-iii-liga;PlC;Mlawianka Mlawa;MKS Swit Nowy Dwor Mazowiecki;46;20;34;1;2-1;3.82;;3.75;49.48;50.52;O;37;63;Si;2-4;2;4;2;0;;https://betimate.com/it/football-predictions/mks-swit-nowy-dwor-mazowiecki-vs-mlawianka-mlawa/2026-10-03/game;19;2026-10-04 14:11;;2026-10-04 15:26;0;0;;;
2026-10-03;2026-10-03;14:30;2026-10-03;12:30;Italy Campionato Primavera 4;Italy Campionato Primavera 4;italy-campionato-primavera-4;ICP4;Scafatese U19;Campobasso U19;50;19;31;1;2-1;3.22;;2.5;45.54;54.46;O;42;58;Si;3-0;3;0;1;1;;https://betimate.com/it/football-predictions/campobasso-u19-vs-scafatese-u19/2026-10-03/game;39;2026-10-04 14:11;;2026-10-04 15:26;0;0;;;
2026-10-03;2026-10-03;14:30;2026-10-03;12:30;Landesliga austriaca;Austria Landesliga;austria-landesliga;AL;Launsdorf;SV Seeboden;68;14;18;1;3-1;5.06;;5;49.62;50.38;O;33;67;Si;4-1;4;1;1;1;;https://betimate.com/it/football-predictions/sv-seeboden-vs-launsdorf/2026-10-03/game;23;2026-10-04 14:11;;2026-10-04 15:26;0;0;;;
2026-10-03;2026-10-03;14:30;2026-10-03;12:30;Oberliga Baden-Württemberg (Germania);Germany Oberliga Baden-Wuerttemberg;germany-oberliga-baden-wuerttemberg;De5;SV Oberachern;FC Holzhausen;45;23;32;1;1-0;2.72;21°C · pioggia 0% · vento 9 km/h;2.5;48.54;51.46;O;46;54;Si;3-0;3;0;1;1;;https://betimate.com/it/football-predictions/sv-oberachern-vs-fc-holzhausen/2026-10-03/game;23;2026-10-04 14:11;;2026-10-04 15:26;0;0;;;
2026-10-03;2026-10-03;14:30;2026-10-03;12:30;Oberliga Bayern Süd (Germania);Germany Oberliga Bayern South;germany-oberliga-bayern-south;De5;TUS Geretsried;SV Kirchanschöring;44;21;35;1;2-1;3.23;;3;48.44;51.56;O;41;59;Si;1-2;1;2;2;0;;https://betimate.com/it/football-predictions/sv-kirchansch-ring-vs-tus-geretsried/2026-10-03/game;23;2026-10-04 14:11;;2026-10-04 15:26;0;0;;;
2026-10-03;2026-10-03;14:30;2026-10-03;12:30;Oberliga Schleswig-Holstein (Germania);Germany Oberliga Schleswig-Holstein;germany-oberliga-schleswig-holstein;De5;Phonix Lubeck II;SV Eichede;30;19;51;2;1-2;3.72;;3.5;48.78;51.22;O;38;62;Si;1-3;1;3;2;1;;https://betimate.com/it/football-predictions/sv-eichede-vs-phonix-lubeck-ii/2026-10-03/game;23;2026-10-04 14:11;;2026-10-04 15:26;0;0;;;
2026-10-03;2026-10-03;14:30;2026-10-03;12:30;Premier League Femminile Bulgaria;Bulgaria Premier League Women;bulgaria-premier-league-women;BPLW;Sportika Blagoevgrad (W);Ludogorets Razgrad (W);7;9;84;2;0-3;4.19;;4.5;51.2;48.8;U;51;49;No;0-12;0;12;2;1;;https://betimate.com/it/football-predictions/sportika-blagoevgrad-w-vs-ludogorets-razgrad-w/2026-10-03/game;39;2026-10-04 14:11;;2026-10-04 15:26;0;0;;;
2026-10-03;2026-10-03;14:30;2026-10-03;12:30;Premier League irachena;Iraq Premier League;iraq-premier-league;IPL;Al Etisalat SC;Al Najaf;62;19;19;1;2-1;3.16;;2;41.37;58.63;O;45;55;Si;0-0;0;0;X;0;;https://betimate.com/it/football-predictions/al-najaf-vs-al-etisalat-sc/2026-10-03/game;10;2026-10-04 14:11;;2026-10-04 15:26;0;0;;;
2026-10-03;2026-10-03;14:30;2026-10-03;12:30;Premier League irachena;Iraq Premier League;iraq-premier-league;IPL;Al-Jaish SC;Al Fahad;42;27;31;1;1-0;2.05;;2;49.78;50.22;O;53;47;No;1-1;1;1;X;0;;https://betimate.com/it/football-predictions/al-fahad-vs-al-jaish-sc/2026-10-03/game;39;2026-10-04 14:11;;2026-10-04 15:26;0;0;;;
2026-10-03;2026-10-03;14:30;2026-10-03;12:30;Premier League irachena;Iraq Premier League;iraq-premier-league;IPL;Amanat Baghdad;Masafi Al Janoob;34;26;40;2;0-1;2.21;;2;48.39;51.61;O;51;49;No;1-1;1;1;X;0;;https://betimate.com/it/football-predictions/masafi-al-janoob-vs-amanat-baghdad/2026-10-03/game;10;2026-10-04 14:11;;2026-10-04 15:26;0;0;;;
2026-10-03;2026-10-03;14:30;2026-10-03;12:30;Prima Lega bielorussa;Belarus Division 1;belarus-division-1;BD1;FC Molodechno-Dyussh-4;FC Slutsk;29;26;45;2;0-1;2.7;17°C · pioggia 0% · vento 8 km/h;2.5;48.9;51.1;O;47;53;Si;1-4;1;4;2;1;;https://betimate.com/it/football-predictions/fc-slutsk-vs-fc-molodechno-dyussh-4/2026-10-03/game;39;2026-10-04 14:11;;2026-10-04 15:26;0;0;;;
2026-10-03;2026-10-03;14:30;2026-10-03;12:30;Regionalliga West austriaca;Austria Regionalliga West;austria-regionalliga-west;ARW;SK St Johann;Fugen/Uderns;56;19;25;1;2-1;3.46;;3.25;48.78;51.22;O;41;59;Si;5-1;5;1;1;1;;https://betimate.com/it/football-predictions/fugen-uderns-vs-sk-st-johann/2026-10-03/game;39;2026-10-04 14:11;;2026-10-04 15:26;0;0;;;
2026-10-03;2026-10-03;14:30;2026-10-03;12:30;Serie C Gruppo A Italia;Italy Serie C Group A;italy-serie-c-group-a;lt3;Cittadella;Albinoleffe;48;27;25;1;1-0;2.53;25°C · pioggia 0% · vento 10 km/h;2.5;49.9;50.1;O;48;52;Si;1-2;1;2;2;0;;https://betimate.com/it/football-predictions/cittadella-vs-albinoleffe/2026-10-03/game;4;2026-10-04 14:11;;2026-10-04 15:26;0;0;;;
2026-10-03;2026-10-03;14:30;2026-10-03;12:30;Serie C Gruppo B Italia;Italy Serie C Group B;italy-serie-c-group-b;lt3;FC Vado;Forli;45;27;28;1;1-0;2.57;27°C · pioggia 0% · vento 18 km/h;2.5;49.45;50.55;O;46;54;Si;1-0;1;0;1;1;;https://betimate.com/it/football-predictions/forli-vs-fc-vado/2026-10-03/game;5;2026-10-04 14:11;;2026-10-04 15:26;0;0;;;
2026-10-03;2026-10-03;14:30;2026-10-03;12:30;Serie C Gruppo B Italia;Italy Serie C Group B;italy-serie-c-group-b;lt3;Gubbio;Perugia;37;31;32;1;1-0;2.14;23°C · pioggia 0% · vento 10 km/h;2.25;50.99;49.01;U;51;49;No;1-3;1;3;2;0;;https://betimate.com/it/football-predictions/gubbio-vs-perugia/2026-10-03/game;5;2026-10-04 14:11;;2026-10-04 15:26;0;0;;;
2026-10-03;2026-10-03;14:30;2026-10-03;12:30;Serie C Gruppo C Italia;Italy Serie C Group C;italy-serie-c-group-c;lt3;Cavese;Casertana;38;30;32;1;1-0;2.43;27°C · pioggia 0% · vento 6 km/h;2.5;50.56;49.44;U;50;50;Si;2-0;2;0;1;1;;https://betimate.com/it/football-predictions/cavese-vs-casertana/2026-10-03/game;6;2026-10-04 14:11;;2026-10-04 15:26;0;0;;;
2026-10-03;2026-10-03;14:30;2026-10-03;12:30;Serie C Gruppo C Italia;Italy Serie C Group C;italy-serie-c-group-c;lt3;Sorrento Calcio;Casarano;38;29;33;1;1-0;2.56;26°C · pioggia 0% · vento 8 km/h;2.5;49.71;50.29;O;47;53;Si;2-0;2;0;1;1;;https://betimate.com/it/football-predictions/sorrento-calcio-vs-casarano/2026-10-03/game;6;2026-10-04 14:11;;2026-10-04 15:26;0;0;;;
2026-10-03;2026-10-03;14:30;2026-10-03;12:30;Turchia - 2. Lig Beyaz;Türkiye 2 Lig Beyaz;t-rkiye-2-lig-beyaz;;Inegol Kafkasspor;Mus Spor FC;29;23;48;2;1-2;3.65;19°C · pioggia 0% · vento 13 km/h;3.5;49.35;50.65;O;38;62;Si;0-1;0;1;2;1;;https://betimate.com/it/football-predictions/mus-spor-fc-vs-inegol-kafkasspor/2026-10-03/game;39;2026-10-04 14:11;;2026-10-04 15:26;0;0;;;
2026-10-03;2026-10-03;14:30;2026-10-03;12:30;Turchia - 2. Lig Kırmızı;Türkiye 2 Lig Kirmizi;t-rkiye-2-lig-kirmizi;;Kirklarelispor;Sakaryaspor;18;23;59;2;0-2;2.81;19°C · pioggia 0% · vento 23 km/h;2.5;48.56;51.44;O;50;50;Si;1-3;1;3;2;1;;https://betimate.com/it/football-predictions/kirklarelispor-vs-sakaryaspor/2026-10-03/game;39;2026-10-04 14:11;;2026-10-04 15:26;0;0;;;
2026-10-03;2026-10-03;14:30;2026-10-03;12:30;Turchia - 3. Lig Gruppo 1;Türkiye 3.Lig Group 1;t-rkiye-3-lig-group-1;;Beykoz Anadoluspor;Golcukspor;39;26;35;1;1-0;2.32;19°C · pioggia 0% · vento 29 km/h;2.25;49.55;50.45;O;50;50;Si;2-0;2;0;1;1;;https://betimate.com/it/football-predictions/golcukspor-vs-beykoz-anadoluspor/2026-10-03/game;39;2026-10-04 14:11;;2026-10-04 15:26;0;0;;;
2026-10-03;2026-10-03;14:30;2026-10-03;12:30;Turchia - 3. Lig Gruppo 1;Türkiye 3.Lig Group 1;t-rkiye-3-lig-group-1;;Galataspor;Beykoz Ishaklispor;42;27;31;1;1-0;2.05;;2.25;51.6;48.4;U;53;47;No;2-0;2;0;1;1;;https://betimate.com/it/football-predictions/beykoz-ishaklispor-vs-galataspor/2026-10-03/game;10;2026-10-04 14:11;;2026-10-04 15:26;0;0;;;
2026-10-03;2026-10-03;14:30;2026-10-03;12:30;Turchia - 3. Lig Gruppo 1;Türkiye 3.Lig Group 1;t-rkiye-3-lig-group-1;;Inkilap;Tokat Belediye Plevnespor;28;26;46;2;0-1;2.18;;2.25;50.64;49.36;U;52;48;No;0-1;0;1;2;1;;https://betimate.com/it/football-predictions/tokat-belediye-plevnespor-vs-inkilap/2026-10-03/game;10;2026-10-04 14:11;;2026-10-04 15:26;0;0;;;
2026-10-03;2026-10-03;14:30;2026-10-03;12:30;Turchia - 3. Lig Gruppo 1;Türkiye 3.Lig Group 1;t-rkiye-3-lig-group-1;;Silivrispor;Karadeniz Eregli;32;28;40;2;0-1;1.99;20°C · pioggia 0% · vento 30 km/h;2.25;52.09;47.91;U;54;46;No;0-0;0;0;X;0;;https://betimate.com/it/football-predictions/silivrispor-vs-karadeniz-eregli/2026-10-03/game;10;2026-10-04 14:11;;2026-10-04 15:26;0;0;;;
2026-10-03;2026-10-03;14:30;2026-10-03;12:30;Turchia - 3. Lig Gruppo 1;Türkiye 3.Lig Group 1;t-rkiye-3-lig-group-1;;Yalova 77;Kartal Bulvarspor;39;22;39;1;2-1;3.06;;2.25;44.66;55.34;O;43;57;Si;2-4;2;4;2;0;;https://betimate.com/it/football-predictions/kartal-bulvarspor-vs-yalova-77/2026-10-03/game;39;2026-10-04 14:11;;2026-10-04 15:26;0;0;;;
2026-10-03;2026-10-03;14:30;2026-10-03;12:30;Turchia - 3. Lig Gruppo 2;Türkiye 3.Lig Group 2;t-rkiye-3-lig-group-2;;Ayvalikgucu Belediyespor;Soke 1970 SK;70;17;13;1;2-0;3.22;22°C · pioggia 0% · vento 28 km/h;3;48.62;51.38;O;48;52;Si;1-1;1;1;X;0;;https://betimate.com/it/football-predictions/ayvalikgucu-belediyespor-vs-soke-1970-sk/2026-10-03/game;39;2026-10-04 14:11;;2026-10-04 15:26;0;0;;;
2026-10-03;2026-10-03;14:30;2026-10-03;12:30;Turchia - 3. Lig Gruppo 2;Türkiye 3.Lig Group 2;t-rkiye-3-lig-group-2;;Bigaspor;Balikesirspor;36;21;43;2;1-2;3.31;;3.25;49.61;50.39;O;41;59;Si;3-2;3;2;1;0;;https://betimate.com/it/football-predictions/balikesirspor-vs-bigaspor/2026-10-03/game;39;2026-10-04 14:11;;2026-10-04 15:26;0;0;;;
2026-10-03;2026-10-03;14:30;2026-10-03;12:30;Turchia - 3. Lig Gruppo 2;Türkiye 3.Lig Group 2;t-rkiye-3-lig-group-2;;Bursa Yildirimspor;Bucaspor;75;15;10;1;2-0;3.35;20°C · pioggia 0% · vento 25 km/h;3.25;49.54;50.46;O;49;51;Si;1-0;1;0;1;1;;https://betimate.com/it/football-predictions/bucaspor-vs-bursa-yildirimspor/2026-10-03/game;39;2026-10-04 14:11;;2026-10-04 15:26;0;0;;;
2026-10-03;2026-10-03;14:30;2026-10-03;12:30;Turchia - 3. Lig Gruppo 2;Türkiye 3.Lig Group 2;t-rkiye-3-lig-group-2;;Gaziemirspor;Bursa Niluferspor;61;20;19;1;2-0;2.98;;2.75;48.5;51.5;O;47;53;Si;0-2;0;2;2;0;;https://betimate.com/it/football-predictions/bursa-niluferspor-vs-gaziemirspor/2026-10-03/game;39;2026-10-04 14:11;;2026-10-04 15:26;0;0;;;
2026-10-03;2026-10-03;14:30;2026-10-03;12:30;Tweede Divisie Paesi Bassi;Netherlands Tweede Divisie;netherlands-tweede-divisie;NTD;HHC Hardenberg;IJsselmeervogels;42;23;35;1;1-0;2.75;20°C · pioggia 0% · vento 5 km/h;3;51.91;48.09;U;46;54;Si;2-1;2;1;1;1;;https://betimate.com/it/football-predictions/hhc-hardenberg-vs-ijsselmeervogels/2026-10-03/game;10;2026-10-04 14:11;;2026-10-04 15:26;0;0;;;
2026-10-03;2026-10-03;14:30;2026-10-03;12:30;Tweede Divisie Paesi Bassi;Netherlands Tweede Divisie;netherlands-tweede-divisie;NTD;HSV Hoek;De Treffers;33;22;45;2;1-2;2.86;;3;51.07;48.93;U;45;55;Si;3-1;3;1;1;0;;https://betimate.com/it/football-predictions/de-treffers-vs-hsv-hoek/2026-10-03/game;10;2026-10-04 14:11;;2026-10-04 15:26;0;0;;;
2026-10-03;2026-10-03;14:30;2026-10-03;12:30;Tweede Divisie Paesi Bassi;Netherlands Tweede Divisie;netherlands-tweede-divisie;NTD;RKAV Volendam;Almere City Reserves;42;20;38;1;2-1;3.81;;3.25;46.69;53.31;O;37;63;Si;1-4;1;4;2;0;;https://betimate.com/it/football-predictions/almere-city-reserves-vs-rkav-volendam/2026-10-03/game;39;2026-10-04 14:11;;2026-10-04 15:26;0;0;;;
2026-10-03;2026-10-03;14:30;2026-10-03;12:30;Tweede Divisie Paesi Bassi;Netherlands Tweede Divisie;netherlands-tweede-divisie;NTD;Rijnsburgse Boys;Kloetinge;54;18;28;1;2-1;4.42;20°C · pioggia 0% · vento 10 km/h;3.75;46.32;53.68;O;34;66;Si;4-1;4;1;1;1;;https://betimate.com/it/football-predictions/rijnsburgse-boys-vs-kloetinge/2026-10-03/game;10;2026-10-04 14:11;;2026-10-04 15:26;0;0;;;
2026-10-03;2026-10-03;14:30;2026-10-03;12:30;Tweede Divisie Paesi Bassi;Netherlands Tweede Divisie;netherlands-tweede-divisie;NTD;Rijnsburgse Boys;De Treffers;31;20;49;2;1-2;3.65;;3.5;49.09;50.91;O;38;62;Si;;;;;;;https://betimate.com/it/football-predictions/de-treffers-vs-rijnsburgse-boys/2026-10-03/game;39;2026-10-04 14:11;;2026-10-04 15:26;0;0;;;
2026-10-03;2026-10-03;14:30;2026-10-03;12:30;U19 International;U19 International;u19-international;UI;Cyprus U19;Malta U19;65;19;16;1;2-0;2.72;;3.25;53.74;46.26;U;54;46;No;3-0;3;0;1;1;;https://betimate.com/it/football-predictions/cyprus-u19-vs-malta-u19/2026-10-03/game;10;2026-10-04 14:11;;2026-10-04 15:26;0;0;;;
2026-10-03;2026-10-03;14:30;2026-10-03;12:30;Women's Super League inglese;England Super League Women;england-super-league-women;ESLW;Man Utd (W);Liverpool (W);62;17;21;1;2-1;3.14;16°C · pioggia 0% · vento 8 km/h;3;48.9;51.1;O;50;50;Si;1-0;1;0;1;1;;https://betimate.com/it/football-predictions/man-utd-w-vs-liverpool-w/2026-10-03/game;10;2026-10-04 14:11;;2026-10-04 15:26;0;0;;;
2026-10-03;2026-10-03;14:45;2026-10-03;12:45;Derde Divisie Paesi Bassi;Netherlands Derde Divisie;netherlands-derde-divisie;NDD;SV Zwaluwen Wierden;Sparta Nijkerk;15;13;72;2;1-3;4.93;;4.75;48.97;51.03;O;35;65;Si;0-2;0;2;2;1;;https://betimate.com/it/football-predictions/sparta-nijkerk-vs-sv-zwaluwen-wierden/2026-10-03/game;39;2026-10-04 14:11;;2026-10-04 15:26;0;0;;;
2026-10-03;2026-10-03;14:45;2026-10-03;12:45;Malesia - Liga A1 Semi Pro;Malaysia Liga A1 Semi Pro;malaysia-liga-a1-semi-pro;MLAS;Johor Darul Takzim II;Malaysia University;77;13;10;1;2-0;3.83;27°C · pioggia 21% · vento 4 km/h;3.75;49.6;50.4;O;46;54;Si;4-3;4;3;1;1;;https://betimate.com/it/football-predictions/johor-darul-takzim-ii-vs-malaysia-university/2026-10-03/game;39;2026-10-04 14:11;;2026-10-04 15:26;0;0;;;
2026-10-03;2026-10-03;14:55;2026-10-03;12:55;Gamma Ethniki Grecia;Greece Gamma Ethniki;greece-gamma-ethniki;GGE;Iraklis Xilokastrou;Asteras Amaliadas;51;23;26;1;1-0;2.7;;2.5;48.71;51.29;O;47;53;Si;4-2;4;2;1;1;;https://betimate.com/it/football-predictions/asteras-amaliadas-vs-iraklis-xilokastrou/2026-10-03/game;40;2026-10-04 14:11;;2026-10-04 15:26;0;0;;;
2026-10-03;2026-10-03;15:00;2026-10-03;13:00;1. Liga Classic svizzera;Switzerland 1.Liga Classic;switzerland-1-liga-classic;;La Chaux-de-Fonds;FC Prishtina Bern;20;17;63;2;1-2;3.82;20°C · pioggia 0% · vento 8 km/h;3.5;48.32;51.68;O;40;60;Si;1-4;1;4;2;1;;https://betimate.com/it/football-predictions/la-chaux-de-fonds-vs-fc-prishtina-bern/2026-10-03/game;11;2026-10-04 14:11;;2026-10-04 15:26;0;0;;;
2026-10-03;2026-10-03;15:00;2026-10-03;13:00;2. Liga Slovacchia;Slovakia 2. Liga;slovakia-2-liga;;FK Humenne;FK Pohronie;40;27;33;1;1-0;2.65;22°C · pioggia 0% · vento 7 km/h;2.5;49.63;50.37;O;48;52;Si;0-2;0;2;2;0;;https://betimate.com/it/football-predictions/fk-pohronie-vs-fk-humenne/2026-10-03/game;10;2026-10-04 14:11;;2026-10-04 15:26;0;0;;;
2026-10-03;2026-10-03;15:00;2026-10-03;13:00;2. Liga Slovacchia;Slovakia 2. Liga;slovakia-2-liga;;Inter Bratislava;FC Vion Zlate Moravce;45;27;28;1;1-0;2.47;23°C · pioggia 0% · vento 16 km/h;2.75;52.25;47.75;U;50;50;Si;2-2;2;2;X;0;;https://betimate.com/it/football-predictions/inter-bratislava-vs-fc-vion-zlate-moravce/2026-10-03/game;10;2026-10-04 14:11;;2026-10-04 15:26;0;0;;;
2026-10-03;2026-10-03;15:00;2026-10-03;13:00;2. Liga Slovacchia;Slovakia 2. Liga;slovakia-2-liga;;MFK Bytca;MSK Zilina B;25;24;51;2;1-2;2.92;;2.75;48.86;51.14;O;44;56;Si;1-2;1;2;2;1;;https://betimate.com/it/football-predictions/msk-zilina-b-vs-mfk-bytca/2026-10-03/game;40;2026-10-04 14:11;;2026-10-04 15:26;0;0;;;
2026-10-03;2026-10-03;15:00;2026-10-03;13:00;2. Liga Slovacchia;Slovakia 2. Liga;slovakia-2-liga;;MFK Zvolen;Slovan Bratislava B;44;25;31;1;2-1;2.91;24°C · pioggia 0% · vento 3 km/h;3;51.05;48.95;U;45;55;Si;0-2;0;2;2;0;;https://betimate.com/it/football-predictions/slovan-bratislava-b-vs-mfk-zvolen/2026-10-03/game;10;2026-10-04 14:11;;2026-10-04 15:26;0;0;;;
2026-10-03;2026-10-03;15:00;2026-10-03;13:00;2. Liga Slovacchia;Slovakia 2. Liga;slovakia-2-liga;;Slovan Galanta;MSK Povazska Bystrica;40;25;35;1;2-1;3.09;23°C · pioggia 0% · vento 9 km/h;2.75;48.26;51.74;O;44;56;Si;2-3;2;3;2;0;;https://betimate.com/it/football-predictions/slovan-galanta-vs-msk-povazska-bystrica/2026-10-03/game;10;2026-10-04 14:11;;2026-10-04 15:26;0;0;;;
2026-10-03;2026-10-03;15:00;2026-10-03;13:00;2. Liga ceca femminile;Czechia Div 2 Women;czechia-div-2-women;;Slovan Liberec II (W);ABC Branik (W);32;16;52;2;1-2;3.91;;3.75;48.95;51.05;O;41;59;Si;4-1;4;1;1;0;;https://betimate.com/it/football-predictions/slovan-liberec-ii-w-vs-abc-branik-w/2026-10-03/game;41;2026-10-04 14:11;;2026-10-04 15:26;0;0;;;
2026-10-03;2026-10-03;15:00;2026-10-03;13:00;2. divisjon Gruppo 1 (Norvegia);Norway Division 2 Group 1;norway-division-2-group-1;;Kvik Halden FK;Bjarg;40;22;38;1;2-1;3.11;15°C · pioggia 46% · vento 22 km/h;3.25;50.87;49.13;U;42;58;Si;2-3;2;3;2;0;;https://betimate.com/it/football-predictions/kvik-halden-fk-vs-bjarg/2026-10-03/game;10;2026-10-04 14:11;;2026-10-04 15:26;0;0;;;
2026-10-03;2026-10-03;15:00;2026-10-03;13:00;2. divisjon Gruppo 1 (Norvegia);Norway Division 2 Group 1;norway-division-2-group-1;;Notodden;Eik Tønsberg;61;21;18;1;1-0;2.68;13°C · pioggia 100% · vento 5 km/h;3;52.61;47.39;U;50;50;Si;1-3;1;3;2;0;;https://betimate.com/it/football-predictions/eik-t-nsberg-vs-notodden/2026-10-03/game;10;2026-10-04 14:11;;2026-10-04 15:26;0;0;;;
2026-10-03;2026-10-03;15:00;2026-10-03;13:00;3. Liga ceca;Czechia 3. Liga;czechia-3-liga;;Banik Most-Sous;FK Jablonec B;53;22;25;1;1-0;2.91;20°C · pioggia 0% · vento 1 km/h;3;50.82;49.18;U;46;54;Si;1-3;1;3;2;0;;https://betimate.com/it/football-predictions/fk-jablonec-b-vs-banik-most-sous/2026-10-03/game;11;2026-10-04 14:11;;2026-10-04 15:26;0;0;;;
2026-10-03;2026-10-03;15:00;2026-10-03;13:00;3. Liga ceca;Czechia 3. Liga;czechia-3-liga;;CSK Uhersky Brod;MFK Havirov;59;22;19;1;1-0;2.55;23°C · pioggia 0% · vento 11 km/h;3.25;54.82;45.18;U;51;49;No;2-2;2;2;X;0;;https://betimate.com/it/football-predictions/csk-uhersky-brod-vs-mfk-havirov/2026-10-03/game;11;2026-10-04 14:11;;2026-10-04 15:26;0;0;;;
2026-10-03;2026-10-03;15:00;2026-10-03;13:00;3. Liga ceca;Czechia 3. Liga;czechia-3-liga;;FK Pribram B;Aritma Praha;45;23;32;1;1-0;2.83;21°C · pioggia 0% · vento 7 km/h;3;51.28;48.72;U;45;55;Si;1-1;1;1;X;0;;https://betimate.com/it/football-predictions/aritma-praha-vs-fk-pribram-b/2026-10-03/game;11;2026-10-04 14:11;;2026-10-04 15:26;0;0;;;
2026-10-03;2026-10-03;15:00;2026-10-03;13:00;3. Liga ceca;Czechia 3. Liga;czechia-3-liga;;Frydek Mistek;SFK Vrchovina;57;21;22;1;1-0;2.82;22°C · pioggia 0% · vento 6 km/h;2.75;49.49;50.51;O;47;53;Si;4-2;4;2;1;1;;https://betimate.com/it/football-predictions/frydek-mistek-vs-sfk-vrchovina/2026-10-03/game;11;2026-10-04 14:11;;2026-10-04 15:26;0;0;;;
2026-10-03;2026-10-03;15:00;2026-10-03;13:00;3. Liga ceca;Czechia 3. Liga;czechia-3-liga;;TJ Unie Hlubina;FK Hodonin;45;22;33;1;2-1;3.25;23°C · pioggia 0% · vento 6 km/h;2.75;46.72;53.28;O;41;59;Si;1-4;1;4;2;0;;https://betimate.com/it/football-predictions/fk-hodonin-vs-tj-unie-hlubina/2026-10-03/game;11;2026-10-04 14:11;;2026-10-04 15:26;0;0;;;
2026-10-03;2026-10-03;15:00;2026-10-03;13:00;3. Liga slovacca;Slovakia 3. Liga;slovakia-3-liga;Sk2;Dolny Kubin;FK Cadca;14;14;72;2;1-3;4.28;21°C · pioggia 0% · vento 5 km/h;3;42.07;57.93;O;40;60;Si;1-2;1;2;2;1;;https://betimate.com/it/football-predictions/fk-cadca-vs-dolny-kubin/2026-10-03/game;11;2026-10-04 14:11;;2026-10-04 15:26;0;0;;;
2026-10-03;2026-10-03;15:00;2026-10-03;13:00;3. Liga slovacca;Slovakia 3. Liga;slovakia-3-liga;Sk2;FC Banik Prievidza;OFK Dunajska Luzna;54;22;24;1;1-0;2.74;;3;52.08;47.92;U;47;53;Si;1-2;1;2;2;0;;https://betimate.com/it/football-predictions/ofk-dunajska-luzna-vs-fc-banik-prievidza/2026-10-03/game;10;2026-10-04 14:11;;2026-10-04 15:26;0;0;;;
2026-10-03;2026-10-03;15:00;2026-10-03;13:00;3. Liga slovacca;Slovakia 3. Liga;slovakia-3-liga;Sk2;FC Lokomotiva Kosice;MFK Vranov nad Toplou;72;15;13;1;2-0;3.39;23°C · pioggia 0% · vento 6 km/h;3.5;50.63;49.37;U;47;53;Si;3-0;3;0;1;1;;https://betimate.com/it/football-predictions/fc-lokomotiva-kosice-vs-mfk-vranov-nad-toplou/2026-10-03/game;10;2026-10-04 14:11;;2026-10-04 15:26;0;0;;;
2026-10-03;2026-10-03;15:00;2026-10-03;13:00;3. Liga slovacca;Slovakia 3. Liga;slovakia-3-liga;Sk2;Fomat Martin;SK Novohrad Lucenec;56;21;23;1;2-1;3.16;22°C · pioggia 0% · vento 5 km/h;3.25;50.59;49.41;U;44;56;Si;2-1;2;1;1;1;;https://betimate.com/it/football-predictions/fomat-martin-vs-sk-novohrad-lucenec/2026-10-03/game;11;2026-10-04 14:11;;2026-10-04 15:26;0;0;;;
2026-10-03;2026-10-03;15:00;2026-10-03;13:00;3. Liga slovacca;Slovakia 3. Liga;slovakia-3-liga;Sk2;MFk Kezmarok;Slovan Sabinov;48;23;29;1;1-0;2.68;;2.5;48.82;51.18;O;47;53;Si;0-0;0;0;X;0;;https://betimate.com/it/football-predictions/slovan-sabinov-vs-mfk-kezmarok/2026-10-03/game;11;2026-10-04 14:11;;2026-10-04 15:26;0;0;;;
2026-10-03;2026-10-03;15:00;2026-10-03;13:00;3. Liga slovacca;Slovakia 3. Liga;slovakia-3-liga;Sk2;MSK Kysucke Nove Mesto;TJ Tatran Oravske Vesele;43;23;34;1;1-0;2.83;21°C · pioggia 0% · vento 4 km/h;3;51.29;48.71;U;45;55;Si;1-0;1;0;1;1;;https://betimate.com/it/football-predictions/tj-tatran-oravske-vesele-vs-msk-kysucke-nove-mesto/2026-10-03/game;11;2026-10-04 14:11;;2026-10-04 15:26;0;0;;;
2026-10-03;2026-10-03;15:00;2026-10-03;13:00;3. Liga slovacca;Slovakia 3. Liga;slovakia-3-liga;Sk2;Namestovo;FK Podkonice;70;15;15;1;2-0;3.55;20°C · pioggia 0% · vento 5 km/h;3.25;48.29;51.71;O;44;56;Si;2-1;2;1;1;1;;https://betimate.com/it/football-predictions/namestovo-vs-fk-podkonice/2026-10-03/game;11;2026-10-04 14:11;;2026-10-04 15:26;0;0;;;
2026-10-03;2026-10-03;15:00;2026-10-03;13:00;3. Liga slovacca;Slovakia 3. Liga;slovakia-3-liga;Sk2;OK Castkovce;Puchov;43;22;35;1;2-1;3.02;;3;49.91;50.09;O;43;57;Si;1-2;1;2;2;0;;https://betimate.com/it/football-predictions/puchov-vs-ok-castkovce/2026-10-03/game;10;2026-10-04 14:11;;2026-10-04 15:26;0;0;;;
2026-10-03;2026-10-03;15:00;2026-10-03;13:00;3. Liga slovacca;Slovakia 3. Liga;slovakia-3-liga;Sk2;Odeva Lipany;Partizan Bardejov;66;16;18;1;2-1;3.75;22°C · pioggia 0% · vento 4 km/h;3.5;48.67;51.33;O;41;59;Si;1-3;1;3;2;0;;https://betimate.com/it/football-predictions/odeva-lipany-vs-partizan-bardejov/2026-10-03/game;40;2026-10-04 14:11;;2026-10-04 15:26;0;0;;;
2026-10-03;2026-10-03;15:00;2026-10-03;13:00;3. Liga slovacca;Slovakia 3. Liga;slovakia-3-liga;Sk2;Rimavska Sobota;FTC Filakovo;39;21;40;2;1-2;3.52;23°C · pioggia 0% · vento 4 km/h;3;46.44;53.56;O;39;61;Si;0-1;0;1;2;1;;https://betimate.com/it/football-predictions/rimavska-sobota-vs-ftc-filakovo/2026-10-03/game;11;2026-10-04 14:11;;2026-10-04 15:26;0;0;;;
2026-10-03;2026-10-03;15:00;2026-10-03;13:00;3. Liga slovacca;Slovakia 3. Liga;slovakia-3-liga;Sk2;SK 1923 Gabcikovo;Tj Druzstevnik Velke Ludince;58;19;23;1;2-1;3.55;;3;46.38;53.62;O;41;59;Si;5-2;5;2;1;1;;https://betimate.com/it/football-predictions/tj-druzstevnik-velke-ludince-vs-sk-1923-gabcikovo/2026-10-03/game;10;2026-10-04 14:11;;2026-10-04 15:26;0;0;;;
2026-10-03;2026-10-03;15:00;2026-10-03;13:00;3. Liga slovacca;Slovakia 3. Liga;slovakia-3-liga;Sk2;Slovan Duslo Sala;Raca Bratislava;42;22;36;1;2-1;3.12;24°C · pioggia 0% · vento 7 km/h;3;49.22;50.78;O;42;58;Si;0-0;0;0;X;0;;https://betimate.com/it/football-predictions/raca-bratislava-vs-slovan-duslo-sala/2026-10-03/game;10;2026-10-04 14:11;;2026-10-04 15:26;0;0;;;
2026-10-03;2026-10-03;15:00;2026-10-03;13:00;3. Liga slovacca;Slovakia 3. Liga;slovakia-3-liga;Sk2;Spartak Medzev;MFK Stara Lubovna;62;17;21;1;2-1;3.9;;3.75;49.14;50.86;O;39;61;Si;2-1;2;1;1;1;;https://betimate.com/it/football-predictions/spartak-medzev-vs-mfk-stara-lubovna/2026-10-03/game;40;2026-10-04 14:11;;2026-10-04 15:26;0;0;;;
2026-10-03;2026-10-03;15:00;2026-10-03;13:00;4. Liga ceca;Czechia 4. Liga;czechia-4-liga;;Bzenec;Hanacka Slavia Kromeriz B;65;16;19;1;2-1;3.96;22°C · pioggia 0% · vento 12 km/h;3.75;48.81;51.19;O;39;61;Si;1-0;1;0;1;1;;https://betimate.com/it/football-predictions/bzenec-vs-hanacka-slavia-kromeriz-b/2026-10-03/game;40;2026-10-04 14:11;;2026-10-04 15:26;0;0;;;
2026-10-03;2026-10-03;15:00;2026-10-03;13:00;4. Liga ceca;Czechia 4. Liga;czechia-4-liga;;FS Trebic;TJ Tatran Bohunice;21;21;58;2;0-1;2.83;;3;51.39;48.61;U;47;53;Si;1-0;1;0;1;0;;https://betimate.com/it/football-predictions/tj-tatran-bohunice-vs-fs-trebic/2026-10-03/game;11;2026-10-04 14:11;;2026-10-04 15:26;0;0;;;
2026-10-03;2026-10-03;15:00;2026-10-03;13:00;4. Liga ceca;Czechia 4. Liga;czechia-4-liga;;Jiskra Rymarov;FK Bohumin;24;15;61;2;2-3;5.38;19°C · pioggia 0% · vento 13 km/h;5.25;49.22;50.78;O;29;71;Si;1-4;1;4;2;1;;https://betimate.com/it/football-predictions/fk-bohumin-vs-jiskra-rymarov/2026-10-03/game;40;2026-10-04 14:11;;2026-10-04 15:26;0;0;;;
2026-10-03;2026-10-03;15:00;2026-10-03;13:00;4. Liga ceca;Czechia 4. Liga;czechia-4-liga;;SK Krumvir;Hluk;42;21;37;1;2-1;3.29;;3.25;49.73;50.27;O;41;59;Si;0-0;0;0;X;0;;https://betimate.com/it/football-predictions/hluk-vs-sk-krumvir/2026-10-03/game;11;2026-10-04 14:11;;2026-10-04 15:26;0;0;;;
2026-10-03;2026-10-03;15:00;2026-10-03;13:00;4. Liga ceca;Czechia 4. Liga;czechia-4-liga;;SK Stonava;Frydlant Nad Ostravici;87;7;6;1;4-1;5.26;;5;48.75;51.25;O;42;58;Si;4-1;4;1;1;1;;https://betimate.com/it/football-predictions/frydlant-nad-ostravici-vs-sk-stonava/2026-10-03/game;40;2026-10-04 14:11;;2026-10-04 15:26;0;0;;;
2026-10-03;2026-10-03;15:00;2026-10-03;13:00;4. Liga ceca;Czechia 4. Liga;czechia-4-liga;;Slavicin;SK Batov;63;18;19;1;2-1;3.48;;3.25;48.67;51.33;O;43;57;Si;4-2;4;2;1;1;;https://betimate.com/it/football-predictions/sk-batov-vs-slavicin/2026-10-03/game;41;2026-10-04 14:11;;2026-10-04 15:26;0;0;;;
2026-10-03;2026-10-03;15:00;2026-10-03;13:00;4. Liga ceca;Czechia 4. Liga;czechia-4-liga;;TJ Valasske Mezirici;Opava B;40;18;42;2;2-3;4.99;22°C · pioggia 0% · vento 9 km/h;4.75;48.56;51.44;O;29;71;Si;3-0;3;0;1;0;;https://betimate.com/it/football-predictions/opava-b-vs-tj-valasske-mezirici/2026-10-03/game;40;2026-10-04 14:11;;2026-10-04 15:26;0;0;;;
2026-10-03;2026-10-03;15:00;2026-10-03;13:00;4. Liga ceca;Czechia 4. Liga;czechia-4-liga;;Tj Milo Olomouc;FC Brumov;59;18;23;1;2-1;3.76;;3.25;47.07;52.93;O;39;61;Si;2-3;2;3;2;0;;https://betimate.com/it/football-predictions/fc-brumov-vs-tj-milo-olomouc/2026-10-03/game;41;2026-10-04 14:11;;2026-10-04 15:26;0;0;;;
2026-10-03;2026-10-03;15:00;2026-10-03;13:00;A Lyga Femminile Lituania;Lithuania A Lyga Women;lithuania-a-lyga-women;LALW;Gintra Universitetas (W);FK Transinvest (W);92;5;3;1;4-0;5.2;;4.75;47.62;52.38;O;51;49;No;;;;;;;https://betimate.com/it/football-predictions/fk-transinvest-w-vs-gintra-universitetas-w/2026-10-03/game;41;2026-10-04 14:11;;2026-10-04 15:26;0;0;;;
2026-10-03;2026-10-03;15:00;2026-10-03;13:00;Amichevoli europee;Europe Friendlies;europe-friendlies;EF;Austria Lustenau;Schalke;4;7;89;2;0-3;3.92;21°C · pioggia 0% · vento 11 km/h;3;43.61;56.39;O;49;51;Si;0-1;0;1;2;1;;https://betimate.com/it/football-predictions/austria-lustenau-vs-schalke/2026-10-03/game;3;2026-10-04 14:11;;2026-10-04 15:26;0;0;;;
2026-10-03;2026-10-03;15:00;2026-10-03;13:00;Amichevoli europee;Europe Friendlies;europe-friendlies;EF;Rodez Aveyron;Inter Club d'Escaldes;41;21;38;1;2-1;3.71;;3;45.4;54.6;O;38;62;Si;2-0;2;0;1;1;;https://betimate.com/it/football-predictions/rodez-aveyron-vs-inter-club-d-escaldes/2026-10-03/game;3;2026-10-04 14:11;;2026-10-04 15:26;0;0;;;
2026-10-03;2026-10-03;15:00;2026-10-03;13:00;Amichevoli europee;Europe Friendlies;europe-friendlies;EF;Sandefjord;Fredrikstad;42;28;30;1;1-0;2.29;;2.75;53.4;46.6;U;51;49;No;;;;;;;https://betimate.com/it/football-predictions/sandefjord-vs-fredrikstad/2026-10-03/game;3;2026-10-04 14:11;;2026-10-04 15:26;0;0;;;
2026-10-03;2026-10-03;15:00;2026-10-03;13:00;Brasile - Campeonato Goiano 2;Brazil Campeonato Goiano 2;brazil-campeonato-goiano-2;BCG2;Bom Jesus;Trindade;62;20;18;1;1-0;2.7;;2.5;48.78;51.22;O;50;50;Si;2-0;2;0;1;1;;https://betimate.com/it/football-predictions/trindade-vs-bom-jesus/2026-10-03/game;41;2026-10-04 14:11;;2026-10-04 15:26;0;0;;;
2026-10-03;2026-10-03;15:00;2026-10-03;13:00;Campeonato Brasiliense B brasiliano;Brazil Campeonato Brasiliense B;brazil-campeonato-brasiliense-b;BCBB;CA Taguatinga;Luziania;49;27;24;1;1-0;1.97;21°C · pioggia 52% · vento 15 km/h;2.25;52.34;47.66;U;55;45;No;2-0;2;0;1;1;;https://betimate.com/it/football-predictions/ca-taguatinga-vs-luziania/2026-10-03/game;11;2026-10-04 14:11;;2026-10-04 15:26;0;0;;;
2026-10-03;2026-10-03;15:00;2026-10-03;13:00;Campeonato Brasiliense B brasiliano;Brazil Campeonato Brasiliense B;brazil-campeonato-brasiliense-b;BCBB;Candango;Canaa EC;32;25;43;2;0-1;2.45;;3.25;55.59;44.41;U;49;51;Si;0-4;0;4;2;1;;https://betimate.com/it/football-predictions/canaa-ec-vs-candango/2026-10-03/game;11;2026-10-04 14:11;;2026-10-04 15:26;0;0;;;
2026-10-03;2026-10-03;15:00;2026-10-03;13:00;Campeonato Carioca U20 brasiliano;Brazil Campeonato Carioca U20;brazil-campeonato-carioca-u20;BCCU;Fluminense U20;Vasco Da Gama U20;37;21;42;2;0-1;2.8;21°C · pioggia 100% · vento 9 km/h;2.5;47.92;52.08;O;45;55;Si;1-1;1;1;X;0;;https://betimate.com/it/football-predictions/vasco-da-gama-u20-vs-fluminense-u20/2026-10-03/game;11;2026-10-04 14:11;;2026-10-04 15:26;0;0;;;
2026-10-03;2026-10-03;15:00;2026-10-03;13:00;Campeonato Carioca U20 brasiliano;Brazil Campeonato Carioca U20;brazil-campeonato-carioca-u20;BCCU;Madureira RJ U20;Boavista RJ U20;46;22;32;1;1-0;2.49;21°C · pioggia 100% · vento 7 km/h;3;54.02;45.98;U;49;51;Si;1-1;1;1;X;0;;https://betimate.com/it/football-predictions/boavista-rj-u20-vs-madureira-rj-u20/2026-10-03/game;11;2026-10-04 14:11;;2026-10-04 15:26;0;0;;;
2026-10-03;2026-10-03;15:00;2026-10-03;13:00;Campeonato Paraense A3 brasiliano;Brazil Campeonato Paraense A3;brazil-campeonato-paraense-a3;BCPA;Sport Club Belem;Parauapebas;51;19;30;1;2-1;3.96;;2.75;42.75;57.25;O;36;64;Si;2-0;2;0;1;1;;https://betimate.com/it/football-predictions/parauapebas-vs-sport-club-belem/2026-10-03/game;12;2026-10-04 14:11;;2026-10-04 15:26;0;0;;;
2026-10-03;2026-10-03;15:00;2026-10-03;13:00;Campionato Femminile Sudafrica;South Africa League Women;south-africa-league-women;SALW;University of Fort Hare (W);Ramatlaohle FC (W);53;25;22;1;1-0;1.88;;2.5;54.06;45.94;U;63;37;No;1-0;1;0;1;1;;https://betimate.com/it/football-predictions/university-of-fort-hare-w-vs-ramatlaohle-fc-w/2026-10-03/game;11;2026-10-04 14:11;;2026-10-04 15:26;0;0;;;
2026-10-03;2026-10-03;15:00;2026-10-03;13:00;Campionato U19 francese;France U19 League;france-u19-league;FUL;Ajaccio GFCA U19;Olympique Rovenain U19;35;18;47;2;1-2;3.86;27°C · pioggia 8% · vento 8 km/h;3.75;49.27;50.73;O;36;64;Si;2-1;2;1;1;0;;https://betimate.com/it/football-predictions/ajaccio-gfca-u19-vs-olympique-rovenain-u19/2026-10-03/game;41;2026-10-04 14:11;;2026-10-04 15:26;0;0;;;
2026-10-03;2026-10-03;15:00;2026-10-03;13:00;Campionato U19 francese;France U19 League;france-u19-league;FUL;Brest U19;Laval U19;64;16;20;1;2-1;3.78;21°C · pioggia 0% · vento 12 km/h;3.5;48.52;51.48;O;40;60;Si;3-3;3;3;X;0;;https://betimate.com/it/football-predictions/laval-u19-vs-brest-u19/2026-10-03/game;41;2026-10-04 14:11;;2026-10-04 15:26;0;0;;;
2026-10-03;2026-10-03;15:00;2026-10-03;13:00;Campionato U19 francese;France U19 League;france-u19-league;FUL;Saint-Lo Manche U19;Rennes U19;13;12;75;2;1-3;4.22;;4;48.83;51.17;O;41;59;Si;1-3;1;3;2;1;;https://betimate.com/it/football-predictions/rennes-u19-vs-saint-lo-manche-u19/2026-10-03/game;41;2026-10-04 14:11;;2026-10-04 15:26;0;0;;;
2026-10-03;2026-10-03;15:00;2026-10-03;13:00;Campionato U19 francese;France U19 League;france-u19-league;FUL;Valenciennes U19;Dunkerque U19;58;18;24;1;2-1;3.43;21°C · pioggia 0% · vento 5 km/h;3;47.07;52.93;O;42;58;Si;4-2;4;2;1;1;;https://betimate.com/it/football-predictions/valenciennes-u19-vs-dunkerque-u19/2026-10-03/game;11;2026-10-04 14:11;;2026-10-04 15:26;0;0;;;
2026-10-03;2026-10-03;15:00;2026-10-03;13:00;Copa Goiás U20 brasiliana;Brazil Copa Goias U20;brazil-copa-goias-u20;BCGU;Goias U20;Aparecidense U20;73;13;14;1;2-1;3.91;;3;44.14;55.86;O;43;57;Si;2-0;2;0;1;1;;https://betimate.com/it/football-predictions/goias-u20-vs-aparecidense-u20/2026-10-03/game;12;2026-10-04 14:11;;2026-10-04 15:26;0;0;;;
2026-10-03;2026-10-03;15:00;2026-10-03;13:00;Copa Goiás U20 brasiliana;Brazil Copa Goias U20;brazil-copa-goias-u20;BCGU;Planalto EC U20;Guanabara City U20;27;23;50;2;0-1;2.34;;2.5;50.8;49.2;U;51;49;No;0-3;0;3;2;1;;https://betimate.com/it/football-predictions/guanabara-city-u20-vs-planalto-ec-u20/2026-10-03/game;11;2026-10-04 14:11;;2026-10-04 15:26;0;0;;;
2026-10-03;2026-10-03;15:00;2026-10-03;13:00;Croazia - 3. NL;Croatia 3.NL;croatia-3-nl;C3;NK Lokomotiva Rijeka;NK Kraljevica;55;20;25;1;2-1;3.25;;3.25;50.06;49.94;U;43;57;Si;1-0;1;0;1;1;;https://betimate.com/it/football-predictions/nk-kraljevica-vs-nk-lokomotiva-rijeka/2026-10-03/game;11;2026-10-04 14:11;;2026-10-04 15:26;0;0;;;
2026-10-03;2026-10-03;15:00;2026-10-03;13:00;Croazia - 3. NL;Croatia 3.NL;croatia-3-nl;C3;NK Ponikve;NK Udarnik Kurilovec;30;22;48;2;1-2;2.98;;2.5;47.03;52.97;O;44;56;Si;0-3;0;3;2;1;;https://betimate.com/it/football-predictions/nk-udarnik-kurilovec-vs-nk-ponikve/2026-10-03/game;41;2026-10-04 14:11;;2026-10-04 15:26;0;0;;;
2026-10-03;2026-10-03;15:00;2026-10-03;13:00;Croazia - 3. NL;Croatia 3.NL;croatia-3-nl;C3;NK Samobor;NK Zagorec Krapina;54;19;27;1;2-1;3.43;;2.75;45.72;54.28;O;41;59;Si;3-1;3;1;1;1;;https://betimate.com/it/football-predictions/nk-samobor-vs-nk-zagorec-krapina/2026-10-03/game;11;2026-10-04 14:11;;2026-10-04 15:26;0;0;;;
2026-10-03;2026-10-03;15:00;2026-10-03;13:00;Damallsvenskan svedese;Sweden Damallsvenskan;sweden-damallsvenskan;SD;Vaxjo (W);Kristianstads (W);18;17;65;2;1-2;3.7;16°C · pioggia 0% · vento 11 km/h;3;45.43;54.57;O;42;58;Si;0-2;0;2;2;1;;https://betimate.com/it/football-predictions/kristianstads-w-vs-vaxjo-w/2026-10-03/game;10;2026-10-04 14:11;;2026-10-04 15:26;0;0;;;
2026-10-03;2026-10-03;15:00;2026-10-03;13:00;Danimarca - Elitedivisionen Femminile;Danish Womens Elitedivisionen;danish-womens-elitedivisionen;DWE;FC Copenhagen (W);Brondby (W);17;15;68;2;1-2;3.63;;3.75;50.48;49.52;U;47;53;Si;1-2;1;2;2;1;;https://betimate.com/it/football-predictions/fc-copenhagen-w-vs-brondby-w/2026-10-03/game;11;2026-10-04 14:11;;2026-10-04 15:26;0;0;;;
2026-10-03;2026-10-03;15:00;2026-10-03;13:00;Derde Divisie Paesi Bassi;Netherlands Derde Divisie;netherlands-derde-divisie;NDD;Purmersteijn;Harkemase Boys;39;24;37;1;1-0;2.63;;2.5;49.09;50.91;O;47;53;Si;4-2;4;2;1;1;;https://betimate.com/it/football-predictions/harkemase-boys-vs-purmersteijn/2026-10-03/game;40;2026-10-04 14:11;;2026-10-04 15:26;0;0;;;
2026-10-03;2026-10-03;15:00;2026-10-03;13:00;Derde Divisie Paesi Bassi;Netherlands Derde Divisie;netherlands-derde-divisie;NDD;Sportlust '46;Excelsior '31;37;23;40;2;1-2;2.96;;2.75;48.57;51.43;O;44;56;Si;0-3;0;3;2;1;;https://betimate.com/it/football-predictions/excelsior-31-vs-sportlust-46/2026-10-03/game;40;2026-10-04 14:11;;2026-10-04 15:26;0;0;;;
2026-10-03;2026-10-03;15:00;2026-10-03;13:00;Derde Divisie Paesi Bassi;Netherlands Derde Divisie;netherlands-derde-divisie;NDD;TOGB;Roosendaal;36;20;44;2;1-2;3.95;;3.5;47.59;52.41;O;36;64;Si;4-3;4;3;1;0;;https://betimate.com/it/football-predictions/togb-vs-roosendaal/2026-10-03/game;40;2026-10-04 14:11;;2026-10-04 15:26;0;0;;;
2026-10-03;2026-10-03;15:00;2026-10-03;13:00;Derde Divisie Paesi Bassi;Netherlands Derde Divisie;netherlands-derde-divisie;NDD;VV Scherpenzeel;ACV Assen;31;22;47;2;1-2;3.01;;2.75;48.21;51.79;O;44;56;Si;4-2;4;2;1;0;;https://betimate.com/it/football-predictions/acv-assen-vs-vv-scherpenzeel/2026-10-03/game;40;2026-10-04 14:11;;2026-10-04 15:26;0;0;;;
2026-10-03;2026-10-03;15:00;2026-10-03;13:00;Division 2 Norrland Svezia;Sweden 2.div Norrland;sweden-2-div-norrland;;IFK Lulea;Skellefteå FF;44;23;33;1;1-0;2.78;12°C · pioggia 36% · vento 12 km/h;2.75;49.76;50.24;O;46;54;Si;4-2;4;2;1;1;;https://betimate.com/it/football-predictions/ifk-lulea-vs-skellefte-ff/2026-10-03/game;10;2026-10-04 14:11;;2026-10-04 15:26;0;0;;;
2026-10-03;2026-10-03;15:00;2026-10-03;13:00;Division 3 Gruppo 2 Norvegia;Norway Division 3 Group 2;norway-division-3-group-2;;Aalesunds FK 2;NTNUI;55;18;27;1;2-1;4.14;13°C · pioggia 94% · vento 31 km/h;4.25;50.48;49.52;U;36;64;Si;1-3;1;3;2;0;;https://betimate.com/it/football-predictions/ntnui-vs-aalesunds-fk-2/2026-10-03/game;11;2026-10-04 14:11;;2026-10-04 15:26;0;0;;;
2026-10-03;2026-10-03;15:00;2026-10-03;13:00;Division 3 Gruppo 2 Norvegia;Norway Division 3 Group 2;norway-division-3-group-2;;Kvik Trondheim;Byåsen;25;20;55;2;1-2;3.35;;3.5;50.76;49.24;U;42;58;Si;1-2;1;2;2;1;;https://betimate.com/it/football-predictions/by-sen-vs-kvik-trondheim/2026-10-03/game;10;2026-10-04 14:11;;2026-10-04 15:26;0;0;;;
2026-10-03;2026-10-03;15:00;2026-10-03;13:00;Division 3 norvegese - Gruppo 3;Norway Division 3 Group 3;norway-division-3-group-3;;Førde;Fyllingsdalen;78;12;10;1;3-0;4.16;12°C · pioggia 100% · vento 9 km/h;4.25;50.47;49.53;U;43;57;Si;6-2;6;2;1;1;;https://betimate.com/it/football-predictions/f-rde-vs-fyllingsdalen/2026-10-03/game;10;2026-10-04 14:11;;2026-10-04 15:26;0;0;;;
2026-10-03;2026-10-03;15:00;2026-10-03;13:00;Division 3 norvegese - Gruppo 4;Norway Division 3 Group 4;norway-division-3-group-4;;Vag FK;Varhaug;41;23;36;1;2-1;2.93;;3.5;53.24;46.76;U;44;56;Si;4-1;4;1;1;1;;https://betimate.com/it/football-predictions/varhaug-vs-vag-fk/2026-10-03/game;10;2026-10-04 14:11;;2026-10-04 15:26;0;0;;;
2026-10-03;2026-10-03;15:00;2026-10-03;13:00;Division 3 norvegese - Gruppo 4;Norway Division 3 Group 4;norway-division-3-group-4;;Vindbjart;Flekkerøy;50;22;28;1;2-1;2.98;15°C · pioggia 87% · vento 10 km/h;3.75;54.64;45.36;U;44;56;Si;1-2;1;2;2;0;;https://betimate.com/it/football-predictions/vindbjart-vs-flekker-y/2026-10-03/game;10;2026-10-04 14:11;;2026-10-04 15:26;0;0;;;
2026-10-03;2026-10-03;15:00;2026-10-03;13:00;Division 3 norvegese - Gruppo 5;Norway Division 3 Group 5;norway-division-3-group-5;;Tromso 2;Finnsnes IL;59;20;21;1;1-0;2.96;12°C · pioggia 0% · vento 7 km/h;2.75;48.63;51.37;O;46;54;Si;1-1;1;1;X;0;;https://betimate.com/it/football-predictions/finnsnes-il-vs-tromso-2/2026-10-03/game;40;2026-10-04 14:11;;2026-10-04 15:26;0;0;;;
2026-10-03;2026-10-03;15:00;2026-10-03;13:00;Division 3 norvegese - Gruppo 6;Norway Division 3 Group 6;norway-division-3-group-6;;Brumunddal;Ørn Horten;16;14;70;2;1-3;4.5;13°C · pioggia 100% · vento 6 km/h;4.25;48.62;51.38;O;37;63;Si;0-4;0;4;2;1;;https://betimate.com/it/football-predictions/brumunddal-vs-rn-horten/2026-10-03/game;40;2026-10-04 14:11;;2026-10-04 15:26;0;0;;;
2026-10-03;2026-10-03;15:00;2026-10-03;13:00;Division 3 norvegese - Gruppo 6;Norway Division 3 Group 6;norway-division-3-group-6;;Elverum;Bjørkelangen;94;4;2;1;4-0;5.77;13°C · pioggia 89% · vento 8 km/h;5.5;48.86;51.14;O;47;53;Si;5-0;5;0;1;1;;https://betimate.com/it/football-predictions/elverum-vs-bj-rkelangen/2026-10-03/game;40;2026-10-04 14:11;;2026-10-04 15:26;0;0;;;
2026-10-03;2026-10-03;15:00;2026-10-03;13:00;División Intermedia paraguaiana;Paraguay Division Intermedia;paraguay-division-intermedia;PDI;Club Atlético Tembetary;Tacuary;47;24;29;1;1-0;2.52;;2.5;49.87;50.13;O;48;52;Si;3-2;3;2;1;1;;https://betimate.com/it/football-predictions/tacuary-vs-club-atletico-tembetary/2026-10-03/game;11;2026-10-04 14:11;;2026-10-04 15:26;0;0;;;
2026-10-03;2026-10-03;15:00;2026-10-03;13:00;División Intermedia paraguaiana;Paraguay Division Intermedia;paraguay-division-intermedia;PDI;Paraguari AC;3 de Noviembre;40;23;37;1;2-1;3.01;;2.25;44.92;55.08;O;43;57;Si;1-0;1;0;1;1;;https://betimate.com/it/football-predictions/3-de-noviembre-vs-paraguari-ac/2026-10-03/game;11;2026-10-04 14:11;;2026-10-04 15:26;0;0;;;
2026-10-03;2026-10-03;15:00;2026-10-03;13:00;Eccellenza Italia;Italy Eccellenza;italy-eccellenza;IE;Camaiore;Castelnuovo Garfagnana;30;24;46;2;0-1;2.5;;2.5;49.92;50.08;O;49;51;Si;2-2;2;2;X;0;;https://betimate.com/it/football-predictions/camaiore-vs-castelnuovo-garfagnana/2026-10-03/game;11;2026-10-04 14:11;;2026-10-04 15:26;0;0;;;
2026-10-03;2026-10-03;15:00;2026-10-03;13:00;Eccellenza Italia;Italy Eccellenza;italy-eccellenza;IE;Imolese;SSD Futball Cava Ronco;41;26;33;1;1-0;2.3;;2.75;53.1;46.9;U;50;50;Si;2-1;2;1;1;1;;https://betimate.com/it/football-predictions/imolese-vs-ssd-futball-cava-ronco/2026-10-03/game;11;2026-10-04 14:11;;2026-10-04 15:26;0;0;;;
2026-10-03;2026-10-03;15:00;2026-10-03;13:00;Eccellenza Italia;Italy Eccellenza;italy-eccellenza;IE;Rimini;AC San Marino Calcio;47;27;26;1;1-0;2.13;;3;57.31;42.69;U;53;47;No;1-0;1;0;1;1;;https://betimate.com/it/football-predictions/rimini-vs-ac-san-marino-calcio/2026-10-03/game;11;2026-10-04 14:11;;2026-10-04 15:26;0;0;;;
2026-10-03;2026-10-03;15:00;2026-10-03;13:00;Eccellenza Italia;Italy Eccellenza;italy-eccellenza;IE;Vis Cittadella SRL;ASD Fabbrico Calcio;40;26;34;1;1-0;2.35;;2.75;52.73;47.27;U;50;50;Si;1-1;1;1;X;0;;https://betimate.com/it/football-predictions/asd-fabbrico-calcio-vs-vis-cittadella-srl/2026-10-03/game;41;2026-10-04 14:11;;2026-10-04 15:26;0;0;;;
2026-10-03;2026-10-03;15:00;2026-10-03;13:00;Ettan Norra Svezia;Sweden 1.div Norra;sweden-1-div-norra;Se3;FBK Karlstad;AFC Eskilstuna;40;21;39;1;2-1;3.44;16°C · pioggia 3% · vento 18 km/h;3;47;53;O;40;60;Si;2-2;2;2;X;0;;https://betimate.com/it/football-predictions/afc-eskilstuna-vs-fbk-karlstad/2026-10-03/game;5;2026-10-04 14:11;;2026-10-04 15:26;0;0;;;
2026-10-03;2026-10-03;15:00;2026-10-03;13:00;Gamma Ethniki Grecia;Greece Gamma Ethniki;greece-gamma-ethniki;GGE;AO Loutraki;Pelopas Kiatou;55;24;21;1;1-0;2.2;;2;48.54;51.46;O;54;46;No;2-0;2;0;1;1;;https://betimate.com/it/football-predictions/pelopas-kiatou-vs-ao-loutraki/2026-10-03/game;41;2026-10-04 14:11;;2026-10-04 15:26;0;0;;;
2026-10-03;2026-10-03;15:00;2026-10-03;13:00;Gamma Ethniki Grecia;Greece Gamma Ethniki;greece-gamma-ethniki;GGE;AO Telos Agras;Panthouriakos FC;41;24;35;1;1-0;2.62;;2.5;49.17;50.83;O;47;53;Si;1-2;1;2;2;0;;https://betimate.com/it/football-predictions/panthouriakos-fc-vs-ao-telos-agras/2026-10-03/game;41;2026-10-04 14:11;;2026-10-04 15:26;0;0;;;
2026-10-03;2026-10-03;15:00;2026-10-03;13:00;Gamma Ethniki Grecia;Greece Gamma Ethniki;greece-gamma-ethniki;GGE;Akrites Sykeon;Posidonas Neas Michanionas;47;23;30;1;1-0;2.73;;2.75;50.11;49.89;U;46;54;Si;0-2;0;2;2;0;;https://betimate.com/it/football-predictions/posidonas-neas-michanionas-vs-akrites-sykeon/2026-10-03/game;41;2026-10-04 14:11;;2026-10-04 15:26;0;0;;;
2026-10-03;2026-10-03;15:00;2026-10-03;13:00;Gamma Ethniki Grecia;Greece Gamma Ethniki;greece-gamma-ethniki;GGE;Asteras Vlachioti;Panargiakos;45;23;32;1;1-0;2.69;23°C · pioggia 0% · vento 30 km/h;2.5;48.75;51.25;O;46;54;Si;1-1;1;1;X;0;;https://betimate.com/it/football-predictions/panargiakos-vs-asteras-vlachioti/2026-10-03/game;41;2026-10-04 14:11;;2026-10-04 15:26;0;0;;;
2026-10-03;2026-10-03;15:00;2026-10-03;13:00;Gamma Ethniki Grecia;Greece Gamma Ethniki;greece-gamma-ethniki;GGE;Ermis Kiveriou;Panthireatikos;52;22;26;1;1-0;2.79;;2.75;49.7;50.3;O;46;54;Si;3-1;3;1;1;1;;https://betimate.com/it/football-predictions/ermis-kiveriou-vs-panthireatikos/2026-10-03/game;41;2026-10-04 14:11;;2026-10-04 15:26;0;0;;;
2026-10-03;2026-10-03;15:00;2026-10-03;13:00;Gamma Ethniki Grecia;Greece Gamma Ethniki;greece-gamma-ethniki;GGE;Iraklis Thermaikou;PAS Panedessaikos;58;23;19;1;1-0;2.32;;2.25;49.69;50.31;O;53;47;No;2-0;2;0;1;1;;https://betimate.com/it/football-predictions/iraklis-thermaikou-vs-pas-panedessaikos/2026-10-03/game;41;2026-10-04 14:11;;2026-10-04 15:26;0;0;;;
2026-10-03;2026-10-03;15:00;2026-10-03;13:00;Gamma Ethniki Grecia;Greece Gamma Ethniki;greece-gamma-ethniki;GGE;Iraklis Xylokastro;Asteras Amaliadas;46;24;30;1;1-0;2.72;;2.25;46.79;53.21;O;46;54;Si;4-2;4;2;1;1;;https://betimate.com/it/football-predictions/asteras-amaliadas-vs-iraklis-xylokastro/2026-10-03/game;41;2026-10-04 14:11;;2026-10-04 15:26;0;0;;;
2026-10-03;2026-10-03;15:00;2026-10-03;13:00;Gamma Ethniki Grecia;Greece Gamma Ethniki;greece-gamma-ethniki;GGE;Kilkisiakos;Makedonikos;51;21;28;1;2-1;3.17;23°C · pioggia 0% · vento 12 km/h;2.25;43.99;56.01;O;43;57;Si;0-2;0;2;2;0;;https://betimate.com/it/football-predictions/makedonikos-vs-kilkisiakos/2026-10-03/game;41;2026-10-04 14:11;;2026-10-04 15:26;0;0;;;
2026-10-03;2026-10-03;15:00;2026-10-03;13:00;Gamma Ethniki Grecia;Greece Gamma Ethniki;greece-gamma-ethniki;GGE;Polykastro;Finikas Polichnis;57;22;21;1;1-0;2.81;;2.75;49.59;50.41;O;47;53;Si;0-1;0;1;2;0;;https://betimate.com/it/football-predictions/finikas-polichnis-vs-polykastro/2026-10-03/game;41;2026-10-04 14:11;;2026-10-04 15:26;0;0;;;
2026-10-03;2026-10-03;15:00;2026-10-03;13:00;Greece U19 Cup;Greece U19 Cup;greece-u19-cup;GUC;Panetolikos U19;AE Kifisias U19;46;20;34;1;2-1;3;;2.5;46.74;53.26;O;44;56;Si;3-1;3;1;1;1;;https://betimate.com/it/football-predictions/panetolikos-u19-vs-ae-kifisias-u19/2026-10-03/game;11;2026-10-04 14:11;;2026-10-04 15:26;0;0;;;
2026-10-03;2026-10-03;15:00;2026-10-03;13:00;III Liga polacca;Poland III Liga;poland-iii-liga;PlC;KS Stilon Gorzow;Barycz Sulow;44;24;32;1;1-0;2.59;;2.75;51.03;48.97;U;47;53;Si;2-1;2;1;1;1;;https://betimate.com/it/football-predictions/ks-stilon-gorzow-vs-barycz-sulow/2026-10-03/game;19;2026-10-04 14:11;;2026-10-04 15:26;0;0;;;
2026-10-03;2026-10-03;15:00;2026-10-03;13:00;III Liga polacca;Poland III Liga;poland-iii-liga;PlC;KTS Weszlo;Olimpia Zambrow;71;15;14;1;2-1;3.96;;3.25;46.04;53.96;O;42;58;Si;1-3;1;3;2;0;;https://betimate.com/it/football-predictions/kts-weszlo-vs-olimpia-zambrow/2026-10-03/game;19;2026-10-04 14:11;;2026-10-04 15:26;0;0;;;
2026-10-03;2026-10-03;15:00;2026-10-03;13:00;III Liga polacca;Poland III Liga;poland-iii-liga;PlC;Lechia Tomaszow Mazowiecki;Polonia Lidzbark;47;20;33;1;2-1;3.61;;3.25;47.87;52.13;O;39;61;Si;1-2;1;2;2;0;;https://betimate.com/it/football-predictions/lechia-tomaszow-mazowiecki-vs-polonia-lidzbark/2026-10-03/game;2;2026-10-04 14:11;;2026-10-04 15:26;0;0;;;
2026-10-03;2026-10-03;15:00;2026-10-03;13:00;III Liga polacca;Poland III Liga;poland-iii-liga;PlC;Pelikan Lowicz;Widzew Lodz II;49;20;31;1;2-1;3.58;;3;46.1;53.9;O;39;61;Si;1-1;1;1;X;0;;https://betimate.com/it/football-predictions/pelikan-lowicz-vs-widzew-lodz-ii/2026-10-03/game;2;2026-10-04 14:11;;2026-10-04 15:26;0;0;;;
2026-10-03;2026-10-03;15:00;2026-10-03;13:00;III Liga polacca;Poland III Liga;poland-iii-liga;PlC;Siarka Tarnobrzeg;Korona Kielce II;49;19;32;1;2-1;3.96;20°C · pioggia 0% · vento 5 km/h;3.75;48.75;51.25;O;36;64;Si;1-2;1;2;2;0;;https://betimate.com/it/football-predictions/siarka-tarnobrzeg-vs-korona-kielce-ii/2026-10-03/game;19;2026-10-04 14:11;;2026-10-04 15:26;0;0;;;
2026-10-03;2026-10-03;15:00;2026-10-03;13:00;III Liga polacca;Poland III Liga;poland-iii-liga;PlC;Sleza Wroclaw;Karkonosze Jelenia Gora;31;21;48;2;1-2;3.21;;3;48.56;51.44;O;42;58;Si;2-0;2;0;1;0;;https://betimate.com/it/football-predictions/sleza-wroclaw-vs-karkonosze-jelenia-gora/2026-10-03/game;2;2026-10-04 14:11;;2026-10-04 15:26;0;0;;;
2026-10-03;2026-10-03;15:00;2026-10-03;13:00;III Liga polacca;Poland III Liga;poland-iii-liga;PlC;Stal Brzeg;Carina Gubin;39;24;37;1;1-0;2.67;;2.5;48.88;51.12;O;46;54;Si;0-1;0;1;2;0;;https://betimate.com/it/football-predictions/stal-brzeg-vs-carina-gubin/2026-10-03/game;19;2026-10-04 14:11;;2026-10-04 15:26;0;0;;;
2026-10-03;2026-10-03;15:00;2026-10-03;13:00;IV Liga Polonia;Poland IV Liga;poland-iv-liga;PIL;Obra Koscian;Klos Budzyn;41;21;38;1;2-1;3.26;;3.25;49.92;50.08;O;41;59;Si;1-4;1;4;2;0;;https://betimate.com/it/football-predictions/obra-koscian-vs-klos-budzyn/2026-10-03/game;41;2026-10-04 14:11;;2026-10-04 15:26;0;0;;;
2026-10-03;2026-10-03;15:00;2026-10-03;13:00;IV Liga Polonia;Poland IV Liga;poland-iv-liga;PIL;Tluchowia Tluchowo;Cuiavia Inowroclaw;44;21;35;1;2-1;3.38;;3.75;52.02;47.98;U;40;60;Si;6-0;6;0;1;1;;https://betimate.com/it/football-predictions/cuiavia-inowroclaw-vs-tluchowia-tluchowo/2026-10-03/game;11;2026-10-04 14:11;;2026-10-04 15:26;0;0;;;
2026-10-03;2026-10-03;15:00;2026-10-03;13:00;IV Liga Polonia;Poland IV Liga;poland-iv-liga;PIL;Ursus Warsawa;Legionovia Legionowo;58;17;25;1;2-1;4.62;;3.25;42.59;57.41;O;33;67;Si;4-2;4;2;1;1;;https://betimate.com/it/football-predictions/legionovia-legionowo-vs-ursus-warsawa/2026-10-03/game;11;2026-10-04 14:11;;2026-10-04 15:26;0;0;;;
2026-10-03;2026-10-03;15:00;2026-10-03;13:00;Irlanda - Campionato U20;Republic of Ireland U20 League;republic-of-ireland-u20-league;RoIU;Cork City U20;Bohemians Dublin U20;53;18;29;1;2-1;3.44;;3.25;48.81;51.19;O;40;60;Si;3-1;3;1;1;1;;https://betimate.com/it/football-predictions/bohemians-dublin-u20-vs-cork-city-u20/2026-10-03/game;11;2026-10-04 14:11;;2026-10-04 15:26;0;0;;;
2026-10-03;2026-10-03;15:00;2026-10-03;13:00;Italy Campionato Primavera 3;Italy Campionato Primavera 3;italy-campionato-primavera-3;ICP3;FC Guidonia Montecelio 1937 U19;Arezzo U19;39;19;42;2;1-2;3.6;;3;45.87;54.13;O;38;62;Si;0-0;0;0;X;0;;https://betimate.com/it/football-predictions/arezzo-u19-vs-fc-guidonia-montecelio-1937-u19/2026-10-03/game;11;2026-10-04 14:11;;2026-10-04 15:26;0;0;;;
2026-10-03;2026-10-03;15:00;2026-10-03;13:00;Italy Campionato Primavera 3;Italy Campionato Primavera 3;italy-campionato-primavera-3;ICP3;Giana Erminio U19;Carrarese U19;34;17;49;2;1-2;3.81;;2.5;42.44;57.56;O;36;64;Si;3-4;3;4;2;1;;https://betimate.com/it/football-predictions/giana-erminio-u19-vs-carrarese-u19/2026-10-03/game;11;2026-10-04 14:11;;2026-10-04 15:26;0;0;;;
2026-10-03;2026-10-03;15:00;2026-10-03;13:00;Italy Campionato Primavera 3;Italy Campionato Primavera 3;italy-campionato-primavera-3;ICP3;Novara U19;Arzignano Valchiampo U19;48;16;36;1;2-1;4.37;;2.5;39.7;60.3;O;32;68;Si;2-1;2;1;1;1;;https://betimate.com/it/football-predictions/novara-u19-vs-arzignano-valchiampo-u19/2026-10-03/game;11;2026-10-04 14:11;;2026-10-04 15:26;0;0;;;
2026-10-03;2026-10-03;15:00;2026-10-03;13:00;Italy Campionato Primavera 3;Italy Campionato Primavera 3;italy-campionato-primavera-3;ICP3;Sorrento U19;Cavese U19;49;20;31;1;1-0;2.82;;3;51.32;48.68;U;46;54;Si;4-0;4;0;1;1;;https://betimate.com/it/football-predictions/cavese-u19-vs-sorrento-u19/2026-10-03/game;11;2026-10-04 14:11;;2026-10-04 15:26;0;0;;;
2026-10-03;2026-10-03;15:00;2026-10-03;13:00;Italy Campionato Primavera 3;Italy Campionato Primavera 3;italy-campionato-primavera-3;ICP3;US Pergolettese U19;Alcione Milano U19;29;16;55;2;1-2;4.32;;3;41.58;58.42;O;33;67;Si;2-3;2;3;2;1;;https://betimate.com/it/football-predictions/us-pergolettese-u19-vs-alcione-milano-u19/2026-10-03/game;11;2026-10-04 14:11;;2026-10-04 15:26;0;0;;;
2026-10-03;2026-10-03;15:00;2026-10-03;13:00;Italy Campionato Primavera 4;Italy Campionato Primavera 4;italy-campionato-primavera-4;ICP4;ASD Pineto Calcio U19;Casertana U19;27;16;57;2;1-2;3.88;;3;44.16;55.84;O;37;63;Si;4-1;4;1;1;0;;https://betimate.com/it/football-predictions/casertana-u19-vs-asd-pineto-calcio-u19/2026-10-03/game;41;2026-10-04 14:11;;2026-10-04 15:26;0;0;;;
2026-10-03;2026-10-03;15:00;2026-10-03;13:00;Italy Campionato Primavera 4;Italy Campionato Primavera 4;italy-campionato-primavera-4;ICP4;Desenzano U19;San Marino Academy U19;59;18;23;1;2-1;3.24;;3;48.36;51.64;O;44;56;Si;2-1;2;1;1;1;;https://betimate.com/it/football-predictions/san-marino-academy-u19-vs-desenzano-u19/2026-10-03/game;11;2026-10-04 14:11;;2026-10-04 15:26;0;0;;;
2026-10-03;2026-10-03;15:00;2026-10-03;13:00;Italy Campionato Primavera 4;Italy Campionato Primavera 4;italy-campionato-primavera-4;ICP4;Ravenna U19;Forli U19;60;17;23;1;2-1;3.54;;3.25;48.26;51.74;O;41;59;Si;2-0;2;0;1;1;;https://betimate.com/it/football-predictions/forli-u19-vs-ravenna-u19/2026-10-03/game;11;2026-10-04 14:11;;2026-10-04 15:26;0;0;;;
2026-10-03;2026-10-03;15:00;2026-10-03;13:00;Kakkonen finlandese - Gruppo C;Finland Kakkonen Group C;finland-kakkonen-group-c;FKGC;SJK Akatemia II;JS Hercules;61;17;22;1;2-1;4.42;;4.5;50.21;49.79;U;35;65;Si;1-2;1;2;2;0;;https://betimate.com/it/football-predictions/js-hercules-vs-sjk-akatemia-ii/2026-10-03/game;11;2026-10-04 14:11;;2026-10-04 15:26;0;0;;;
2026-10-03;2026-10-03;15:00;2026-10-03;13:00;Kolmonen finlandese;Finland Kolmonen;finland-kolmonen;FK;FC Lasten;NoPS;77;11;12;1;4-1;5.79;;5.25;47.47;52.53;O;32;68;Si;3-1;3;1;1;1;;https://betimate.com/it/football-predictions/nops-vs-fc-lasten/2026-10-03/game;10;2026-10-04 14:11;;2026-10-04 15:26;0;0;;;
2026-10-03;2026-10-03;15:00;2026-10-03;13:00;Kolmonen finlandese;Finland Kolmonen;finland-kolmonen;FK;LTU;IFK Mariehamn II;43;20;37;1;2-1;3.59;;3.5;49.43;50.57;O;38;62;Si;1-1;1;1;X;0;;https://betimate.com/it/football-predictions/ifk-mariehamn-ii-vs-ltu/2026-10-03/game;40;2026-10-04 14:11;;2026-10-04 15:26;0;0;;;
2026-10-03;2026-10-03;15:00;2026-10-03;13:00;Kolmonen finlandese;Finland Kolmonen;finland-kolmonen;FK;MaPS;Kaapo;56;19;25;1;2-1;3.56;15°C · pioggia 12% · vento 11 km/h;3.5;49.61;50.39;O;40;60;Si;7-1;7;1;1;1;;https://betimate.com/it/football-predictions/kaapo-vs-maps/2026-10-03/game;40;2026-10-04 14:11;;2026-10-04 15:26;0;0;;;
2026-10-03;2026-10-03;15:00;2026-10-03;13:00;Kolmonen finlandese;Finland Kolmonen;finland-kolmonen;FK;Peimari United;ACF;81;11;8;1;3-0;4.2;;4;48.92;51.08;O;45;55;Si;2-1;2;1;1;1;;https://betimate.com/it/football-predictions/peimari-united-vs-acf/2026-10-03/game;40;2026-10-04 14:11;;2026-10-04 15:26;0;0;;;
2026-10-03;2026-10-03;15:00;2026-10-03;13:00;Landesliga austriaca;Austria Landesliga;austria-landesliga;AL;SPG Pregarten;Union Gschwandt;42;24;34;1;1-0;2.7;;2.5;48.66;51.34;O;46;54;Si;1-3;1;3;2;0;;https://betimate.com/it/football-predictions/spg-pregarten-vs-union-gschwandt/2026-10-03/game;23;2026-10-04 14:11;;2026-10-04 15:26;0;0;;;
2026-10-03;2026-10-03;15:00;2026-10-03;13:00;Ligue A Burundi;Burundi Premier League;burundi-premier-league;Bi1;Aigle Noir;Ngozi City FC;69;18;13;1;2-0;3.13;29°C · pioggia 38% · vento 8 km/h;3;48.85;51.15;O;45;55;Si;2-1;2;1;1;1;;https://betimate.com/it/football-predictions/aigle-noir-vs-ngozi-city-fc/2026-10-03/game;41;2026-10-04 14:11;;2026-10-04 15:26;0;0;;;
2026-10-03;2026-10-03;15:00;2026-10-03;13:00;Ligue A Burundi;Burundi Premier League;burundi-premier-league;Bi1;Never Give Up Academy;Musongati FC;27;32;41;2;0-1;1.85;;1.75;49.25;50.75;O;56;44;No;0-2;0;2;2;1;;https://betimate.com/it/football-predictions/musongati-fc-vs-never-give-up-academy/2026-10-03/game;41;2026-10-04 14:11;;2026-10-04 15:26;0;0;;;
2026-10-03;2026-10-03;15:00;2026-10-03;13:00;National 2 francese;France National 2;france-national-2;FN2;Epinal;Creteil;35;26;39;2;0-1;2.19;22°C · pioggia 0% · vento 7 km/h;2;48.56;51.44;O;51;49;No;0-1;0;1;2;1;;https://betimate.com/it/football-predictions/creteil-vs-epinal/2026-10-03/game;21;2026-10-04 14:11;;2026-10-04 15:26;0;0;;;
2026-10-03;2026-10-03;15:00;2026-10-03;13:00;National Division 1 Belgio;Belgium First Amateur Division;belgium-first-amateur-division;BFAD;Union Saint Gilloise II;RWD Molenbeek;38;26;36;1;1-0;2.33;;2.5;51.06;48.94;U;50;50;Si;4-2;4;2;1;1;;https://betimate.com/it/football-predictions/rwd-molenbeek-vs-union-saint-gilloise-ii/2026-10-03/game;20;2026-10-04 14:11;;2026-10-04 15:26;0;0;;;
2026-10-03;2026-10-03;15:00;2026-10-03;13:00;Oberliga Baden-Württemberg (Germania);Germany Oberliga Baden-Wuerttemberg;germany-oberliga-baden-wuerttemberg;De5;FC 08 Villingen;TSV Essingen;51;22;27;1;1-0;2.81;20°C · pioggia 0% · vento 5 km/h;2.75;49.54;50.46;O;46;54;Si;1-0;1;0;1;1;;https://betimate.com/it/football-predictions/tsv-essingen-vs-fc-08-villingen/2026-10-03/game;23;2026-10-04 14:11;;2026-10-04 15:26;0;0;;;
2026-10-03;2026-10-03;15:00;2026-10-03;13:00;Oberliga Hessen (Germania);Germany Oberliga Hessen;germany-oberliga-hessen;De5;FSV Fernwald;Rot-Weiss Walldorf;46;20;34;1;2-1;3.72;20°C · pioggia 0% · vento 2 km/h;3.5;48.79;51.21;O;38;62;Si;2-2;2;2;X;0;;https://betimate.com/it/football-predictions/rot-weiss-walldorf-vs-fsv-fernwald/2026-10-03/game;23;2026-10-04 14:11;;2026-10-04 15:26;0;0;;;
2026-10-03;2026-10-03;15:00;2026-10-03;13:00;Oberliga Hessen (Germania);Germany Oberliga Hessen;germany-oberliga-hessen;De5;Hünfelder SV;Darmstadt II;36;19;45;2;1-2;3.91;19°C · pioggia 0% · vento 3 km/h;3.75;49;51;O;36;64;Si;0-3;0;3;2;1;;https://betimate.com/it/football-predictions/h-nfelder-sv-vs-darmstadt-ii/2026-10-03/game;23;2026-10-04 14:11;;2026-10-04 15:26;0;0;;;
2026-10-03;2026-10-03;15:00;2026-10-03;13:00;Oberliga Rheinland-Pfalz/Saar (Germania);Germany Oberliga Rheinland-Pfalz/Saar;germany-oberliga-rheinland-pfalz-saar;De5;Elversberg II;Rot-Weiss Koblenz;35;22;43;2;1-2;2.93;20°C · pioggia 0% · vento 6 km/h;2.75;48.74;51.26;O;44;56;Si;2-2;2;2;X;0;;https://betimate.com/it/football-predictions/rot-weiss-koblenz-vs-elversberg-ii/2026-10-03/game;23;2026-10-04 14:11;;2026-10-04 15:26;0;0;;;
2026-10-03;2026-10-03;15:00;2026-10-03;13:00;Oberliga Schleswig-Holstein (Germania);Germany Oberliga Schleswig-Holstein;germany-oberliga-schleswig-holstein;De5;SC Rapid Lübeck;TSB Flensburg;47;19;34;1;2-1;4.21;;4;48.7;51.3;O;34;66;Si;0-5;0;5;2;0;;https://betimate.com/it/football-predictions/tsb-flensburg-vs-sc-rapid-l-beck/2026-10-03/game;23;2026-10-04 14:11;;2026-10-04 15:26;0;0;;;
2026-10-03;2026-10-03;15:00;2026-10-03;13:00;Premier Division Irlanda;Ireland National League;ireland-national-league;INL;CK United;Killarney Celtic;55;19;26;1;2-1;3.66;;3.5;49.05;50.95;O;39;61;Si;3-1;3;1;1;1;;https://betimate.com/it/football-predictions/killarney-celtic-vs-ck-united/2026-10-03/game;41;2026-10-04 14:11;;2026-10-04 15:26;0;0;;;
2026-10-03;2026-10-03;15:00;2026-10-03;13:00;Prima Divisione Tanzania;Tanzania First Division;tanzania-first-division;TFD;Mtibwa Sugar;Mbeya Kwanza FC;33;24;43;2;0-1;2.68;32°C · pioggia 0% · vento 9 km/h;2.5;48.81;51.19;O;46;54;Si;1-0;1;0;1;0;;https://betimate.com/it/football-predictions/mtibwa-sugar-vs-mbeya-kwanza-fc/2026-10-03/game;41;2026-10-04 14:11;;2026-10-04 15:26;0;0;;;
2026-10-03;2026-10-03;15:00;2026-10-03;13:00;Prima Divisione Tanzania;Tanzania First Division;tanzania-first-division;TFD;Stand United;Rhino Rangers FC;36;30;34;1;1-0;1.86;34°C · pioggia 0% · vento 10 km/h;1.75;49.21;50.79;O;55;45;No;1-0;1;0;1;1;;https://betimate.com/it/football-predictions/stand-united-vs-rhino-rangers-fc/2026-10-03/game;41;2026-10-04 14:11;;2026-10-04 15:26;0;0;;;
2026-10-03;2026-10-03;15:00;2026-10-03;13:00;Prima Divisione Tanzania;Tanzania First Division;tanzania-first-division;TFD;Tanzania Prisons;Songea United;43;27;30;1;1-0;2;25°C · pioggia 76% · vento 5 km/h;1.75;48.11;51.89;O;54;46;No;1-0;1;0;1;1;;https://betimate.com/it/football-predictions/tanzania-prisons-vs-songea-united/2026-10-03/game;41;2026-10-04 14:11;;2026-10-04 15:26;0;0;;;
2026-10-03;2026-10-03;15:00;2026-10-03;13:00;Prima Lega Bosnia-Erzegovina;Bosnia & Herzegovina 1st League;bosnia-herzegovina-1st-league;Ba2;Bratstvo Gracanica;NK Tosk Tesanj;49;26;25;1;1-0;2.21;18°C · pioggia 0% · vento 4 km/h;2.25;50.39;49.61;U;52;48;No;1-3;1;3;2;0;;https://betimate.com/it/football-predictions/bratstvo-gracanica-vs-nk-tosk-tesanj/2026-10-03/game;40;2026-10-04 14:11;;2026-10-04 15:26;0;0;;;
2026-10-03;2026-10-03;15:00;2026-10-03;13:00;Prima Lega Bosnia-Erzegovina;Bosnia & Herzegovina 1st League;bosnia-herzegovina-1st-league;Ba2;FC Velez Nevesinje;FK Potkozarje;43;23;34;1;1-0;2.77;20°C · pioggia 0% · vento 9 km/h;2.5;48.26;51.74;O;46;54;Si;2-1;2;1;1;1;;https://betimate.com/it/football-predictions/fc-velez-nevesinje-vs-fk-potkozarje/2026-10-03/game;41;2026-10-04 14:11;;2026-10-04 15:26;0;0;;;
2026-10-03;2026-10-03;15:00;2026-10-03;13:00;Prima Lega Bosnia-Erzegovina;Bosnia & Herzegovina 1st League;bosnia-herzegovina-1st-league;Ba2;FK Drina Zvornik;FK Kozara Gradiska;64;22;14;1;1-0;2.25;24°C · pioggia 0% · vento 10 km/h;2.5;51.75;48.25;U;56;44;No;1-0;1;0;1;1;;https://betimate.com/it/football-predictions/fk-kozara-gradiska-vs-fk-drina-zvornik/2026-10-03/game;11;2026-10-04 14:11;;2026-10-04 15:26;0;0;;;
2026-10-03;2026-10-03;15:00;2026-10-03;13:00;Prima Lega Bosnia-Erzegovina;Bosnia & Herzegovina 1st League;bosnia-herzegovina-1st-league;Ba2;FK Igman Konjic;Buducnost Banovici;51;24;25;1;1-0;2.5;23°C · pioggia 0% · vento 7 km/h;2.25;48.24;51.76;O;49;51;Si;2-1;2;1;1;1;;https://betimate.com/it/football-predictions/buducnost-banovici-vs-fk-igman-konjic/2026-10-03/game;40;2026-10-04 14:11;;2026-10-04 15:26;0;0;;;
2026-10-03;2026-10-03;15:00;2026-10-03;13:00;Prima Lega Bosnia-Erzegovina;Bosnia & Herzegovina 1st League;bosnia-herzegovina-1st-league;Ba2;HNK Capljina;HNK Tomislav;44;22;34;1;2-1;3.11;27°C · pioggia 0% · vento 9 km/h;2.5;46.29;53.71;O;42;58;Si;4-2;4;2;1;1;;https://betimate.com/it/football-predictions/hnk-capljina-vs-hnk-tomislav/2026-10-03/game;40;2026-10-04 14:11;;2026-10-04 15:26;0;0;;;
2026-10-03;2026-10-03;15:00;2026-10-03;13:00;Prima Lega Bosnia-Erzegovina;Bosnia & Herzegovina 1st League;bosnia-herzegovina-1st-league;Ba2;Jedinstvo;FK Radnik Hadzici;55;23;22;1;1-0;2.46;21°C · pioggia 0% · vento 8 km/h;2.25;48.54;51.46;O;51;49;No;0-2;0;2;2;0;;https://betimate.com/it/football-predictions/jedinstvo-vs-fk-radnik-hadzici/2026-10-03/game;40;2026-10-04 14:11;;2026-10-04 15:26;0;0;;;
2026-10-03;2026-10-03;15:00;2026-10-03;13:00;Prima Lega Bosnia-Erzegovina;Bosnia & Herzegovina 1st League;bosnia-herzegovina-1st-league;Ba2;Leotar;FK Majevica Lopare;59;23;18;1;1-0;2.43;22°C · pioggia 0% · vento 11 km/h;2.25;48.87;51.13;O;52;48;No;6-0;6;0;1;1;;https://betimate.com/it/football-predictions/leotar-vs-fk-majevica-lopare/2026-10-03/game;41;2026-10-04 14:11;;2026-10-04 15:26;0;0;;;
2026-10-03;2026-10-03;15:00;2026-10-03;13:00;Prima Lega Bosnia-Erzegovina;Bosnia & Herzegovina 1st League;bosnia-herzegovina-1st-league;Ba2;NK Stupcanica Olovo;NK Zvijezda Gradacac;60;21;19;1;1-0;2.72;21°C · pioggia 0% · vento 10 km/h;2.5;48.63;51.37;O;49;51;Si;1-1;1;1;X;0;;https://betimate.com/it/football-predictions/nk-zvijezda-gradacac-vs-nk-stupcanica-olovo/2026-10-03/game;40;2026-10-04 14:11;;2026-10-04 15:26;0;0;;;
2026-10-03;2026-10-03;15:00;2026-10-03;13:00;Prima Lega Bosnia-Erzegovina;Bosnia & Herzegovina 1st League;bosnia-herzegovina-1st-league;Ba2;NK Travnik;GOSK Gabela;56;24;20;1;1-0;2.32;20°C · pioggia 0% · vento 12 km/h;2.25;49.65;50.35;O;53;47;No;2-2;2;2;X;0;;https://betimate.com/it/football-predictions/gosk-gabela-vs-nk-travnik/2026-10-03/game;11;2026-10-04 14:11;;2026-10-04 15:26;0;0;;;
2026-10-03;2026-10-03;15:00;2026-10-03;13:00;Prima Lega Bosnia-Erzegovina;Bosnia & Herzegovina 1st League;bosnia-herzegovina-1st-league;Ba2;Romanija Pale;FK Laktasi;16;19;65;2;0-2;2.81;17°C · pioggia 0% · vento 10 km/h;2.75;49.59;50.41;O;50;50;Si;2-1;2;1;1;0;;https://betimate.com/it/football-predictions/fk-laktasi-vs-romanija-pale/2026-10-03/game;41;2026-10-04 14:11;;2026-10-04 15:26;0;0;;;
2026-10-03;2026-10-03;15:00;2026-10-03;13:00;Prima Lega Bosnia-Erzegovina;Bosnia & Herzegovina 1st League;bosnia-herzegovina-1st-league;Ba2;Rudar Kakanj;NK Vitez;45;27;28;1;1-0;2.17;23°C · pioggia 0% · vento 3 km/h;2;48.75;51.25;O;52;48;No;2-0;2;0;1;1;;https://betimate.com/it/football-predictions/nk-vitez-vs-rudar-kakanj/2026-10-03/game;40;2026-10-04 14:11;;2026-10-04 15:26;0;0;;;
2026-10-03;2026-10-03;15:00;2026-10-03;13:00;Prima Lega Bosnia-Erzegovina;Bosnia & Herzegovina 1st League;bosnia-herzegovina-1st-league;Ba2;Slavija Sarajevo;FK Famos Vojkovici;56;23;21;1;1-0;2.32;21°C · pioggia 0% · vento 6 km/h;2.25;49.61;50.39;O;52;48;No;1-1;1;1;X;0;;https://betimate.com/it/football-predictions/slavija-sarajevo-vs-fk-famos-vojkovici/2026-10-03/game;41;2026-10-04 14:11;;2026-10-04 15:26;0;0;;;
2026-10-03;2026-10-03;15:00;2026-10-03;13:00;Prima Lega bielorussa;Belarus Division 1;belarus-division-1;BD1;FC Smorgon;FC Osipovichi;57;23;20;1;1-0;2.93;17°C · pioggia 0% · vento 8 km/h;2.75;49.14;50.86;O;47;53;Si;2-0;2;0;1;1;;https://betimate.com/it/football-predictions/fc-smorgon-vs-fc-osipovichi/2026-10-03/game;41;2026-10-04 14:11;;2026-10-04 15:26;0;0;;;
2026-10-03;2026-10-03;15:00;2026-10-03;13:00;Primera B Paraguay;Paraguay Primera B;paraguay-primera-b;PPB;Club General Martin Ledesma;Club 1 de Marzo Pilar;56;21;23;1;1-0;2.93;;2.75;48.81;51.19;O;46;54;Si;1-1;1;1;X;0;;https://betimate.com/it/football-predictions/club-general-martin-ledesma-vs-club-1-de-marzo-pilar/2026-10-03/game;41;2026-10-04 14:11;;2026-10-04 15:26;0;0;;;
2026-10-03;2026-10-03;15:00;2026-10-03;13:00;Prva Liga Serbia;Serbia Prva Liga;serbia-prva-liga;Rs2;Teleoptik;Bor 1919;34;26;40;2;0-1;2.76;23°C · pioggia 0% · vento 10 km/h;2.75;50.12;49.88;U;46;54;Si;2-0;2;0;1;0;;https://betimate.com/it/football-predictions/teleoptik-vs-bor-1919/2026-10-03/game;5;2026-10-04 14:11;;2026-10-04 15:26;0;0;;;
2026-10-03;2026-10-03;15:00;2026-10-03;13:00;Regionalliga Nord Germania;Germany Regionalliga North;germany-regionalliga-north;De4;Hannover II;Phonix Lubeck;38;25;37;1;2-1;3.23;20°C · pioggia 0% · vento 2 km/h;3;48.64;51.36;O;41;59;Si;3-2;3;2;1;1;;https://betimate.com/it/football-predictions/hannover-ii-vs-phonix-lubeck/2026-10-03/game;20;2026-10-04 14:11;;2026-10-04 15:26;0;0;;;
2026-10-03;2026-10-03;15:00;2026-10-03;13:00;Regionalliga Sud Austria;Austria Regionalliga South;austria-regionalliga-south;ARS;SVG Bleiburg;SV Donau Klagenfurt;32;26;42;2;0-1;2.25;;3;56.2;43.8;U;51;49;No;3-1;3;1;1;0;;https://betimate.com/it/football-predictions/svg-bleiburg-vs-sv-donau-klagenfurt/2026-10-03/game;11;2026-10-04 14:11;;2026-10-04 15:26;0;0;;;
2026-10-03;2026-10-03;15:00;2026-10-03;13:00;Seconda Lega russa;Russia Division 2;russia-division-2;RD2;FC Nart Cherkessk;FC Dynamo-2 Makhachkala;71;18;11;1;2-0;2.66;;2.5;49.1;50.9;O;54;46;No;2-0;2;0;1;1;;https://betimate.com/it/football-predictions/fc-nart-cherkessk-vs-fc-dynamo-2-makhachkala/2026-10-03/game;41;2026-10-04 14:11;;2026-10-04 15:26;0;0;;;
2026-10-03;2026-10-03;15:00;2026-10-03;13:00;Seconda Lega russa;Russia Division 2;russia-division-2;RD2;FK Druzhba Maikop;Neftyanik Izberbash;65;19;16;1;2-0;3.04;13°C · pioggia 0% · vento 10 km/h;2.75;48.2;51.8;O;48;52;Si;4-0;4;0;1;1;;https://betimate.com/it/football-predictions/fk-druzhba-maikop-vs-neftyanik-izberbash/2026-10-03/game;41;2026-10-04 14:11;;2026-10-04 15:26;0;0;;;
2026-10-03;2026-10-03;15:00;2026-10-03;13:00;Seconda Lega russa;Russia Division 2;russia-division-2;RD2;FK Tyumen;Zenit St Petersburg II;35;24;41;2;1-2;3.71;9°C · pioggia 99% · vento 19 km/h;3.5;48.85;51.15;O;38;62;Si;0-1;0;1;2;1;;https://betimate.com/it/football-predictions/fk-tyumen-vs-zenit-st-petersburg-ii/2026-10-03/game;40;2026-10-04 14:11;;2026-10-04 15:26;0;0;;;
2026-10-03;2026-10-03;15:00;2026-10-03;13:00;Seconda Lega russa;Russia Division 2;russia-division-2;RD2;Spartak Nalchik;FK Astrakhan;43;24;33;1;1-0;2.64;10°C · pioggia 25% · vento 2 km/h;2.5;49.03;50.97;O;47;53;Si;2-1;2;1;1;1;;https://betimate.com/it/football-predictions/spartak-nalchik-vs-fk-astrakhan/2026-10-03/game;41;2026-10-04 14:11;;2026-10-04 15:26;0;0;;;
2026-10-03;2026-10-03;15:00;2026-10-03;13:00;Serie A Femminile;Italy Serie A Women;italy-serie-a-women;ISAW;Fiorentina (W);Sassuolo (W);59;19;22;1;1-0;2.69;27°C · pioggia 0% · vento 7 km/h;2.75;50.18;49.82;U;54;46;No;2-0;2;0;1;1;;https://betimate.com/it/football-predictions/fiorentina-w-vs-sassuolo-w/2026-10-03/game;11;2026-10-04 14:11;;2026-10-04 15:26;0;0;;;
2026-10-03;2026-10-03;15:00;2026-10-03;13:00;Serie B Femminile Italia;Italy Serie B Women;italy-serie-b-women;ISBW;Venezia (W);Bologna (W);21;18;61;2;0-1;2.77;;2.75;49.55;50.45;O;54;46;No;1-3;1;3;2;1;;https://betimate.com/it/football-predictions/bologna-w-vs-venezia-w/2026-10-03/game;41;2026-10-04 14:11;;2026-10-04 15:26;0;0;;;
2026-10-03;2026-10-03;15:00;2026-10-03;13:00;Srpska Liga Serbia;Serbia Srpska Liga;serbia-srpska-liga;SSL;Buducnost Dobanovci;Pkb Padinska Skela;52;27;21;1;1-0;1.94;24°C · pioggia 0% · vento 12 km/h;1.75;48.68;51.32;O;56;44;No;1-0;1;0;1;1;;https://betimate.com/it/football-predictions/buducnost-dobanovci-vs-pkb-padinska-skela/2026-10-03/game;21;2026-10-04 14:11;;2026-10-04 15:26;0;0;;;
2026-10-03;2026-10-03;15:00;2026-10-03;13:00;Srpska Liga Serbia;Serbia Srpska Liga;serbia-srpska-liga;SSL;FK BSK 1926;FK T6 Nika;27;24;49;2;0-1;2.39;;2.25;49.09;50.91;O;50;50;Si;3-3;3;3;X;0;;https://betimate.com/it/football-predictions/fk-bsk-1926-vs-fk-t6-nika/2026-10-03/game;21;2026-10-04 14:11;;2026-10-04 15:26;0;0;;;
2026-10-03;2026-10-03;15:00;2026-10-03;13:00;Srpska Liga Serbia;Serbia Srpska Liga;serbia-srpska-liga;SSL;FK Djerdap Kladovo;FK Malosiste;55;20;25;1;2-1;3.17;;3;48.94;51.06;O;43;57;Si;0-1;0;1;2;0;;https://betimate.com/it/football-predictions/fk-djerdap-kladovo-vs-fk-malosiste/2026-10-03/game;21;2026-10-04 14:11;;2026-10-04 15:26;0;0;;;
2026-10-03;2026-10-03;15:00;2026-10-03;13:00;Srpska Liga Serbia;Serbia Srpska Liga;serbia-srpska-liga;SSL;FK Jedinstvo Surcin;GSP Polet;33;27;40;2;0-1;2.17;;2;48.68;51.32;O;52;48;No;1-1;1;1;X;0;;https://betimate.com/it/football-predictions/gsp-polet-vs-fk-jedinstvo-surcin/2026-10-03/game;21;2026-10-04 14:11;;2026-10-04 15:26;0;0;;;
2026-10-03;2026-10-03;15:00;2026-10-03;13:00;Srpska Liga Serbia;Serbia Srpska Liga;serbia-srpska-liga;SSL;FK Morava Cuprija;OFK Brzi Brod;28;22;50;2;1-2;3.12;;3;49.25;50.75;O;43;57;Si;2-1;2;1;1;0;;https://betimate.com/it/football-predictions/ofk-brzi-brod-vs-fk-morava-cuprija/2026-10-03/game;21;2026-10-04 14:11;;2026-10-04 15:26;0;0;;;
2026-10-03;2026-10-03;15:00;2026-10-03;13:00;Srpska Liga Serbia;Serbia Srpska Liga;serbia-srpska-liga;SSL;FK Pcinja Trgoviste;FK Sloga Leskovac;51;19;30;1;2-1;3.73;;3.5;48.7;51.3;O;38;62;Si;2-3;2;3;2;0;;https://betimate.com/it/football-predictions/fk-pcinja-trgoviste-vs-fk-sloga-leskovac/2026-10-03/game;21;2026-10-04 14:11;;2026-10-04 15:26;0;0;;;
2026-10-03;2026-10-03;15:00;2026-10-03;13:00;Srpska Liga Serbia;Serbia Srpska Liga;serbia-srpska-liga;SSL;FK Rembas Resavica;FK Jagodina Tabane;35;23;42;2;1-2;2.85;;2.75;49.25;50.75;O;45;55;Si;4-0;4;0;1;0;;https://betimate.com/it/football-predictions/fk-jagodina-tabane-vs-fk-rembas-resavica/2026-10-03/game;21;2026-10-04 14:11;;2026-10-04 15:26;0;0;;;
2026-10-03;2026-10-03;15:00;2026-10-03;13:00;Srpska Liga Serbia;Serbia Srpska Liga;serbia-srpska-liga;SSL;FK Timok Zajecar;FK Vlasina;55;21;24;1;2-1;3.05;21°C · pioggia 0% · vento 16 km/h;3;49.71;50.29;O;44;56;Si;6-0;6;0;1;1;;https://betimate.com/it/football-predictions/fk-timok-zajecar-vs-fk-vlasina/2026-10-03/game;21;2026-10-04 14:11;;2026-10-04 15:26;0;0;;;
2026-10-03;2026-10-03;15:00;2026-10-03;13:00;Srpska Liga Serbia;Serbia Srpska Liga;serbia-srpska-liga;SSL;FK Timočanin;Radnicki Svilajnac;42;24;34;1;1-0;2.66;;2.5;48.95;51.05;O;47;53;Si;2-1;2;1;1;1;;https://betimate.com/it/football-predictions/radnicki-svilajnac-vs-fk-timo-anin/2026-10-03/game;21;2026-10-04 14:11;;2026-10-04 15:26;0;0;;;
2026-10-03;2026-10-03;15:00;2026-10-03;13:00;Srpska Liga Serbia;Serbia Srpska Liga;serbia-srpska-liga;SSL;FK Zvezdara;Radnicki Obrenovac;29;20;51;2;1-2;3.41;;3.25;49;51;O;41;59;Si;0-2;0;2;2;1;;https://betimate.com/it/football-predictions/radnicki-obrenovac-vs-fk-zvezdara/2026-10-03/game;21;2026-10-04 14:11;;2026-10-04 15:26;0;0;;;
2026-10-03;2026-10-03;15:00;2026-10-03;13:00;Srpska Liga Serbia;Serbia Srpska Liga;serbia-srpska-liga;SSL;Radnicki Pirot;FK Trayal Krusevac;52;22;26;1;2-1;3.05;21°C · pioggia 0% · vento 9 km/h;3;49.78;50.22;O;44;56;Si;0-0;0;0;X;0;;https://betimate.com/it/football-predictions/radnicki-pirot-vs-fk-trayal-krusevac/2026-10-03/game;21;2026-10-04 14:11;;2026-10-04 15:26;0;0;;;
2026-10-03;2026-10-03;15:00;2026-10-03;13:00;Super League Zambia;Zambia Super League;zambia-super-league;ZSL;Kabwe Warriors;ZESCO United;36;33;31;1;1-0;1.85;26°C · pioggia 0% · vento 7 km/h;1.75;49.26;50.74;O;55;45;No;1-1;1;1;X;0;;https://betimate.com/it/football-predictions/zesco-united-vs-kabwe-warriors/2026-10-03/game;41;2026-10-04 14:11;;2026-10-04 15:26;0;0;;;
2026-10-03;2026-10-03;15:00;2026-10-03;13:00;Super League Zambia;Zambia Super League;zambia-super-league;ZSL;Konkola Blades;Power Dynamos;25;31;44;2;0-1;1.89;28°C · pioggia 3% · vento 3 km/h;1.75;48.88;51.12;O;56;44;No;2-1;2;1;1;0;;https://betimate.com/it/football-predictions/konkola-blades-vs-power-dynamos/2026-10-03/game;41;2026-10-04 14:11;;2026-10-04 15:26;0;0;;;
2026-10-03;2026-10-03;15:00;2026-10-03;13:00;Super League Zambia;Zambia Super League;zambia-super-league;ZSL;Mufulira Wanderers;Green Eagles;37;37;26;1;1-0;1.49;29°C · pioggia 8% · vento 3 km/h;1.75;52.63;47.37;U;62;38;No;1-4;1;4;2;0;;https://betimate.com/it/football-predictions/green-eagles-vs-mufulira-wanderers/2026-10-03/game;11;2026-10-04 14:11;;2026-10-04 15:26;0;0;;;
2026-10-03;2026-10-03;15:00;2026-10-03;13:00;Super League Zambia;Zambia Super League;zambia-super-league;ZSL;NAPSA Stars;Maestro United Zambia;38;33;29;1;1-0;1.85;26°C · pioggia 0% · vento 7 km/h;1.75;49.24;50.76;O;56;44;No;1-1;1;1;X;0;;https://betimate.com/it/football-predictions/napsa-stars-vs-maestro-united-zambia/2026-10-03/game;41;2026-10-04 14:11;;2026-10-04 15:26;0;0;;;
2026-10-03;2026-10-03;15:00;2026-10-03;13:00;Super League Zambia;Zambia Super League;zambia-super-league;ZSL;Nchanga Rangers;Zanaco FC;47;32;21;1;1-0;1.85;27°C · pioggia 2% · vento 5 km/h;1.75;49.21;50.79;O;57;43;No;0-1;0;1;2;0;;https://betimate.com/it/football-predictions/zanaco-fc-vs-nchanga-rangers/2026-10-03/game;41;2026-10-04 14:11;;2026-10-04 15:26;0;0;;;
2026-10-03;2026-10-03;15:00;2026-10-03;13:00;Super League Zambia;Zambia Super League;zambia-super-league;ZSL;Nkwazi;Roan United;44;34;22;1;1-0;1.67;26°C · pioggia 0% · vento 7 km/h;1.5;48.93;51.07;O;60;40;No;1-2;1;2;2;0;;https://betimate.com/it/football-predictions/nkwazi-vs-roan-united/2026-10-03/game;41;2026-10-04 14:11;;2026-10-04 15:26;0;0;;;
2026-10-03;2026-10-03;15:00;2026-10-03;13:00;Super League Zambia;Zambia Super League;zambia-super-league;ZSL;Trident FC;Nkana FC;38;33;29;1;1-0;1.8;29°C · pioggia 0% · vento 2 km/h;1.75;49.56;50.44;O;56;44;No;0-1;0;1;2;0;;https://betimate.com/it/football-predictions/nkana-fc-vs-trident-fc/2026-10-03/game;41;2026-10-04 14:11;;2026-10-04 15:26;0;0;;;
2026-10-03;2026-10-03;15:00;2026-10-03;13:00;Terza Divisione Cipro;Cyprus Division 3;cyprus-division-3;CD3;Aspis Pylas;Othellos Athienou;32;27;41;2;0-1;2.23;25°C · pioggia 15% · vento 6 km/h;2;48.17;51.83;O;51;49;No;0-1;0;1;2;1;;https://betimate.com/it/football-predictions/othellos-athienou-vs-aspis-pylas/2026-10-03/game;40;2026-10-04 14:11;;2026-10-04 15:26;0;0;;;
2026-10-03;2026-10-03;15:00;2026-10-03;13:00;Terza Divisione Cipro;Cyprus Division 3;cyprus-division-3;CD3;Ethnikos Assias;AEK Kellion;60;21;19;1;1-0;2.66;23°C · pioggia 58% · vento 2 km/h;2.5;49.02;50.98;O;50;50;Si;0-0;0;0;X;0;;https://betimate.com/it/football-predictions/ethnikos-assias-vs-aek-kellion/2026-10-03/game;41;2026-10-04 14:11;;2026-10-04 15:26;0;0;;;
2026-10-03;2026-10-03;15:00;2026-10-03;13:00;Terza Divisione Cipro;Cyprus Division 3;cyprus-division-3;CD3;FC Leivadia 2022;Aen Ayiou Georgiou Vrysoullon-Acheritou;67;16;17;1;2-1;4.04;;3.75;48.35;51.65;O;40;60;Si;2-2;2;2;X;0;;https://betimate.com/it/football-predictions/fc-leivadia-2022-vs-aen-ayiou-georgiou-vrysoullon-acheritou/2026-10-03/game;41;2026-10-04 14:11;;2026-10-04 15:26;0;0;;;
2026-10-03;2026-10-03;15:00;2026-10-03;13:00;Terza Divisione Cipro;Cyprus Division 3;cyprus-division-3;CD3;Kedros Ayia Marina Skylloura;Anorthosis Mouttagiakas;61;21;18;1;1-0;2.76;;2.5;48.45;51.55;O;49;51;Si;2-4;2;4;2;0;;https://betimate.com/it/football-predictions/kedros-ayia-marina-skylloura-vs-anorthosis-mouttagiakas/2026-10-03/game;40;2026-10-04 14:11;;2026-10-04 15:26;0;0;;;
2026-10-03;2026-10-03;15:00;2026-10-03;13:00;Terza Divisione Cipro;Cyprus Division 3;cyprus-division-3;CD3;Omonia Psevda;Alki Larnaca;40;25;35;1;1-0;2.47;23°C · pioggia 53% · vento 12 km/h;2.25;48.48;51.52;O;48;52;Si;0-4;0;4;2;0;;https://betimate.com/it/football-predictions/alki-larnaca-vs-omonia-psevda/2026-10-03/game;40;2026-10-04 14:11;;2026-10-04 15:26;0;0;;;
2026-10-03;2026-10-03;15:00;2026-10-03;13:00;Terza Divisione Cipro;Cyprus Division 3;cyprus-division-3;CD3;Ormideia FC;Ethnikos Latsion;46;23;31;1;1-0;2.7;;2.5;48.68;51.32;O;46;54;Si;1-3;1;3;2;0;;https://betimate.com/it/football-predictions/ethnikos-latsion-vs-ormideia-fc/2026-10-03/game;40;2026-10-04 14:11;;2026-10-04 15:26;0;0;;;
2026-10-03;2026-10-03;15:00;2026-10-03;13:00;Terza Divisione Cipro;Cyprus Division 3;cyprus-division-3;CD3;Thoi Lakatamias;Elpida Xylofagou;38;23;39;2;0-1;2.77;23°C · pioggia 63% · vento 2 km/h;3;51.8;48.2;U;45;55;Si;3-0;3;0;1;0;;https://betimate.com/it/football-predictions/thoi-lakatamias-vs-elpida-xylofagou/2026-10-03/game;40;2026-10-04 14:11;;2026-10-04 15:26;0;0;;;
2026-10-03;2026-10-03;15:00;2026-10-03;13:00;Treta Liga Bulgaria;Bulgaria Third League;bulgaria-third-league;BTL;Atletik Kuklen;Rozova Dolina;31;23;46;2;1-2;2.93;;2.75;48.74;51.26;O;44;56;Si;3-3;3;3;X;0;;https://betimate.com/it/football-predictions/atletik-kuklen-vs-rozova-dolina/2026-10-03/game;40;2026-10-04 14:11;;2026-10-04 15:26;0;0;;;
2026-10-03;2026-10-03;15:00;2026-10-03;13:00;Treta Liga Bulgaria;Bulgaria Third League;bulgaria-third-league;BTL;Chavdar Etropole;Slivnishki Geroy;38;23;39;2;1-2;2.95;17°C · pioggia 0% · vento 11 km/h;2.75;48.65;51.35;O;44;56;Si;2-1;2;1;1;0;;https://betimate.com/it/football-predictions/chavdar-etropole-vs-slivnishki-geroy/2026-10-03/game;40;2026-10-04 14:11;;2026-10-04 15:26;0;0;;;
2026-10-03;2026-10-03;15:00;2026-10-03;13:00;Treta Liga Bulgaria;Bulgaria Third League;bulgaria-third-league;BTL;Devnya;Ustrem Donchevo;41;21;38;1;2-1;3.63;;3.5;49.22;50.78;O;38;62;Si;2-1;2;1;1;1;;https://betimate.com/it/football-predictions/ustrem-donchevo-vs-devnya/2026-10-03/game;40;2026-10-04 14:11;;2026-10-04 15:26;0;0;;;
2026-10-03;2026-10-03;15:00;2026-10-03;13:00;Treta Liga Bulgaria;Bulgaria Third League;bulgaria-third-league;BTL;Dorostol;FC Fratria II;38;22;40;2;1-2;3.05;;3;49.63;50.37;O;43;57;Si;1-2;1;2;2;1;;https://betimate.com/it/football-predictions/dorostol-vs-fc-fratria-ii/2026-10-03/game;40;2026-10-04 14:11;;2026-10-04 15:26;0;0;;;
2026-10-03;2026-10-03;15:00;2026-10-03;13:00;Treta Liga Bulgaria;Bulgaria Third League;bulgaria-third-league;BTL;FC Marica Milevo;FK Sozopol;52;24;24;1;1-0;2.46;;2.25;48.62;51.38;O;50;50;Si;4-2;4;2;1;1;;https://betimate.com/it/football-predictions/fk-sozopol-vs-fc-marica-milevo/2026-10-03/game;40;2026-10-04 14:11;;2026-10-04 15:26;0;0;;;
2026-10-03;2026-10-03;15:00;2026-10-03;13:00;Treta Liga Bulgaria;Bulgaria Third League;bulgaria-third-league;BTL;FK Dimitrovgrad;Maritsa Plovdiv;28;20;52;2;1-2;3.29;;3.25;49.76;50.24;O;42;58;Si;0-0;0;0;X;0;;https://betimate.com/it/football-predictions/maritsa-plovdiv-vs-fk-dimitrovgrad/2026-10-03/game;40;2026-10-04 14:11;;2026-10-04 15:26;0;0;;;
2026-10-03;2026-10-03;15:00;2026-10-03;13:00;Treta Liga Bulgaria;Bulgaria Third League;bulgaria-third-league;BTL;PFC CSKA Sofia III;OFK Kostinbrod;45;27;28;1;1-0;2.15;;2;48.93;51.07;O;52;48;No;1-0;1;0;1;1;;https://betimate.com/it/football-predictions/ofk-kostinbrod-vs-pfc-cska-sofia-iii/2026-10-03/game;40;2026-10-04 14:11;;2026-10-04 15:26;0;0;;;
2026-10-03;2026-10-03;15:00;2026-10-03;13:00;Treta Liga Bulgaria;Bulgaria Third League;bulgaria-third-league;BTL;Pirin 2002;PFC Levski Sofia II;39;28;33;1;1-0;2.1;17°C · pioggia 0% · vento 17 km/h;2;49.36;50.64;O;52;48;No;1-2;1;2;2;0;;https://betimate.com/it/football-predictions/pirin-2002-vs-pfc-levski-sofia-ii/2026-10-03/game;40;2026-10-04 14:11;;2026-10-04 15:26;0;0;;;
2026-10-03;2026-10-03;15:00;2026-10-03;13:00;Treta Liga Bulgaria;Bulgaria Third League;bulgaria-third-league;BTL;Septemvri 98 Tervel;Septemvri Dragoevo;72;16;12;1;2-0;3.37;;3.25;49.34;50.66;O;47;53;Si;3-0;3;0;1;1;;https://betimate.com/it/football-predictions/septemvri-98-tervel-vs-septemvri-dragoevo/2026-10-03/game;40;2026-10-04 14:11;;2026-10-04 15:26;0;0;;;
2026-10-03;2026-10-03;15:00;2026-10-03;13:00;Treta Liga Bulgaria;Bulgaria Third League;bulgaria-third-league;BTL;Sfk Svetkavitsa 2014 Targovishte;PFC Cherno More Varna II;29;27;44;2;0-1;2;;1.75;48.2;51.8;O;54;46;No;1-0;1;0;1;0;;https://betimate.com/it/football-predictions/pfc-cherno-more-varna-ii-vs-sfk-svetkavitsa-2014-targovishte/2026-10-03/game;40;2026-10-04 14:11;;2026-10-04 15:26;0;0;;;
2026-10-03;2026-10-03;15:00;2026-10-03;13:00;Treta Liga Bulgaria;Bulgaria Third League;bulgaria-third-league;BTL;Strumska slava;Septemvri Simitli;57;21;22;1;1-0;2.9;19°C · pioggia 0% · vento 17 km/h;2.75;49.04;50.96;O;47;53;Si;1-2;1;2;2;0;;https://betimate.com/it/football-predictions/septemvri-simitli-vs-strumska-slava/2026-10-03/game;40;2026-10-04 14:11;;2026-10-04 15:26;0;0;;;
2026-10-03;2026-10-03;15:00;2026-10-03;13:00;Tweede Divisie Paesi Bassi;Netherlands Tweede Divisie;netherlands-tweede-divisie;NTD;Barendrecht;Sparta Rotterdam Reserves;40;18;42;2;1-2;4.75;;3.75;44.61;55.39;O;30;70;Si;3-2;3;2;1;0;;https://betimate.com/it/football-predictions/barendrecht-vs-sparta-rotterdam-reserves/2026-10-03/game;40;2026-10-04 14:11;;2026-10-04 15:26;0;0;;;
2026-10-03;2026-10-03;15:00;2026-10-03;13:00;Tweede Divisie Paesi Bassi;Netherlands Tweede Divisie;netherlands-tweede-divisie;NTD;Katwijk;Kozakken Boys;41;23;36;1;2-1;3.05;20°C · pioggia 0% · vento 10 km/h;3.25;51.23;48.77;U;43;57;Si;1-5;1;5;2;0;;https://betimate.com/it/football-predictions/kozakken-boys-vs-katwijk/2026-10-03/game;11;2026-10-04 14:11;;2026-10-04 15:26;0;0;;;
2026-10-03;2026-10-03;15:00;2026-10-03;13:00;Tweede Divisie Paesi Bassi;Netherlands Tweede Divisie;netherlands-tweede-divisie;NTD;ROHDA Raalte;GVVV Veenendaal;40;19;41;2;1-2;4.34;;3.5;45.67;54.33;O;33;67;Si;1-3;1;3;2;1;;https://betimate.com/it/football-predictions/gvvv-veenendaal-vs-rohda-raalte/2026-10-03/game;11;2026-10-04 14:11;;2026-10-04 15:26;0;0;;;
2026-10-03;2026-10-03;15:00;2026-10-03;13:00;Tweede Divisie Paesi Bassi;Netherlands Tweede Divisie;netherlands-tweede-divisie;NTD;Spakenburg;Amsterdamsche FC;47;21;32;1;2-1;3.29;20°C · pioggia 0% · vento 6 km/h;3.25;49.78;50.22;O;41;59;Si;2-1;2;1;1;1;;https://betimate.com/it/football-predictions/amsterdamsche-fc-vs-spakenburg/2026-10-03/game;11;2026-10-04 14:11;;2026-10-04 15:26;0;0;;;
2026-10-03;2026-10-03;15:00;2026-10-03;13:00;UEFA Nations League C;UEFA Nations League C;uefa-nations-league-c;UNLC;Finlandia;Albania;35;31;34;1;1-0;1.86;;2;51.64;48.36;U;59;41;No;2-1;2;1;1;1;;https://betimate.com/it/football-predictions/albania-vs-finland/2026-10-03/game;1;2026-10-04 14:11;;2026-10-04 15:26;0;0;;;
2026-10-03;2026-10-03;15:10;2026-10-03;13:10;Seconda Divisione Emirati Arabi Uniti;UAE Second Division;uae-second-division;USD;Masfut;Precision FC;26;18;56;2;1-2;4.06;;3.25;45.44;54.56;O;37;63;Si;1-0;1;0;1;0;;https://betimate.com/it/football-predictions/masfut-vs-precision-fc/2026-10-03/game;42;2026-10-04 14:11;;2026-10-04 15:26;0;0;;;
2026-10-03;2026-10-03;15:15;2026-10-03;13:15;II Liga polacca;Poland II Liga;poland-ii-liga;Pl2;Hutnik Krakow;GKS Tychy 71;38;29;33;1;1-0;1.97;24°C · pioggia 0% · vento 7 km/h;2.75;55.74;44.26;U;54;46;No;0-2;0;2;2;0;;https://betimate.com/it/football-predictions/gks-tychy-71-vs-hutnik-krakow/2026-10-03/game;2;2026-10-04 14:11;;2026-10-04 15:26;0;0;;;
2026-10-03;2026-10-03;15:15;2026-10-03;13:15;Italy Campionato Primavera 4;Italy Campionato Primavera 4;italy-campionato-primavera-4;ICP4;FC Vado U19;A.C. Ospitaletto U19;47;20;33;1;2-1;3.14;;2.75;47.28;52.72;O;42;58;Si;2-4;2;4;2;0;;https://betimate.com/it/football-predictions/a-c-ospitaletto-u19-vs-fc-vado-u19/2026-10-03/game;42;2026-10-04 14:11;;2026-10-04 15:26;0;0;;;
2026-10-03;2026-10-03;15:30;2026-10-03;13:30;3. SNL Slovenia;Slovenia 3. SNL;slovenia-3-snl;;NK Hajdina;NK Odranci;36;19;45;2;1-2;4.09;;3.5;46.86;53.14;O;35;65;Si;0-0;0;0;X;0;;https://betimate.com/it/football-predictions/nk-odranci-vs-nk-hajdina/2026-10-03/game;5;2026-10-04 14:11;;2026-10-04 15:26;0;0;;;
2026-10-03;2026-10-03;15:30;2026-10-03;13:30;3. SNL Slovenia;Slovenia 3. SNL;slovenia-3-snl;;NK IB 1975 Ljubljana;NK Adria Miren;41;21;38;1;2-1;3.35;;3.25;49.36;50.64;O;40;60;Si;2-1;2;1;1;1;;https://betimate.com/it/football-predictions/nk-adria-miren-vs-nk-ib-1975-ljubljana/2026-10-03/game;5;2026-10-04 14:11;;2026-10-04 15:26;0;0;;;
2026-10-03;2026-10-03;15:30;2026-10-03;13:30;3. SNL Slovenia;Slovenia 3. SNL;slovenia-3-snl;;NK Ormoz;NK Dobrovce;68;16;16;1;2-1;3.69;;3.25;47.53;52.47;O;43;57;Si;4-3;4;3;1;1;;https://betimate.com/it/football-predictions/nk-dobrovce-vs-nk-ormoz/2026-10-03/game;5;2026-10-04 14:11;;2026-10-04 15:26;0;0;;;
2026-10-03;2026-10-03;15:30;2026-10-03;13:30;3. SNL Slovenia;Slovenia 3. SNL;slovenia-3-snl;;NK Race;NK Ljutomer;53;21;26;1;2-1;3;;3.25;51.61;48.39;U;45;55;Si;2-0;2;0;1;1;;https://betimate.com/it/football-predictions/nk-ljutomer-vs-nk-race/2026-10-03/game;5;2026-10-04 14:11;;2026-10-04 15:26;0;0;;;
2026-10-03;2026-10-03;15:30;2026-10-03;13:30;3. SNL Slovenia;Slovenia 3. SNL;slovenia-3-snl;;NK Sencur;ND Idrija;69;17;14;1;2-0;3.18;20°C · pioggia 0% · vento 3 km/h;3;48.97;51.03;O;48;52;Si;4-2;4;2;1;1;;https://betimate.com/it/football-predictions/nk-sencur-vs-nd-idrija/2026-10-03/game;20;2026-10-04 14:11;;2026-10-04 15:26;0;0;;;
2026-10-03;2026-10-03;15:30;2026-10-03;13:30;3. SNL Slovenia;Slovenia 3. SNL;slovenia-3-snl;;NK Skofja Loka;NK Rudar Trbovlje;32;21;47;2;1-2;3.43;;3.25;48.91;51.09;O;40;60;Si;3-1;3;1;1;0;;https://betimate.com/it/football-predictions/nk-rudar-trbovlje-vs-nk-skofja-loka/2026-10-03/game;5;2026-10-04 14:11;;2026-10-04 15:26;0;0;;;
2026-10-03;2026-10-03;15:30;2026-10-03;13:30;3. SNL Slovenia;Slovenia 3. SNL;slovenia-3-snl;;NK Tolmin;Svoboda Ljubljana;73;14;13;1;2-0;3.71;23°C · pioggia 0% · vento 12 km/h;3.5;48.92;51.08;O;45;55;Si;2-0;2;0;1;1;;https://betimate.com/it/football-predictions/nk-tolmin-vs-svoboda-ljubljana/2026-10-03/game;20;2026-10-04 14:11;;2026-10-04 15:26;0;0;;;
2026-10-03;2026-10-03;15:30;2026-10-03;13:30;3. SNL Slovenia;Slovenia 3. SNL;slovenia-3-snl;;NK Ziri;MNK Izola;6;9;85;2;0-3;4.89;;4.25;46.81;53.19;O;43;57;Si;1-2;1;2;2;1;;https://betimate.com/it/football-predictions/mnk-izola-vs-nk-ziri/2026-10-03/game;20;2026-10-04 14:11;;2026-10-04 15:26;0;0;;;
2026-10-03;2026-10-03;15:30;2026-10-03;13:30;3. SNL Slovenia;Slovenia 3. SNL;slovenia-3-snl;;NK Šmartno;NK Limbus Pekre;70;14;16;1;3-1;4.35;21°C · pioggia 0% · vento 9 km/h;4.25;49.4;50.6;O;38;62;Si;4-0;4;0;1;1;;https://betimate.com/it/football-predictions/nk-martno-vs-nk-limbus-pekre/2026-10-03/game;20;2026-10-04 14:11;;2026-10-04 15:26;0;0;;;
2026-10-03;2026-10-03;15:30;2026-10-03;13:30;3. SNL Slovenia;Slovenia 3. SNL;slovenia-3-snl;;Roltek DOB;NK Sobec Lesce;79;13;8;1;2-0;3.35;21°C · pioggia 0% · vento 8 km/h;3.75;52.41;47.59;U;52;48;No;3-0;3;0;1;1;;https://betimate.com/it/football-predictions/nk-sobec-lesce-vs-roltek-dob/2026-10-03/game;5;2026-10-04 14:11;;2026-10-04 15:26;0;0;;;
2026-10-03;2026-10-03;15:30;2026-10-03;13:30;4. Liga ceca;Czechia 4. Liga;czechia-4-liga;;Dosta Bystrc;FK Pelhrimov;36;20;44;2;1-2;3.58;;3;46.12;53.88;O;39;61;Si;2-1;2;1;1;0;;https://betimate.com/it/football-predictions/fk-pelhrimov-vs-dosta-bystrc/2026-10-03/game;12;2026-10-04 14:11;;2026-10-04 15:26;0;0;;;
2026-10-03;2026-10-03;15:30;2026-10-03;13:30;Amichevoli Russia;Other Match;other-match;Ru3;SC Munster 1963;Oberperfuss;40;22;38;1;2-1;3.13;;3;49.11;50.89;O;42;58;Si;2-2;2;2;X;0;;https://betimate.com/it/football-predictions/oberperfuss-vs-sc-munster-1963/2026-10-03/game;42;2026-10-04 14:11;;2026-10-04 15:26;0;0;;;
2026-10-03;2026-10-03;15:30;2026-10-03;13:30;Amichevoli europee;Europe Friendlies;europe-friendlies;EF;St Pauli;Borussia M'gladbach;21;21;58;2;1-2;3.34;19°C · pioggia 0% · vento 5 km/h;3;47.69;52.31;O;42;58;Si;1-1;1;1;X;0;;https://betimate.com/it/football-predictions/st-pauli-vs-borussia-m-gladbach/2026-10-03/game;3;2026-10-04 14:11;;2026-10-04 15:26;0;0;;;
2026-10-03;2026-10-03;15:30;2026-10-03;13:30;Amichevoli per club;Club Friendly List;club-friendly-list;CFL;Hartberg;NK Maribor;67;18;15;1;2-0;3.48;21°C · pioggia 0% · vento 12 km/h;3.25;49.28;50.72;O;48;52;Si;0-0;0;0;X;0;;https://betimate.com/it/football-predictions/nk-maribor-vs-hartberg/2026-10-03/game;42;2026-10-04 14:11;;2026-10-04 15:26;0;0;;;
2026-10-03;2026-10-03;15:30;2026-10-03;13:30;Amichevoli per club;Club Friendly List;club-friendly-list;CFL;Torpedo Zhodino;Torpedo Moscow;70;19;11;1;2-1;2.8;;2.75;52.93;47.07;U;56;44;No;1-2;1;2;2;0;;https://betimate.com/it/football-predictions/torpedo-moscow-vs-torpedo-zhodino/2026-10-03/game;42;2026-10-04 14:11;;2026-10-04 15:26;0;0;;;
2026-10-03;2026-10-03;15:30;2026-10-03;13:30;Championship North Galles;Wales Championship North;wales-championship-north;WCN;Buckley Town;Ruthin Town FC;75;13;12;1;3-1;4.47;15°C · pioggia 0% · vento 9 km/h;3.5;45.16;54.84;O;40;60;Si;1-1;1;1;X;0;;https://betimate.com/it/football-predictions/buckley-town-vs-ruthin-town-fc/2026-10-03/game;12;2026-10-04 14:11;;2026-10-04 15:26;0;0;;;
2026-10-03;2026-10-03;15:30;2026-10-03;13:30;Championship North Galles;Wales Championship North;wales-championship-north;WCN;Caersws;Bala Town;56;19;25;1;2-1;3.63;15°C · pioggia 2% · vento 3 km/h;3;45.86;54.14;O;40;60;Si;3-3;3;3;X;0;;https://betimate.com/it/football-predictions/bala-town-vs-caersws/2026-10-03/game;12;2026-10-04 14:11;;2026-10-04 15:26;0;0;;;
2026-10-03;2026-10-03;15:30;2026-10-03;13:30;Championship North Galles;Wales Championship North;wales-championship-north;WCN;Guilsfield;CPD Llanuwchllyn;71;15;14;1;2-1;3.77;16°C · pioggia 0% · vento 0 km/h;3.5;48.59;51.41;O;43;57;Si;1-0;1;0;1;1;;https://betimate.com/it/football-predictions/guilsfield-vs-cpd-llanuwchllyn/2026-10-03/game;12;2026-10-04 14:11;;2026-10-04 15:26;0;0;;;
2026-10-03;2026-10-03;15:30;2026-10-03;13:30;Championship North Galles;Wales Championship North;wales-championship-north;WCN;Mold Alexandra;Newtown;50;22;28;1;2-1;3.04;15°C · pioggia 0% · vento 9 km/h;2.75;48.1;51.9;O;44;56;Si;1-2;1;2;2;0;;https://betimate.com/it/football-predictions/newtown-vs-mold-alexandra/2026-10-03/game;12;2026-10-04 14:11;;2026-10-04 15:26;0;0;;;
2026-10-03;2026-10-03;15:30;2026-10-03;13:30;Championship North Galles;Wales Championship North;wales-championship-north;WCN;Penrhyncoch;Gresford Ath;50;20;30;1;2-1;3.51;15°C · pioggia 0% · vento 8 km/h;3.25;48.45;51.55;O;40;60;Si;0-1;0;1;2;0;;https://betimate.com/it/football-predictions/gresford-ath-vs-penrhyncoch/2026-10-03/game;12;2026-10-04 14:11;;2026-10-04 15:26;0;0;;;
2026-10-03;2026-10-03;15:30;2026-10-03;13:30;Championship North Galles;Wales Championship North;wales-championship-north;WCN;Porthmadog;Bangor 1876 FC;53;19;28;1;2-1;3.51;15°C · pioggia 0% · vento 9 km/h;3;46.54;53.46;O;40;60;Si;1-0;1;0;1;1;;https://betimate.com/it/football-predictions/porthmadog-vs-bangor-1876-fc/2026-10-03/game;12;2026-10-04 14:11;;2026-10-04 15:26;0;0;;;
2026-10-03;2026-10-03;15:30;2026-10-03;13:30;Championship North Galles;Wales Championship North;wales-championship-north;WCN;Rhyl;Brickfield Rangers;34;22;44;2;1-2;2.94;15°C · pioggia 0% · vento 9 km/h;3;50.51;49.49;U;44;56;Si;2-3;2;3;2;1;;https://betimate.com/it/football-predictions/rhyl-vs-brickfield-rangers/2026-10-03/game;12;2026-10-04 14:11;;2026-10-04 15:26;0;0;;;
2026-10-03;2026-10-03;15:30;2026-10-03;13:30;Championship South Galles;Wales Championship South;wales-championship-south;WCS;Cardiff Draconians;Newport City FC;47;21;32;1;2-1;3.29;;3;48.01;51.99;O;41;59;Si;1-1;1;1;X;0;;https://betimate.com/it/football-predictions/newport-city-fc-vs-cardiff-draconians/2026-10-03/game;12;2026-10-04 14:11;;2026-10-04 15:26;0;0;;;
2026-10-03;2026-10-03;15:30;2026-10-03;13:30;Championship South Galles;Wales Championship South;wales-championship-south;WCS;Pontypridd Utd;Aberystwyth;40;23;37;1;2-1;2.89;18°C · pioggia 4% · vento 3 km/h;3;50.92;49.08;U;44;56;Si;1-3;1;3;2;0;;https://betimate.com/it/football-predictions/aberystwyth-vs-pontypridd-utd/2026-10-03/game;12;2026-10-04 14:11;;2026-10-04 15:26;0;0;;;
2026-10-03;2026-10-03;15:30;2026-10-03;13:30;Championship South Galles;Wales Championship South;wales-championship-south;WCS;Pure Swansea;Caerphilly Athletic;64;19;17;1;2-0;3.15;18°C · pioggia 6% · vento 7 km/h;3.25;50.67;49.33;U;46;54;Si;3-1;3;1;1;1;;https://betimate.com/it/football-predictions/pure-swansea-vs-caerphilly-athletic/2026-10-03/game;12;2026-10-04 14:11;;2026-10-04 15:26;0;0;;;
2026-10-03;2026-10-03;15:30;2026-10-03;13:30;Championship South Galles;Wales Championship South;wales-championship-south;WCS;Treowen Stars;Ynyshir Albions;45;21;34;1;2-1;3.07;;3;49.58;50.42;O;43;57;Si;1-2;1;2;2;0;;https://betimate.com/it/football-predictions/ynyshir-albions-vs-treowen-stars/2026-10-03/game;12;2026-10-04 14:11;;2026-10-04 15:26;0;0;;;
2026-10-03;2026-10-03;15:30;2026-10-03;13:30;Championship South Galles;Wales Championship South;wales-championship-south;WCS;Trethomas Bluebirds AFC;Pontardawe Town;42;20;38;1;2-1;3.78;18°C · pioggia 8% · vento 1 km/h;3.25;46.89;53.11;O;37;63;Si;2-3;2;3;2;0;;https://betimate.com/it/football-predictions/pontardawe-town-vs-trethomas-bluebirds-afc/2026-10-03/game;12;2026-10-04 14:11;;2026-10-04 15:26;0;0;;;
2026-10-03;2026-10-03;15:30;2026-10-03;13:30;Copa Goiás U20 brasiliana;Brazil Copa Goias U20;brazil-copa-goias-u20;BCGU;Atletico Goianiense U20;Cerrado U20;64;17;19;1;2-0;3.04;;3;49.8;50.2;O;47;53;Si;1-3;1;3;2;0;;https://betimate.com/it/football-predictions/atletico-goianiense-u20-vs-cerrado-u20/2026-10-03/game;12;2026-10-04 14:11;;2026-10-04 15:26;0;0;;;
2026-10-03;2026-10-03;15:30;2026-10-03;13:30;Copa Sul U20 brasiliana;Brazil Copa Sul U20;brazil-copa-sul-u20;BCSU;Araucaria U20;EC Juventude U20;22;20;58;2;0-1;2.69;;2.75;50.28;49.72;U;49;51;Si;2-5;2;5;2;1;;https://betimate.com/it/football-predictions/ec-juventude-u20-vs-araucaria-u20/2026-10-03/game;12;2026-10-04 14:11;;2026-10-04 15:26;0;0;;;
2026-10-03;2026-10-03;15:30;2026-10-03;13:30;Croazia - 2. NL;Croatia 2.NL;croatia-2-nl;C2;NK Grobnican;NK Hrvatski Dragovoljac;45;22;33;1;2-1;2.99;23°C · pioggia 0% · vento 20 km/h;2.75;48.33;51.67;O;44;56;Si;1-4;1;4;2;0;;https://betimate.com/it/football-predictions/nk-hrvatski-dragovoljac-vs-nk-grobnican/2026-10-03/game;12;2026-10-04 14:11;;2026-10-04 15:26;0;0;;;
2026-10-03;2026-10-03;15:30;2026-10-03;13:30;Croazia - 2. NL;Croatia 2.NL;croatia-2-nl;C2;NK Inker Zapresic;Bjelovar;40;21;39;1;2-1;3.19;;2.75;47.1;52.9;O;42;58;Si;0-0;0;0;X;0;;https://betimate.com/it/football-predictions/bjelovar-vs-nk-inker-zapresic/2026-10-03/game;12;2026-10-04 14:11;;2026-10-04 15:26;0;0;;;
2026-10-03;2026-10-03;15:30;2026-10-03;13:30;Croazia - 2. NL;Croatia 2.NL;croatia-2-nl;C2;NK Krizevci;NK Solin;44;23;33;1;2-1;2.99;;2.5;46.96;53.04;O;44;56;Si;0-2;0;2;2;0;;https://betimate.com/it/football-predictions/nk-solin-vs-nk-krizevci/2026-10-03/game;42;2026-10-04 14:11;;2026-10-04 15:26;0;0;;;
2026-10-03;2026-10-03;15:30;2026-10-03;13:30;Croazia - 2. NL;Croatia 2.NL;croatia-2-nl;C2;NK Slavonija Pozega;NK Lucko;62;18;20;1;2-1;3.3;;2.75;46.55;53.45;O;44;56;Si;2-0;2;0;1;1;;https://betimate.com/it/football-predictions/nk-slavonija-pozega-vs-nk-lucko/2026-10-03/game;12;2026-10-04 14:11;;2026-10-04 15:26;0;0;;;
2026-10-03;2026-10-03;15:30;2026-10-03;13:30;Croazia - 2. NL;Croatia 2.NL;croatia-2-nl;C2;NK Trnje;NK Uljanik;51;19;30;1;2-1;3.75;;2.75;43.88;56.12;O;38;62;Si;2-0;2;0;1;1;;https://betimate.com/it/football-predictions/nk-trnje-vs-nk-uljanik/2026-10-03/game;12;2026-10-04 14:11;;2026-10-04 15:26;0;0;;;
2026-10-03;2026-10-03;15:30;2026-10-03;13:30;Croazia - 2. NL;Croatia 2.NL;croatia-2-nl;C2;NK Zagora;NK Dugo Selo;69;16;15;1;2-0;3.31;;3;48;52;O;46;54;Si;0-4;0;4;2;0;;https://betimate.com/it/football-predictions/nk-dugo-selo-vs-nk-zagora/2026-10-03/game;12;2026-10-04 14:11;;2026-10-04 15:26;0;0;;;
2026-10-03;2026-10-03;15:30;2026-10-03;13:30;Croazia - 2. NL;Croatia 2.NL;croatia-2-nl;C2;Varteks Varazdin;NK Koprivnica;43;22;35;1;2-1;3.14;;2.75;47.42;52.58;O;42;58;Si;1-1;1;1;X;0;;https://betimate.com/it/football-predictions/nk-koprivnica-vs-varteks-varazdin/2026-10-03/game;12;2026-10-04 14:11;;2026-10-04 15:26;0;0;;;
2026-10-03;2026-10-03;15:30;2026-10-03;13:30;Cymru Premier Galles;Wales Premier League;wales-premier-league;Wl1;Airbus UK;Trefelin BGC;81;12;7;1;2-0;3.35;16°C · pioggia 0% · vento 10 km/h;3.25;48.93;51.07;O;48;52;Si;3-0;3;0;1;1;;https://betimate.com/it/football-predictions/airbus-uk-vs-trefelin-bgc/2026-10-03/game;4;2026-10-04 14:11;;2026-10-04 15:26;0;0;;;
2026-10-03;2026-10-03;15:30;2026-10-03;13:30;Cymru Premier Galles;Wales Premier League;wales-premier-league;Wl1;Ammanford AFC;Holywell Town;29;23;48;2;1-2;3.41;18°C · pioggia 6% · vento 6 km/h;2.75;45.57;54.43;O;38;62;Si;2-1;2;1;1;0;;https://betimate.com/it/football-predictions/holywell-town-vs-ammanford-afc/2026-10-03/game;4;2026-10-04 14:11;;2026-10-04 15:26;0;0;;;
2026-10-03;2026-10-03;15:30;2026-10-03;13:30;Cymru Premier Galles;Wales Premier League;wales-premier-league;Wl1;Briton Ferry;Colwyn Bay;21;24;55;2;0-1;2.77;19°C · pioggia 7% · vento 5 km/h;2.5;48.19;51.81;O;46;54;Si;1-0;1;0;1;0;;https://betimate.com/it/football-predictions/colwyn-bay-vs-briton-ferry/2026-10-03/game;4;2026-10-04 14:11;;2026-10-04 15:26;0;0;;;
2026-10-03;2026-10-03;15:30;2026-10-03;13:30;Cymru Premier Galles;Wales Premier League;wales-premier-league;Wl1;Caernarfon Town;Barry Town;53;21;26;1;2-1;3.8;15°C · pioggia 0% · vento 8 km/h;3.25;46.5;53.5;O;35;65;Si;0-1;0;1;2;0;;https://betimate.com/it/football-predictions/caernarfon-town-vs-barry-town/2026-10-03/game;4;2026-10-04 14:11;;2026-10-04 15:26;0;0;;;
2026-10-03;2026-10-03;15:30;2026-10-03;13:30;Cymru Premier Galles;Wales Premier League;wales-premier-league;Wl1;Connah's Quay;Penybont;50;26;24;1;1-0;2.73;16°C · pioggia 0% · vento 12 km/h;2.5;48.48;51.52;O;45;55;Si;1-0;1;0;1;1;;https://betimate.com/it/football-predictions/connah-s-quay-vs-penybont/2026-10-03/game;4;2026-10-04 14:11;;2026-10-04 15:26;0;0;;;
2026-10-03;2026-10-03;15:30;2026-10-03;13:30;Cymru Premier Galles;Wales Premier League;wales-premier-league;Wl1;Haverfordwest County;Flint Town Utd;52;25;23;1;1-0;2.71;17°C · pioggia 3% · vento 7 km/h;2.75;50.07;49.93;U;46;54;Si;0-1;0;1;2;0;;https://betimate.com/it/football-predictions/flint-town-utd-vs-haverfordwest-county/2026-10-03/game;4;2026-10-04 14:11;;2026-10-04 15:26;0;0;;;
2026-10-03;2026-10-03;15:30;2026-10-03;13:30;Cymru Premier Galles;Wales Premier League;wales-premier-league;Wl1;Llandudno;Cardiff MU;41;23;36;1;2-1;3.26;15°C · pioggia 0% · vento 8 km/h;3;48.1;51.9;O;39;61;Si;0-1;0;1;2;0;;https://betimate.com/it/football-predictions/llandudno-vs-cardiff-mu/2026-10-03/game;20;2026-10-04 14:11;;2026-10-04 15:26;0;0;;;
2026-10-03;2026-10-03;15:30;2026-10-03;13:30;Cymru Premier Galles;Wales Premier League;wales-premier-league;Wl1;T.N.S.;Cambrian United;86;9;5;1;3-0;3.97;16°C · pioggia 0% · vento 6 km/h;4;50.01;49.99;U;50;50;Si;9-0;9;0;1;1;;https://betimate.com/it/football-predictions/t-n-s-vs-cambrian-united/2026-10-03/game;20;2026-10-04 14:11;;2026-10-04 15:26;0;0;;;
2026-10-03;2026-10-03;15:30;2026-10-03;13:30;Derde Divisie Paesi Bassi;Netherlands Derde Divisie;netherlands-derde-divisie;NDD;USV Hercules;DVS'33 Ermelo;38;21;41;2;1-2;3.17;;3;48.79;51.21;O;42;58;Si;1-0;1;0;1;0;;https://betimate.com/it/football-predictions/dvs-33-ermelo-vs-usv-hercules/2026-10-03/game;42;2026-10-04 14:11;;2026-10-04 15:26;0;0;;;
2026-10-03;2026-10-03;15:30;2026-10-03;13:30;Derde Divisie Paesi Bassi;Netherlands Derde Divisie;netherlands-derde-divisie;NDD;VVSB;Excelsior Maassluis;37;26;37;1;1-0;2.35;;2.25;49.35;50.65;O;50;50;Si;2-3;2;3;2;0;;https://betimate.com/it/football-predictions/excelsior-maassluis-vs-vvsb/2026-10-03/game;42;2026-10-04 14:11;;2026-10-04 15:26;0;0;;;
2026-10-03;2026-10-03;15:30;2026-10-03;13:30;Division 2 Södra Götaland svedese;Sweden 2.div Södra Götaland;sweden-2-div-s-dra-g-taland;;Torns IF;Oskarshamns AIK;10;10;80;2;1-4;5.43;17°C · pioggia 0% · vento 12 km/h;5.25;49.14;50.86;O;36;64;Si;0-2;0;2;2;1;;https://betimate.com/it/football-predictions/oskarshamns-aik-vs-torns-if/2026-10-03/game;42;2026-10-04 14:11;;2026-10-04 15:26;0;0;;;
2026-10-03;2026-10-03;15:30;2026-10-03;13:30;División de Honor Juvenil (Spagna);Spain Youth League;spain-youth-league;SYL;Real Murcia U19;CD Roda U19;42;19;39;1;2-1;3.21;;2.75;46.87;53.13;O;41;59;Si;3-2;3;2;1;1;;https://betimate.com/it/football-predictions/real-murcia-u19-vs-cd-roda-u19/2026-10-03/game;6;2026-10-04 14:11;;2026-10-04 15:26;0;0;;;
2026-10-03;2026-10-03;15:30;2026-10-03;13:30;Eccellenza Italia;Italy Eccellenza;italy-eccellenza;IE;ASD Parmonval;Akragas;59;24;17;1;1-0;2.18;;2.25;50.72;49.28;U;55;45;No;0-1;0;1;2;0;;https://betimate.com/it/football-predictions/akragas-vs-asd-parmonval/2026-10-03/game;12;2026-10-04 14:11;;2026-10-04 15:26;0;0;;;
2026-10-03;2026-10-03;15:30;2026-10-03;13:30;III Liga polacca;Poland III Liga;poland-iii-liga;PlC;Czarni Polaniec;KSZO Ostrowiec;33;24;43;2;0-1;2.65;;2.5;49;51;O;47;53;Si;1-1;1;1;X;0;;https://betimate.com/it/football-predictions/kszo-ostrowiec-vs-czarni-polaniec/2026-10-03/game;19;2026-10-04 14:11;;2026-10-04 15:26;0;0;;;
2026-10-03;2026-10-03;15:30;2026-10-03;13:30;III Liga polacca;Poland III Liga;poland-iii-liga;PlC;JKS Jaroslaw;Naprzod Jedrzejow;57;17;26;1;2-1;4.42;;3.25;43.58;56.42;O;34;66;Si;1-3;1;3;2;0;;https://betimate.com/it/football-predictions/jks-jaroslaw-vs-naprzod-jedrzejow/2026-10-03/game;2;2026-10-04 14:11;;2026-10-04 15:26;0;0;;;
2026-10-03;2026-10-03;15:30;2026-10-03;13:30;III Liga polacca;Poland III Liga;poland-iii-liga;PlC;Sokol Kolbuszowa Dolna;Moravia Morawica;49;25;26;1;1-0;2.39;;2.25;49.05;50.95;O;50;50;Si;2-2;2;2;X;0;;https://betimate.com/it/football-predictions/moravia-morawica-vs-sokol-kolbuszowa-dolna/2026-10-03/game;19;2026-10-04 14:11;;2026-10-04 15:26;0;0;;;
2026-10-03;2026-10-03;15:30;2026-10-03;13:30;IV Liga Polonia;Poland IV Liga;poland-iv-liga;PIL;Bron Radom;Nadnarwianka Pultusk;51;20;29;1;2-1;3.74;;3.5;48.66;51.34;O;38;62;Si;3-1;3;1;1;1;;https://betimate.com/it/football-predictions/bron-radom-vs-nadnarwianka-pultusk/2026-10-03/game;12;2026-10-04 14:11;;2026-10-04 15:26;0;0;;;
2026-10-03;2026-10-03;15:30;2026-10-03;13:30;Landesliga austriaca;Austria Landesliga;austria-landesliga;AL;ASK Ybbs;SC Wieselburg;64;19;17;1;2-0;2.99;;2.75;48.46;51.54;O;48;52;Si;1-3;1;3;2;0;;https://betimate.com/it/football-predictions/sc-wieselburg-vs-ask-ybbs/2026-10-03/game;23;2026-10-04 14:11;;2026-10-04 15:26;0;0;;;
2026-10-03;2026-10-03;15:30;2026-10-03;13:30;Landesliga austriaca;Austria Landesliga;austria-landesliga;AL;SC Landskron;St Veit SC;34;19;47;2;1-2;4.2;;4;48.74;51.26;O;34;66;Si;2-4;2;4;2;1;;https://betimate.com/it/football-predictions/sc-landskron-vs-st-veit-sc/2026-10-03/game;23;2026-10-04 14:11;;2026-10-04 15:26;0;0;;;
2026-10-03;2026-10-03;15:30;2026-10-03;13:30;Landesliga austriaca;Austria Landesliga;austria-landesliga;AL;TSV Grafenstein;SV Dellach/Gail;69;14;17;1;3-1;4.55;;3.75;45.73;54.27;O;36;64;Si;2-2;2;2;X;0;;https://betimate.com/it/football-predictions/tsv-grafenstein-vs-sv-dellach-gail/2026-10-03/game;23;2026-10-04 14:11;;2026-10-04 15:26;0;0;;;
2026-10-03;2026-10-03;15:30;2026-10-03;13:30;Mizoram Premier League India;India Mizoram Premier League;india-mizoram-premier-league;IMPL;Kanan FC;MLS FC Lawngtlai;33;23;44;2;1-2;2.91;;3;50.72;49.28;U;44;56;Si;1-0;1;0;1;0;;https://betimate.com/it/football-predictions/kanan-fc-vs-mls-fc-lawngtlai/2026-10-03/game;6;2026-10-04 14:11;;2026-10-04 15:26;0;0;;;
2026-10-03;2026-10-03;15:30;2026-10-03;13:30;National Francia;France Ligue 3;france-ligue-3;FL3;Chantilly;Bieshiem;35;24;41;2;0-1;2.57;;2.5;49.51;50.49;O;47;53;Si;0-4;0;4;2;1;;https://betimate.com/it/football-predictions/bieshiem-vs-chantilly/2026-10-03/game;42;2026-10-04 14:11;;2026-10-04 15:26;0;0;;;
2026-10-03;2026-10-03;15:30;2026-10-03;13:30;Oberliga Baden-Württemberg (Germania);Germany Oberliga Baden-Wuerttemberg;germany-oberliga-baden-wuerttemberg;De5;FC Nottingen;Turkspor Neckarsulm;49;21;30;1;2-1;3.46;22°C · pioggia 0% · vento 6 km/h;3.25;48.73;51.27;O;40;60;Si;10-0;10;0;1;1;;https://betimate.com/it/football-predictions/fc-nottingen-vs-turkspor-neckarsulm/2026-10-03/game;23;2026-10-04 14:11;;2026-10-04 15:26;0;0;;;
2026-10-03;2026-10-03;15:30;2026-10-03;13:30;Oberliga Baden-Württemberg (Germania);Germany Oberliga Baden-Wuerttemberg;germany-oberliga-baden-wuerttemberg;De5;FC Teningen;FV Ravensburg;31;22;47;2;1-2;3.11;;3;49.27;50.73;O;43;57;Si;0-5;0;5;2;1;;https://betimate.com/it/football-predictions/fv-ravensburg-vs-fc-teningen/2026-10-03/game;23;2026-10-04 14:11;;2026-10-04 15:26;0;0;;;
2026-10-03;2026-10-03;15:30;2026-10-03;13:30;Oberliga Baden-Württemberg (Germania);Germany Oberliga Baden-Wuerttemberg;germany-oberliga-baden-wuerttemberg;De5;Reutlingen;Young Boys Reutlingen;41;22;37;1;2-1;3.06;21°C · pioggia 0% · vento 7 km/h;3;49.56;50.44;O;43;57;Si;0-0;0;0;X;0;;https://betimate.com/it/football-predictions/reutlingen-vs-young-boys-reutlingen/2026-10-03/game;23;2026-10-04 14:11;;2026-10-04 15:26;0;0;;;
2026-10-03;2026-10-03;15:30;2026-10-03;13:30;Oberliga Rheinland-Pfalz/Saar (Germania);Germany Oberliga Rheinland-Pfalz/Saar;germany-oberliga-rheinland-pfalz-saar;De5;SV Auersmacher;Cosmos Koblenz;54;19;27;1;2-1;3.81;22°C · pioggia 0% · vento 5 km/h;3.75;49.55;50.45;O;38;62;Si;1-3;1;3;2;0;;https://betimate.com/it/football-predictions/sv-auersmacher-vs-cosmos-koblenz/2026-10-03/game;23;2026-10-04 14:11;;2026-10-04 15:26;0;0;;;
2026-10-03;2026-10-03;15:30;2026-10-03;13:30;Promotion League svizzera;Switzerland 1.Liga Promotion;switzerland-1-liga-promotion;;Basel II;Lucerne II;52;20;28;1;2-1;3.48;23°C · pioggia 0% · vento 6 km/h;4;53.27;46.73;U;40;60;Si;3-2;3;2;1;1;;https://betimate.com/it/football-predictions/basel-ii-vs-lucerne-ii/2026-10-03/game;12;2026-10-04 14:11;;2026-10-04 15:26;0;0;;;
2026-10-03;2026-10-03;15:30;2026-10-03;13:30;Promotion League svizzera;Switzerland 1.Liga Promotion;switzerland-1-liga-promotion;;Breitenrain;Bavois;45;24;31;1;1-0;2.53;22°C · pioggia 0% · vento 5 km/h;3.25;54.91;45.09;U;48;52;Si;1-0;1;0;1;1;;https://betimate.com/it/football-predictions/bavois-vs-breitenrain/2026-10-03/game;12;2026-10-04 14:11;;2026-10-04 15:26;0;0;;;
2026-10-03;2026-10-03;15:30;2026-10-03;13:30;Promotion League svizzera;Switzerland 1.Liga Promotion;switzerland-1-liga-promotion;;FC Schaffhausen;Young Boys II;48;23;29;1;1-0;2.85;22°C · pioggia 0% · vento 6 km/h;2.75;49.26;50.74;O;45;55;Si;6-3;6;3;1;1;;https://betimate.com/it/football-predictions/fc-schaffhausen-vs-young-boys-ii/2026-10-03/game;42;2026-10-04 14:11;;2026-10-04 15:26;0;0;;;
2026-10-03;2026-10-03;15:30;2026-10-03;13:30;Regionalliga Ost Austria;Austria Regionalliga Ost;austria-regionalliga-ost;ARO;SR Fach-Donaufeld;SV Wienerberg;77;13;10;1;3-0;4.05;24°C · pioggia 0% · vento 16 km/h;3.5;47.16;52.84;O;44;56;Si;2-0;2;0;1;1;;https://betimate.com/it/football-predictions/sr-fach-donaufeld-vs-sv-wienerberg/2026-10-03/game;6;2026-10-04 14:11;;2026-10-04 15:26;0;0;;;
2026-10-03;2026-10-03;15:30;2026-10-03;13:30;Srpska Liga Serbia;Serbia Srpska Liga;serbia-srpska-liga;SSL;FK Backa Palanka;Mladost Apatin;51;24;25;1;1-0;2.39;25°C · pioggia 0% · vento 9 km/h;2.25;49.04;50.96;O;50;50;Si;0-0;0;0;X;0;;https://betimate.com/it/football-predictions/fk-backa-palanka-vs-mladost-apatin/2026-10-03/game;21;2026-10-04 14:11;;2026-10-04 15:26;0;0;;;
2026-10-03;2026-10-03;15:30;2026-10-03;13:30;Srpska Liga Serbia;Serbia Srpska Liga;serbia-srpska-liga;SSL;FK Derdap Golubac;FK Fap;38;23;39;2;0-1;2.8;;2.75;49.56;50.44;O;45;55;Si;0-2;0;2;2;1;;https://betimate.com/it/football-predictions/fk-fap-vs-fk-derdap-golubac/2026-10-03/game;21;2026-10-04 14:11;;2026-10-04 15:26;0;0;;;
2026-10-03;2026-10-03;15:30;2026-10-03;13:30;Srpska Liga Serbia;Serbia Srpska Liga;serbia-srpska-liga;SSL;FK Index;FK Mladost Backi Jarak;51;22;27;1;2-1;2.9;;2.75;49.01;50.99;O;45;55;Si;4-1;4;1;1;1;;https://betimate.com/it/football-predictions/fk-mladost-backi-jarak-vs-fk-index/2026-10-03/game;21;2026-10-04 14:11;;2026-10-04 15:26;0;0;;;
2026-10-03;2026-10-03;15:30;2026-10-03;13:30;Srpska Liga Serbia;Serbia Srpska Liga;serbia-srpska-liga;SSL;FK Jedinstvo 1936 Krusevac;OFK Sindelic;54;22;24;1;1-0;2.91;;2.75;48.91;51.09;O;46;54;Si;2-1;2;1;1;1;;https://betimate.com/it/football-predictions/ofk-sindelic-vs-fk-jedinstvo-1936-krusevac/2026-10-03/game;21;2026-10-04 14:11;;2026-10-04 15:26;0;0;;;
2026-10-03;2026-10-03;15:30;2026-10-03;13:30;Srpska Liga Serbia;Serbia Srpska Liga;serbia-srpska-liga;SSL;FK Jedinstvo Stara Pazova;OFK Gradnulica Zrenjanin;65;19;16;1;2-0;3.15;;3;49.12;50.88;O;47;53;Si;5-0;5;0;1;1;;https://betimate.com/it/football-predictions/fk-jedinstvo-stara-pazova-vs-ofk-gradnulica-zrenjanin/2026-10-03/game;21;2026-10-04 14:11;;2026-10-04 15:26;0;0;;;
2026-10-03;2026-10-03;15:30;2026-10-03;13:30;Srpska Liga Serbia;Serbia Srpska Liga;serbia-srpska-liga;SSL;FK Radnicki Valjevo;FK Real Podunavci;46;27;27;1;1-0;2.02;;1.75;47.98;52.02;O;54;46;No;1-0;1;0;1;1;;https://betimate.com/it/football-predictions/fk-real-podunavci-vs-fk-radnicki-valjevo/2026-10-03/game;21;2026-10-04 14:11;;2026-10-04 15:26;0;0;;;
2026-10-03;2026-10-03;15:30;2026-10-03;13:30;Srpska Liga Serbia;Serbia Srpska Liga;serbia-srpska-liga;SSL;FK Tekstilac Odzaci;FK Hajduk Divos;39;28;33;1;1-0;2;24°C · pioggia 0% · vento 10 km/h;1.75;48.15;51.85;O;54;46;No;0-0;0;0;X;0;;https://betimate.com/it/football-predictions/fk-hajduk-divos-vs-fk-tekstilac-odzaci/2026-10-03/game;21;2026-10-04 14:11;;2026-10-04 15:26;0;0;;;
2026-10-03;2026-10-03;15:30;2026-10-03;13:30;Srpska Liga Serbia;Serbia Srpska Liga;serbia-srpska-liga;SSL;FK Veternik;OFK Vrbas;64;18;18;1;2-1;3.34;;3.25;49.51;50.49;O;44;56;Si;0-2;0;2;2;0;;https://betimate.com/it/football-predictions/ofk-vrbas-vs-fk-veternik/2026-10-03/game;21;2026-10-04 14:11;;2026-10-04 15:26;0;0;;;
2026-10-03;2026-10-03;15:30;2026-10-03;13:30;Srpska Liga Serbia;Serbia Srpska Liga;serbia-srpska-liga;SSL;FK Vujan Prislonica;Sloga Pozega;34;27;39;2;0-1;2.05;;2;49.86;50.14;O;53;47;No;4-0;4;0;1;0;;https://betimate.com/it/football-predictions/sloga-pozega-vs-fk-vujan-prislonica/2026-10-03/game;21;2026-10-04 14:11;;2026-10-04 15:26;0;0;;;
2026-10-03;2026-10-03;15:30;2026-10-03;13:30;Srpska Liga Serbia;Serbia Srpska Liga;serbia-srpska-liga;SSL;Sloboda Uzice;FK Omladinac Zablace;39;30;31;1;1-0;1.85;20°C · pioggia 0% · vento 12 km/h;1.75;49.36;50.64;O;56;44;No;3-2;3;2;1;1;;https://betimate.com/it/football-predictions/sloboda-uzice-vs-fk-omladinac-zablace/2026-10-03/game;21;2026-10-04 14:11;;2026-10-04 15:26;0;0;;;
2026-10-03;2026-10-03;15:30;2026-10-03;13:30;Srpska Liga Serbia;Serbia Srpska Liga;serbia-srpska-liga;SSL;Sloven Ruma;FK Sloga Conoplja;69;16;15;1;2-0;3.46;;3.25;48.83;51.17;O;45;55;Si;2-0;2;0;1;1;;https://betimate.com/it/football-predictions/fk-sloga-conoplja-vs-sloven-ruma/2026-10-03/game;21;2026-10-04 14:11;;2026-10-04 15:26;0;0;;;
2026-10-03;2026-10-03;15:30;2026-10-03;13:30;Tercera RFEF Gruppo 15 Spagna;Spain Tercera Group 15;spain-tercera-group-15;Es5;Valle Egues;Aoiz;50;23;27;1;1-0;2.7;23°C · pioggia 30% · vento 3 km/h;2.75;50.27;49.73;U;47;53;Si;0-1;0;1;2;0;;https://betimate.com/it/football-predictions/valle-egues-vs-aoiz/2026-10-03/game;4;2026-10-04 14:11;;2026-10-04 15:26;0;0;;;
2026-10-03;2026-10-03;15:30;2026-10-03;13:30;U20 Africa Cup of Nations Qual;U20 Africa Cup of Nations Qual;u20-africa-cup-of-nations-qual;UACo;Tunisia U20;Libia U20;70;16;14;1;2-0;3.19;;2.25;44.19;55.81;O;51;49;No;1-1;1;1;X;0;;https://betimate.com/it/football-predictions/tunisia-u20-vs-libya-u20/2026-10-03/game;12;2026-10-04 14:11;;2026-10-04 15:26;0;0;;;
2026-10-03;2026-10-03;15:45;2026-10-03;13:45;1. Liga femminile slovacca;Slovakia I Liga Women;slovakia-i-liga-women;SILW;Slovan Bratislava (W);AS Trencin (W);94;3;3;1;4-0;5.95;23°C · pioggia 0% · vento 12 km/h;5.5;47.98;52.02;O;48;52;Si;8-0;8;0;1;1;;https://betimate.com/it/football-predictions/slovan-bratislava-w-vs-as-trencin-w/2026-10-03/game;42;2026-10-04 14:11;;2026-10-04 15:26;0;0;;;
2026-10-03;2026-10-03;15:45;2026-10-03;13:45;Ligue A Burundi;Burundi Premier League;burundi-premier-league;Bi1;Muzinga FC;Olympic Star;40;29;31;1;1-0;2.36;;2.25;49.28;50.72;O;49;51;Si;1-1;1;1;X;0;;https://betimate.com/it/football-predictions/muzinga-fc-vs-olympic-star/2026-10-03/game;42;2026-10-04 14:11;;2026-10-04 15:26;0;0;;;
2026-10-03;2026-10-03;15:45;2026-10-03;13:45;Regional League Spagna;Spain Regional League;spain-regional-league;SRL;El San Martin;Iru-Bat Santa Lucia;44;26;30;1;1-0;2.27;;2.75;53.38;46.62;U;51;49;No;3-2;3;2;1;1;;https://betimate.com/it/football-predictions/el-san-martin-vs-iru-bat-santa-lucia/2026-10-03/game;12;2026-10-04 14:11;;2026-10-04 15:26;0;0;;;
2026-10-03;2026-10-03;15:45;2026-10-03;13:45;Svizzera - U19 Elite;Switzerland U19 Elite;switzerland-u19-elite;SUE;FC Lugano U19;Aarau U19;53;17;30;1;2-1;4.28;;4.25;49.66;50.34;O;34;66;Si;4-2;4;2;1;1;;https://betimate.com/it/football-predictions/aarau-u19-vs-fc-lugano-u19/2026-10-03/game;42;2026-10-04 14:11;;2026-10-04 15:26;0;0;;;
2026-10-03;2026-10-03;15:45;2026-10-03;13:45;Tercera Gruppo 11 spagnola;Spain Tercera Group 11;spain-tercera-group-11;Es5;Mercadal;CE Constancia;24;25;51;2;0-1;2.32;25°C · pioggia 20% · vento 22 km/h;2.25;49.55;50.45;O;51;49;No;1-3;1;3;2;1;;https://betimate.com/it/football-predictions/ce-constancia-vs-mercadal/2026-10-03/game;19;2026-10-04 14:11;;2026-10-04 15:26;0;0;;;
2026-10-03;2026-10-03;15:55;2026-10-03;13:55;Conference Premier Inghilterra;Northern Ireland Conference Premier;northern-ireland-conference-premier;NICP;Lisburn Distillery;Portstewart;46;24;30;1;1-0;2.61;;3;53.03;46.97;U;47;53;Si;2-4;2;4;2;0;;https://betimate.com/it/football-predictions/lisburn-distillery-vs-portstewart/2026-10-03/game;12;2026-10-04 14:11;;2026-10-04 15:26;0;0;;;
2026-10-03;2026-10-03;16:00;2026-10-03;14:00;1. Division Norvegia;Norway Division 1;norway-division-1;No2;Haugesund;Stabaek;52;18;30;1;2-1;4.32;14°C · pioggia 12% · vento 13 km/h;4;48.06;51.94;O;34;66;Si;2-0;2;0;1;1;;https://betimate.com/it/football-predictions/stabaek-vs-haugesund/2026-10-03/game;4;2026-10-04 14:11;;2026-10-04 15:26;0;0;;;
2026-10-03;2026-10-03;16:00;2026-10-03;14:00;1. Division Norvegia;Norway Division 1;norway-division-1;No2;Hodd;Odd BK;31;20;49;2;1-2;3.45;12°C · pioggia 99% · vento 23 km/h;3.5;50.19;49.81;U;40;60;Si;2-3;2;3;2;1;;https://betimate.com/it/football-predictions/hodd-vs-odd-bk/2026-10-03/game;4;2026-10-04 14:11;;2026-10-04 15:26;0;0;;;
2026-10-03;2026-10-03;16:00;2026-10-03;14:00;1. Division Norvegia;Norway Division 1;norway-division-1;No2;Stromsgodset;Asane;76;13;11;1;3-1;4.15;16°C · pioggia 91% · vento 4 km/h;4.5;51.65;48.35;U;43;57;Si;1-0;1;0;1;1;;https://betimate.com/it/football-predictions/asane-vs-stromsgodset/2026-10-03/game;4;2026-10-04 14:11;;2026-10-04 15:26;0;0;;;
2026-10-03;2026-10-03;16:00;2026-10-03;14:00;1. Liga Classic svizzera;Switzerland 1.Liga Classic;switzerland-1-liga-classic;;FC Baden;AC Taverne;34;21;45;2;1-2;3.3;21°C · pioggia 0% · vento 1 km/h;3;47.98;52.02;O;41;59;Si;2-3;2;3;2;1;;https://betimate.com/it/football-predictions/fc-baden-vs-ac-taverne/2026-10-03/game;13;2026-10-04 14:11;;2026-10-04 15:26;0;0;;;
2026-10-03;2026-10-03;16:00;2026-10-03;14:00;1. Liga Classic svizzera;Switzerland 1.Liga Classic;switzerland-1-liga-classic;;FC Collina D'Oro;FC Wettswil-Bonstetten;32;25;43;2;0-1;2.48;;3;54.2;45.8;U;49;51;Si;1-0;1;0;1;0;;https://betimate.com/it/football-predictions/fc-wettswil-bonstetten-vs-fc-collina-d-oro/2026-10-03/game;13;2026-10-04 14:11;;2026-10-04 15:26;0;0;;;
2026-10-03;2026-10-03;16:00;2026-10-03;14:00;1. Liga Classic svizzera;Switzerland 1.Liga Classic;switzerland-1-liga-classic;;FC Muri Gumligen;Concordia Basel;40;22;38;1;2-1;3.09;;3;49.42;50.58;O;43;57;Si;2-3;2;3;2;0;;https://betimate.com/it/football-predictions/concordia-basel-vs-fc-muri-gumligen/2026-10-03/game;43;2026-10-04 14:11;;2026-10-04 15:26;0;0;;;
2026-10-03;2026-10-03;16:00;2026-10-03;14:00;1. Liga Classic svizzera;Switzerland 1.Liga Classic;switzerland-1-liga-classic;;FC Oberwallis Naters;USI Azzurri;33;17;50;2;1-2;4.55;;4.5;49.52;50.48;O;32;68;Si;1-3;1;3;2;1;;https://betimate.com/it/football-predictions/fc-oberwallis-naters-vs-usi-azzurri/2026-10-03/game;43;2026-10-04 14:11;;2026-10-04 15:26;0;0;;;
2026-10-03;2026-10-03;16:00;2026-10-03;14:00;1. Liga Classic svizzera;Switzerland 1.Liga Classic;switzerland-1-liga-classic;;FC Solothurn;Munsingen;70;14;16;1;3-1;4.44;;3.5;45.29;54.71;O;38;62;Si;3-0;3;0;1;1;;https://betimate.com/it/football-predictions/fc-solothurn-vs-munsingen/2026-10-03/game;13;2026-10-04 14:11;;2026-10-04 15:26;0;0;;;
2026-10-03;2026-10-03;16:00;2026-10-03;14:00;1. Liga Classic svizzera;Switzerland 1.Liga Classic;switzerland-1-liga-classic;;FC Thalwil;Locarno;55;23;22;1;1-0;2.49;;2.25;48.39;51.61;O;50;50;Si;2-2;2;2;X;0;;https://betimate.com/it/football-predictions/locarno-vs-fc-thalwil/2026-10-03/game;43;2026-10-04 14:11;;2026-10-04 15:26;0;0;;;
2026-10-03;2026-10-03;16:00;2026-10-03;14:00;1. Liga Classic svizzera;Switzerland 1.Liga Classic;switzerland-1-liga-classic;;Gossau;FC Widnau;50;23;27;1;1-0;2.66;;2.5;48.95;51.05;O;47;53;Si;4-1;4;1;1;1;;https://betimate.com/it/football-predictions/gossau-vs-fc-widnau/2026-10-03/game;43;2026-10-04 14:11;;2026-10-04 15:26;0;0;;;
2026-10-03;2026-10-03;16:00;2026-10-03;14:00;1. Liga Classic svizzera;Switzerland 1.Liga Classic;switzerland-1-liga-classic;;SC Buochs;FC Langenthal;30;19;51;2;1-2;3.64;;3.25;47.69;52.31;O;39;61;Si;1-2;1;2;2;1;;https://betimate.com/it/football-predictions/sc-buochs-vs-fc-langenthal/2026-10-03/game;13;2026-10-04 14:11;;2026-10-04 15:26;0;0;;;
2026-10-03;2026-10-03;16:00;2026-10-03;14:00;1. Liga Classic svizzera;Switzerland 1.Liga Classic;switzerland-1-liga-classic;;SV Muttenz;FC Black Stars;62;19;19;1;2-1;3.35;;3.25;49.46;50.54;O;44;56;Si;2-2;2;2;X;0;;https://betimate.com/it/football-predictions/fc-black-stars-vs-sv-muttenz/2026-10-03/game;43;2026-10-04 14:11;;2026-10-04 15:26;0;0;;;
2026-10-03;2026-10-03;16:00;2026-10-03;14:00;1. Liga Classic svizzera;Switzerland 1.Liga Classic;switzerland-1-liga-classic;;Zug 94;FC Courtetelle;27;22;51;2;1-2;2.98;;2.75;48.41;51.59;O;44;56;Si;1-2;1;2;2;1;;https://betimate.com/it/football-predictions/zug-94-vs-fc-courtetelle/2026-10-03/game;43;2026-10-04 14:11;;2026-10-04 15:26;0;0;;;
2026-10-03;2026-10-03;16:00;2026-10-03;14:00;2. SNL Slovenia;Slovenia 2. SNL;slovenia-2-snl;Si2;ND Dravinja;ND Slovan Ljubljana;41;26;33;1;1-0;2.8;;2.75;49.86;50.14;O;46;54;Si;1-4;1;4;2;0;;https://betimate.com/it/football-predictions/nd-dravinja-vs-nd-slovan-ljubljana/2026-10-03/game;4;2026-10-04 14:11;;2026-10-04 15:26;0;0;;;
2026-10-03;2026-10-03;16:00;2026-10-03;14:00;2. SNL Slovenia;Slovenia 2. SNL;slovenia-2-snl;Si2;NK Vrhnika;NK Krsko;45;24;31;1;2-1;3.23;;2.75;47.12;52.88;O;42;58;Si;0-0;0;0;X;0;;https://betimate.com/it/football-predictions/nk-krsko-vs-nk-vrhnika/2026-10-03/game;4;2026-10-04 14:11;;2026-10-04 15:26;0;0;;;
2026-10-03;2026-10-03;16:00;2026-10-03;14:00;3. Liga ceca;Czechia 3. Liga;czechia-3-liga;;Ceske Budejovice;Benesov;94;4;2;1;4-0;5.69;22°C · pioggia 0% · vento 4 km/h;3.5;39.95;60.05;O;48;52;Si;3-0;3;0;1;1;;https://betimate.com/it/football-predictions/ceske-budejovice-vs-benesov/2026-10-03/game;12;2026-10-04 14:11;;2026-10-04 15:26;0;0;;;
2026-10-03;2026-10-03;16:00;2026-10-03;14:00;3. SNL Slovenia;Slovenia 3. SNL;slovenia-3-snl;;NK Korotan Prevalje;NK Fuzinar;41;20;39;1;2-1;3.93;;3.75;48.85;51.15;O;36;64;Si;4-4;4;4;X;0;;https://betimate.com/it/football-predictions/nk-korotan-prevalje-vs-nk-fuzinar/2026-10-03/game;20;2026-10-04 14:11;;2026-10-04 15:26;0;0;;;
2026-10-03;2026-10-03;16:00;2026-10-03;14:00;4. Liga ceca;Czechia 4. Liga;czechia-4-liga;;FC Tempo Prague;Banik Sokolov;41;23;36;1;2-1;2.95;;3;50.42;49.58;U;44;56;Si;4-1;4;1;1;1;;https://betimate.com/it/football-predictions/banik-sokolov-vs-fc-tempo-prague/2026-10-03/game;13;2026-10-04 14:11;;2026-10-04 15:26;0;0;;;
2026-10-03;2026-10-03;16:00;2026-10-03;14:00;4. Liga ceca;Czechia 4. Liga;czechia-4-liga;;FK Horovicko;SK Strakonice;46;20;34;1;2-1;3.53;22°C · pioggia 0% · vento 9 km/h;3.25;48.32;51.68;O;39;61;Si;2-1;2;1;1;1;;https://betimate.com/it/football-predictions/fk-horovicko-vs-sk-strakonice/2026-10-03/game;43;2026-10-04 14:11;;2026-10-04 15:26;0;0;;;
2026-10-03;2026-10-03;16:00;2026-10-03;14:00;4. Liga ceca;Czechia 4. Liga;czechia-4-liga;;FK Ostrov;Chomutov;27;22;51;2;1-2;2.93;20°C · pioggia 0% · vento 3 km/h;2.75;48.79;51.21;O;45;55;Si;2-1;2;1;1;0;;https://betimate.com/it/football-predictions/fk-ostrov-vs-chomutov/2026-10-03/game;43;2026-10-04 14:11;;2026-10-04 15:26;0;0;;;
2026-10-03;2026-10-03;16:00;2026-10-03;14:00;4. Liga ceca;Czechia 4. Liga;czechia-4-liga;;FK Trutnov;Cechie Vykan;56;18;26;1;2-1;3.8;20°C · pioggia 0% · vento 6 km/h;3.25;46.81;53.19;O;38;62;Si;2-1;2;1;1;1;;https://betimate.com/it/football-predictions/cechie-vykan-vs-fk-trutnov/2026-10-03/game;13;2026-10-04 14:11;;2026-10-04 15:26;0;0;;;
2026-10-03;2026-10-03;16:00;2026-10-03;14:00;4. Liga ceca;Czechia 4. Liga;czechia-4-liga;;Jiskra Domazlice B;FK Okula Nyrsko;61;17;22;1;2-1;4.05;;3.75;48.29;51.71;O;38;62;Si;3-4;3;4;2;0;;https://betimate.com/it/football-predictions/fk-okula-nyrsko-vs-jiskra-domazlice-b/2026-10-03/game;43;2026-10-04 14:11;;2026-10-04 15:26;0;0;;;
2026-10-03;2026-10-03;16:00;2026-10-03;14:00;4. Liga ceca;Czechia 4. Liga;czechia-4-liga;;SK Kosmonosy;FC Slavia HK;69;14;17;1;3-1;4.38;;3.75;46.58;53.42;O;38;62;Si;2-1;2;1;1;1;;https://betimate.com/it/football-predictions/fc-slavia-hk-vs-sk-kosmonosy/2026-10-03/game;43;2026-10-04 14:11;;2026-10-04 15:26;0;0;;;
2026-10-03;2026-10-03;16:00;2026-10-03;14:00;4. Liga ceca;Czechia 4. Liga;czechia-4-liga;;SK Slany;FK Usti nad Labem B;62;16;22;1;2-1;4.29;20°C · pioggia 0% · vento 6 km/h;4.25;49.68;50.32;O;36;64;Si;2-0;2;0;1;1;;https://betimate.com/it/football-predictions/sk-slany-vs-fk-usti-nad-labem-b/2026-10-03/game;43;2026-10-04 14:11;;2026-10-04 15:26;0;0;;;
2026-10-03;2026-10-03;16:00;2026-10-03;14:00;4. Liga ceca;Czechia 4. Liga;czechia-4-liga;;SK Vysoke Myto;Dvur Kralove;69;17;14;1;2-0;3.24;;3;48.5;51.5;O;47;53;Si;2-0;2;0;1;1;;https://betimate.com/it/football-predictions/dvur-kralove-vs-sk-vysoke-myto/2026-10-03/game;43;2026-10-04 14:11;;2026-10-04 15:26;0;0;;;
2026-10-03;2026-10-03;16:00;2026-10-03;14:00;4. Liga ceca;Czechia 4. Liga;czechia-4-liga;;Spartak Sobeslav;SK Senco Doubravka;68;14;18;1;3-1;4.87;21°C · pioggia 0% · vento 8 km/h;4.75;49.22;50.78;O;34;66;Si;2-1;2;1;1;1;;https://betimate.com/it/football-predictions/sk-senco-doubravka-vs-spartak-sobeslav/2026-10-03/game;43;2026-10-04 14:11;;2026-10-04 15:26;0;0;;;
2026-10-03;2026-10-03;16:00;2026-10-03;14:00;A Lyga Femminile Lituania;Lithuania A Lyga Women;lithuania-a-lyga-women;LALW;FK Banga (W);FA Siauliai (W);43;18;39;1;2-1;3.25;;3;48.12;51.88;O;46;54;Si;0-0;0;0;X;0;;https://betimate.com/it/football-predictions/fa-siauliai-w-vs-fk-banga-w/2026-10-03/game;43;2026-10-04 14:11;;2026-10-04 15:26;0;0;;;
2026-10-03;2026-10-03;16:00;2026-10-03;14:00;A Lyga Femminile Lituania;Lithuania A Lyga Women;lithuania-a-lyga-women;LALW;MFA Zalgiris (W);Kauno Rajono FA (W);92;5;3;1;3-0;4.31;;4.5;50.72;49.28;U;58;42;No;;;;;;;https://betimate.com/it/football-predictions/mfa-zalgiris-w-vs-kauno-rajono-fa-w/2026-10-03/game;43;2026-10-04 14:11;;2026-10-04 15:26;0;0;;;
2026-10-03;2026-10-03;16:00;2026-10-03;14:00;Amichevoli Russia;Other Match;other-match;Ru3;Absam;FC Volders;71;15;14;1;2-0;3.52;;3.25;48.49;51.51;O;45;55;Si;3-0;3;0;1;1;;https://betimate.com/it/football-predictions/fc-volders-vs-absam/2026-10-03/game;43;2026-10-04 14:11;;2026-10-04 15:26;0;0;;;
2026-10-03;2026-10-03;16:00;2026-10-03;14:00;Amichevoli Russia;Other Match;other-match;Ru3;Innsbrucker AC;Worgl SV;67;18;15;1;2-0;3.23;;3;48.55;51.45;O;46;54;Si;2-2;2;2;X;0;;https://betimate.com/it/football-predictions/worgl-sv-vs-innsbrucker-ac/2026-10-03/game;43;2026-10-04 14:11;;2026-10-04 15:26;0;0;;;
2026-10-03;2026-10-03;16:00;2026-10-03;14:00;Amichevoli Russia;Other Match;other-match;Ru3;SV Kematen;SC Mils 05;58;18;24;1;2-1;3.76;;3.5;48.57;51.43;O;39;61;Si;5-0;5;0;1;1;;https://betimate.com/it/football-predictions/sv-kematen-vs-sc-mils-05/2026-10-03/game;43;2026-10-04 14:11;;2026-10-04 15:26;0;0;;;
2026-10-03;2026-10-03;16:00;2026-10-03;14:00;Amichevoli europee;Europe Friendlies;europe-friendlies;EF;Winterthur;Basel;46;22;32;1;2-1;3.31;;3.25;49.7;50.3;O;41;59;Si;7-3;7;3;1;1;;https://betimate.com/it/football-predictions/winterthur-vs-basel/2026-10-03/game;3;2026-10-04 14:11;;2026-10-04 15:26;0;0;;;
2026-10-03;2026-10-03;16:00;2026-10-03;14:00;Amichevoli internazionali;International Match;international-match;IM;India;Brasile;1;3;96;2;0-4;5.09;;4.75;48.39;51.61;O;62;38;No;0-4;0;4;2;1;;https://betimate.com/it/football-predictions/brazil-vs-india/2026-10-03/game;1;2026-10-04 14:11;;2026-10-04 15:26;0;0;;;
2026-10-03;2026-10-03;16:00;2026-10-03;14:00;Amichevoli per club;Club Friendly List;club-friendly-list;CFL;Rostov;Krasnodar;74;13;13;1;3-1;4.84;;4.75;51.47;48.53;U;26;74;Si;0-3;0;3;2;0;;https://betimate.com/it/football-predictions/krasnodar-vs-rostov/2026-10-03/game;44;2026-10-04 14:11;;2026-10-04 15:26;0;0;;;
2026-10-03;2026-10-03;16:00;2026-10-03;14:00;Austria - Campionato Femminile 2;Austria Women League 2;austria-women-league-2;AWL2;GAK 1902 (W);USC Landhaus (W);29;19;52;2;1-2;2.92;;3.25;52.05;47.95;U;50;50;Si;2-1;2;1;1;0;;https://betimate.com/it/football-predictions/gak-1902-w-vs-usc-landhaus-w/2026-10-03/game;43;2026-10-04 14:11;;2026-10-04 15:26;0;0;;;
2026-10-03;2026-10-03;16:00;2026-10-03;14:00;Bundesliga Femminile Germania;Germany Bundesliga Women;germany-bundesliga-women;GBW;FC Cologne (W);Freiburg (W);50;19;31;1;2-1;3.1;22°C · pioggia 0% · vento 3 km/h;3;49.12;50.88;O;48;52;Si;0-1;0;1;2;0;;https://betimate.com/it/football-predictions/fc-cologne-w-vs-freiburg-w/2026-10-03/game;13;2026-10-04 14:11;;2026-10-04 15:26;0;0;;;
2026-10-03;2026-10-03;16:00;2026-10-03;14:00;Campeonato Gaúcho 3 Brasile;Brazil Campeonato Gaucho 3;brazil-campeonato-gaucho-3;BCG3;SER Cruz Alta;CF Com Vida SAF;44;23;33;1;1-0;2.75;;2.25;46.62;53.38;O;46;54;Si;0-0;0;0;X;0;;https://betimate.com/it/football-predictions/ser-cruz-alta-vs-cf-com-vida-saf/2026-10-03/game;43;2026-10-04 14:11;;2026-10-04 15:26;0;0;;;
2026-10-03;2026-10-03;16:00;2026-10-03;14:00;Championship Irlanda del Nord;Northern Ireland Championship;northern-ireland-championship;NIC;Ballinamallard Utd;Ards FC;34;25;41;2;0-1;2.41;15°C · pioggia 0% · vento 12 km/h;2.75;52.31;47.69;U;49;51;Si;1-1;1;1;X;0;;https://betimate.com/it/football-predictions/ards-fc-vs-ballinamallard-utd/2026-10-03/game;12;2026-10-04 14:11;;2026-10-04 15:26;0;0;;;
2026-10-03;2026-10-03;16:00;2026-10-03;14:00;Championship Irlanda del Nord;Northern Ireland Championship;northern-ireland-championship;NIC;Dundela;Queens University;21;20;59;2;1-2;3.11;16°C · pioggia 0% · vento 12 km/h;2.75;47.66;52.34;O;45;55;Si;0-2;0;2;2;1;;https://betimate.com/it/football-predictions/dundela-vs-queens-university/2026-10-03/game;12;2026-10-04 14:11;;2026-10-04 15:26;0;0;;;
2026-10-03;2026-10-03;16:00;2026-10-03;14:00;Championship Irlanda del Nord;Northern Ireland Championship;northern-ireland-championship;NIC;HW Welders;Rathfriland Rangers;64;18;18;1;2-1;3.31;16°C · pioggia 0% · vento 11 km/h;3.5;51.07;48.93;U;45;55;Si;1-3;1;3;2;0;;https://betimate.com/it/football-predictions/hw-welders-vs-rathfriland-rangers/2026-10-03/game;43;2026-10-04 14:11;;2026-10-04 15:26;0;0;;;
2026-10-03;2026-10-03;16:00;2026-10-03;14:00;Championship Irlanda del Nord;Northern Ireland Championship;northern-ireland-championship;NIC;Institute;Newington FC;36;19;45;2;1-2;3.79;15°C · pioggia 16% · vento 15 km/h;3.25;46.87;53.13;O;37;63;Si;7-0;7;0;1;0;;https://betimate.com/it/football-predictions/institute-vs-newington-fc/2026-10-03/game;12;2026-10-04 14:11;;2026-10-04 15:26;0;0;;;
2026-10-03;2026-10-03;16:00;2026-10-03;14:00;Championship Irlanda del Nord;Northern Ireland Championship;northern-ireland-championship;NIC;Loughgall;Newry City;45;23;32;1;1-0;2.67;15°C · pioggia 0% · vento 14 km/h;2.75;50.4;49.6;U;47;53;Si;2-1;2;1;1;1;;https://betimate.com/it/football-predictions/newry-city-vs-loughgall/2026-10-03/game;12;2026-10-04 14:11;;2026-10-04 15:26;0;0;;;
2026-10-03;2026-10-03;16:00;2026-10-03;14:00;Championship Irlanda del Nord;Northern Ireland Championship;northern-ireland-championship;NIC;Warrenpoint Town;Annagh United;29;23;48;2;0-1;2.66;15°C · pioggia 0% · vento 10 km/h;2.75;50.56;49.44;U;47;53;Si;1-1;1;1;X;0;;https://betimate.com/it/football-predictions/annagh-united-vs-warrenpoint-town/2026-10-03/game;12;2026-10-04 14:11;;2026-10-04 15:26;0;0;;;
2026-10-03;2026-10-03;16:00;2026-10-03;14:00;Championship Scozia;Scotland Championship;scotland-championship;Sc2;Livingston;Ayr;54;25;21;1;1-0;2.65;14°C · pioggia 5% · vento 22 km/h;2.75;50.85;49.15;U;49;51;Si;1-2;1;2;2;0;;https://betimate.com/it/football-predictions/livingston-vs-ayr/2026-10-03/game;4;2026-10-04 14:11;;2026-10-04 15:26;0;0;;;
2026-10-03;2026-10-03;16:00;2026-10-03;14:00;Championship Scozia;Scotland Championship;scotland-championship;Sc2;Morton;Raith;20;27;53;2;0-1;2.31;14°C · pioggia 35% · vento 22 km/h;2.5;51.2;48.8;U;51;49;No;1-2;1;2;2;1;;https://betimate.com/it/football-predictions/raith-vs-morton/2026-10-03/game;4;2026-10-04 14:11;;2026-10-04 15:26;0;0;;;
2026-10-03;2026-10-03;16:00;2026-10-03;14:00;Championship Scozia;Scotland Championship;scotland-championship;Sc2;Partick;Arbroath;54;28;18;1;1-0;2.14;14°C · pioggia 25% · vento 17 km/h;2.75;54.68;45.32;U;55;45;No;3-0;3;0;1;1;;https://betimate.com/it/football-predictions/partick-vs-arbroath/2026-10-03/game;4;2026-10-04 14:11;;2026-10-04 15:26;0;0;;;
2026-10-03;2026-10-03;16:00;2026-10-03;14:00;Clausura Uruguay;Uruguay Clausura;uruguay-clausura;UC;Liverpool Montevideo;Club Atletico Progreso;57;26;17;1;1-0;2.32;11°C · pioggia 81% · vento 16 km/h;2.5;51.45;48.55;U;54;46;No;3-2;3;2;1;1;;https://betimate.com/it/football-predictions/liverpool-montevideo-vs-club-atletico-progreso/2026-10-03/game;14;2026-10-04 14:11;;2026-10-04 15:26;0;0;;;
2026-10-03;2026-10-03;16:00;2026-10-03;14:00;College Championship USA;USA College Championship;usa-college-championship;UCC;East Tennessee State;Charlotte 49ers;30;20;50;2;1-2;3.49;21°C · pioggia 22% · vento 2 km/h;3.25;48.55;51.45;O;40;60;Si;2-4;2;4;2;1;;https://betimate.com/it/football-predictions/east-tennessee-state-vs-charlotte-49ers/2026-10-03/game;43;2026-10-04 14:11;;2026-10-04 15:26;0;0;;;
2026-10-03;2026-10-03;16:00;2026-10-03;14:00;Conference Premier Inghilterra;Northern Ireland Conference Premier;northern-ireland-conference-premier;NICP;Knockbreda;Banbridge Town;65;17;18;1;2-1;3.95;;3.25;46.03;53.97;O;40;60;Si;4-0;4;0;1;1;;https://betimate.com/it/football-predictions/knockbreda-vs-banbridge-town/2026-10-03/game;14;2026-10-04 14:11;;2026-10-04 15:26;0;0;;;
2026-10-03;2026-10-03;16:00;2026-10-03;14:00;Division 2 Norra Götaland svedese;Sweden 2.div Norra Götaland;sweden-2-div-norra-g-taland;;Lidköpings FK;Vanersborgs FK;46;25;29;1;1-0;2.37;18°C · pioggia 0% · vento 22 km/h;2.75;52.59;47.41;U;50;50;Si;1-0;1;0;1;1;;https://betimate.com/it/football-predictions/vanersborgs-fk-vs-lidk-pings-fk/2026-10-03/game;12;2026-10-04 14:11;;2026-10-04 15:26;0;0;;;
2026-10-03;2026-10-03;16:00;2026-10-03;14:00;Division 2 Södra Svealand svedese;Sweden 2.div Södra Svealand;sweden-2-div-s-dra-svealand;;Syrianska FC;Lindo FF;53;21;26;1;2-1;3.19;18°C · pioggia 0% · vento 13 km/h;3.25;50.35;49.65;U;43;57;Si;5-2;5;2;1;1;;https://betimate.com/it/football-predictions/syrianska-fc-vs-lindo-ff/2026-10-03/game;12;2026-10-04 14:11;;2026-10-04 15:26;0;0;;;
2026-10-03;2026-10-03;16:00;2026-10-03;14:00;Division 3 norvegese - Gruppo 1;Norway Division 3 Group 1;norway-division-3-group-1;;KFUM 2;Ullern;44;19;37;1;2-1;4.39;14°C · pioggia 100% · vento 21 km/h;4.75;51.61;48.39;U;33;67;Si;1-3;1;3;2;0;;https://betimate.com/it/football-predictions/ullern-vs-kfum-2/2026-10-03/game;43;2026-10-04 14:11;;2026-10-04 15:26;0;0;;;
2026-10-03;2026-10-03;16:00;2026-10-03;14:00;División de Honor Juvenil (Spagna);Spain Youth League;spain-youth-league;SYL;Rayo Majadahonda U19;Atletico Madrid U19;30;19;51;2;1-2;2.96;;3;50.25;49.75;U;45;55;Si;0-1;0;1;2;1;;https://betimate.com/it/football-predictions/atletico-madrid-u19-vs-rayo-majadahonda-u19/2026-10-03/game;6;2026-10-04 14:11;;2026-10-04 15:26;0;0;;;
2026-10-03;2026-10-03;16:00;2026-10-03;14:00;División de Honor Juvenil (Spagna);Spain Youth League;spain-youth-league;SYL;Sporting Gijon U19;CD Roces U19;69;16;15;1;2-0;3.08;;3;49.55;50.45;O;49;51;Si;4-0;4;0;1;1;;https://betimate.com/it/football-predictions/cd-roces-u19-vs-sporting-gijon-u19/2026-10-03/game;23;2026-10-04 14:11;;2026-10-04 15:26;0;0;;;
2026-10-03;2026-10-03;16:00;2026-10-03;14:00;EFL Trophy Inghilterra;England EFL Trophy;england-efl-trophy;EET;Colchester;Luton;13;18;69;2;0-2;3.11;18°C · pioggia 11% · vento 8 km/h;3.25;50.59;49.41;U;45;55;Si;;;;;;;https://betimate.com/it/football-predictions/luton-vs-colchester/2026-10-03/game;6;2026-10-04 14:11;;2026-10-04 15:26;0;0;;;
2026-10-03;2026-10-03;16:00;2026-10-03;14:00;Elitettan svedese;Sweden Elitettan;sweden-elitettan;SE;KIF Orebro (W);Sandvikens IF (W);76;13;11;1;3-1;4.02;17°C · pioggia 0% · vento 19 km/h;3.5;47.3;52.7;O;43;57;Si;7-0;7;0;1;1;;https://betimate.com/it/football-predictions/kif-orebro-w-vs-sandvikens-if-w/2026-10-03/game;12;2026-10-04 14:11;;2026-10-04 15:26;0;0;;;
2026-10-03;2026-10-03;16:00;2026-10-03;14:00;Ettan Norra Svezia;Sweden 1.div Norra;sweden-1-div-norra;Se3;IFK Stocksund;FC Järfälla;50;17;33;1;2-1;4.63;18°C · pioggia 0% · vento 17 km/h;3.5;44.31;55.69;O;32;68;Si;1-1;1;1;X;0;;https://betimate.com/it/football-predictions/ifk-stocksund-vs-fc-j-rf-lla/2026-10-03/game;5;2026-10-04 14:11;;2026-10-04 15:26;0;0;;;
2026-10-03;2026-10-03;16:00;2026-10-03;14:00;Ettan Norra Svezia;Sweden 1.div Norra;sweden-1-div-norra;Se3;Piteå IF;IF Karlstad Fotboll;33;23;44;2;0-1;2.7;13°C · pioggia 3% · vento 9 km/h;2.75;50.22;49.78;U;46;54;Si;1-1;1;1;X;0;;https://betimate.com/it/football-predictions/pite-if-vs-if-karlstad-fotboll/2026-10-03/game;5;2026-10-04 14:11;;2026-10-04 15:26;0;0;;;
2026-10-03;2026-10-03;16:00;2026-10-03;14:00;Ettan Södra svedese;Sweden 1.div Södra;sweden-1-div-s-dra;;Atvidabergs FF;FC Trollhattan;49;20;31;1;2-1;3.68;18°C · pioggia 0% · vento 13 km/h;3;45.48;54.52;O;38;62;Si;1-1;1;1;X;0;;https://betimate.com/it/football-predictions/atvidabergs-ff-vs-fc-trollhattan/2026-10-03/game;12;2026-10-04 14:11;;2026-10-04 15:26;0;0;;;
2026-10-03;2026-10-03;16:00;2026-10-03;14:00;Ettan Södra svedese;Sweden 1.div Södra;sweden-1-div-s-dra;;Jonkopings Sodra;Eskilsminne IF;52;24;24;1;1-0;2.54;16°C · pioggia 0% · vento 15 km/h;2.75;51.35;48.65;U;49;51;Si;0-1;0;1;2;0;;https://betimate.com/it/football-predictions/jonkopings-sodra-vs-eskilsminne-if/2026-10-03/game;12;2026-10-04 14:11;;2026-10-04 15:26;0;0;;;
2026-10-03;2026-10-03;16:00;2026-10-03;14:00;Ettan Södra svedese;Sweden 1.div Södra;sweden-1-div-s-dra;;Skövde AIK;Utsiktens BK;61;20;19;1;2-0;3;17°C · pioggia 0% · vento 18 km/h;3.25;51.62;48.38;U;47;53;Si;3-2;3;2;1;1;;https://betimate.com/it/football-predictions/utsiktens-bk-vs-sk-vde-aik/2026-10-03/game;12;2026-10-04 14:11;;2026-10-04 15:26;0;0;;;
2026-10-03;2026-10-03;16:00;2026-10-03;14:00;FA Cup inglese;England FA Cup;england-fa-cup;FA;Weymouth;South East Dons;57;18;25;1;2-1;4.29;19°C · pioggia 25% · vento 10 km/h;4.25;49.7;50.3;O;35;65;Si;1-5;1;5;2;0;;https://betimate.com/it/football-predictions/weymouth-vs-south-east-dons/2026-10-03/game;18;2026-10-04 14:11;;2026-10-04 15:26;0;0;;;
2026-10-03;2026-10-03;16:00;2026-10-03;14:00;Gamma Ethniki Grecia;Greece Gamma Ethniki;greece-gamma-ethniki;GGE;Bam FC;PAOK Kristonis;52;23;25;1;1-0;2.75;;2.5;48.37;51.63;O;47;53;Si;3-1;3;1;1;1;;https://betimate.com/it/football-predictions/paok-kristonis-vs-bam-fc/2026-10-03/game;43;2026-10-04 14:11;;2026-10-04 15:26;0;0;;;
2026-10-03;2026-10-03;16:00;2026-10-03;14:00;Gamma Ethniki Grecia;Greece Gamma Ethniki;greece-gamma-ethniki;GGE;MPAM FC;PAOK Kristonis;52;22;26;1;1-0;2.81;;2.75;49.55;50.45;O;46;54;Si;3-1;3;1;1;1;;https://betimate.com/it/football-predictions/paok-kristonis-vs-mpam-fc/2026-10-03/game;43;2026-10-04 14:11;;2026-10-04 15:26;0;0;;;
2026-10-03;2026-10-03;16:00;2026-10-03;14:00;Hungary Cup Women;Hungary Cup Women;hungary-cup-women;HCW;MTK Hungaria (W);Szent Mihaly SE (W);63;19;18;1;1-0;2.57;;3.25;54.57;45.43;U;57;43;No;1-1;1;1;X;0;;https://betimate.com/it/football-predictions/szent-mihaly-se-w-vs-mtk-hungaria-w/2026-10-03/game;43;2026-10-04 14:11;;2026-10-04 15:26;0;0;;;
2026-10-03;2026-10-03;16:00;2026-10-03;14:00;II Liga polacca;Poland II Liga;poland-ii-liga;Pl2;OKS Swit Skolwin;Sokol Kleczew;40;19;41;2;1-2;3.87;18°C · pioggia 0% · vento 5 km/h;3.25;46.35;53.65;O;36;64;Si;2-1;2;1;1;0;;https://betimate.com/it/football-predictions/sokol-kleczew-vs-oks-swit-skolwin/2026-10-03/game;2;2026-10-04 14:11;;2026-10-04 15:26;0;0;;;
2026-10-03;2026-10-03;16:00;2026-10-03;14:00;II Lyga Lituania;Lithuania II Lyga;lithuania-ii-lyga;LIL;Suduva Marijampole II;Vilnius Football Academy;44;20;36;1;2-1;3.59;20°C · pioggia 0% · vento 10 km/h;3.75;50.83;49.17;U;39;61;Si;0-0;0;0;X;0;;https://betimate.com/it/football-predictions/suduva-marijampole-ii-vs-vilnius-football-academy/2026-10-03/game;43;2026-10-04 14:11;;2026-10-04 15:26;0;0;;;
2026-10-03;2026-10-03;16:00;2026-10-03;14:00;III Liga polacca;Poland III Liga;poland-iii-liga;PlC;LKS Lomza;Olimpia Elblag;57;21;22;1;1-0;2.94;;3;50.58;49.42;U;46;54;Si;0-2;0;2;2;0;;https://betimate.com/it/football-predictions/olimpia-elblag-vs-lks-lomza/2026-10-03/game;2;2026-10-04 14:11;;2026-10-04 15:26;0;0;;;
2026-10-03;2026-10-03;16:00;2026-10-03;14:00;III Liga polacca;Poland III Liga;poland-iii-liga;PlC;WDA Swiecie;Polonia Sroda Wlkp;31;19;50;2;1-2;3.68;;3.25;47.47;52.53;O;38;62;Si;0-4;0;4;2;1;;https://betimate.com/it/football-predictions/wda-swiecie-vs-polonia-sroda-wlkp/2026-10-03/game;2;2026-10-04 14:11;;2026-10-04 15:26;0;0;;;
2026-10-03;2026-10-03;16:00;2026-10-03;14:00;IV Liga Polonia;Poland IV Liga;poland-iv-liga;PIL;Gwardia Koszalin;Sparta Gryfice;40;19;41;2;1-2;3.96;;3.5;47.49;52.51;O;36;64;Si;4-1;4;1;1;0;;https://betimate.com/it/football-predictions/gwardia-koszalin-vs-sparta-gryfice/2026-10-03/game;14;2026-10-04 14:11;;2026-10-04 15:26;0;0;;;
2026-10-03;2026-10-03;16:00;2026-10-03;14:00;IV Liga Polonia;Poland IV Liga;poland-iv-liga;PIL;Korona Kozuchow;Sprotavia Szprotawa;48;19;33;1;2-1;3.88;;4;50.67;49.33;U;37;63;Si;;;;;;;https://betimate.com/it/football-predictions/sprotavia-szprotawa-vs-korona-kozuchow/2026-10-03/game;14;2026-10-04 14:11;;2026-10-04 15:26;0;0;;;
2026-10-03;2026-10-03;16:00;2026-10-03;14:00;IV Liga Polonia;Poland IV Liga;poland-iv-liga;PIL;Polonia Golina;Nielba Wagrowiec;51;21;28;1;2-1;3.3;;3.5;51.06;48.94;U;42;58;Si;2-0;2;0;1;1;;https://betimate.com/it/football-predictions/nielba-wagrowiec-vs-polonia-golina/2026-10-03/game;14;2026-10-04 14:11;;2026-10-04 15:26;0;0;;;
2026-10-03;2026-10-03;16:00;2026-10-03;14:00;Isthmian League Division One North Inghilterra;England Isthmian Division One North;england-isthmian-division-one-north;EIDO;Fakenham Town;Witham Town;30;20;50;2;1-2;3.41;;3;47.21;52.79;O;41;59;Si;1-2;1;2;2;1;;https://betimate.com/it/football-predictions/witham-town-vs-fakenham-town/2026-10-03/game;14;2026-10-04 14:11;;2026-10-04 15:26;0;0;;;
2026-10-03;2026-10-03;16:00;2026-10-03;14:00;Isthmian League Division One North Inghilterra;England Isthmian Division One North;england-isthmian-division-one-north;EIDO;Felixstowe & Walton Utd;Canvey Island;55;23;22;1;1-0;2.55;;3;53.63;46.37;U;50;50;Si;3-1;3;1;1;1;;https://betimate.com/it/football-predictions/canvey-island-vs-felixstowe-walton-utd/2026-10-03/game;14;2026-10-04 14:11;;2026-10-04 15:26;0;0;;;
2026-10-03;2026-10-03;16:00;2026-10-03;14:00;Isthmian League Division One North Inghilterra;England Isthmian Division One North;england-isthmian-division-one-north;EIDO;Hashtag United;Buckhurst Hill;43;23;34;1;2-1;2.88;;3.5;53.54;46.46;U;44;56;Si;4-1;4;1;1;1;;https://betimate.com/it/football-predictions/hashtag-united-vs-buckhurst-hill/2026-10-03/game;14;2026-10-04 14:11;;2026-10-04 15:26;0;0;;;
2026-10-03;2026-10-03;16:00;2026-10-03;14:00;Isthmian League Division One South Inghilterra;England Isthmian Division One South;england-isthmian-division-one-south;EIDO;Kingstonian;Bognor Regis Town;57;19;24;1;2-1;3.41;;3;47.22;52.78;O;42;58;Si;4-5;4;5;2;0;;https://betimate.com/it/football-predictions/kingstonian-vs-bognor-regis-town/2026-10-03/game;14;2026-10-04 14:11;;2026-10-04 15:26;0;0;;;
2026-10-03;2026-10-03;16:00;2026-10-03;14:00;Isthmian League Division One South Inghilterra;England Isthmian Division One South;england-isthmian-division-one-south;EIDO;Winchester City;Windsor & Eton;33;21;46;2;1-2;3.14;;3.25;50.65;49.35;U;42;58;Si;4-2;4;2;1;0;;https://betimate.com/it/football-predictions/winchester-city-vs-windsor-eton/2026-10-03/game;14;2026-10-04 14:11;;2026-10-04 15:26;0;0;;;
2026-10-03;2026-10-03;16:00;2026-10-03;14:00;Isthmian Premier Division Inghilterra;England Isthmian Premier Division;england-isthmian-premier-division;EIPD;Burgess Hill Town;Maldon Tiptree FC;70;14;16;1;3-1;4.47;20°C · pioggia 0% · vento 5 km/h;3;40.93;59.07;O;37;63;Si;4-1;4;1;1;1;;https://betimate.com/it/football-predictions/burgess-hill-town-vs-maldon-tiptree-fc/2026-10-03/game;13;2026-10-04 14:11;;2026-10-04 15:26;0;0;;;
2026-10-03;2026-10-03;16:00;2026-10-03;14:00;Isthmian Premier Division Inghilterra;England Isthmian Premier Division;england-isthmian-premier-division;EIPD;Lewes;Whitehawk;45;21;34;1;2-1;3.38;19°C · pioggia 0% · vento 10 km/h;3;47.4;52.6;O;40;60;Si;1-0;1;0;1;1;;https://betimate.com/it/football-predictions/whitehawk-vs-lewes/2026-10-03/game;13;2026-10-04 14:11;;2026-10-04 15:26;0;0;;;
2026-10-03;2026-10-03;16:00;2026-10-03;14:00;Isthmian Premier Division Inghilterra;England Isthmian Premier Division;england-isthmian-premier-division;EIPD;Ramsgate;Carshalton Ath;56;19;25;1;2-1;3.41;;2.75;45.82;54.18;O;42;58;Si;2-3;2;3;2;0;;https://betimate.com/it/football-predictions/carshalton-ath-vs-ramsgate/2026-10-03/game;13;2026-10-04 14:11;;2026-10-04 15:26;0;0;;;
2026-10-03;2026-10-03;16:00;2026-10-03;14:00;Isthmian Premier Division Inghilterra;England Isthmian Premier Division;england-isthmian-premier-division;EIPD;Welling;AFC Whyteleafe;61;18;21;1;2-1;3.72;19°C · pioggia 3% · vento 5 km/h;2.75;44.12;55.88;O;40;60;Si;1-0;1;0;1;1;;https://betimate.com/it/football-predictions/welling-vs-afc-whyteleafe/2026-10-03/game;13;2026-10-04 14:11;;2026-10-04 15:26;0;0;;;
2026-10-03;2026-10-03;16:00;2026-10-03;14:00;Kakkonen finlandese - Gruppo B;Finland Kakkonen Group B;finland-kakkonen-group-b;FKGB;MuSa;GrIFK;34;22;44;2;1-2;3.12;14°C · pioggia 20% · vento 14 km/h;3.75;53.69;46.31;U;42;58;Si;5-2;5;2;1;0;;https://betimate.com/it/football-predictions/grifk-vs-musa/2026-10-03/game;13;2026-10-04 14:11;;2026-10-04 15:26;0;0;;;
2026-10-03;2026-10-03;16:00;2026-10-03;14:00;Landesliga austriaca;Austria Landesliga;austria-landesliga;AL;ASV Neudorf/Parndorf II;SC Bad Sauerbrunn;24;20;56;2;1-2;3.3;;3;48.04;51.96;O;43;57;Si;1-1;1;1;X;0;;https://betimate.com/it/football-predictions/sc-bad-sauerbrunn-vs-asv-neudorf-parndorf-ii/2026-10-03/game;6;2026-10-04 14:11;;2026-10-04 15:26;0;0;;;
2026-10-03;2026-10-03;16:00;2026-10-03;14:00;Landesliga austriaca;Austria Landesliga;austria-landesliga;AL;Admira Dornbirn;Dornbirner SV;47;18;35;1;2-1;4.47;21°C · pioggia 0% · vento 8 km/h;4.25;48.66;51.34;O;32;68;Si;3-1;3;1;1;1;;https://betimate.com/it/football-predictions/dornbirner-sv-vs-admira-dornbirn/2026-10-03/game;23;2026-10-04 14:11;;2026-10-04 15:26;0;0;;;
2026-10-03;2026-10-03;16:00;2026-10-03;14:00;Landesliga austriaca;Austria Landesliga;austria-landesliga;AL;Blau Weiss Feldkirch;SV Ludesch;51;20;29;1;2-1;3.63;;3.5;49.22;50.78;O;39;61;Si;4-1;4;1;1;1;;https://betimate.com/it/football-predictions/blau-weiss-feldkirch-vs-sv-ludesch/2026-10-03/game;23;2026-10-04 14:11;;2026-10-04 15:26;0;0;;;
2026-10-03;2026-10-03;16:00;2026-10-03;14:00;Landesliga austriaca;Austria Landesliga;austria-landesliga;AL;FC Alberschwende;FC Riefensberg;43;25;32;1;1-0;2.38;;2.25;49.12;50.88;O;50;50;Si;1-2;1;2;2;0;;https://betimate.com/it/football-predictions/fc-alberschwende-vs-fc-riefensberg/2026-10-03/game;23;2026-10-04 14:11;;2026-10-04 15:26;0;0;;;
2026-10-03;2026-10-03;16:00;2026-10-03;14:00;Landesliga austriaca;Austria Landesliga;austria-landesliga;AL;FC Andorf;Grun Weiss Micheldorf;74;14;12;1;2-0;3.76;;3.5;48.65;51.35;O;45;55;Si;3-0;3;0;1;1;;https://betimate.com/it/football-predictions/grun-weiss-micheldorf-vs-fc-andorf/2026-10-03/game;23;2026-10-04 14:11;;2026-10-04 15:26;0;0;;;
2026-10-03;2026-10-03;16:00;2026-10-03;14:00;Landesliga austriaca;Austria Landesliga;austria-landesliga;AL;FC Egg;FC Bizau;67;18;15;1;2-0;3.17;22°C · pioggia 0% · vento 6 km/h;3;48.97;51.03;O;47;53;Si;2-2;2;2;X;0;;https://betimate.com/it/football-predictions/fc-bizau-vs-fc-egg/2026-10-03/game;23;2026-10-04 14:11;;2026-10-04 15:26;0;0;;;
2026-10-03;2026-10-03;16:00;2026-10-03;14:00;Landesliga austriaca;Austria Landesliga;austria-landesliga;AL;Floridsdorfer AC II;FV Austria XIII;48;20;32;1;2-1;3.64;;3.25;47.68;52.32;O;38;62;Si;2-1;2;1;1;1;;https://betimate.com/it/football-predictions/fv-austria-xiii-vs-floridsdorfer-ac-ii/2026-10-03/game;6;2026-10-04 14:11;;2026-10-04 15:26;0;0;;;
2026-10-03;2026-10-03;16:00;2026-10-03;14:00;Landesliga austriaca;Austria Landesliga;austria-landesliga;AL;Neusiedl;ASK Klingenbach;57;20;23;1;2-1;3.14;22°C · pioggia 0% · vento 16 km/h;3;49.14;50.86;O;44;56;Si;0-4;0;4;2;0;;https://betimate.com/it/football-predictions/neusiedl-vs-ask-klingenbach/2026-10-03/game;23;2026-10-04 14:11;;2026-10-04 15:26;0;0;;;
2026-10-03;2026-10-03;16:00;2026-10-03;14:00;Landesliga austriaca;Austria Landesliga;austria-landesliga;AL;Post SV;LAC Inter;37;20;43;2;1-2;3.65;;3.25;47.59;52.41;O;38;62;Si;0-1;0;1;2;1;;https://betimate.com/it/football-predictions/post-sv-vs-lac-inter/2026-10-03/game;23;2026-10-04 14:11;;2026-10-04 15:26;0;0;;;
2026-10-03;2026-10-03;16:00;2026-10-03;14:00;Landesliga austriaca;Austria Landesliga;austria-landesliga;AL;SC Ortmann;St. Peter/Au;45;21;34;1;2-1;3.34;;3.25;49.45;50.55;O;41;59;Si;0-4;0;4;2;0;;https://betimate.com/it/football-predictions/sc-ortmann-vs-st-peter-au/2026-10-03/game;23;2026-10-04 14:11;;2026-10-04 15:26;0;0;;;
2026-10-03;2026-10-03;16:00;2026-10-03;14:00;Landesliga austriaca;Austria Landesliga;austria-landesliga;AL;SV Bad Ischl;Union Mondsee;17;16;67;2;1-2;3.91;;3.75;49.07;50.93;O;41;59;Si;1-2;1;2;2;1;;https://betimate.com/it/football-predictions/sv-bad-ischl-vs-union-mondsee/2026-10-03/game;23;2026-10-04 14:11;;2026-10-04 15:26;0;0;;;
2026-10-03;2026-10-03;16:00;2026-10-03;14:00;Landesliga austriaca;Austria Landesliga;austria-landesliga;AL;Sportunion Sankt Martin;Union Ostermiething;41;19;40;1;2-1;4.11;;4;49.31;50.69;O;35;65;Si;1-2;1;2;2;0;;https://betimate.com/it/football-predictions/sportunion-sankt-martin-vs-union-ostermiething/2026-10-03/game;23;2026-10-04 14:11;;2026-10-04 15:26;0;0;;;
2026-10-03;2026-10-03;16:00;2026-10-03;14:00;League One Scozia;Scotland League One;scotland-league-one;Sc3;Airdrieonians;Montrose;44;23;33;1;2-1;2.95;13°C · pioggia 3% · vento 18 km/h;2.75;48.61;51.39;O;44;56;Si;1-0;1;0;1;1;;https://betimate.com/it/football-predictions/airdrieonians-vs-montrose/2026-10-03/game;4;2026-10-04 14:11;;2026-10-04 15:26;0;0;;;
2026-10-03;2026-10-03;16:00;2026-10-03;14:00;League One Scozia;Scotland League One;scotland-league-one;Sc3;East Fife;East Kilbride;38;21;41;2;1-2;3.23;15°C · pioggia 0% · vento 22 km/h;2.75;46.84;53.16;O;41;59;Si;0-3;0;3;2;1;;https://betimate.com/it/football-predictions/east-kilbride-vs-east-fife/2026-10-03/game;4;2026-10-04 14:11;;2026-10-04 15:26;0;0;;;
2026-10-03;2026-10-03;16:00;2026-10-03;14:00;League One Scozia;Scotland League One;scotland-league-one;Sc3;Queen of South;Cove Rangers;39;23;38;1;1-0;2.82;15°C · pioggia 0% · vento 14 km/h;2.75;49.39;50.61;O;45;55;Si;4-3;4;3;1;1;;https://betimate.com/it/football-predictions/queen-of-south-vs-cove-rangers/2026-10-03/game;4;2026-10-04 14:11;;2026-10-04 15:26;0;0;;;
2026-10-03;2026-10-03;16:00;2026-10-03;14:00;League One Scozia;Scotland League One;scotland-league-one;Sc3;Ross County;Alloa;52;21;27;1;2-1;3.13;14°C · pioggia 19% · vento 17 km/h;3.25;50.76;49.24;U;43;57;Si;4-1;4;1;1;1;;https://betimate.com/it/football-predictions/alloa-vs-ross-county/2026-10-03/game;4;2026-10-04 14:11;;2026-10-04 15:26;0;0;;;
2026-10-03;2026-10-03;16:00;2026-10-03;14:00;League One inglese;England League 1;england-league-1;L1;Burton Albion;Huddersfield;28;27;45;2;0-1;2.59;17°C · pioggia 0% · vento 10 km/h;2.75;51.1;48.9;U;46;54;Si;1-3;1;3;2;1;;https://betimate.com/it/football-predictions/huddersfield-vs-burton-albion/2026-10-03/game;3;2026-10-04 14:11;;2026-10-04 15:26;0;0;;;
2026-10-03;2026-10-03;16:00;2026-10-03;14:00;League One inglese;England League 1;england-league-1;L1;Leyton Orient;Plymouth;34;26;40;2;1-2;2.99;20°C · pioggia 3% · vento 4 km/h;2.75;48.42;51.58;O;42;58;Si;0-2;0;2;2;1;;https://betimate.com/it/football-predictions/leyton-orient-vs-plymouth/2026-10-03/game;3;2026-10-04 14:11;;2026-10-04 15:26;0;0;;;
2026-10-03;2026-10-03;16:00;2026-10-03;14:00;League One inglese;England League 1;england-league-1;L1;Reading;Bradford;42;29;29;1;1-0;2.3;19°C · pioggia 22% · vento 3 km/h;2.5;51.38;48.62;U;49;51;Si;1-1;1;1;X;0;;https://betimate.com/it/football-predictions/bradford-vs-reading/2026-10-03/game;3;2026-10-04 14:11;;2026-10-04 15:26;0;0;;;
2026-10-03;2026-10-03;16:00;2026-10-03;14:00;League Two Inghilterra;England League 2;england-league-2;L2;Accrington Stanley;Cheltenham;39;27;34;1;1-0;2.69;14°C · pioggia 0% · vento 14 km/h;2.5;48.71;51.29;O;45;55;Si;2-0;2;0;1;1;;https://betimate.com/it/football-predictions/accrington-stanley-vs-cheltenham/2026-10-03/game;4;2026-10-04 14:11;;2026-10-04 15:26;0;0;;;
2026-10-03;2026-10-03;16:00;2026-10-03;14:00;League Two Inghilterra;England League 2;england-league-2;L2;Crewe;Bristol Rovers;40;28;32;1;1-0;2.53;16°C · pioggia 0% · vento 9 km/h;2.5;49.81;50.19;O;46;54;Si;3-1;3;1;1;1;;https://betimate.com/it/football-predictions/crewe-vs-bristol-rovers/2026-10-03/game;4;2026-10-04 14:11;;2026-10-04 15:26;0;0;;;
2026-10-03;2026-10-03;16:00;2026-10-03;14:00;League Two Inghilterra;England League 2;england-league-2;L2;Exeter;Rotherham;37;31;32;1;1-0;2.12;20°C · pioggia 37% · vento 5 km/h;2.5;52.8;47.2;U;52;48;No;1-0;1;0;1;1;;https://betimate.com/it/football-predictions/exeter-vs-rotherham/2026-10-03/game;3;2026-10-04 14:11;;2026-10-04 15:26;0;0;;;
2026-10-03;2026-10-03;16:00;2026-10-03;14:00;League Two Inghilterra;England League 2;england-league-2;L2;Gillingham;Newport County;42;27;31;1;1-0;2.56;20°C · pioggia 1% · vento 3 km/h;2.5;49.61;50.39;O;46;54;Si;0-0;0;0;X;0;;https://betimate.com/it/football-predictions/gillingham-vs-newport-county/2026-10-03/game;3;2026-10-04 14:11;;2026-10-04 15:26;0;0;;;
2026-10-03;2026-10-03;16:00;2026-10-03;14:00;League Two Inghilterra;England League 2;england-league-2;L2;Grimsby;Shrewsbury;57;25;18;1;1-0;2.49;17°C · pioggia 0% · vento 10 km/h;2.5;50.08;49.92;U;50;50;Si;1-2;1;2;2;0;;https://betimate.com/it/football-predictions/shrewsbury-vs-grimsby/2026-10-03/game;3;2026-10-04 14:11;;2026-10-04 15:26;0;0;;;
2026-10-03;2026-10-03;16:00;2026-10-03;14:00;League Two Inghilterra;England League 2;england-league-2;L2;Rochdale;Swindon;37;28;35;1;1-0;2.64;15°C · pioggia 0% · vento 10 km/h;2.75;50.7;49.3;U;45;55;Si;1-0;1;0;1;1;;https://betimate.com/it/football-predictions/swindon-vs-rochdale/2026-10-03/game;3;2026-10-04 14:11;;2026-10-04 15:26;0;0;;;
2026-10-03;2026-10-03;16:00;2026-10-03;14:00;League Two Inghilterra;England League 2;england-league-2;L2;Salford City;Fleetwood Town;46;29;25;1;1-0;2.39;15°C · pioggia 0% · vento 10 km/h;2.75;52.65;47.35;U;52;48;No;1-0;1;0;1;1;;https://betimate.com/it/football-predictions/salford-city-vs-fleetwood-town/2026-10-03/game;3;2026-10-04 14:11;;2026-10-04 15:26;0;0;;;
2026-10-03;2026-10-03;16:00;2026-10-03;14:00;League Two Scozia;Scotland League Two;scotland-league-two;Sc4;Annan Athletic;Stirling;54;20;26;1;2-1;3.37;14°C · pioggia 0% · vento 18 km/h;3;47.5;52.5;O;41;59;Si;0-1;0;1;2;0;;https://betimate.com/it/football-predictions/stirling-vs-annan-athletic/2026-10-03/game;5;2026-10-04 14:11;;2026-10-04 15:26;0;0;;;
2026-10-03;2026-10-03;16:00;2026-10-03;14:00;League Two Scozia;Scotland League Two;scotland-league-two;Sc4;Dumbarton;Forfar;43;22;35;1;2-1;3.11;14°C · pioggia 27% · vento 18 km/h;2.75;47.64;52.36;O;42;58;Si;2-1;2;1;1;1;;https://betimate.com/it/football-predictions/forfar-vs-dumbarton/2026-10-03/game;5;2026-10-04 14:11;;2026-10-04 15:26;0;0;;;
2026-10-03;2026-10-03;16:00;2026-10-03;14:00;League Two Scozia;Scotland League Two;scotland-league-two;Sc4;Elgin;Clyde;52;19;29;1;2-1;3.75;15°C · pioggia 1% · vento 21 km/h;2.75;43.87;56.13;O;38;62;Si;6-2;6;2;1;1;;https://betimate.com/it/football-predictions/elgin-vs-clyde/2026-10-03/game;5;2026-10-04 14:11;;2026-10-04 15:26;0;0;;;
2026-10-03;2026-10-03;16:00;2026-10-03;14:00;League Two Scozia;Scotland League Two;scotland-league-two;Sc4;Spartans;Kelty Hearts;63;17;20;1;2-1;3.8;15°C · pioggia 5% · vento 19 km/h;3;44.75;55.25;O;40;60;Si;0-2;0;2;2;0;;https://betimate.com/it/football-predictions/spartans-vs-kelty-hearts/2026-10-03/game;5;2026-10-04 14:11;;2026-10-04 15:26;0;0;;;
2026-10-03;2026-10-03;16:00;2026-10-03;14:00;League Two Scozia;Scotland League Two;scotland-league-two;Sc4;Stranraer;FC Edinburgh;59;19;22;1;2-1;3.22;14°C · pioggia 1% · vento 11 km/h;3;48.55;51.45;O;44;56;Si;0-0;0;0;X;0;;https://betimate.com/it/football-predictions/stranraer-vs-fc-edinburgh/2026-10-03/game;20;2026-10-04 14:11;;2026-10-04 15:26;0;0;;;
2026-10-03;2026-10-03;16:00;2026-10-03;14:00;Liga F Spagna;Spain Primera Women;spain-primera-women;SPW;Deportivo A Coruna (W);Atletico Madrid (W);25;20;55;2;0-1;2.55;24°C · pioggia 5% · vento 13 km/h;2.75;51.07;48.93;U;55;45;No;1-2;1;2;2;1;;https://betimate.com/it/football-predictions/atletico-madrid-w-vs-deportivo-a-coruna-w/2026-10-03/game;13;2026-10-04 14:11;;2026-10-04 15:26;0;0;;;
2026-10-03;2026-10-03;16:00;2026-10-03;14:00;Liga Prom Panama;Panama Liga Prom;panama-liga-prom;PLP;Udelas FC;Veraguas United Reserves;55;19;26;1;2-1;3.73;27°C · pioggia 69% · vento 5 km/h;3.5;48.71;51.29;O;39;61;Si;5-1;5;1;1;1;;https://betimate.com/it/football-predictions/udelas-fc-vs-veraguas-united-reserves/2026-10-03/game;43;2026-10-04 14:11;;2026-10-04 15:26;0;0;;;
2026-10-03;2026-10-03;16:00;2026-10-03;14:00;Ligue 2 Algeria;Algeria Division 2;algeria-division-2;Al2;ESM Kolea;MC El Bayadh;43;30;27;1;1-0;1.75;;1.75;50.15;49.85;U;57;43;No;1-0;1;0;1;1;;https://betimate.com/it/football-predictions/esm-kolea-vs-mc-el-bayadh/2026-10-03/game;14;2026-10-04 14:11;;2026-10-04 15:26;0;0;;;
2026-10-03;2026-10-03;16:00;2026-10-03;14:00;Ligue 2 Algeria;Algeria Division 2;algeria-division-2;Al2;GC Mascara;USM Blida;40;25;35;1;1-0;2.5;31°C · pioggia 33% · vento 12 km/h;2;45.94;54.06;O;48;52;Si;1-1;1;1;X;0;;https://betimate.com/it/football-predictions/usm-blida-vs-gc-mascara/2026-10-03/game;14;2026-10-04 14:11;;2026-10-04 15:26;0;0;;;
2026-10-03;2026-10-03;16:00;2026-10-03;14:00;Ligue 2 Algeria;Algeria Division 2;algeria-division-2;Al2;IRB Sidi M'hamed Benali;ES Mostaganem;65;19;16;1;1-0;2.79;;2;43.98;56.02;O;50;50;Si;2-2;2;2;X;0;;https://betimate.com/it/football-predictions/es-mostaganem-vs-irb-sidi-m-hamed-benali/2026-10-03/game;14;2026-10-04 14:11;;2026-10-04 15:26;0;0;;;
2026-10-03;2026-10-03;16:00;2026-10-03;14:00;Ligue 2 Algeria;Algeria Division 2;algeria-division-2;Al2;JS Djijel;JS Azazga;56;23;21;1;1-0;2.52;;2;45.95;54.05;O;50;50;Si;0-0;0;0;X;0;;https://betimate.com/it/football-predictions/js-djijel-vs-js-azazga/2026-10-03/game;14;2026-10-04 14:11;;2026-10-04 15:26;0;0;;;
2026-10-03;2026-10-03;16:00;2026-10-03;14:00;Ligue 2 Algeria;Algeria Division 2;algeria-division-2;Al2;JSM Skikda;NRB Beni Oulbene;48;26;26;1;1-0;2.09;31°C · pioggia 0% · vento 6 km/h;2;49.5;50.5;O;53;47;No;1-0;1;0;1;1;;https://betimate.com/it/football-predictions/jsm-skikda-vs-nrb-beni-oulbene/2026-10-03/game;14;2026-10-04 14:11;;2026-10-04 15:26;0;0;;;
2026-10-03;2026-10-03;16:00;2026-10-03;14:00;Ligue 2 Algeria;Algeria Division 2;algeria-division-2;Al2;MC Saida;ASM Oran;35;31;34;1;1-0;1.69;29°C · pioggia 18% · vento 12 km/h;1.75;50.64;49.36;U;57;43;No;1-0;1;0;1;1;;https://betimate.com/it/football-predictions/asm-oran-vs-mc-saida/2026-10-03/game;14;2026-10-04 14:11;;2026-10-04 15:26;0;0;;;
2026-10-03;2026-10-03;16:00;2026-10-03;14:00;Ligue 2 Algeria;Algeria Division 2;algeria-division-2;Al2;NA Hussein Dey;RC Kouba;34;31;35;2;0-1;1.69;31°C · pioggia 15% · vento 6 km/h;1.75;50.7;49.3;U;58;42;No;1-2;1;2;2;1;;https://betimate.com/it/football-predictions/na-hussein-dey-vs-rc-kouba/2026-10-03/game;14;2026-10-04 14:11;;2026-10-04 15:26;0;0;;;
2026-10-03;2026-10-03;16:00;2026-10-03;14:00;Ligue 2 Algeria;Algeria Division 2;algeria-division-2;Al2;USM El Harrach;JRB Taghit;72;18;10;1;2-0;2.6;33°C · pioggia 15% · vento 9 km/h;2.5;49.49;50.51;O;55;45;No;4-0;4;0;1;1;;https://betimate.com/it/football-predictions/usm-el-harrach-vs-jrb-taghit/2026-10-03/game;14;2026-10-04 14:11;;2026-10-04 15:26;0;0;;;
2026-10-03;2026-10-03;16:00;2026-10-03;14:00;Ligue 2 Algeria;Algeria Division 2;algeria-division-2;Al2;Wa Mostaganem;JSM Tiaret;44;24;32;1;1-0;2.6;;2;45.24;54.76;O;47;53;Si;3-1;3;1;1;1;;https://betimate.com/it/football-predictions/jsm-tiaret-vs-wa-mostaganem/2026-10-03/game;14;2026-10-04 14:11;;2026-10-04 15:26;0;0;;;
2026-10-03;2026-10-03;16:00;2026-10-03;14:00;National 2 francese;France National 2;france-national-2;FN2;Aubervilliers;OCPAM;52;26;22;1;1-0;2.04;;2.5;53.16;46.84;U;55;45;No;2-1;2;1;1;1;;https://betimate.com/it/football-predictions/aubervilliers-vs-ocpam/2026-10-03/game;6;2026-10-04 14:11;;2026-10-04 15:26;0;0;;;
2026-10-03;2026-10-03;16:00;2026-10-03;14:00;National 2 francese;France National 2;france-national-2;FN2;Neuilly Sur Marne;Drancy;33;24;43;2;0-1;2.56;;2.75;51.24;48.76;U;48;52;Si;;;;;;;https://betimate.com/it/football-predictions/drancy-vs-neuilly-sur-marne/2026-10-03/game;6;2026-10-04 14:11;;2026-10-04 15:26;0;0;;;
2026-10-03;2026-10-03;16:00;2026-10-03;14:00;National 2 francese;France National 2;france-national-2;FN2;Poire Sur Vie;Voltigeurs de Chateaubriant;54;24;22;1;1-0;2.33;23°C · pioggia 25% · vento 17 km/h;2.25;49.55;50.45;O;52;48;No;3-0;3;0;1;1;;https://betimate.com/it/football-predictions/voltigeurs-de-chateaubriant-vs-poire-sur-vie/2026-10-03/game;21;2026-10-04 14:11;;2026-10-04 15:26;0;0;;;
2026-10-03;2026-10-03;16:00;2026-10-03;14:00;National 2 francese;France National 2;france-national-2;FN2;St Etienne II;Rousset-Ste Victoire;70;17;13;1;2-0;3.11;;2.75;47.77;52.23;O;49;51;Si;3-1;3;1;1;1;;https://betimate.com/it/football-predictions/st-etienne-ii-vs-rousset-ste-victoire/2026-10-03/game;6;2026-10-04 14:11;;2026-10-04 15:26;0;0;;;
2026-10-03;2026-10-03;16:00;2026-10-03;14:00;National League Inghilterra;England National League;england-national-league;NL;Aldershot;Carlisle;33;24;43;2;1-2;3.26;19°C · pioggia 14% · vento 5 km/h;3;48.09;51.91;O;39;61;Si;1-3;1;3;2;1;;https://betimate.com/it/football-predictions/aldershot-vs-carlisle/2026-10-03/game;4;2026-10-04 14:11;;2026-10-04 15:26;0;0;;;
2026-10-03;2026-10-03;16:00;2026-10-03;14:00;National League Inghilterra;England National League;england-national-league;NL;Barrow;Wealdstone;47;25;28;1;2-1;3;15°C · pioggia 0% · vento 13 km/h;2.75;48.29;51.71;O;42;58;Si;2-1;2;1;1;1;;https://betimate.com/it/football-predictions/wealdstone-vs-barrow/2026-10-03/game;4;2026-10-04 14:11;;2026-10-04 15:26;0;0;;;
2026-10-03;2026-10-03;16:00;2026-10-03;14:00;National League Inghilterra;England National League;england-national-league;NL;Boreham Wood;Altrincham;66;19;15;1;2-1;3.35;19°C · pioggia 9% · vento 3 km/h;3.5;50.54;49.46;U;42;58;Si;3-1;3;1;1;1;;https://betimate.com/it/football-predictions/boreham-wood-vs-altrincham/2026-10-03/game;4;2026-10-04 14:11;;2026-10-04 15:26;0;0;;;
2026-10-03;2026-10-03;16:00;2026-10-03;14:00;National League Inghilterra;England National League;england-national-league;NL;Eastleigh;Woking;30;26;44;2;0-1;2.74;20°C · pioggia 7% · vento 5 km/h;2.75;49.9;50.1;O;44;56;Si;1-3;1;3;2;1;;https://betimate.com/it/football-predictions/woking-vs-eastleigh/2026-10-03/game;4;2026-10-04 14:11;;2026-10-04 15:26;0;0;;;
2026-10-03;2026-10-03;16:00;2026-10-03;14:00;National League Inghilterra;England National League;england-national-league;NL;Gateshead;Worthing;19;23;58;2;1-2;3.11;15°C · pioggia 0% · vento 13 km/h;3.25;50.84;49.16;U;44;56;Si;1-2;1;2;2;1;;https://betimate.com/it/football-predictions/gateshead-vs-worthing/2026-10-03/game;4;2026-10-04 14:11;;2026-10-04 15:26;0;0;;;
2026-10-03;2026-10-03;16:00;2026-10-03;14:00;National League Inghilterra;England National League;england-national-league;NL;Harrogate Town;AFC Hornchurch;57;22;21;1;2-1;2.99;16°C · pioggia 0% · vento 12 km/h;2.75;48.1;51.9;O;43;57;Si;3-0;3;0;1;1;;https://betimate.com/it/football-predictions/harrogate-town-vs-afc-hornchurch/2026-10-03/game;4;2026-10-04 14:11;;2026-10-04 15:26;0;0;;;
2026-10-03;2026-10-03;16:00;2026-10-03;14:00;National League Inghilterra;England National League;england-national-league;NL;Hartlepool;Tamworth;34;25;41;2;1-2;2.93;16°C · pioggia 0% · vento 10 km/h;3;50.46;49.54;U;42;58;Si;0-1;0;1;2;1;;https://betimate.com/it/football-predictions/tamworth-vs-hartlepool/2026-10-03/game;4;2026-10-04 14:11;;2026-10-04 15:26;0;0;;;
2026-10-03;2026-10-03;16:00;2026-10-03;14:00;National League Inghilterra;England National League;england-national-league;NL;Kidderminster;Sutton Utd;57;25;18;1;1-0;2.51;17°C · pioggia 0% · vento 7 km/h;2.25;47.94;52.06;O;49;51;Si;1-1;1;1;X;0;;https://betimate.com/it/football-predictions/kidderminster-vs-sutton-utd/2026-10-03/game;4;2026-10-04 14:11;;2026-10-04 15:26;0;0;;;
2026-10-03;2026-10-03;16:00;2026-10-03;14:00;National League Inghilterra;England National League;england-national-league;NL;Solihull Moors;Halifax;31;24;45;2;1-2;2.96;17°C · pioggia 0% · vento 7 km/h;3;50.15;49.85;U;42;58;Si;0-2;0;2;2;1;;https://betimate.com/it/football-predictions/halifax-vs-solihull-moors/2026-10-03/game;4;2026-10-04 14:11;;2026-10-04 15:26;0;0;;;
2026-10-03;2026-10-03;16:00;2026-10-03;14:00;National League Inghilterra;England National League;england-national-league;NL;Southend;AFC Fylde;51;22;27;1;2-1;3.42;20°C · pioggia 15% · vento 6 km/h;3.5;50.23;49.77;U;39;61;Si;3-1;3;1;1;1;;https://betimate.com/it/football-predictions/afc-fylde-vs-southend/2026-10-03/game;4;2026-10-04 14:11;;2026-10-04 15:26;0;0;;;
2026-10-03;2026-10-03;16:00;2026-10-03;14:00;National League Inghilterra;England National League;england-national-league;NL;Yeovil;Boston Utd;40;27;33;1;1-0;2.62;19°C · pioggia 30% · vento 5 km/h;3;53.02;46.98;U;45;55;Si;6-0;6;0;1;1;;https://betimate.com/it/football-predictions/boston-utd-vs-yeovil/2026-10-03/game;4;2026-10-04 14:11;;2026-10-04 15:26;0;0;;;
2026-10-03;2026-10-03;16:00;2026-10-03;14:00;Northern League Division One Inghilterra;England Northern League Division One;england-northern-league-division-one;ENLD;Barwell;Shepshed Dynamo;43;25;32;1;1-0;2.36;;2.75;52.64;47.36;U;50;50;Si;0-3;0;3;2;0;;https://betimate.com/it/football-predictions/barwell-vs-shepshed-dynamo/2026-10-03/game;14;2026-10-04 14:11;;2026-10-04 15:26;0;0;;;
2026-10-03;2026-10-03;16:00;2026-10-03;14:00;Northern League Division One Inghilterra;England Northern League Division One;england-northern-league-division-one;ENLD;Bootle;Stalybridge;62;18;20;1;2-1;3.42;;3;47.19;52.81;O;43;57;Si;;;;;;;https://betimate.com/it/football-predictions/stalybridge-vs-bootle/2026-10-03/game;14;2026-10-04 14:11;;2026-10-04 15:26;0;0;;;
2026-10-03;2026-10-03;16:00;2026-10-03;14:00;Northern League Division One Inghilterra;England Northern League Division One;england-northern-league-division-one;ENLD;Dunston UTS;Hallam;67;19;14;1;2-0;2.77;;3.25;53.26;46.74;U;51;49;No;1-0;1;0;1;1;;https://betimate.com/it/football-predictions/dunston-uts-vs-hallam/2026-10-03/game;14;2026-10-04 14:11;;2026-10-04 15:26;0;0;;;
2026-10-03;2026-10-03;16:00;2026-10-03;14:00;Northern League Division One Inghilterra;England Northern League Division One;england-northern-league-division-one;ENLD;Grantham;Coleshill Town;55;20;25;1;2-1;3.35;;3;47.66;52.34;O;42;58;Si;2-3;2;3;2;0;;https://betimate.com/it/football-predictions/grantham-vs-coleshill-town/2026-10-03/game;14;2026-10-04 14:11;;2026-10-04 15:26;0;0;;;
2026-10-03;2026-10-03;16:00;2026-10-03;14:00;Northern League Division One Inghilterra;England Northern League Division One;england-northern-league-division-one;ENLD;Grimsby Borough;Ashington;43;24;33;1;1-0;2.7;;2.75;50.28;49.72;U;46;54;Si;3-0;3;0;1;1;;https://betimate.com/it/football-predictions/grimsby-borough-vs-ashington/2026-10-03/game;14;2026-10-04 14:11;;2026-10-04 15:26;0;0;;;
2026-10-03;2026-10-03;16:00;2026-10-03;14:00;Northern League Division One Inghilterra;England Northern League Division One;england-northern-league-division-one;ENLD;Liversedge;Stocksbridge PS;51;21;28;1;2-1;3.02;;3;49.91;50.09;O;44;56;Si;3-2;3;2;1;1;;https://betimate.com/it/football-predictions/stocksbridge-ps-vs-liversedge/2026-10-03/game;14;2026-10-04 14:11;;2026-10-04 15:26;0;0;;;
2026-10-03;2026-10-03;16:00;2026-10-03;14:00;Northern League Division One Inghilterra;England Northern League Division One;england-northern-league-division-one;ENLD;Mickleover Sports;Long Eaton Utd;47;23;30;1;2-1;2.88;;3;50.97;49.03;U;45;55;Si;2-0;2;0;1;1;;https://betimate.com/it/football-predictions/mickleover-sports-vs-long-eaton-utd/2026-10-03/game;14;2026-10-04 14:11;;2026-10-04 15:26;0;0;;;
2026-10-03;2026-10-03;16:00;2026-10-03;14:00;Northern League Division One Inghilterra;England Northern League Division One;england-northern-league-division-one;ENLD;Mossley;Hanley Town;51;25;24;1;1-0;2.22;;3;56.49;43.51;U;52;48;No;2-1;2;1;1;1;;https://betimate.com/it/football-predictions/mossley-vs-hanley-town/2026-10-03/game;14;2026-10-04 14:11;;2026-10-04 15:26;0;0;;;
2026-10-03;2026-10-03;16:00;2026-10-03;14:00;Northern League Division One Inghilterra;England Northern League Division One;england-northern-league-division-one;ENLD;Nuneaton Town;Loughborough University;57;19;24;1;2-1;3.37;;3;47.49;52.51;O;42;58;Si;3-1;3;1;1;1;;https://betimate.com/it/football-predictions/loughborough-university-vs-nuneaton-town/2026-10-03/game;14;2026-10-04 14:11;;2026-10-04 15:26;0;0;;;
2026-10-03;2026-10-03;16:00;2026-10-03;14:00;Northern Premier League inglese;England Northern Premier League;england-northern-premier-league;ENPL;Bamber Bridge;Quorn;32;18;50;2;1-2;4.35;15°C · pioggia 0% · vento 14 km/h;3;41.51;58.49;O;33;67;Si;2-4;2;4;2;1;;https://betimate.com/it/football-predictions/bamber-bridge-vs-quorn/2026-10-03/game;13;2026-10-04 14:11;;2026-10-04 15:26;0;0;;;
2026-10-03;2026-10-03;16:00;2026-10-03;14:00;Northern Premier League inglese;England Northern Premier League;england-northern-premier-league;ENPL;Hyde Utd;Stockton Town;37;22;41;2;1-2;3.01;15°C · pioggia 0% · vento 10 km/h;2.75;48.25;51.75;O;43;57;Si;2-1;2;1;1;0;;https://betimate.com/it/football-predictions/hyde-utd-vs-stockton-town/2026-10-03/game;13;2026-10-04 14:11;;2026-10-04 15:26;0;0;;;
2026-10-03;2026-10-03;16:00;2026-10-03;14:00;Northern Premier League inglese;England Northern Premier League;england-northern-premier-league;ENPL;Lancaster City;Ilkeston;50;21;29;1;2-1;3.06;15°C · pioggia 0% · vento 13 km/h;2.75;47.96;52.04;O;44;56;Si;2-1;2;1;1;1;;https://betimate.com/it/football-predictions/ilkeston-vs-lancaster-city/2026-10-03/game;13;2026-10-04 14:11;;2026-10-04 15:26;0;0;;;
2026-10-03;2026-10-03;16:00;2026-10-03;14:00;Northern Premier League inglese;England Northern Premier League;england-northern-premier-league;ENPL;Redcar Athletic;Alfreton Town;51;23;26;1;1-0;2.81;;2.75;49.53;50.47;O;46;54;Si;3-1;3;1;1;1;;https://betimate.com/it/football-predictions/alfreton-town-vs-redcar-athletic/2026-10-03/game;13;2026-10-04 14:11;;2026-10-04 15:26;0;0;;;
2026-10-03;2026-10-03;16:00;2026-10-03;14:00;Northern Premier League inglese;England Northern Premier League;england-northern-premier-league;ENPL;Warrington Rylands;Emley AFC;64;18;18;1;2-0;3.19;16°C · pioggia 0% · vento 12 km/h;2.75;47.22;52.78;O;46;54;Si;4-1;4;1;1;1;;https://betimate.com/it/football-predictions/warrington-rylands-vs-emley-afc/2026-10-03/game;13;2026-10-04 14:11;;2026-10-04 15:26;0;0;;;
2026-10-03;2026-10-03;16:00;2026-10-03;14:00;Northern Premier League inglese;England Northern Premier League;england-northern-premier-league;ENPL;Workington;Cleethorpes Town;32;21;47;2;1-2;3.41;14°C · pioggia 0% · vento 17 km/h;2.5;44.66;55.34;O;40;60;Si;1-1;1;1;X;0;;https://betimate.com/it/football-predictions/workington-vs-cleethorpes-town/2026-10-03/game;13;2026-10-04 14:11;;2026-10-04 15:26;0;0;;;
2026-10-03;2026-10-03;16:00;2026-10-03;14:00;Oberliga Bayern Nord (Germania);Germany Oberliga Bayern North;germany-oberliga-bayern-north;De5;Bayern Hof;Würzburger FV;48;22;30;1;2-1;3.17;18°C · pioggia 0% · vento 3 km/h;3;48.88;51.12;O;42;58;Si;1-2;1;2;2;0;;https://betimate.com/it/football-predictions/bayern-hof-vs-w-rzburger-fv/2026-10-03/game;23;2026-10-04 14:11;;2026-10-04 15:26;0;0;;;
2026-10-03;2026-10-03;16:00;2026-10-03;14:00;Oberliga Bayern Nord (Germania);Germany Oberliga Bayern North;germany-oberliga-bayern-north;De5;TSV Grossbardorf;ASV Cham;16;20;64;2;0-2;2.87;20°C · pioggia 0% · vento 2 km/h;2.75;49.25;50.75;O;49;51;Si;0-1;0;1;2;1;;https://betimate.com/it/football-predictions/tsv-grossbardorf-vs-asv-cham/2026-10-03/game;23;2026-10-04 14:11;;2026-10-04 15:26;0;0;;;
2026-10-03;2026-10-03;16:00;2026-10-03;14:00;Portugal League Cup Women;Portugal League Cup Women;portugal-league-cup-women;PLCW;Valadares Gaia FC (W);Guimaraes (W);51;21;28;1;1-0;2.46;;3;54.19;45.81;U;55;45;No;1-1;1;1;X;0;;https://betimate.com/it/football-predictions/guimaraes-w-vs-valadares-gaia-fc-w/2026-10-03/game;44;2026-10-04 14:11;;2026-10-04 15:26;0;0;;;
2026-10-03;2026-10-03;16:00;2026-10-03;14:00;Premier Division Irlanda;Ireland National League;ireland-national-league;INL;Lucan United;Home Farm FC;42;21;37;1;2-1;3.41;15°C · pioggia 0% · vento 8 km/h;3.25;49.05;50.95;O;40;60;Si;2-2;2;2;X;0;;https://betimate.com/it/football-predictions/home-farm-fc-vs-lucan-united/2026-10-03/game;43;2026-10-04 14:11;;2026-10-04 15:26;0;0;;;
2026-10-03;2026-10-03;16:00;2026-10-03;14:00;Premier League Botswana;Botswana Premier League;botswana-premier-league;BPL;Matebele FC;Tonota FC;34;28;38;2;0-1;2.02;;2;50.02;49.98;U;53;47;No;1-3;1;3;2;1;;https://betimate.com/it/football-predictions/matebele-fc-vs-tonota-fc/2026-10-03/game;14;2026-10-04 14:11;;2026-10-04 15:26;0;0;;;
2026-10-03;2026-10-03;16:00;2026-10-03;14:00;Premiership Irlanda del Nord;Northern Ireland Premier;northern-ireland-premier;NIP;Carrick Rangers;Crusaders;51;22;27;1;2-1;3.46;16°C · pioggia 0% · vento 11 km/h;3;46.62;53.38;O;37;63;Si;4-0;4;0;1;1;;https://betimate.com/it/football-predictions/crusaders-vs-carrick-rangers/2026-10-03/game;12;2026-10-04 14:11;;2026-10-04 15:26;0;0;;;
2026-10-03;2026-10-03;16:00;2026-10-03;14:00;Premiership Irlanda del Nord;Northern Ireland Premier;northern-ireland-premier;NIP;Cliftonville;Ballymena Utd;43;26;31;1;1-0;2.81;16°C · pioggia 0% · vento 11 km/h;2.75;49.6;50.4;O;44;56;Si;0-1;0;1;2;0;;https://betimate.com/it/football-predictions/cliftonville-vs-ballymena-utd/2026-10-03/game;12;2026-10-04 14:11;;2026-10-04 15:26;0;0;;;
2026-10-03;2026-10-03;16:00;2026-10-03;14:00;Premiership Irlanda del Nord;Northern Ireland Premier;northern-ireland-premier;NIP;Glentoran;Dungannon Swifts;62;21;17;1;2-0;2.97;16°C · pioggia 0% · vento 11 km/h;2.75;48.55;51.45;O;46;54;Si;2-0;2;0;1;1;;https://betimate.com/it/football-predictions/glentoran-vs-dungannon-swifts/2026-10-03/game;12;2026-10-04 14:11;;2026-10-04 15:26;0;0;;;
2026-10-03;2026-10-03;16:00;2026-10-03;14:00;Premiership Irlanda del Nord;Northern Ireland Premier;northern-ireland-premier;NIP;Portadown;Limavady United;31;30;39;2;0-1;2.04;16°C · pioggia 0% · vento 12 km/h;2.75;55.26;44.74;U;53;47;No;3-1;3;1;1;0;;https://betimate.com/it/football-predictions/portadown-vs-limavady-united/2026-10-03/game;12;2026-10-04 14:11;;2026-10-04 15:26;0;0;;;
2026-10-03;2026-10-03;16:00;2026-10-03;14:00;Primera División Femminile Cile;Chile Primera Division Women;chile-primera-division-women;CPDW;Coquimbo Unido (W);Palestino (W);70;16;14;1;2-0;2.83;;2.75;49.21;50.79;O;56;44;No;2-2;2;2;X;0;;https://betimate.com/it/football-predictions/palestino-w-vs-coquimbo-unido-w/2026-10-03/game;43;2026-10-04 14:11;;2026-10-04 15:26;0;0;;;
2026-10-03;2026-10-03;16:00;2026-10-03;14:00;Promotion League svizzera;Switzerland 1.Liga Promotion;switzerland-1-liga-promotion;;FC Grand-Saconnex;YF Juventus;57;20;23;1;2-1;3.27;20°C · pioggia 3% · vento 1 km/h;3.25;49.88;50.12;O;43;57;Si;0-1;0;1;2;0;;https://betimate.com/it/football-predictions/yf-juventus-vs-fc-grand-saconnex/2026-10-03/game;13;2026-10-04 14:11;;2026-10-04 15:26;0;0;;;
2026-10-03;2026-10-03;16:00;2026-10-03;14:00;Promotion League svizzera;Switzerland 1.Liga Promotion;switzerland-1-liga-promotion;;FC Paradiso;Lugano II;59;20;21;1;1-0;2.96;23°C · pioggia 0% · vento 9 km/h;3.25;51.9;48.1;U;46;54;Si;1-0;1;0;1;1;;https://betimate.com/it/football-predictions/fc-paradiso-vs-lugano-ii/2026-10-03/game;13;2026-10-04 14:11;;2026-10-04 15:26;0;0;;;
2026-10-03;2026-10-03;16:00;2026-10-03;14:00;Promotion League svizzera;Switzerland 1.Liga Promotion;switzerland-1-liga-promotion;;SC Cham;FC Bulle;46;22;32;1;2-1;3.02;22°C · pioggia 0% · vento 5 km/h;3.5;52.66;47.34;U;43;57;Si;2-4;2;4;2;0;;https://betimate.com/it/football-predictions/sc-cham-vs-fc-bulle/2026-10-03/game;13;2026-10-04 14:11;;2026-10-04 15:26;0;0;;;
2026-10-03;2026-10-03;16:00;2026-10-03;14:00;Qualificazioni FA Cup Inghilterra;England FA Cup Qualification;england-fa-cup-qualification;EFCQ;AFC Rushden & Diamonds;Braintree Town;20;16;64;2;1-2;4.26;18°C · pioggia 14% · vento 13 km/h;3;42.07;57.93;O;37;63;Si;2-1;2;1;1;0;;https://betimate.com/it/football-predictions/braintree-town-vs-afc-rushden-diamonds/2026-10-03/game;14;2026-10-04 14:11;;2026-10-04 15:26;0;0;;;
2026-10-03;2026-10-03;16:00;2026-10-03;14:00;Qualificazioni FA Cup Inghilterra;England FA Cup Qualification;england-fa-cup-qualification;EFCQ;Barton Town;Chorley;38;22;40;2;1-2;3.74;;3.25;46.9;53.1;O;34;66;Si;1-4;1;4;2;1;;https://betimate.com/it/football-predictions/chorley-vs-barton-town/2026-10-03/game;43;2026-10-04 14:11;;2026-10-04 15:26;0;0;;;
2026-10-03;2026-10-03;16:00;2026-10-03;14:00;Qualificazioni FA Cup Inghilterra;England FA Cup Qualification;england-fa-cup-qualification;EFCQ;Bedford Town;Wingate & Finchley;45;23;32;1;2-1;2.95;18°C · pioggia 0% · vento 2 km/h;3.25;51.97;48.03;U;44;56;Si;2-2;2;2;X;0;;https://betimate.com/it/football-predictions/wingate-finchley-vs-bedford-town/2026-10-03/game;14;2026-10-04 14:11;;2026-10-04 15:26;0;0;;;
2026-10-03;2026-10-03;16:00;2026-10-03;14:00;Qualificazioni FA Cup Inghilterra;England FA Cup Qualification;england-fa-cup-qualification;EFCQ;Brackley;Chelmsford;26;22;52;2;1-2;3.37;18°C · pioggia 22% · vento 12 km/h;2.5;44.58;55.42;O;38;62;Si;0-2;0;2;2;1;;https://betimate.com/it/football-predictions/brackley-vs-chelmsford/2026-10-03/game;13;2026-10-04 14:11;;2026-10-04 15:26;0;0;;;
2026-10-03;2026-10-03;16:00;2026-10-03;14:00;Qualificazioni FA Cup Inghilterra;England FA Cup Qualification;england-fa-cup-qualification;EFCQ;Bury;Bromsgrove;58;17;25;1;2-1;4.14;16°C · pioggia 0% · vento 10 km/h;3;42.73;57.27;O;36;64;Si;2-1;2;1;1;1;;https://betimate.com/it/football-predictions/bury-vs-bromsgrove/2026-10-03/game;14;2026-10-04 14:11;;2026-10-04 15:26;0;0;;;
2026-10-03;2026-10-03;16:00;2026-10-03;14:00;Qualificazioni FA Cup Inghilterra;England FA Cup Qualification;england-fa-cup-qualification;EFCQ;Bury Town;Spalding United;46;22;32;1;2-1;3.11;17°C · pioggia 0% · vento 2 km/h;2.75;47.63;52.37;O;43;57;Si;1-1;1;1;X;0;;https://betimate.com/it/football-predictions/spalding-united-vs-bury-town/2026-10-03/game;13;2026-10-04 14:11;;2026-10-04 15:26;0;0;;;
2026-10-03;2026-10-03;16:00;2026-10-03;14:00;Qualificazioni FA Cup Inghilterra;England FA Cup Qualification;england-fa-cup-qualification;EFCQ;Buxton;South Shields;42;20;38;1;2-1;3.6;13°C · pioggia 0% · vento 12 km/h;3.5;49.38;50.62;O;38;62;Si;0-2;0;2;2;0;;https://betimate.com/it/football-predictions/buxton-vs-south-shields/2026-10-03/game;13;2026-10-04 14:11;;2026-10-04 15:26;0;0;;;
2026-10-03;2026-10-03;16:00;2026-10-03;14:00;Qualificazioni FA Cup Inghilterra;England FA Cup Qualification;england-fa-cup-qualification;EFCQ;Cambridge City;Alvechurch;28;22;50;2;1-2;2.89;18°C · pioggia 0% · vento 3 km/h;3.25;52.36;47.64;U;45;55;Si;1-2;1;2;2;1;;https://betimate.com/it/football-predictions/cambridge-city-vs-alvechurch/2026-10-03/game;13;2026-10-04 14:11;;2026-10-04 15:26;0;0;;;
2026-10-03;2026-10-03;16:00;2026-10-03;14:00;Qualificazioni FA Cup Inghilterra;England FA Cup Qualification;england-fa-cup-qualification;EFCQ;Chesham;Real Bedford;54;16;30;1;3-2;5.3;18°C · pioggia 6% · vento 4 km/h;4;42.79;57.21;O;28;72;Si;4-3;4;3;1;1;;https://betimate.com/it/football-predictions/chesham-vs-real-bedford/2026-10-03/game;14;2026-10-04 14:11;;2026-10-04 15:26;0;0;;;
2026-10-03;2026-10-03;16:00;2026-10-03;14:00;Qualificazioni FA Cup Inghilterra;England FA Cup Qualification;england-fa-cup-qualification;EFCQ;Cray Wanderers;Chippenham Town;68;16;16;1;2-1;3.79;20°C · pioggia 3% · vento 5 km/h;3.25;46.95;53.05;O;42;58;Si;3-0;3;0;1;1;;https://betimate.com/it/football-predictions/chippenham-town-vs-cray-wanderers/2026-10-03/game;14;2026-10-04 14:11;;2026-10-04 15:26;0;0;;;
2026-10-03;2026-10-03;16:00;2026-10-03;14:00;Qualificazioni FA Cup Inghilterra;England FA Cup Qualification;england-fa-cup-qualification;EFCQ;Crowborough Athletic;Wimborne Town;36;21;43;2;1-2;3.36;;3.25;49.31;50.69;O;40;60;Si;1-2;1;2;2;1;;https://betimate.com/it/football-predictions/wimborne-town-vs-crowborough-athletic/2026-10-03/game;14;2026-10-04 14:11;;2026-10-04 15:26;0;0;;;
2026-10-03;2026-10-03;16:00;2026-10-03;14:00;Qualificazioni FA Cup Inghilterra;England FA Cup Qualification;england-fa-cup-qualification;EFCQ;Dorking Wanderers;Chatham Town;57;22;21;1;1-0;2.59;20°C · pioggia 29% · vento 10 km/h;3.5;55.96;44.04;U;52;48;No;1-0;1;0;1;1;;https://betimate.com/it/football-predictions/chatham-town-vs-dorking-wanderers/2026-10-03/game;14;2026-10-04 14:11;;2026-10-04 15:26;0;0;;;
2026-10-03;2026-10-03;16:00;2026-10-03;14:00;Qualificazioni FA Cup Inghilterra;England FA Cup Qualification;england-fa-cup-qualification;EFCQ;Ebbsfleet United;Sholing;51;22;27;1;1-0;2.71;20°C · pioggia 10% · vento 6 km/h;3;52.28;47.72;U;47;53;Si;1-2;1;2;2;0;;https://betimate.com/it/football-predictions/ebbsfleet-united-vs-sholing/2026-10-03/game;14;2026-10-04 14:11;;2026-10-04 15:26;0;0;;;
2026-10-03;2026-10-03;16:00;2026-10-03;14:00;Qualificazioni FA Cup Inghilterra;England FA Cup Qualification;england-fa-cup-qualification;EFCQ;Gainsborough;Anstey Nomads;53;20;27;1;2-1;3.54;17°C · pioggia 0% · vento 9 km/h;3;46.36;53.64;O;40;60;Si;2-3;2;3;2;0;;https://betimate.com/it/football-predictions/gainsborough-vs-anstey-nomads/2026-10-03/game;14;2026-10-04 14:11;;2026-10-04 15:26;0;0;;;
2026-10-03;2026-10-03;16:00;2026-10-03;14:00;Qualificazioni FA Cup Inghilterra;England FA Cup Qualification;england-fa-cup-qualification;EFCQ;Guiseley;Bradford P A;49;21;30;1;2-1;3.25;15°C · pioggia 0% · vento 13 km/h;2.5;45.55;54.45;O;42;58;Si;1-0;1;0;1;1;;https://betimate.com/it/football-predictions/bradford-p-a-vs-guiseley/2026-10-03/game;13;2026-10-04 14:11;;2026-10-04 15:26;0;0;;;
2026-10-03;2026-10-03;16:00;2026-10-03;14:00;Qualificazioni FA Cup Inghilterra;England FA Cup Qualification;england-fa-cup-qualification;EFCQ;Hanwell Town;Dover;41;23;36;1;2-1;3.08;19°C · pioggia 1% · vento 4 km/h;3;49.48;50.52;O;43;57;Si;1-2;1;2;2;0;;https://betimate.com/it/football-predictions/dover-vs-hanwell-town/2026-10-03/game;14;2026-10-04 14:11;;2026-10-04 15:26;0;0;;;
2026-10-03;2026-10-03;16:00;2026-10-03;14:00;Qualificazioni FA Cup Inghilterra;England FA Cup Qualification;england-fa-cup-qualification;EFCQ;Harborough Town;St Albans;26;21;53;2;1-2;2.99;;3.25;51.7;48.3;U;45;55;Si;3-2;3;2;1;0;;https://betimate.com/it/football-predictions/st-albans-vs-harborough-town/2026-10-03/game;13;2026-10-04 14:11;;2026-10-04 15:26;0;0;;;
2026-10-03;2026-10-03;16:00;2026-10-03;14:00;Qualificazioni FA Cup Inghilterra;England FA Cup Qualification;england-fa-cup-qualification;EFCQ;Kettering;Worcester City;59;21;20;1;1-0;2.6;18°C · pioggia 0% · vento 7 km/h;3;53.21;46.79;U;50;50;Si;1-3;1;3;2;0;;https://betimate.com/it/football-predictions/worcester-city-vs-kettering/2026-10-03/game;13;2026-10-04 14:11;;2026-10-04 15:26;0;0;;;
2026-10-03;2026-10-03;16:00;2026-10-03;14:00;Qualificazioni FA Cup Inghilterra;England FA Cup Qualification;england-fa-cup-qualification;EFCQ;Leatherhead;Hanworth Villa;33;20;47;2;1-2;3.52;19°C · pioggia 8% · vento 2 km/h;3;46.52;53.48;O;39;61;Si;1-0;1;0;1;0;;https://betimate.com/it/football-predictions/leatherhead-vs-hanworth-villa/2026-10-03/game;13;2026-10-04 14:11;;2026-10-04 15:26;0;0;;;
2026-10-03;2026-10-03;16:00;2026-10-03;14:00;Qualificazioni FA Cup Inghilterra;England FA Cup Qualification;england-fa-cup-qualification;EFCQ;Leiston;Coventry Utd;55;19;26;1;2-1;3.57;;3.25;48.07;51.93;O;40;60;Si;3-1;3;1;1;1;;https://betimate.com/it/football-predictions/leiston-vs-coventry-utd/2026-10-03/game;43;2026-10-04 14:11;;2026-10-04 15:26;0;0;;;
2026-10-03;2026-10-03;16:00;2026-10-03;14:00;Qualificazioni FA Cup Inghilterra;England FA Cup Qualification;england-fa-cup-qualification;EFCQ;Macclesfield;Scarborough Athletic;54;22;24;1;1-0;2.77;15°C · pioggia 0% · vento 9 km/h;2.75;49.81;50.19;O;47;53;Si;2-2;2;2;X;0;;https://betimate.com/it/football-predictions/macclesfield-vs-scarborough-athletic/2026-10-03/game;13;2026-10-04 14:11;;2026-10-04 15:26;0;0;;;
2026-10-03;2026-10-03;16:00;2026-10-03;14:00;Qualificazioni FA Cup Inghilterra;England FA Cup Qualification;england-fa-cup-qualification;EFCQ;Marine;Warrington Town;63;21;16;1;1-0;2.5;13°C · pioggia 6% · vento 13 km/h;2.5;49.66;50.34;O;51;49;No;2-0;2;0;1;1;;https://betimate.com/it/football-predictions/marine-vs-warrington-town/2026-10-03/game;13;2026-10-04 14:11;;2026-10-04 15:26;0;0;;;
2026-10-03;2026-10-03;16:00;2026-10-03;14:00;Qualificazioni FA Cup Inghilterra;England FA Cup Qualification;england-fa-cup-qualification;EFCQ;Morecambe;Darlington 1883;74;14;12;1;2-1;4.13;14°C · pioggia 17% · vento 10 km/h;3.25;44.35;55.65;O;36;64;Si;3-0;3;0;1;1;;https://betimate.com/it/football-predictions/darlington-1883-vs-morecambe/2026-10-03/game;13;2026-10-04 14:11;;2026-10-04 15:26;0;0;;;
2026-10-03;2026-10-03;16:00;2026-10-03;14:00;Qualificazioni FA Cup Inghilterra;England FA Cup Qualification;england-fa-cup-qualification;EFCQ;Mulbarton Wanderers;Gloucester;46;22;32;1;2-1;3;;2.75;48.32;51.68;O;44;56;Si;1-2;1;2;2;0;;https://betimate.com/it/football-predictions/gloucester-vs-mulbarton-wanderers/2026-10-03/game;13;2026-10-04 14:11;;2026-10-04 15:26;0;0;;;
2026-10-03;2026-10-03;16:00;2026-10-03;14:00;Qualificazioni FA Cup Inghilterra;England FA Cup Qualification;england-fa-cup-qualification;EFCQ;Oxford City;Enfield Town;60;17;23;1;3-1;4.44;19°C · pioggia 18% · vento 13 km/h;3.25;43.55;56.45;O;35;65;Si;6-1;6;1;1;1;;https://betimate.com/it/football-predictions/oxford-city-vs-enfield-town/2026-10-03/game;13;2026-10-04 14:11;;2026-10-04 15:26;0;0;;;
2026-10-03;2026-10-03;16:00;2026-10-03;14:00;Qualificazioni FA Cup Inghilterra;England FA Cup Qualification;england-fa-cup-qualification;EFCQ;Plymouth Parkway;Horsham;49;21;30;1;2-1;3.08;19°C · pioggia 62% · vento 8 km/h;2.75;47.84;52.16;O;43;57;Si;2-1;2;1;1;1;;https://betimate.com/it/football-predictions/horsham-vs-plymouth-parkway/2026-10-03/game;14;2026-10-04 14:11;;2026-10-04 15:26;0;0;;;
2026-10-03;2026-10-03;16:00;2026-10-03;14:00;Qualificazioni FA Cup Inghilterra;England FA Cup Qualification;england-fa-cup-qualification;EFCQ;Redditch;Berkhamsted;43;22;35;1;2-1;3.08;17°C · pioggia 0% · vento 8 km/h;2.75;47.77;52.23;O;43;57;Si;0-2;0;2;2;0;;https://betimate.com/it/football-predictions/redditch-vs-berkhamsted/2026-10-03/game;14;2026-10-04 14:11;;2026-10-04 15:26;0;0;;;
2026-10-03;2026-10-03;16:00;2026-10-03;14:00;Qualificazioni FA Cup Inghilterra;England FA Cup Qualification;england-fa-cup-qualification;EFCQ;Salisbury FC;Dulwich;48;21;31;1;2-1;3.1;19°C · pioggia 16% · vento 7 km/h;3;49.35;50.65;O;43;57;Si;5-0;5;0;1;1;;https://betimate.com/it/football-predictions/dulwich-vs-salisbury-fc/2026-10-03/game;13;2026-10-04 14:11;;2026-10-04 15:26;0;0;;;
2026-10-03;2026-10-03;16:00;2026-10-03;14:00;Qualificazioni FA Cup Inghilterra;England FA Cup Qualification;england-fa-cup-qualification;EFCQ;Sheppey Utd;Chertsey Town;14;16;70;2;0-2;3.46;;3.25;48.83;51.17;O;45;55;Si;0-2;0;2;2;1;;https://betimate.com/it/football-predictions/chertsey-town-vs-sheppey-utd/2026-10-03/game;13;2026-10-04 14:11;;2026-10-04 15:26;0;0;;;
2026-10-03;2026-10-03;16:00;2026-10-03;14:00;Qualificazioni FA Cup Inghilterra;England FA Cup Qualification;england-fa-cup-qualification;EFCQ;Spennymoor Town;Chester;34;24;42;2;0-1;2.69;15°C · pioggia 0% · vento 11 km/h;2.75;50.32;49.68;U;46;54;Si;4-1;4;1;1;0;;https://betimate.com/it/football-predictions/chester-vs-spennymoor-town/2026-10-03/game;13;2026-10-04 14:11;;2026-10-04 15:26;0;0;;;
2026-10-03;2026-10-03;16:00;2026-10-03;14:00;Qualificazioni FA Cup Inghilterra;England FA Cup Qualification;england-fa-cup-qualification;EFCQ;Stafford Rangers;Halesowen;43;22;35;1;2-1;2.99;15°C · pioggia 13% · vento 10 km/h;2.25;44.85;55.15;O;42;58;Si;1-1;1;1;X;0;;https://betimate.com/it/football-predictions/stafford-rangers-vs-halesowen/2026-10-03/game;14;2026-10-04 14:11;;2026-10-04 15:26;0;0;;;
2026-10-03;2026-10-03;16:00;2026-10-03;14:00;Qualificazioni FA Cup Inghilterra;England FA Cup Qualification;england-fa-cup-qualification;EFCQ;Tadley Calleva;Dartford;29;23;48;2;0-1;2.67;;3.25;53.9;46.1;U;47;53;Si;2-1;2;1;1;0;;https://betimate.com/it/football-predictions/dartford-vs-tadley-calleva/2026-10-03/game;13;2026-10-04 14:11;;2026-10-04 15:26;0;0;;;
2026-10-03;2026-10-03;16:00;2026-10-03;14:00;Qualificazioni FA Cup Inghilterra;England FA Cup Qualification;england-fa-cup-qualification;EFCQ;Thame Utd;Eastbourne Borough;39;20;41;2;1-2;3.81;;3.75;49.56;50.44;O;37;63;Si;0-1;0;1;2;1;;https://betimate.com/it/football-predictions/eastbourne-borough-vs-thame-utd/2026-10-03/game;14;2026-10-04 14:11;;2026-10-04 15:26;0;0;;;
2026-10-03;2026-10-03;16:00;2026-10-03;14:00;Qualificazioni FA Cup Inghilterra;England FA Cup Qualification;england-fa-cup-qualification;EFCQ;Tonbridge Angels;Torquay;43;21;36;1;2-1;3.37;20°C · pioggia 1% · vento 7 km/h;3;47.48;52.52;O;40;60;Si;0-1;0;1;2;0;;https://betimate.com/it/football-predictions/torquay-vs-tonbridge-angels/2026-10-03/game;14;2026-10-04 14:11;;2026-10-04 15:26;0;0;;;
2026-10-03;2026-10-03;16:00;2026-10-03;14:00;Qualificazioni FA Cup Inghilterra;England FA Cup Qualification;england-fa-cup-qualification;EFCQ;Trafford;Atherton Collieries;50;21;29;1;2-1;3.19;;3;48.67;51.33;O;42;58;Si;2-2;2;2;X;0;;https://betimate.com/it/football-predictions/trafford-vs-atherton-collieries/2026-10-03/game;13;2026-10-04 14:11;;2026-10-04 15:26;0;0;;;
2026-10-03;2026-10-03;16:00;2026-10-03;14:00;Qualificazioni FA Cup Inghilterra;England FA Cup Qualification;england-fa-cup-qualification;EFCQ;Truro City;Cirencester;61;20;19;1;1-0;2.91;19°C · pioggia 43% · vento 13 km/h;3.5;53.47;46.53;U;48;52;Si;4-0;4;0;1;1;;https://betimate.com/it/football-predictions/cirencester-vs-truro-city/2026-10-03/game;43;2026-10-04 14:11;;2026-10-04 15:26;0;0;;;
2026-10-03;2026-10-03;16:00;2026-10-03;14:00;Qualificazioni FA Cup Inghilterra;England FA Cup Qualification;england-fa-cup-qualification;EFCQ;Uxbridge;Hungerford Town;63;17;20;1;2-1;3.57;19°C · pioggia 4% · vento 5 km/h;3;46.26;53.74;O;42;58;Si;3-1;3;1;1;1;;https://betimate.com/it/football-predictions/hungerford-town-vs-uxbridge/2026-10-03/game;14;2026-10-04 14:11;;2026-10-04 15:26;0;0;;;
2026-10-03;2026-10-03;16:00;2026-10-03;14:00;Qualificazioni FA Cup Inghilterra;England FA Cup Qualification;england-fa-cup-qualification;EFCQ;Weymouth;SE Dons;65;16;19;1;2-1;4.33;;3.25;44.07;55.93;O;37;63;Si;;;;;;;https://betimate.com/it/football-predictions/weymouth-vs-se-dons/2026-10-03/game;43;2026-10-04 14:11;;2026-10-04 15:26;0;0;;;
2026-10-03;2026-10-03;16:00;2026-10-03;14:00;Qualificazioni FA Cup Inghilterra;England FA Cup Qualification;england-fa-cup-qualification;EFCQ;Worksop;FC United of Manchester;51;19;30;1;2-1;3.87;17°C · pioggia 0% · vento 9 km/h;3.5;47.99;52.01;O;37;63;Si;0-3;0;3;2;0;;https://betimate.com/it/football-predictions/fc-united-of-manchester-vs-worksop/2026-10-03/game;14;2026-10-04 14:11;;2026-10-04 15:26;0;0;;;
2026-10-03;2026-10-03;16:00;2026-10-03;14:00;Regionalliga Bayern Germania;Germany Regionalliga Bayern;germany-regionalliga-bayern;De4;TSV Aubstadt;Memmingen;37;28;35;1;1-0;2.33;20°C · pioggia 0% · vento 1 km/h;2.25;49.69;50.31;O;50;50;Si;0-1;0;1;2;0;;https://betimate.com/it/football-predictions/memmingen-vs-tsv-aubstadt/2026-10-03/game;20;2026-10-04 14:11;;2026-10-04 15:26;0;0;;;
2026-10-03;2026-10-03;16:00;2026-10-03;14:00;Regionalliga Nord Austria;Austria Regionalliga North;austria-regionalliga-north;ARN;LASK Linz II;SK Vorwärts Steyr;57;20;23;1;2-1;3.16;21°C · pioggia 0% · vento 1 km/h;3.75;53.51;46.49;U;44;56;Si;1-0;1;0;1;1;;https://betimate.com/it/football-predictions/sk-vorw-rts-steyr-vs-lask-linz-ii/2026-10-03/game;13;2026-10-04 14:11;;2026-10-04 15:26;0;0;;;
2026-10-03;2026-10-03;16:00;2026-10-03;14:00;Regionalliga Nord Austria;Austria Regionalliga North;austria-regionalliga-north;ARN;SV Wals-Grünau;Junge Wikinger Ried;78;12;10;1;3-0;4.1;21°C · pioggia 0% · vento 7 km/h;3.5;46.97;53.03;O;44;56;Si;2-2;2;2;X;0;;https://betimate.com/it/football-predictions/sv-wals-gr-nau-vs-junge-wikinger-ried/2026-10-03/game;43;2026-10-04 14:11;;2026-10-04 15:26;0;0;;;
2026-10-03;2026-10-03;16:00;2026-10-03;14:00;Regionalliga West austriaca;Austria Regionalliga West;austria-regionalliga-west;ARW;FC Dornbirn 1913;FC Kitzbuhel;52;20;28;1;2-1;3.28;21°C · pioggia 0% · vento 8 km/h;3.25;49.84;50.16;O;42;58;Si;0-2;0;2;2;0;;https://betimate.com/it/football-predictions/fc-dornbirn-1913-vs-fc-kitzbuhel/2026-10-03/game;13;2026-10-04 14:11;;2026-10-04 15:26;0;0;;;
2026-10-03;2026-10-03;16:00;2026-10-03;14:00;Regionalliga West austriaca;Austria Regionalliga West;austria-regionalliga-west;ARW;FC Kufstein;SC Imst;20;21;59;2;0-1;2.84;21°C · pioggia 0% · vento 11 km/h;3;51.28;48.72;U;48;52;Si;1-2;1;2;2;1;;https://betimate.com/it/football-predictions/fc-kufstein-vs-sc-imst/2026-10-03/game;43;2026-10-04 14:11;;2026-10-04 15:26;0;0;;;
2026-10-03;2026-10-03;16:00;2026-10-03;14:00;Regionalliga West austriaca;Austria Regionalliga West;austria-regionalliga-west;ARW;FC Wolfurt;SC Rothis;29;19;52;2;1-2;3.89;21°C · pioggia 0% · vento 6 km/h;3.75;49.13;50.87;O;37;63;Si;0-3;0;3;2;1;;https://betimate.com/it/football-predictions/fc-wolfurt-vs-sc-rothis/2026-10-03/game;43;2026-10-04 14:11;;2026-10-04 15:26;0;0;;;
2026-10-03;2026-10-03;16:00;2026-10-03;14:00;Regionalliga West austriaca;Austria Regionalliga West;austria-regionalliga-west;ARW;SCR Altach II;Hohenems;21;16;63;2;1-2;4.16;21°C · pioggia 0% · vento 11 km/h;3.25;44.93;55.07;O;37;63;Si;1-2;1;2;2;1;;https://betimate.com/it/football-predictions/hohenems-vs-scr-altach-ii/2026-10-03/game;13;2026-10-04 14:11;;2026-10-04 15:26;0;0;;;
2026-10-03;2026-10-03;16:00;2026-10-03;14:00;Regionalliga West austriaca;Austria Regionalliga West;austria-regionalliga-west;ARW;SVG Reichenau;SC Schwaz;41;20;39;1;2-1;3.72;24°C · pioggia 0% · vento 7 km/h;3.5;48.77;51.23;O;37;63;Si;1-2;1;2;2;0;;https://betimate.com/it/football-predictions/sc-schwaz-vs-svg-reichenau/2026-10-03/game;43;2026-10-04 14:11;;2026-10-04 15:26;0;0;;;
2026-10-03;2026-10-03;16:00;2026-10-03;14:00;Scotland FA Cup;Scotland FA Cup;scotland-fa-cup;FA;Beith;Huntly;64;18;18;1;2-1;3.28;;3;48.19;51.81;O;45;55;Si;0-3;0;3;2;0;;https://betimate.com/it/football-predictions/beith-vs-huntly/2026-10-03/game;21;2026-10-04 14:11;;2026-10-04 15:26;0;0;;;
2026-10-03;2026-10-03;16:00;2026-10-03;14:00;Scotland FA Cup;Scotland FA Cup;scotland-fa-cup;FA;Bo'ness United FC;Irvine Meadow;48;19;33;1;2-1;4.08;;4;49.44;50.56;O;35;65;Si;3-2;3;2;1;1;;https://betimate.com/it/football-predictions/bo-ness-united-fc-vs-irvine-meadow/2026-10-03/game;22;2026-10-04 14:11;;2026-10-04 15:26;0;0;;;
2026-10-03;2026-10-03;16:00;2026-10-03;14:00;Scotland FA Cup;Scotland FA Cup;scotland-fa-cup;FA;Bonnyton Thistle;East Stirlingshire;62;17;21;1;2-1;4;;3.75;48.58;51.42;O;38;62;Si;2-0;2;0;1;1;;https://betimate.com/it/football-predictions/east-stirlingshire-vs-bonnyton-thistle/2026-10-03/game;21;2026-10-04 14:11;;2026-10-04 15:26;0;0;;;
2026-10-03;2026-10-03;16:00;2026-10-03;14:00;Scotland FA Cup;Scotland FA Cup;scotland-fa-cup;FA;Brechin;Buckie Thistle;66;18;16;1;2-0;3.27;14°C · pioggia 1% · vento 18 km/h;3;48.28;51.72;O;46;54;Si;;;;;;;https://betimate.com/it/football-predictions/brechin-vs-buckie-thistle/2026-10-03/game;21;2026-10-04 14:11;;2026-10-04 15:26;0;0;;;
2026-10-03;2026-10-03;16:00;2026-10-03;14:00;Scotland FA Cup;Scotland FA Cup;scotland-fa-cup;FA;Caledonian Braves;Fraserburgh;80;11;9;1;3-0;4.21;;3.5;46.39;53.61;O;44;56;Si;4-0;4;0;1;1;;https://betimate.com/it/football-predictions/fraserburgh-vs-caledonian-braves/2026-10-03/game;6;2026-10-04 14:11;;2026-10-04 15:26;0;0;;;
2026-10-03;2026-10-03;16:00;2026-10-03;14:00;Scotland FA Cup;Scotland FA Cup;scotland-fa-cup;FA;Civil Service Strollers;Formartine United;19;23;58;2;0-1;2.63;;2.5;49.51;50.49;O;52;48;No;0-2;0;2;2;1;;https://betimate.com/it/football-predictions/civil-service-strollers-vs-formartine-united/2026-10-03/game;21;2026-10-04 14:11;;2026-10-04 15:26;0;0;;;
2026-10-03;2026-10-03;16:00;2026-10-03;14:00;Scotland FA Cup;Scotland FA Cup;scotland-fa-cup;FA;Clachnacuddin;Bonnyrigg Rose;34;22;44;2;1-2;3.02;;3.25;51.44;48.56;U;43;57;Si;2-0;2;0;1;0;;https://betimate.com/it/football-predictions/clachnacuddin-vs-bonnyrigg-rose/2026-10-03/game;6;2026-10-04 14:11;;2026-10-04 15:26;0;0;;;
2026-10-03;2026-10-03;16:00;2026-10-03;14:00;Scotland FA Cup;Scotland FA Cup;scotland-fa-cup;FA;Cowdenbeath;Berwick Rangers;43;22;35;1;2-1;3.02;13°C · pioggia 2% · vento 23 km/h;2.75;48.15;51.85;O;43;57;Si;4-0;4;0;1;1;;https://betimate.com/it/football-predictions/cowdenbeath-vs-berwick-rangers/2026-10-03/game;21;2026-10-04 14:11;;2026-10-04 15:26;0;0;;;
2026-10-03;2026-10-03;16:00;2026-10-03;14:00;Scotland FA Cup;Scotland FA Cup;scotland-fa-cup;FA;Deveronvale;Troon FC;20;18;62;2;1-2;3.72;;3.5;48.81;51.19;O;41;59;Si;2-3;2;3;2;1;;https://betimate.com/it/football-predictions/deveronvale-vs-troon-fc/2026-10-03/game;21;2026-10-04 14:11;;2026-10-04 15:26;0;0;;;
2026-10-03;2026-10-03;16:00;2026-10-03;14:00;Scotland FA Cup;Scotland FA Cup;scotland-fa-cup;FA;Dunipace;Preston Athletic;40;22;38;1;2-1;2.94;;2.75;48.68;51.32;O;44;56;Si;5-2;5;2;1;1;;https://betimate.com/it/football-predictions/preston-athletic-vs-dunipace/2026-10-03/game;22;2026-10-04 14:11;;2026-10-04 15:26;0;0;;;
2026-10-03;2026-10-03;16:00;2026-10-03;14:00;Scotland FA Cup;Scotland FA Cup;scotland-fa-cup;FA;Forres Mechanics;Stirling University;25;17;58;2;1-2;4.35;;4.25;49.35;50.65;O;35;65;Si;0-1;0;1;2;1;;https://betimate.com/it/football-predictions/stirling-university-vs-forres-mechanics/2026-10-03/game;21;2026-10-04 14:11;;2026-10-04 15:26;0;0;;;
2026-10-03;2026-10-03;16:00;2026-10-03;14:00;Scotland FA Cup;Scotland FA Cup;scotland-fa-cup;FA;Gala Fairydean;Largs Thistle;17;19;64;2;0-2;2.88;;2.75;49.16;50.84;O;49;51;Si;0-1;0;1;2;1;;https://betimate.com/it/football-predictions/gala-fairydean-vs-largs-thistle/2026-10-03/game;21;2026-10-04 14:11;;2026-10-04 15:26;0;0;;;
2026-10-03;2026-10-03;16:00;2026-10-03;14:00;Scotland FA Cup;Scotland FA Cup;scotland-fa-cup;FA;Haddington Athletic;Cumbernauld Colts;49;20;31;1;2-1;3.38;;3.25;49.22;50.78;O;41;59;Si;0-2;0;2;2;0;;https://betimate.com/it/football-predictions/cumbernauld-colts-vs-haddington-athletic/2026-10-03/game;21;2026-10-04 14:11;;2026-10-04 15:26;0;0;;;
2026-10-03;2026-10-03;16:00;2026-10-03;14:00;Scotland FA Cup;Scotland FA Cup;scotland-fa-cup;FA;Hill Of Beath Hawthorn;Glasgow University;49;21;30;1;2-1;3.15;;3;49.04;50.96;O;43;57;Si;2-0;2;0;1;1;;https://betimate.com/it/football-predictions/hill-of-beath-hawthorn-vs-glasgow-university/2026-10-03/game;22;2026-10-04 14:11;;2026-10-04 15:26;0;0;;;
2026-10-03;2026-10-03;16:00;2026-10-03;14:00;Scotland FA Cup;Scotland FA Cup;scotland-fa-cup;FA;Keith;Stonehaven;42;24;34;1;1-0;2.69;;2.5;48.72;51.28;O;46;54;Si;2-1;2;1;1;1;;https://betimate.com/it/football-predictions/keith-vs-stonehaven/2026-10-03/game;22;2026-10-04 14:11;;2026-10-04 15:26;0;0;;;
2026-10-03;2026-10-03;16:00;2026-10-03;14:00;Scotland FA Cup;Scotland FA Cup;scotland-fa-cup;FA;Kirkintilloch Rob Roy;Banks O'Dee;37;25;38;2;0-1;2.57;;2.5;49.48;50.52;O;47;53;Si;;;;;;;https://betimate.com/it/football-predictions/banks-o-dee-vs-kirkintilloch-rob-roy/2026-10-03/game;21;2026-10-04 14:11;;2026-10-04 15:26;0;0;;;
2026-10-03;2026-10-03;16:00;2026-10-03;14:00;Scotland FA Cup;Scotland FA Cup;scotland-fa-cup;FA;Linlithgow Rose;Clydebank FC;35;21;44;2;1-2;3.44;;3.25;48.84;51.16;O;40;60;Si;0-1;0;1;2;1;;https://betimate.com/it/football-predictions/linlithgow-rose-vs-clydebank-fc/2026-10-03/game;21;2026-10-04 14:11;;2026-10-04 15:26;0;0;;;
2026-10-03;2026-10-03;16:00;2026-10-03;14:00;Scotland FA Cup;Scotland FA Cup;scotland-fa-cup;FA;Lochee Utd;Inverurie Loco Works;61;16;23;1;2-1;4.62;;4.5;49.21;50.79;O;34;66;Si;3-2;3;2;1;1;;https://betimate.com/it/football-predictions/inverurie-loco-works-vs-lochee-utd/2026-10-03/game;21;2026-10-04 14:11;;2026-10-04 15:26;0;0;;;
2026-10-03;2026-10-03;16:00;2026-10-03;14:00;Scotland FA Cup;Scotland FA Cup;scotland-fa-cup;FA;Musselburgh Ath;Lossiemouth;74;14;12;1;2-0;3.78;;3.5;48.53;51.47;O;44;56;Si;2-1;2;1;1;1;;https://betimate.com/it/football-predictions/lossiemouth-vs-musselburgh-ath/2026-10-03/game;21;2026-10-04 14:11;;2026-10-04 15:26;0;0;;;
2026-10-03;2026-10-03;16:00;2026-10-03;14:00;Scotland FA Cup;Scotland FA Cup;scotland-fa-cup;FA;Nairn County;Gretna 2008;25;17;58;2;1-2;4.31;;4.25;49.56;50.44;O;35;65;Si;0-1;0;1;2;1;;https://betimate.com/it/football-predictions/nairn-county-vs-gretna-2008/2026-10-03/game;22;2026-10-04 14:11;;2026-10-04 15:26;0;0;;;
2026-10-03;2026-10-03;16:00;2026-10-03;14:00;Scotland FA Cup;Scotland FA Cup;scotland-fa-cup;FA;Newton Stewart;Johnstone Burgh;35;22;43;2;1-2;3.29;;3.25;49.78;50.22;O;41;59;Si;1-3;1;3;2;1;;https://betimate.com/it/football-predictions/johnstone-burgh-vs-newton-stewart/2026-10-03/game;22;2026-10-04 14:11;;2026-10-04 15:26;0;0;;;
2026-10-03;2026-10-03;16:00;2026-10-03;14:00;Scotland FA Cup;Scotland FA Cup;scotland-fa-cup;FA;Pollok;Albion;65;19;16;1;2-0;2.96;;2.75;48.7;51.3;O;48;52;Si;4-1;4;1;1;1;;https://betimate.com/it/football-predictions/albion-vs-pollok/2026-10-03/game;21;2026-10-04 14:11;;2026-10-04 15:26;0;0;;;
2026-10-03;2026-10-03;16:00;2026-10-03;14:00;Scotland FA Cup;Scotland FA Cup;scotland-fa-cup;FA;Rothes;Brora Rangers FC;7;10;83;2;0-3;4.65;;4.5;49.25;50.75;O;43;57;Si;0-9;0;9;2;1;;https://betimate.com/it/football-predictions/rothes-vs-brora-rangers-fc/2026-10-03/game;21;2026-10-04 14:11;;2026-10-04 15:26;0;0;;;
2026-10-03;2026-10-03;16:00;2026-10-03;14:00;Scotland FA Cup;Scotland FA Cup;scotland-fa-cup;FA;Strathspey Thistle;Dalbeattie Star;17;16;67;2;1-2;3.55;;3.25;48.28;51.72;O;43;57;Si;3-2;3;2;1;0;;https://betimate.com/it/football-predictions/strathspey-thistle-vs-dalbeattie-star/2026-10-03/game;21;2026-10-04 14:11;;2026-10-04 15:26;0;0;;;
2026-10-03;2026-10-03;16:00;2026-10-03;14:00;Scotland FA Cup;Scotland FA Cup;scotland-fa-cup;FA;Tayport FC;Wick Academy;47;21;32;1;2-1;3.33;;3.25;49.53;50.47;O;41;59;Si;3-0;3;0;1;1;;https://betimate.com/it/football-predictions/wick-academy-vs-tayport-fc/2026-10-03/game;21;2026-10-04 14:11;;2026-10-04 15:26;0;0;;;
2026-10-03;2026-10-03;16:00;2026-10-03;14:00;Scotland FA Cup;Scotland FA Cup;scotland-fa-cup;FA;Tranent;Turriff United;80;13;7;1;2-0;3.24;;3;48.65;51.35;O;53;47;No;1-1;1;1;X;0;;https://betimate.com/it/football-predictions/turriff-united-vs-tranent/2026-10-03/game;6;2026-10-04 14:11;;2026-10-04 15:26;0;0;;;
2026-10-03;2026-10-03;16:00;2026-10-03;14:00;Seconda Lega russa;Russia Division 2;russia-division-2;RD2;Amkar Perm;Torpedo Miass;58;23;19;1;2-0;2.83;4°C · pioggia 93% · vento 14 km/h;2.5;48.42;51.58;O;49;51;Si;1-2;1;2;2;0;;https://betimate.com/it/football-predictions/amkar-perm-vs-torpedo-miass/2026-10-03/game;43;2026-10-04 14:11;;2026-10-04 15:26;0;0;;;
2026-10-03;2026-10-03;16:00;2026-10-03;14:00;Serie D (Italia);Italy Serie D;italy-serie-d;lt4;ASD Terranuova Traiana;Prato;29;28;43;2;0-1;2.17;27°C · pioggia 0% · vento 3 km/h;2;48.81;51.19;O;52;48;No;;;;;;;https://betimate.com/it/football-predictions/prato-vs-asd-terranuova-traiana/2026-10-03/game;23;2026-10-04 14:11;;2026-10-04 15:26;0;0;;;
2026-10-03;2026-10-03;16:00;2026-10-03;14:00;Southern League Division One;England Southern League Div One;england-southern-league-div-one;ESLD;Bishops Cleeve;Melksham Town;56;20;24;1;2-1;3.08;;3.25;51.11;48.89;U;44;56;Si;3-0;3;0;1;1;;https://betimate.com/it/football-predictions/bishops-cleeve-vs-melksham-town/2026-10-03/game;14;2026-10-04 14:11;;2026-10-04 15:26;0;0;;;
2026-10-03;2026-10-03;16:00;2026-10-03;14:00;Southern Premier League Central Inghilterra;England Southern Premier League Central;england-southern-premier-league-central;ESPL;Leamington;Hitchin;38;24;38;1;1-0;2.72;18°C · pioggia 0% · vento 7 km/h;2.5;48.55;51.45;O;46;54;Si;4-0;4;0;1;1;;https://betimate.com/it/football-predictions/hitchin-vs-leamington/2026-10-03/game;13;2026-10-04 14:11;;2026-10-04 15:26;0;0;;;
2026-10-03;2026-10-03;16:00;2026-10-03;14:00;Southern Premier League Central Inghilterra;England Southern Premier League Central;england-southern-premier-league-central;ESPL;Leighton Town;Peterborough Sports;28;21;51;2;1-2;3.47;;2.75;45.51;54.49;O;40;60;Si;2-4;2;4;2;1;;https://betimate.com/it/football-predictions/peterborough-sports-vs-leighton-town/2026-10-03/game;13;2026-10-04 14:11;;2026-10-04 15:26;0;0;;;
2026-10-03;2026-10-03;16:00;2026-10-03;14:00;Southern Premier League Central Inghilterra;England Southern Premier League Central;england-southern-premier-league-central;ESPL;Rushall Olympic;Needham Market;36;22;42;2;1-2;3.14;16°C · pioggia 0% · vento 8 km/h;2.75;47.38;52.62;O;42;58;Si;5-3;5;3;1;0;;https://betimate.com/it/football-predictions/rushall-olympic-vs-needham-market/2026-10-03/game;13;2026-10-04 14:11;;2026-10-04 15:26;0;0;;;
2026-10-03;2026-10-03;16:00;2026-10-03;14:00;Southern Premier League Central Inghilterra;England Southern Premier League Central;england-southern-premier-league-central;ESPL;Stourbridge;Racing Club Warwick;44;22;34;1;2-1;2.95;17°C · pioggia 0% · vento 8 km/h;2.75;48.6;51.4;O;44;56;Si;0-1;0;1;2;0;;https://betimate.com/it/football-predictions/stourbridge-vs-racing-club-warwick/2026-10-03/game;13;2026-10-04 14:11;;2026-10-04 15:26;0;0;;;
2026-10-03;2026-10-03;16:00;2026-10-03;14:00;Southern Premier League South Inghilterra;England Southern Premier League South;england-southern-premier-league-south;ESPL;Poole Town;Evesham United;57;22;21;1;1-0;2.71;19°C · pioggia 24% · vento 10 km/h;2.75;50.29;49.71;U;49;51;Si;3-1;3;1;1;1;;https://betimate.com/it/football-predictions/poole-town-vs-evesham-united/2026-10-03/game;13;2026-10-04 14:11;;2026-10-04 15:26;0;0;;;
2026-10-03;2026-10-03;16:00;2026-10-03;14:00;Southern Premier League South Inghilterra;England Southern Premier League South;england-southern-premier-league-south;ESPL;Yate Town;Frome Town;39;25;36;1;1-0;2.3;19°C · pioggia 7% · vento 4 km/h;2.75;53.09;46.91;U;50;50;Si;3-3;3;3;X;0;;https://betimate.com/it/football-predictions/frome-town-vs-yate-town/2026-10-03/game;13;2026-10-04 14:11;;2026-10-04 15:26;0;0;;;
2026-10-03;2026-10-03;16:00;2026-10-03;14:00;Spagna - Primera Federación Femminile;Spain Primera Federacion Women;spain-primera-federacion-women;SPFW;Real Madrid (W) B;CFF Caceres Women;56;20;24;1;1-0;2.75;;2.25;46.38;53.62;O;53;47;No;0-1;0;1;2;0;;https://betimate.com/it/football-predictions/cff-caceres-women-vs-real-madrid-w-b/2026-10-03/game;14;2026-10-04 14:11;;2026-10-04 15:26;0;0;;;
2026-10-03;2026-10-03;16:00;2026-10-03;14:00;Spagna - Segunda Federación Femminile;Spain Segunda Federacion Women;spain-segunda-federacion-women;SSFW;Sporting Gijon (W);Burgos (W);28;23;49;2;0-1;2.08;;2.5;52.59;47.41;U;60;40;No;2-1;2;1;1;0;;https://betimate.com/it/football-predictions/burgos-w-vs-sporting-gijon-w/2026-10-03/game;43;2026-10-04 14:11;;2026-10-04 15:26;0;0;;;
2026-10-03;2026-10-03;16:00;2026-10-03;14:00;Spagna - Segunda Federación Gruppo 3;Spain Segunda Division RFEF Group 3;spain-segunda-division-rfef-group-3;SSDR;Castellon B;CF Lorca Deportiva;30;28;42;2;0-1;2.13;23°C · pioggia 10% · vento 12 km/h;2.5;52.58;47.42;U;52;48;No;2-1;2;1;1;0;;https://betimate.com/it/football-predictions/cf-lorca-deportiva-vs-castellon-b/2026-10-03/game;13;2026-10-04 14:11;;2026-10-04 15:26;0;0;;;
2026-10-03;2026-10-03;16:00;2026-10-03;14:00;Super League Femminile Russia;Russia Premier Women;russia-premier-women;RPW;Chertanovo Moskva Women;Ryazan VDV Women;50;22;28;1;1-0;2.36;10°C · pioggia 0% · vento 7 km/h;2.5;50.64;49.36;U;56;44;No;2-1;2;1;1;1;;https://betimate.com/it/football-predictions/ryazan-vdv-women-vs-chertanovo-moskva-women/2026-10-03/game;12;2026-10-04 14:11;;2026-10-04 15:26;0;0;;;
2026-10-03;2026-10-03;16:00;2026-10-03;14:00;Série B brasiliana;Brazil Serie B;brazil-serie-b;Br2;Avai;Ceara;40;29;31;1;1-0;2.26;20°C · pioggia 0% · vento 19 km/h;2;47.83;52.17;O;50;50;Si;0-1;0;1;2;0;;https://betimate.com/it/football-predictions/ceara-vs-avai/2026-10-03/game;2;2026-10-04 14:11;;2026-10-04 15:26;0;0;;;
2026-10-03;2026-10-03;16:00;2026-10-03;14:00;Tercera Gruppo 1 spagnola;Spain Tercera Group 1;spain-tercera-group-1;Es5;Silva SD;Racing Club Villalbes;39;25;36;1;1-0;2.42;22°C · pioggia 3% · vento 15 km/h;2.25;48.79;51.21;O;49;51;Si;0-0;0;0;X;0;;https://betimate.com/it/football-predictions/silva-sd-vs-racing-club-villalbes/2026-10-03/game;3;2026-10-04 14:11;;2026-10-04 15:26;0;0;;;
2026-10-03;2026-10-03;16:00;2026-10-03;14:00;Tercera Gruppo 11 spagnola;Spain Tercera Group 11;spain-tercera-group-11;Es5;Llosetense;UD Arenal;62;18;20;1;2-1;3.43;22°C · pioggia 65% · vento 10 km/h;3.25;48.99;51.01;O;43;57;Si;3-1;3;1;1;1;;https://betimate.com/it/football-predictions/llosetense-vs-ud-arenal/2026-10-03/game;19;2026-10-04 14:11;;2026-10-04 15:26;0;0;;;
2026-10-03;2026-10-03;16:00;2026-10-03;14:00;Tercera Gruppo 11 spagnola;Spain Tercera Group 11;spain-tercera-group-11;Es5;Manacor;CE Andratx;71;16;13;1;2-0;3.53;25°C · pioggia 48% · vento 21 km/h;3.25;48.42;51.58;O;45;55;Si;2-1;2;1;1;1;;https://betimate.com/it/football-predictions/manacor-vs-ce-andratx/2026-10-03/game;19;2026-10-04 14:11;;2026-10-04 15:26;0;0;;;
2026-10-03;2026-10-03;16:00;2026-10-03;14:00;Tercera Gruppo 6 spagnola;Spain Tercera Group 6;spain-tercera-group-6;Es5;Soneja;Jove Espanol;48;23;29;1;1-0;2.56;;2;45.58;54.42;O;48;52;Si;1-2;1;2;2;0;;https://betimate.com/it/football-predictions/jove-espanol-vs-soneja/2026-10-03/game;3;2026-10-04 14:11;;2026-10-04 15:26;0;0;;;
2026-10-03;2026-10-03;16:00;2026-10-03;14:00;Tercera RFEF Gruppo 15 Spagna;Spain Tercera Group 15;spain-tercera-group-15;Es5;Beti Kozkor KE;UDC Txantrea;61;19;20;1;2-1;3.26;23°C · pioggia 38% · vento 7 km/h;3;48.27;51.73;O;44;56;Si;2-0;2;0;1;1;;https://betimate.com/it/football-predictions/udc-txantrea-vs-beti-kozkor-ke/2026-10-03/game;20;2026-10-04 14:11;;2026-10-04 15:26;0;0;;;
2026-10-03;2026-10-03;16:00;2026-10-03;14:00;Tercera RFEF Gruppo 15 Spagna;Spain Tercera Group 15;spain-tercera-group-15;Es5;Bidezarra;CD Beti Onak;45;26;29;1;1-0;2.16;24°C · pioggia 20% · vento 1 km/h;2;48.84;51.16;O;52;48;No;1-1;1;1;X;0;;https://betimate.com/it/football-predictions/cd-beti-onak-vs-bidezarra/2026-10-03/game;20;2026-10-04 14:11;;2026-10-04 15:26;0;0;;;
2026-10-03;2026-10-03;16:00;2026-10-03;14:00;Tercera RFEF Gruppo 15 Spagna;Spain Tercera Group 15;spain-tercera-group-15;Es5;CD Cortes;Izarra;25;21;54;2;1-2;3.03;24°C · pioggia 18% · vento 13 km/h;2.5;46.75;53.25;O;44;56;Si;0-2;0;2;2;1;;https://betimate.com/it/football-predictions/izarra-vs-cd-cortes/2026-10-03/game;20;2026-10-04 14:11;;2026-10-04 15:26;0;0;;;
2026-10-03;2026-10-03;16:00;2026-10-03;14:00;Tunisia League 2;Tunisia League 2;tunisia-league-2;Tn2;AS Agareb;SC Ben Arous;36;27;37;2;0-1;2.12;;2;49.23;50.77;O;52;48;No;0-3;0;3;2;1;;https://betimate.com/it/football-predictions/sc-ben-arous-vs-as-agareb/2026-10-03/game;43;2026-10-04 14:11;;2026-10-04 15:26;0;0;;;
2026-10-03;2026-10-03;16:00;2026-10-03;14:00;Tunisia League 2;Tunisia League 2;tunisia-league-2;Tn2;AS Megrine;ES Beni-Khalled;55;21;24;1;1-0;2.9;;2.75;48.97;51.03;O;46;54;Si;1-1;1;1;X;0;;https://betimate.com/it/football-predictions/es-beni-khalled-vs-as-megrine/2026-10-03/game;43;2026-10-04 14:11;;2026-10-04 15:26;0;0;;;
2026-10-03;2026-10-03;16:00;2026-10-03;14:00;Tunisia League 2;Tunisia League 2;tunisia-league-2;Tn2;CS Msaken;CS Chebba;53;24;23;1;1-0;2.49;30°C · pioggia 0% · vento 12 km/h;2;46.19;53.81;O;50;50;Si;0-0;0;0;X;0;;https://betimate.com/it/football-predictions/cs-chebba-vs-cs-msaken/2026-10-03/game;14;2026-10-04 14:11;;2026-10-04 15:26;0;0;;;
2026-10-03;2026-10-03;16:00;2026-10-03;14:00;Tunisia League 2;Tunisia League 2;tunisia-league-2;Tn2;Em Mahdia;OC Kerkennah;36;28;36;1;1-0;2.08;27°C · pioggia 0% · vento 23 km/h;2;49.49;50.51;O;53;47;No;2-1;2;1;1;1;;https://betimate.com/it/football-predictions/oc-kerkennah-vs-em-mahdia/2026-10-03/game;43;2026-10-04 14:11;;2026-10-04 15:26;0;0;;;
2026-10-03;2026-10-03;16:00;2026-10-03;14:00;Tunisia League 2;Tunisia League 2;tunisia-league-2;Tn2;Sfax Railways;AS Gabes;64;19;17;1;2-0;2.96;28°C · pioggia 0% · vento 11 km/h;2;42.72;57.28;O;48;52;Si;0-0;0;0;X;0;;https://betimate.com/it/football-predictions/as-gabes-vs-sfax-railways/2026-10-03/game;14;2026-10-04 14:11;;2026-10-04 15:26;0;0;;;
2026-10-03;2026-10-03;16:00;2026-10-03;14:00;Tunisia League 2;Tunisia League 2;tunisia-league-2;Tn2;Tataouine;Stade Soussienf;52;23;25;1;1-0;2.6;28°C · pioggia 0% · vento 14 km/h;2.5;49.31;50.69;O;48;52;Si;1-0;1;0;1;1;;https://betimate.com/it/football-predictions/tataouine-vs-stade-soussienf/2026-10-03/game;43;2026-10-04 14:11;;2026-10-04 15:26;0;0;;;
2026-10-03;2026-10-03;16:00;2026-10-03;14:00;Women's National League Irlanda;Republic of Ireland National League Women;republic-of-ireland-national-league-women;RoIN;Bohemians Dublin (W);DLR Waves (W);62;20;18;1;1-0;2.4;;2.5;50.38;49.62;U;59;41;No;3-1;3;1;1;1;;https://betimate.com/it/football-predictions/bohemians-dublin-w-vs-dlr-waves-w/2026-10-03/game;12;2026-10-04 14:11;;2026-10-04 15:26;0;0;;;
2026-10-03;2026-10-03;16:00;2026-10-03;14:00;Women's National League Irlanda;Republic of Ireland National League Women;republic-of-ireland-national-league-women;RoIN;Shamrock Rovers (W);Cork City (W);84;10;6;1;2-0;3.54;;3.75;51.03;48.97;U;58;42;No;4-1;4;1;1;1;;https://betimate.com/it/football-predictions/shamrock-rovers-w-vs-cork-city-w/2026-10-03/game;12;2026-10-04 14:11;;2026-10-04 15:26;0;0;;;
2026-10-03;2026-10-03;16:00;2026-10-03;14:00;Women's National League Irlanda;Republic of Ireland National League Women;republic-of-ireland-national-league-women;RoIN;Waterford FC (W);Shelbourne (W);7;9;84;2;0-2;3.67;;3.5;48.96;51.04;O;56;44;No;0-4;0;4;2;1;;https://betimate.com/it/football-predictions/waterford-fc-w-vs-shelbourne-w/2026-10-03/game;12;2026-10-04 14:11;;2026-10-04 15:26;0;0;;;
2026-10-03;2026-10-03;16:15;2026-10-03;14:15;Segunda División spagnola;Spain Segunda;spain-segunda;Es2;Almeria;Burgos;46;29;25;1;1-0;2.34;29°C · pioggia 8% · vento 13 km/h;2.5;51.13;48.87;U;53;47;No;2-1;2;1;1;1;;https://betimate.com/it/football-predictions/burgos-vs-almeria/2026-10-03/game;3;2026-10-04 14:11;;2026-10-04 15:26;0;0;;;
2026-10-03;2026-10-03;16:15;2026-10-03;14:15;Spagna - Segunda Federación Gruppo 3;Spain Segunda Division RFEF Group 3;spain-segunda-division-rfef-group-3;SSDR;Elche Ilicitano;UCAM Murcia CF;29;25;46;2;1-2;2.87;27°C · pioggia 5% · vento 16 km/h;2.5;47.86;52.14;O;45;55;Si;1-5;1;5;2;1;;https://betimate.com/it/football-predictions/elche-ilicitano-vs-ucam-murcia-cf/2026-10-03/game;44;2026-10-04 14:11;;2026-10-04 15:26;0;0;;;
2026-10-03;2026-10-03;16:22;2026-10-03;14:22;U20 International;U20 International;u20-international;UI;Azerbaijan U20;Moldova U20;30;30;40;2;0-1;1.53;;2.75;59.73;40.27;U;63;37;No;0-0;0;0;X;0;;https://betimate.com/it/football-predictions/moldova-u20-vs-azerbaijan-u20/2026-10-03/game;15;2026-10-04 14:11;;2026-10-04 15:26;0;0;;;
2026-10-03;2026-10-03;16:30;2026-10-03;14:30;1. Liga Classic svizzera;Switzerland 1.Liga Classic;switzerland-1-liga-classic;;FC Mendrisio;FC Tuggen;33;21;46;2;1-2;3.18;;3;48.78;51.22;O;42;58;Si;1-1;1;1;X;0;;https://betimate.com/it/football-predictions/fc-tuggen-vs-fc-mendrisio/2026-10-03/game;15;2026-10-04 14:11;;2026-10-04 15:26;0;0;;;
2026-10-03;2026-10-03;16:30;2026-10-03;14:30;Amichevoli Russia;Other Match;other-match;Ru3;FC Natters;SK Ebbs;37;19;44;2;1-2;4.15;;4;49.02;50.98;O;34;66;Si;2-1;2;1;1;0;;https://betimate.com/it/football-predictions/sk-ebbs-vs-fc-natters/2026-10-03/game;44;2026-10-04 14:11;;2026-10-04 15:26;0;0;;;
2026-10-03;2026-10-03;16:30;2026-10-03;14:30;Centralna Liga Juniorów (Polonia);Poland Youth League;poland-youth-league;PYL;Arkonia Szczecin U19;Slask Wroclaw U19;36;22;42;2;0-1;2.42;;2.25;48.71;51.29;O;50;50;Si;2-2;2;2;X;0;;https://betimate.com/it/football-predictions/slask-wroclaw-u19-vs-arkonia-szczecin-u19/2026-10-03/game;44;2026-10-04 14:11;;2026-10-04 15:26;0;0;;;
2026-10-03;2026-10-03;16:30;2026-10-03;14:30;División de Honor Juvenil (Spagna);Spain Youth League;spain-youth-league;SYL;Deportivo La Coruna U19;Real Aviles CF U19;92;5;3;1;4-0;4.63;24°C · pioggia 3% · vento 14 km/h;3.75;45.54;54.46;O;54;46;No;2-0;2;0;1;1;;https://betimate.com/it/football-predictions/deportivo-la-coruna-u19-vs-real-aviles-cf-u19/2026-10-03/game;6;2026-10-04 14:11;;2026-10-04 15:26;0;0;;;
2026-10-03;2026-10-03;16:30;2026-10-03;14:30;División de Honor Juvenil (Spagna);Spain Youth League;spain-youth-league;SYL;Huesca U19;Real Zaragoza U19;35;20;45;2;1-2;3.11;;2.75;47.43;52.57;O;42;58;Si;1-0;1;0;1;0;;https://betimate.com/it/football-predictions/real-zaragoza-u19-vs-huesca-u19/2026-10-03/game;23;2026-10-04 14:11;;2026-10-04 15:26;0;0;;;
2026-10-03;2026-10-03;16:30;2026-10-03;14:30;División de Honor Juvenil (Spagna);Spain Youth League;spain-youth-league;SYL;UD Logrones U19;Real Sociedad U19;32;16;52;2;1-2;4.85;;3;38.69;61.31;O;29;71;Si;1-3;1;3;2;1;;https://betimate.com/it/football-predictions/real-sociedad-u19-vs-ud-logrones-u19/2026-10-03/game;6;2026-10-04 14:11;;2026-10-04 15:26;0;0;;;
2026-10-03;2026-10-03;16:30;2026-10-03;14:30;Eccellenza Italia;Italy Eccellenza;italy-eccellenza;IE;USD Usinese;Atletico Uri;54;22;24;1;1-0;2.6;;2;45.21;54.79;O;49;51;Si;0-1;0;1;2;0;;https://betimate.com/it/football-predictions/atletico-uri-vs-usd-usinese/2026-10-03/game;15;2026-10-04 14:11;;2026-10-04 15:26;0;0;;;
2026-10-03;2026-10-03;16:30;2026-10-03;14:30;Eerste Divisie Paesi Bassi;Netherlands Eerste Divisie;netherlands-eerste-divisie;Nl2;Top Oss;Maastricht;46;27;27;1;1-0;2.7;21°C · pioggia 0% · vento 7 km/h;2.75;50.31;49.69;U;45;55;Si;4-1;4;1;1;1;;https://betimate.com/it/football-predictions/maastricht-vs-top-oss/2026-10-03/game;5;2026-10-04 14:11;;2026-10-04 15:26;0;0;;;
2026-10-03;2026-10-03;16:30;2026-10-03;14:30;Eerste Divisie Paesi Bassi;Netherlands Eerste Divisie;netherlands-eerste-divisie;Nl2;Vitesse;NAC;42;25;33;1;2-1;3.18;21°C · pioggia 0% · vento 6 km/h;3.25;50.28;49.72;U;39;61;Si;2-2;2;2;X;0;;https://betimate.com/it/football-predictions/nac-vs-vitesse/2026-10-03/game;5;2026-10-04 14:11;;2026-10-04 15:26;0;0;;;
2026-10-03;2026-10-03;16:30;2026-10-03;14:30;Juniorallsvenskan svedese;Sweden Juniorallsvenskan;sweden-juniorallsvenskan;SJ;Hammarby U19;BK Hacken U19;69;13;18;1;3-1;4.66;18°C · pioggia 0% · vento 15 km/h;4.5;49.04;50.96;O;35;65;Si;2-2;2;2;X;0;;https://betimate.com/it/football-predictions/hammarby-u19-vs-bk-hacken-u19/2026-10-03/game;44;2026-10-04 14:11;;2026-10-04 15:26;0;0;;;
2026-10-03;2026-10-03;16:30;2026-10-03;14:30;Landesliga austriaca;Austria Landesliga;austria-landesliga;AL;SV Lackenbach;USV Halbturn;41;22;37;1;2-1;2.9;;2.75;48.94;51.06;O;44;56;Si;0-1;0;1;2;0;;https://betimate.com/it/football-predictions/usv-halbturn-vs-sv-lackenbach/2026-10-03/game;23;2026-10-04 14:11;;2026-10-04 15:26;0;0;;;
2026-10-03;2026-10-03;16:30;2026-10-03;14:30;Primera Federación - Gruppo 1 Spagna;Spain Primera Division RFEF Group 1;spain-primera-division-rfef-group-1;SPDR;Barakaldo;Arenas Club de Getxo;53;24;23;1;1-0;2.85;25°C · pioggia 83% · vento 8 km/h;2.5;48.16;51.84;O;47;53;Si;1-1;1;1;X;0;;https://betimate.com/it/football-predictions/arenas-club-de-getxo-vs-barakaldo/2026-10-03/game;15;2026-10-04 14:11;;2026-10-04 15:26;0;0;;;
2026-10-03;2026-10-03;16:30;2026-10-03;14:30;Primera Federación - Gruppo 1 Spagna;Spain Primera Division RFEF Group 1;spain-primera-division-rfef-group-1;SPDR;Racing Ferrol;Pontevedra;28;27;45;2;0-1;2.48;22°C · pioggia 0% · vento 20 km/h;2.25;48.79;51.21;O;50;50;Si;2-0;2;0;1;0;;https://betimate.com/it/football-predictions/pontevedra-vs-racing-ferrol/2026-10-03/game;15;2026-10-04 14:11;;2026-10-04 15:26;0;0;;;
2026-10-03;2026-10-03;16:30;2026-10-03;14:30;Primera Federación - Gruppo 1 Spagna;Spain Primera Division RFEF Group 1;spain-primera-division-rfef-group-1;SPDR;Real Unión;UD Ourense;66;18;16;1;2-0;3.22;;2.75;46.99;53.01;O;46;54;Si;1-1;1;1;X;0;;https://betimate.com/it/football-predictions/ud-ourense-vs-real-union/2026-10-03/game;15;2026-10-04 14:11;;2026-10-04 15:26;0;0;;;
2026-10-03;2026-10-03;16:30;2026-10-03;14:30;Serie D (Italia);Italy Serie D;italy-serie-d;lt4;ASD Lavarian Mortean Esperia;Cjarlins Muzane;31;26;43;2;0-1;2.83;;2.25;46.33;53.67;O;45;55;Si;0-3;0;3;2;1;;https://betimate.com/it/football-predictions/cjarlins-muzane-vs-asd-lavarian-mortean-esperia/2026-10-03/game;23;2026-10-04 14:11;;2026-10-04 15:26;0;0;;;
2026-10-03;2026-10-03;16:30;2026-10-03;14:30;Spagna - Segunda Federación Gruppo 1;Spain Segunda Division RFEF Group 1;spain-segunda-division-rfef-group-1;SSDR;Rayo Cantabria;Eibar B;41;25;34;1;2-1;2.95;23°C · pioggia 50% · vento 11 km/h;2.5;47.5;52.5;O;44;56;Si;1-5;1;5;2;0;;https://betimate.com/it/football-predictions/rayo-cantabria-vs-eibar-b/2026-10-03/game;15;2026-10-04 14:11;;2026-10-04 15:26;0;0;;;
2026-10-03;2026-10-03;16:30;2026-10-03;14:30;Tercera Gruppo 1 spagnola;Spain Tercera Group 1;spain-tercera-group-1;Es5;Alondras;Montaneros;48;19;33;1;2-1;3.81;26°C · pioggia 3% · vento 5 km/h;2.5;42.6;57.4;O;37;63;Si;0-1;0;1;2;0;;https://betimate.com/it/football-predictions/alondras-vs-montaneros/2026-10-03/game;19;2026-10-04 14:11;;2026-10-04 15:26;0;0;;;
2026-10-03;2026-10-03;16:30;2026-10-03;14:30;Tercera Gruppo 11 spagnola;Spain Tercera Group 11;spain-tercera-group-11;Es5;Binissalem;CE Sineu;35;26;39;2;0-1;2.25;23°C · pioggia 28% · vento 11 km/h;2;48;52;O;51;49;No;3-0;3;0;1;0;;https://betimate.com/it/football-predictions/binissalem-vs-ce-sineu/2026-10-03/game;19;2026-10-04 14:11;;2026-10-04 15:26;0;0;;;
2026-10-03;2026-10-03;16:30;2026-10-03;14:30;Tercera Gruppo 11 spagnola;Spain Tercera Group 11;spain-tercera-group-11;Es5;Platges de Calvia;CD Migjorn;78;13;9;1;2-0;3.42;25°C · pioggia 40% · vento 18 km/h;2.75;45.96;54.04;O;50;50;Si;3-1;3;1;1;1;;https://betimate.com/it/football-predictions/platges-de-calvia-vs-cd-migjorn/2026-10-03/game;4;2026-10-04 14:11;;2026-10-04 15:26;0;0;;;
2026-10-03;2026-10-03;16:30;2026-10-03;14:30;Tercera Gruppo 3 spagnola;Spain Tercera Group 3;spain-tercera-group-3;Es5;Velarde;CD Cayon;31;24;45;2;0-1;2.57;;2.5;49.49;50.51;O;48;52;Si;0-1;0;1;2;1;;https://betimate.com/it/football-predictions/velarde-vs-cd-cayon/2026-10-03/game;19;2026-10-04 14:11;;2026-10-04 15:26;0;0;;;
2026-10-03;2026-10-03;16:30;2026-10-03;14:30;Tercera Gruppo 4 spagnola;Spain Tercera Group 4;spain-tercera-group-4;Es5;CD Touring;Cultural de Durango;47;25;28;1;1-0;2.31;24°C · pioggia 60% · vento 5 km/h;2.25;49.68;50.32;O;51;49;No;2-2;2;2;X;0;;https://betimate.com/it/football-predictions/cultural-de-durango-vs-cd-touring/2026-10-03/game;19;2026-10-04 14:11;;2026-10-04 15:26;0;0;;;
2026-10-03;2026-10-03;16:30;2026-10-03;14:30;Tercera Gruppo 4 spagnola;Spain Tercera Group 4;spain-tercera-group-4;Es5;Pasaia KE;Santurtzi;37;27;36;1;1-0;2.18;23°C · pioggia 20% · vento 6 km/h;2;48.64;51.36;O;51;49;No;1-0;1;0;1;1;;https://betimate.com/it/football-predictions/pasaia-ke-vs-santurtzi/2026-10-03/game;19;2026-10-04 14:11;;2026-10-04 15:26;0;0;;;
2026-10-03;2026-10-03;16:30;2026-10-03;14:30;Tercera Gruppo 5 spagnola;Spain Tercera Group 5;spain-tercera-group-5;Es5;UE Tona;Badalona;39;26;35;1;1-0;2.33;19°C · pioggia 18% · vento 6 km/h;2.25;49.51;50.49;O;50;50;Si;1-3;1;3;2;0;;https://betimate.com/it/football-predictions/badalona-vs-ue-tona/2026-10-03/game;3;2026-10-04 14:11;;2026-10-04 15:26;0;0;;;
2026-10-03;2026-10-03;16:30;2026-10-03;14:30;Tercera RFEF Gruppo 15 Spagna;Spain Tercera Group 15;spain-tercera-group-15;Es5;Avance;CD Cantolagua;71;16;13;1;2-0;3.39;24°C · pioggia 35% · vento 3 km/h;3.25;49.24;50.76;O;47;53;Si;4-1;4;1;1;1;;https://betimate.com/it/football-predictions/cd-cantolagua-vs-avance/2026-10-03/game;20;2026-10-04 14:11;;2026-10-04 15:26;0;0;;;
2026-10-03;2026-10-03;16:30;2026-10-03;14:30;Tercera RFEF Gruppo 17 Spagna;Spain Tercera Group 17;spain-tercera-group-17;Es5;CD Robres;CD Binefar;27;19;54;2;1-2;3.73;22°C · pioggia 8% · vento 12 km/h;3.5;48.74;51.26;O;39;61;Si;1-2;1;2;2;1;;https://betimate.com/it/football-predictions/cd-binefar-vs-cd-robres/2026-10-03/game;22;2026-10-04 14:11;;2026-10-04 15:26;0;0;;;
2026-10-03;2026-10-03;17:00;2026-10-03;15:00;1. Liga Classic svizzera;Switzerland 1.Liga Classic;switzerland-1-liga-classic;;FC Echallens;Meyrin;34;23;43;2;1-2;2.95;;3.25;51.96;48.04;U;44;56;Si;2-1;2;1;1;0;;https://betimate.com/it/football-predictions/fc-echallens-vs-meyrin/2026-10-03/game;15;2026-10-04 14:11;;2026-10-04 15:26;0;0;;;
2026-10-03;2026-10-03;17:00;2026-10-03;15:00;1. Liga Classic svizzera;Switzerland 1.Liga Classic;switzerland-1-liga-classic;;FC Monthey;Lancy FC;54;21;25;1;2-1;3.07;;3.5;52.45;47.55;U;44;56;Si;1-2;1;2;2;0;;https://betimate.com/it/football-predictions/lancy-fc-vs-fc-monthey/2026-10-03/game;15;2026-10-04 14:11;;2026-10-04 15:26;0;0;;;
2026-10-03;2026-10-03;17:00;2026-10-03;15:00;1. Liga Classic svizzera;Switzerland 1.Liga Classic;switzerland-1-liga-classic;;Stade Payerne;FC Portalban Gletterens;39;22;39;1;2-1;2.93;;3.25;52.04;47.96;U;44;56;Si;0-3;0;3;2;0;;https://betimate.com/it/football-predictions/stade-payerne-vs-fc-portalban-gletterens/2026-10-03/game;15;2026-10-04 14:11;;2026-10-04 15:26;0;0;;;
2026-10-03;2026-10-03;17:00;2026-10-03;15:00;3. Liga slovacca;Slovakia 3. Liga;slovakia-3-liga;Sk2;FK Poprad;MSK Tesla Stropkov;42;25;33;1;1-0;2.47;21°C · pioggia 0% · vento 9 km/h;2.75;51.91;48.09;U;49;51;Si;2-1;2;1;1;1;;https://betimate.com/it/football-predictions/fk-poprad-vs-msk-tesla-stropkov/2026-10-03/game;15;2026-10-04 14:11;;2026-10-04 15:26;0;0;;;
2026-10-03;2026-10-03;17:00;2026-10-03;15:00;4. Liga ceca;Czechia 4. Liga;czechia-4-liga;;Hvezda Cheb;SK Steti;38;18;44;2;1-2;4.6;;4.5;49.25;50.75;O;31;69;Si;1-1;1;1;X;0;;https://betimate.com/it/football-predictions/hvezda-cheb-vs-sk-steti/2026-10-03/game;44;2026-10-04 14:11;;2026-10-04 15:26;0;0;;;
2026-10-03;2026-10-03;17:00;2026-10-03;15:00;4. Liga ceca;Czechia 4. Liga;czechia-4-liga;;Slavia Karlovy Vary;Meteor Prague VIII;38;22;40;2;1-2;3.13;21°C · pioggia 0% · vento 3 km/h;3.25;50.73;49.27;U;42;58;Si;2-3;2;3;2;1;;https://betimate.com/it/football-predictions/meteor-prague-viii-vs-slavia-karlovy-vary/2026-10-03/game;15;2026-10-04 14:11;;2026-10-04 15:26;0;0;;;
2026-10-03;2026-10-03;17:00;2026-10-03;15:00;Amichevoli europee;Europe Friendlies;europe-friendlies;EF;KV Mechelen;Karpaty Lviv;43;26;31;1;1-0;2.74;;2.75;50.15;49.85;U;46;54;Si;2-3;2;3;2;0;;https://betimate.com/it/football-predictions/karpaty-lviv-vs-kv-mechelen/2026-10-03/game;3;2026-10-04 14:11;;2026-10-04 15:26;0;0;;;
2026-10-03;2026-10-03;17:00;2026-10-03;15:00;Amichevoli per club;Club Friendly List;club-friendly-list;CFL;Ermis Aradippou;Nea Salamis Famagusta;0;6;94;2;0-3;2.8;;2.75;52.83;47.17;U;100;0;No;0-3;0;3;2;1;;https://betimate.com/it/football-predictions/ermis-aradippou-vs-nea-salamis-famagusta/2026-10-03/game;45;2026-10-04 14:11;;2026-10-04 15:26;0;0;;;
2026-10-03;2026-10-03;17:00;2026-10-03;15:00;Amichevoli per club;Club Friendly List;club-friendly-list;CFL;GKS Katowice;Banik Ostrava;40;24;36;1;2-1;3.43;22°C · pioggia 0% · vento 6 km/h;3.25;49.05;50.95;O;40;60;Si;1-1;1;1;X;0;;https://betimate.com/it/football-predictions/banik-ostrava-vs-gks-katowice/2026-10-03/game;45;2026-10-04 14:11;;2026-10-04 15:26;0;0;;;
2026-10-03;2026-10-03;17:00;2026-10-03;15:00;Benin Ligue 1;Benin Ligue 1;benin-ligue-1;BL1;AS Cotonou;Dragons;43;27;30;1;1-0;2.15;;2;48.91;51.09;O;52;48;No;2-0;2;0;1;1;;https://betimate.com/it/football-predictions/dragons-vs-as-cotonou/2026-10-03/game;15;2026-10-04 14:11;;2026-10-04 15:26;0;0;;;
2026-10-03;2026-10-03;17:00;2026-10-03;15:00;College Championship USA;USA College Championship;usa-college-championship;UCC;USC Upstate;Radford Highlanders;65;18;17;1;2-1;3.48;;3.25;48.74;51.26;O;44;56;Si;2-1;2;1;1;1;;https://betimate.com/it/football-predictions/usc-upstate-vs-radford-highlanders/2026-10-03/game;45;2026-10-04 14:11;;2026-10-04 15:26;0;0;;;
2026-10-03;2026-10-03;17:00;2026-10-03;15:00;Division 1 Femminile Belgio;Belgium Division 1 Women;belgium-division-1-women;;KV Mechelen (W);Genk II (W);56;16;28;1;2-1;3.91;;3.5;47.76;52.24;O;42;58;Si;2-0;2;0;1;1;;https://betimate.com/it/football-predictions/kv-mechelen-w-vs-genk-ii-w/2026-10-03/game;45;2026-10-04 14:11;;2026-10-04 15:26;0;0;;;
2026-10-03;2026-10-03;17:00;2026-10-03;15:00;Division 1 Femminile Belgio;Belgium Division 1 Women;belgium-division-1-women;;Standard Liege (W) II;Anderlecht (W) II;42;19;39;1;2-1;3.13;;3.25;50.69;49.31;U;47;53;Si;1-5;1;5;2;0;;https://betimate.com/it/football-predictions/anderlecht-w-ii-vs-standard-liege-w-ii/2026-10-03/game;15;2026-10-04 14:11;;2026-10-04 15:26;0;0;;;
2026-10-03;2026-10-03;17:00;2026-10-03;15:00;Division 1 Femminile Svizzera;Switzerland Division 1 Women;switzerland-division-1-women;;Young Boys (W);Lucerne (W);61;17;22;1;2-1;3.04;22°C · pioggia 0% · vento 6 km/h;3;49.61;50.39;O;51;49;No;2-1;2;1;1;1;;https://betimate.com/it/football-predictions/young-boys-w-vs-lucerne-w/2026-10-03/game;44;2026-10-04 14:11;;2026-10-04 15:26;0;0;;;
2026-10-03;2026-10-03;17:00;2026-10-03;15:00;División de Honor Juvenil (Spagna);Spain Youth League;spain-youth-league;SYL;AD Sporting Hortaleza U19;Merida U19;56;18;26;1;2-1;3.14;;2.75;47.3;52.7;O;44;56;Si;3-2;3;2;1;1;;https://betimate.com/it/football-predictions/ad-sporting-hortaleza-u19-vs-merida-u19/2026-10-03/game;23;2026-10-04 14:11;;2026-10-04 15:26;0;0;;;
2026-10-03;2026-10-03;17:00;2026-10-03;15:00;División de Honor Juvenil (Spagna);Spain Youth League;spain-youth-league;SYL;Albacete U19;Rayo Vallecano U19;42;20;38;1;2-1;2.99;;2.5;46.74;53.26;O;43;57;Si;0-1;0;1;2;0;;https://betimate.com/it/football-predictions/rayo-vallecano-u19-vs-albacete-u19/2026-10-03/game;6;2026-10-04 14:11;;2026-10-04 15:26;0;0;;;
2026-10-03;2026-10-03;17:00;2026-10-03;15:00;División de Honor Juvenil (Spagna);Spain Youth League;spain-youth-league;SYL;CD San Francisco U19;Villarreal U19;27;20;53;2;0-1;2.86;;2.75;49.07;50.93;O;46;54;Si;1-2;1;2;2;1;;https://betimate.com/it/football-predictions/villarreal-u19-vs-cd-san-francisco-u19/2026-10-03/game;23;2026-10-04 14:11;;2026-10-04 15:26;0;0;;;
2026-10-03;2026-10-03;17:00;2026-10-03;15:00;División de Honor Juvenil (Spagna);Spain Youth League;spain-youth-league;SYL;Cultural Leonesa U19;Unionistas Salamanca CF U19;63;16;21;1;2-1;3.58;;3.5;49.57;50.43;O;42;58;Si;0-0;0;0;X;0;;https://betimate.com/it/football-predictions/cultural-leonesa-u19-vs-unionistas-salamanca-cf-u19/2026-10-03/game;23;2026-10-04 14:11;;2026-10-04 15:26;0;0;;;
2026-10-03;2026-10-03;17:00;2026-10-03;15:00;División de Honor Juvenil (Spagna);Spain Youth League;spain-youth-league;SYL;Leganes U19;Union Adarve U19;61;19;20;1;1-0;2.85;;3;51.23;48.77;U;48;52;Si;4-0;4;0;1;1;;https://betimate.com/it/football-predictions/union-adarve-u19-vs-leganes-u19/2026-10-03/game;6;2026-10-04 14:11;;2026-10-04 15:26;0;0;;;
2026-10-03;2026-10-03;17:00;2026-10-03;15:00;División de Honor Juvenil (Spagna);Spain Youth League;spain-youth-league;SYL;UD Valle de Aranguren U19;Badalona U19;51;20;29;1;1-0;2.82;;2.75;49.3;50.7;O;46;54;Si;1-1;1;1;X;0;;https://betimate.com/it/football-predictions/badalona-u19-vs-ud-valle-de-aranguren-u19/2026-10-03/game;23;2026-10-04 14:11;;2026-10-04 15:26;0;0;;;
2026-10-03;2026-10-03;17:00;2026-10-03;15:00;Frauen-Bundesliga Austria;Austria League 1 Women;austria-league-1-women;;FC Salzburg (W);First Vienna FC 1894 (W);42;20;38;1;1-0;2.69;;3.25;53.63;46.37;U;52;48;No;3-1;3;1;1;1;;https://betimate.com/it/football-predictions/first-vienna-fc-1894-w-vs-fc-salzburg-w/2026-10-03/game;15;2026-10-04 14:11;;2026-10-04 15:26;0;0;;;
2026-10-03;2026-10-03;17:00;2026-10-03;15:00;III Liga polacca;Poland III Liga;poland-iii-liga;PlC;Wigry Suwalki;Wisla Plock II;53;21;26;1;2-1;3.2;19°C · pioggia 0% · vento 10 km/h;3;48.71;51.29;O;43;57;Si;1-0;1;0;1;1;;https://betimate.com/it/football-predictions/wigry-suwalki-vs-wisla-plock-ii/2026-10-03/game;19;2026-10-04 14:11;;2026-10-04 15:26;0;0;;;
2026-10-03;2026-10-03;17:00;2026-10-03;15:00;IV Liga Polonia;Poland IV Liga;poland-iv-liga;PIL;Dalin Myslenice;Poprad Muszyna;59;17;24;1;2-1;4;;3.25;45.76;54.24;O;38;62;Si;3-0;3;0;1;1;;https://betimate.com/it/football-predictions/dalin-myslenice-vs-poprad-muszyna/2026-10-03/game;15;2026-10-04 14:11;;2026-10-04 15:26;0;0;;;
2026-10-03;2026-10-03;17:00;2026-10-03;15:00;IV Liga Polonia;Poland IV Liga;poland-iv-liga;PIL;Lechia Dzierzoniow;WKS Wierzbice;38;17;45;2;2-3;4.95;;3.75;43.67;56.33;O;29;71;Si;5-2;5;2;1;0;;https://betimate.com/it/football-predictions/lechia-dzierzoniow-vs-wks-wierzbice/2026-10-03/game;15;2026-10-04 14:11;;2026-10-04 15:26;0;0;;;
2026-10-03;2026-10-03;17:00;2026-10-03;15:00;Kakkonen finlandese - Gruppo A;Finland Kakkonen Group A;finland-kakkonen-group-a;FKGA;Reipas;Union Plaani;36;20;44;2;1-2;3.7;12°C · pioggia 4% · vento 10 km/h;3.5;48.86;51.14;O;38;62;Si;4-0;4;0;1;0;;https://betimate.com/it/football-predictions/reipas-vs-union-plaani/2026-10-03/game;15;2026-10-04 14:11;;2026-10-04 15:26;0;0;;;
2026-10-03;2026-10-03;17:00;2026-10-03;15:00;Kansallinen Liiga Femminile Finlandia;Finland Kansallinen Liiga Women;finland-kansallinen-liiga-women;FKLW;Aland United (W);IF Gnistan (W);80;10;10;1;3-1;4.21;15°C · pioggia 0% · vento 14 km/h;4;48.6;51.4;O;48;52;Si;3-1;3;1;1;1;;https://betimate.com/it/football-predictions/if-gnistan-w-vs-aland-united-w/2026-10-03/game;15;2026-10-04 14:11;;2026-10-04 15:26;0;0;;;
2026-10-03;2026-10-03;17:00;2026-10-03;15:00;Kansallinen Liiga Femminile Finlandia;Finland Kansallinen Liiga Women;finland-kansallinen-liiga-women;FKLW;VIFK (W);EBK (W);16;15;69;2;1-2;3.36;;3.25;49.23;50.77;O;50;50;Si;2-1;2;1;1;0;;https://betimate.com/it/football-predictions/ebk-w-vs-vifk-w/2026-10-03/game;45;2026-10-04 14:11;;2026-10-04 15:26;0;0;;;
2026-10-03;2026-10-03;17:00;2026-10-03;15:00;Landesliga austriaca;Austria Landesliga;austria-landesliga;AL;Grossklein;Leoben DSV;70;14;16;1;3-1;4.71;;3.5;44.04;55.96;O;36;64;Si;3-2;3;2;1;1;;https://betimate.com/it/football-predictions/grossklein-vs-leoben-dsv/2026-10-03/game;6;2026-10-04 14:11;;2026-10-04 15:26;0;0;;;
2026-10-03;2026-10-03;17:00;2026-10-03;15:00;Landesliga austriaca;Austria Landesliga;austria-landesliga;AL;SC Pinkafeld;SV Eberau;32;22;46;2;1-2;3.1;;3;49.33;50.67;O;43;57;Si;5-1;5;1;1;0;;https://betimate.com/it/football-predictions/sv-eberau-vs-sc-pinkafeld/2026-10-03/game;6;2026-10-04 14:11;;2026-10-04 15:26;0;0;;;
2026-10-03;2026-10-03;17:00;2026-10-03;15:00;Landesliga austriaca;Austria Landesliga;austria-landesliga;AL;SG Ardagger/Neustadtl;SKU Amstetten II;60;19;21;1;2-1;3.39;20°C · pioggia 0% · vento 3 km/h;3.25;49.19;50.81;O;43;57;Si;1-1;1;1;X;0;;https://betimate.com/it/football-predictions/sg-ardagger-neustadtl-vs-sku-amstetten-ii/2026-10-03/game;23;2026-10-04 14:11;;2026-10-04 15:26;0;0;;;
2026-10-03;2026-10-03;17:00;2026-10-03;15:00;Messico - Liga MX U19 Femminile;Mexico Liga MX U19 Femenil;mexico-liga-mx-u19-femenil;MLMU;Cruz Azul U19 (W);Pachuca U19 (W);26;16;58;2;1-2;4.06;;2.25;38.97;61.03;O;41;59;Si;2-1;2;1;1;0;;https://betimate.com/it/football-predictions/pachuca-u19-w-vs-cruz-azul-u19-w/2026-10-03/game;45;2026-10-04 14:11;;2026-10-04 15:26;0;0;;;
2026-10-03;2026-10-03;17:00;2026-10-03;15:00;National 2 francese;France National 2;france-national-2;FN2;Asf Andrezieux;Hauts Lyonnais;56;21;23;1;1-0;2.9;;2.75;48.98;51.02;O;46;54;Si;1-1;1;1;X;0;;https://betimate.com/it/football-predictions/asf-andrezieux-vs-hauts-lyonnais/2026-10-03/game;22;2026-10-04 14:11;;2026-10-04 15:26;0;0;;;
2026-10-03;2026-10-03;17:00;2026-10-03;15:00;Oberliga Rheinland-Pfalz/Saar (Germania);Germany Oberliga Rheinland-Pfalz/Saar;germany-oberliga-rheinland-pfalz-saar;De5;SV Rot Weiss Wittlich;FC Emmelshausen-Karbach;61;16;23;1;3-1;4.95;;4.75;48.81;51.19;O;32;68;Si;1-1;1;1;X;0;;https://betimate.com/it/football-predictions/sv-rot-weiss-wittlich-vs-fc-emmelshausen-karbach/2026-10-03/game;23;2026-10-04 14:11;;2026-10-04 15:26;0;0;;;
2026-10-03;2026-10-03;17:00;2026-10-03;15:00;Oberliga Westfalen (Germania);Germany Oberliga Westfalen;germany-oberliga-westfalen;De5;SC Preussen Munster II;TSV Victoria Clarholz;60;17;23;1;2-1;4.21;21°C · pioggia 0% · vento 5 km/h;4;48.76;51.24;O;36;64;Si;3-2;3;2;1;1;;https://betimate.com/it/football-predictions/sc-preussen-munster-ii-vs-tsv-victoria-clarholz/2026-10-03/game;23;2026-10-04 14:11;;2026-10-04 15:26;0;0;;;
2026-10-03;2026-10-03;17:00;2026-10-03;15:00;Oberliga Westfalen (Germania);Germany Oberliga Westfalen;germany-oberliga-westfalen;De5;SV Lippstadt 08;SpVgg Horsthausen;64;18;18;1;2-1;3.43;20°C · pioggia 0% · vento 5 km/h;3.25;48.99;51.01;O;43;57;Si;5-3;5;3;1;1;;https://betimate.com/it/football-predictions/sv-lippstadt-08-vs-spvgg-horsthausen/2026-10-03/game;23;2026-10-04 14:11;;2026-10-04 15:26;0;0;;;
2026-10-03;2026-10-03;17:00;2026-10-03;15:00;Premier Division Irlanda;Ireland National League;ireland-national-league;INL;Mayo FC;Letterkenny Rovers;29;20;51;2;1-2;3.4;;3.25;49.07;50.93;O;41;59;Si;2-1;2;1;1;0;;https://betimate.com/it/football-predictions/letterkenny-rovers-vs-mayo-fc/2026-10-03/game;45;2026-10-04 14:11;;2026-10-04 15:26;0;0;;;
2026-10-03;2026-10-03;17:00;2026-10-03;15:00;Premier League Nigeria;Nigeria Premier League;nigeria-premier-league;Ng1;Kano Pillars;Sporting Lagos;59;25;16;1;1-0;2.4;32°C · pioggia 57% · vento 10 km/h;2.25;49.16;50.84;O;53;47;No;1-1;1;1;X;0;;https://betimate.com/it/football-predictions/kano-pillars-vs-sporting-lagos/2026-10-03/game;15;2026-10-04 14:11;;2026-10-04 15:26;0;0;;;
2026-10-03;2026-10-03;17:00;2026-10-03;15:00;Premier League ghanese;Ghana Premier League;ghana-premier-league;Gh1;Dreams;Hearts of Oak;43;32;25;1;1-0;1.82;30°C · pioggia 96% · vento 13 km/h;2.25;53.79;46.21;U;57;43;No;0-0;0;0;X;0;;https://betimate.com/it/football-predictions/hearts-of-oak-vs-dreams/2026-10-03/game;15;2026-10-04 14:11;;2026-10-04 15:26;0;0;;;
2026-10-03;2026-10-03;17:00;2026-10-03;15:00;Premier League ghanese;Ghana Premier League;ghana-premier-league;Gh1;Vision FC;Bibiani Gold Stars;57;24;19;1;1-0;2.67;;2;44.68;55.32;O;49;51;Si;0-0;0;0;X;0;;https://betimate.com/it/football-predictions/vision-fc-vs-bibiani-gold-stars/2026-10-03/game;15;2026-10-04 14:11;;2026-10-04 15:26;0;0;;;
2026-10-03;2026-10-03;17:00;2026-10-03;15:00;Promotion League svizzera;Switzerland 1.Liga Promotion;switzerland-1-liga-promotion;;FC Amical Saint-Prex;Biel Bienne;23;21;56;2;1-2;2.99;;2.75;48.39;51.61;O;45;55;Si;1-2;1;2;2;1;;https://betimate.com/it/football-predictions/biel-bienne-vs-fc-amical-saint-prex/2026-10-03/game;44;2026-10-04 14:11;;2026-10-04 15:26;0;0;;;
2026-10-03;2026-10-03;17:00;2026-10-03;15:00;Regional League Spagna;Spain Regional League;spain-regional-league;SRL;CD Villamuriel;CD Belorado;54;20;26;1;2-1;3.15;;2.75;47.4;52.6;O;43;57;Si;2-2;2;2;X;0;;https://betimate.com/it/football-predictions/cd-villamuriel-vs-cd-belorado/2026-10-03/game;15;2026-10-04 14:11;;2026-10-04 15:26;0;0;;;
2026-10-03;2026-10-03;17:00;2026-10-03;15:00;Regionalliga Nord Austria;Austria Regionalliga North;austria-regionalliga-north;ARN;SPG Wallern/ASV St. Marienkirchen;OTSU Hallein;65;17;18;1;2-1;3.61;20°C · pioggia 0% · vento 4 km/h;3.5;49.38;50.62;O;42;58;Si;3-1;3;1;1;1;;https://betimate.com/it/football-predictions/otsu-hallein-vs-spg-wallern-asv-st-marienkirchen/2026-10-03/game;44;2026-10-04 14:11;;2026-10-04 15:26;0;0;;;
2026-10-03;2026-10-03;17:00;2026-10-03;15:00;Regionalliga Nord Austria;Austria Regionalliga North;austria-regionalliga-north;ARN;SV Kuchl;Vortuna Bad Leonfelden;80;11;9;1;3-0;4.28;20°C · pioggia 0% · vento 7 km/h;4;48.42;51.58;O;43;57;Si;3-2;3;2;1;1;;https://betimate.com/it/football-predictions/sv-kuchl-vs-vortuna-bad-leonfelden/2026-10-03/game;44;2026-10-04 14:11;;2026-10-04 15:26;0;0;;;
2026-10-03;2026-10-03;17:00;2026-10-03;15:00;Regionalliga Ost Austria;Austria Regionalliga Ost;austria-regionalliga-ost;ARO;Mattersburger Sportverein 2020;Parndorf;26;23;51;2;0-1;2.78;;3;51.7;48.3;U;46;54;Si;1-0;1;0;1;0;;https://betimate.com/it/football-predictions/parndorf-vs-mattersburger-sportverein-2020/2026-10-03/game;22;2026-10-04 14:11;;2026-10-04 15:26;0;0;;;
2026-10-03;2026-10-03;17:00;2026-10-03;15:00;Regionalliga Ost Austria;Austria Regionalliga Ost;austria-regionalliga-ost;ARO;SC Wiener Viktoria;SV Donau;49;21;30;1;2-1;3.27;22°C · pioggia 0% · vento 16 km/h;3;48.14;51.86;O;42;58;Si;0-0;0;0;X;0;;https://betimate.com/it/football-predictions/sc-wiener-viktoria-vs-sv-donau/2026-10-03/game;6;2026-10-04 14:11;;2026-10-04 15:26;0;0;;;
2026-10-03;2026-10-03;17:00;2026-10-03;15:00;Spagna - Segunda Federación Gruppo 1;Spain Segunda Division RFEF Group 1;spain-segunda-division-rfef-group-1;SSDR;Atletico Astorga;Amorebieta;40;28;32;1;1-0;2.4;18°C · pioggia 68% · vento 3 km/h;2.25;49.33;50.67;O;50;50;Si;0-1;0;1;2;0;;https://betimate.com/it/football-predictions/amorebieta-vs-atletico-astorga/2026-10-03/game;15;2026-10-04 14:11;;2026-10-04 15:26;0;0;;;
2026-10-03;2026-10-03;17:00;2026-10-03;15:00;Spagna - Segunda Federación Gruppo 1;Spain Segunda Division RFEF Group 1;spain-segunda-division-rfef-group-1;SSDR;Basconia;UD Llanera;43;25;32;1;2-1;3.03;25°C · pioggia 65% · vento 11 km/h;2.75;48.31;51.69;O;43;57;Si;1-1;1;1;X;0;;https://betimate.com/it/football-predictions/ud-llanera-vs-basconia/2026-10-03/game;15;2026-10-04 14:11;;2026-10-04 15:26;0;0;;;
2026-10-03;2026-10-03;17:00;2026-10-03;15:00;Spagna - Segunda Federación Gruppo 1;Spain Segunda Division RFEF Group 1;spain-segunda-division-rfef-group-1;SSDR;Gimnastica de Torrelavega;Marino de Luanco;48;26;26;1;1-0;2.44;23°C · pioggia 73% · vento 11 km/h;2.25;49.35;50.65;O;52;48;No;1-2;1;2;2;0;;https://betimate.com/it/football-predictions/marino-de-luanco-vs-gimnastica-de-torrelavega/2026-10-03/game;15;2026-10-04 14:11;;2026-10-04 15:26;0;0;;;
2026-10-03;2026-10-03;17:00;2026-10-03;15:00;Spagna - Segunda Federación Gruppo 2;Spain Segunda Division RFEF Group 2;spain-segunda-division-rfef-group-2;SSDR;Pena Sport;SD Logrones;37;29;34;1;1-0;2.19;25°C · pioggia 20% · vento 13 km/h;2;48.93;51.07;O;52;48;No;4-0;4;0;1;1;;https://betimate.com/it/football-predictions/sd-logrones-vs-pena-sport/2026-10-03/game;15;2026-10-04 14:11;;2026-10-04 15:26;0;0;;;
2026-10-03;2026-10-03;17:00;2026-10-03;15:00;Tercera División cilena;Chile Tercera;chile-tercera;CT;Chimbarongo FC;Malleco Unido;42;23;35;1;1-0;2.74;;2.75;49.97;50.03;O;46;54;Si;0-3;0;3;2;0;;https://betimate.com/it/football-predictions/chimbarongo-fc-vs-malleco-unido/2026-10-03/game;23;2026-10-04 14:11;;2026-10-04 15:26;0;0;;;
2026-10-03;2026-10-03;17:00;2026-10-03;15:00;Tercera Gruppo 2 spagnola;Spain Tercera Group 2;spain-tercera-group-2;Es5;UC Ceares;El San Martin;44;26;30;1;1-0;2.24;21°C · pioggia 38% · vento 3 km/h;2.25;50.13;49.87;U;51;49;No;1-2;1;2;2;0;;https://betimate.com/it/football-predictions/uc-ceares-vs-el-san-martin/2026-10-03/game;3;2026-10-04 14:11;;2026-10-04 15:26;0;0;;;
2026-10-03;2026-10-03;17:00;2026-10-03;15:00;Tercera Gruppo 3 spagnola;Spain Tercera Group 3;spain-tercera-group-3;Es5;CD Bezana;Vimenor;45;25;30;1;1-0;2.36;22°C · pioggia 50% · vento 11 km/h;2.25;49.28;50.72;O;50;50;Si;1-0;1;0;1;1;;https://betimate.com/it/football-predictions/cd-bezana-vs-vimenor/2026-10-03/game;19;2026-10-04 14:11;;2026-10-04 15:26;0;0;;;
2026-10-03;2026-10-03;17:00;2026-10-03;15:00;Tercera Gruppo 3 spagnola;Spain Tercera Group 3;spain-tercera-group-3;Es5;Laredo;CD Barquereno;78;13;9;1;2-0;3.25;23°C · pioggia 35% · vento 10 km/h;3;48.48;51.52;O;52;48;No;3-0;3;0;1;1;;https://betimate.com/it/football-predictions/laredo-vs-cd-barquereno/2026-10-03/game;19;2026-10-04 14:11;;2026-10-04 15:26;0;0;;;
2026-10-03;2026-10-03;17:00;2026-10-03;15:00;Tercera Gruppo 4 spagnola;Spain Tercera Group 4;spain-tercera-group-4;Es5;Aurrera de Vitoria;SD Erandio;52;23;25;1;1-0;2.49;24°C · pioggia 53% · vento 5 km/h;2.25;48.39;51.61;O;50;50;Si;2-1;2;1;1;1;;https://betimate.com/it/football-predictions/aurrera-de-vitoria-vs-sd-erandio/2026-10-03/game;19;2026-10-04 14:11;;2026-10-04 15:26;0;0;;;
2026-10-03;2026-10-03;17:00;2026-10-03;15:00;Tercera Gruppo 4 spagnola;Spain Tercera Group 4;spain-tercera-group-4;Es5;Lagun Onak;UD Aretxabaleta;55;21;24;1;1-0;2.85;24°C · pioggia 58% · vento 13 km/h;2.75;49.29;50.71;O;46;54;Si;1-2;1;2;2;0;;https://betimate.com/it/football-predictions/lagun-onak-vs-ud-aretxabaleta/2026-10-03/game;19;2026-10-04 14:11;;2026-10-04 15:26;0;0;;;
2026-10-03;2026-10-03;17:00;2026-10-03;15:00;Tercera Gruppo 6 spagnola;Spain Tercera Group 6;spain-tercera-group-6;Es5;Acero;Athletic Torrellano;47;25;28;1;1-0;2.37;24°C · pioggia 5% · vento 18 km/h;2.25;49.14;50.86;O;50;50;Si;1-1;1;1;X;0;;https://betimate.com/it/football-predictions/acero-vs-athletic-torrellano/2026-10-03/game;3;2026-10-04 14:11;;2026-10-04 15:26;0;0;;;
2026-10-03;2026-10-03;17:00;2026-10-03;15:00;Tercera Gruppo 6 spagnola;Spain Tercera Group 6;spain-tercera-group-6;Es5;CD Roda;SC Torrevieja CF;42;26;32;1;1-0;2.34;24°C · pioggia 0% · vento 11 km/h;2.25;49.4;50.6;O;50;50;Si;2-0;2;0;1;1;;https://betimate.com/it/football-predictions/cd-roda-vs-sc-torrevieja-cf/2026-10-03/game;3;2026-10-04 14:11;;2026-10-04 15:26;0;0;;;
2026-10-03;2026-10-03;17:00;2026-10-03;15:00;Tercera Gruppo 6 spagnola;Spain Tercera Group 6;spain-tercera-group-6;Es5;CD Roda;Torrevieja;41;25;34;1;1-0;2.38;;2.25;49.06;50.94;O;49;51;Si;2-0;2;0;1;1;;https://betimate.com/it/football-predictions/torrevieja-vs-cd-roda/2026-10-03/game;3;2026-10-04 14:11;;2026-10-04 15:26;0;0;;;
2026-10-03;2026-10-03;17:00;2026-10-03;15:00;Tercera Gruppo 6 spagnola;Spain Tercera Group 6;spain-tercera-group-6;Es5;Hercules II;Eldense B;38;24;38;1;1-0;2.57;27°C · pioggia 23% · vento 13 km/h;2.25;47.79;52.21;O;47;53;Si;1-0;1;0;1;1;;https://betimate.com/it/football-predictions/hercules-ii-vs-eldense-b/2026-10-03/game;3;2026-10-04 14:11;;2026-10-04 15:26;0;0;;;
2026-10-03;2026-10-03;17:00;2026-10-03;15:00;Tercera Gruppo 7 spagnola;Spain Tercera Group 7;spain-tercera-group-7;Es5;Mexico FC;AD Parla;51;21;28;1;2-1;3.14;20°C · pioggia 48% · vento 5 km/h;2.25;44.21;55.79;O;43;57;Si;1-0;1;0;1;1;;https://betimate.com/it/football-predictions/ad-parla-vs-mexico-fc/2026-10-03/game;3;2026-10-04 14:11;;2026-10-04 15:26;0;0;;;
2026-10-03;2026-10-03;17:00;2026-10-03;15:00;Tercera Gruppo 8 spagnola;Spain Tercera Group 8;spain-tercera-group-8;Es5;CD Calasanz;Villaralbo;42;25;33;1;1-0;2.38;;2.25;49.13;50.87;O;49;51;Si;2-2;2;2;X;0;;https://betimate.com/it/football-predictions/villaralbo-vs-cd-calasanz/2026-10-03/game;19;2026-10-04 14:11;;2026-10-04 15:26;0;0;;;
2026-10-03;2026-10-03;17:00;2026-10-03;15:00;Tercera Gruppo 8 spagnola;Spain Tercera Group 8;spain-tercera-group-8;Es5;Mirandes B;Burgos Promesas;42;26;32;1;1-0;2.34;23°C · pioggia 58% · vento 21 km/h;2;47.29;52.71;O;50;50;Si;1-2;1;2;2;0;;https://betimate.com/it/football-predictions/burgos-promesas-vs-mirandes-b/2026-10-03/game;3;2026-10-04 14:11;;2026-10-04 15:26;0;0;;;
2026-10-03;2026-10-03;17:00;2026-10-03;15:00;Tercera Gruppo 8 spagnola;Spain Tercera Group 8;spain-tercera-group-8;Es5;Turegano CF;Arandina;44;25;31;1;1-0;2.41;;2.25;48.94;51.06;O;49;51;Si;1-1;1;1;X;0;;https://betimate.com/it/football-predictions/arandina-vs-turegano-cf/2026-10-03/game;19;2026-10-04 14:11;;2026-10-04 15:26;0;0;;;
2026-10-03;2026-10-03;17:15;2026-10-03;15:15;Super League Niger;Niger Super League;niger-super-league;NSL;AS Police Niger;Tagour PC;61;25;14;1;1-0;1.92;;2;51.18;48.82;U;60;40;No;0-1;0;1;2;0;;https://betimate.com/it/football-predictions/as-police-niger-vs-tagour-pc/2026-10-03/game;45;2026-10-04 14:11;;2026-10-04 15:26;0;0;;;
2026-10-03;2026-10-03;17:15;2026-10-03;15:15;Tercera Gruppo 12 Spagna;Spain Tercera Group 12;spain-tercera-group-12;Es5;SD Villaverde Norte;Mensajero;31;26;43;2;0-1;2.37;;2.25;49.18;50.82;O;50;50;Si;1-2;1;2;2;1;;https://betimate.com/it/football-predictions/mensajero-vs-sd-villaverde-norte/2026-10-03/game;19;2026-10-04 14:11;;2026-10-04 15:26;0;0;;;
2026-10-03;2026-10-03;17:30;2026-10-03;15:30;1. Liga Classic svizzera;Switzerland 1.Liga Classic;switzerland-1-liga-classic;;CS Chenois;Vevey-Sports;65;17;18;1;2-1;3.81;;3.5;48.38;51.62;O;41;59;Si;0-4;0;4;2;0;;https://betimate.com/it/football-predictions/cs-chenois-vs-vevey-sports/2026-10-03/game;45;2026-10-04 14:11;;2026-10-04 15:26;0;0;;;
2026-10-03;2026-10-03;17:30;2026-10-03;15:30;Burkina Faso League;Burkina Faso League;burkina-faso-league;Bf1;ASFA-Yennenga;ASF Bolo Dioulasso;43;28;29;1;1-0;1.94;;1.75;48.66;51.34;O;55;45;No;2-0;2;0;1;1;;https://betimate.com/it/football-predictions/asf-bolo-dioulasso-vs-asfa-yennenga/2026-10-03/game;45;2026-10-04 14:11;;2026-10-04 15:26;0;0;;;
2026-10-03;2026-10-03;17:30;2026-10-03;15:30;Burkina Faso League;Burkina Faso League;burkina-faso-league;Bf1;Majestic FC;Vitesse FC;37;28;35;1;1-0;2.04;;1.75;47.87;52.13;O;53;47;No;1-3;1;3;2;0;;https://betimate.com/it/football-predictions/majestic-fc-vs-vitesse-fc/2026-10-03/game;15;2026-10-04 14:11;;2026-10-04 15:26;0;0;;;
2026-10-03;2026-10-03;17:30;2026-10-03;15:30;Burkina Faso League;Burkina Faso League;burkina-faso-league;Bf1;Rahimo FC;AS Douanes Ouagadougou;61;22;17;1;1-0;2.46;;1.75;44.84;55.16;O;52;48;No;1-2;1;2;2;0;;https://betimate.com/it/football-predictions/rahimo-fc-vs-as-douanes-ouagadougou/2026-10-03/game;15;2026-10-04 14:11;;2026-10-04 15:26;0;0;;;
2026-10-03;2026-10-03;17:30;2026-10-03;15:30;División de Honor Juvenil (Spagna);Spain Youth League;spain-youth-league;SYL;Antiguoko KE U19;EF Mareo Logrono U19;83;9;8;1;3-1;4.74;;4.5;48.84;51.16;O;42;58;Si;5-1;5;1;1;1;;https://betimate.com/it/football-predictions/antiguoko-ke-u19-vs-ef-mareo-logrono-u19/2026-10-03/game;23;2026-10-04 14:11;;2026-10-04 15:26;0;0;;;
2026-10-03;2026-10-03;17:30;2026-10-03;15:30;División de Honor Juvenil (Spagna);Spain Youth League;spain-youth-league;SYL;UD Montecarlo U19;Osasuna U19;37;22;41;2;0-1;2.72;;2.75;49.91;50.09;O;46;54;Si;1-3;1;3;2;1;;https://betimate.com/it/football-predictions/osasuna-u19-vs-ud-montecarlo-u19/2026-10-03/game;6;2026-10-04 14:11;;2026-10-04 15:26;0;0;;;
2026-10-03;2026-10-03;17:30;2026-10-03;15:30;Primera B Cile;Chile Primera B;chile-primera-b;Cl2;Magallanes;Curico Unido;46;26;28;1;1-0;2.56;17°C · pioggia 0% · vento 7 km/h;2.5;49.98;50.02;O;49;51;Si;1-0;1;0;1;1;;https://betimate.com/it/football-predictions/curico-unido-vs-magallanes/2026-10-03/game;5;2026-10-04 14:11;;2026-10-04 15:26;0;0;;;
2026-10-03;2026-10-03;17:30;2026-10-03;15:30;Segunda División Cile;Chile Segunda;chile-segunda;CS;Santiago City;CD Trasandino de Los Andes;43;21;36;1;2-1;3.19;;2.5;45.89;54.11;O;42;58;Si;1-1;1;1;X;0;;https://betimate.com/it/football-predictions/cd-trasandino-de-los-andes-vs-santiago-city/2026-10-03/game;6;2026-10-04 14:11;;2026-10-04 15:26;0;0;;;
2026-10-03;2026-10-03;17:30;2026-10-03;15:30;Serie C Gruppo A Italia;Italy Serie C Group A;italy-serie-c-group-a;lt3;ASD Union Arzignanochiampo;US Pergolettese;48;29;23;1;1-0;2.07;23°C · pioggia 0% · vento 7 km/h;2;49.6;50.4;O;54;46;No;2-2;2;2;X;0;;https://betimate.com/it/football-predictions/asd-union-arzignanochiampo-vs-us-pergolettese/2026-10-03/game;4;2026-10-04 14:11;;2026-10-04 15:26;0;0;;;
2026-10-03;2026-10-03;17:30;2026-10-03;15:30;Serie C Gruppo B Italia;Italy Serie C Group B;italy-serie-c-group-b;lt3;Grosseto;Sambenedettese;48;28;24;1;1-0;2.44;24°C · pioggia 0% · vento 10 km/h;2.5;50.53;49.47;U;49;51;Si;1-3;1;3;2;0;;https://betimate.com/it/football-predictions/sambenedettese-vs-grosseto/2026-10-03/game;5;2026-10-04 14:11;;2026-10-04 15:26;0;0;;;
2026-10-03;2026-10-03;17:30;2026-10-03;15:30;Serie C Gruppo B Italia;Italy Serie C Group B;italy-serie-c-group-b;lt3;Livorno;Pescara;37;29;34;1;1-0;2.54;25°C · pioggia 0% · vento 9 km/h;2.75;51.51;48.49;U;48;52;Si;0-1;0;1;2;0;;https://betimate.com/it/football-predictions/livorno-vs-pescara/2026-10-03/game;5;2026-10-04 14:11;;2026-10-04 15:26;0;0;;;
2026-10-03;2026-10-03;17:30;2026-10-03;15:30;Serie C Gruppo C Italia;Italy Serie C Group C;italy-serie-c-group-c;lt3;Giugliano;Barletta;42;26;32;1;2-1;3.07;23°C · pioggia 0% · vento 9 km/h;2.75;47.86;52.14;O;38;62;Si;1-0;1;0;1;1;;https://betimate.com/it/football-predictions/barletta-vs-giugliano/2026-10-03/game;6;2026-10-04 14:11;;2026-10-04 15:26;0;0;;;
2026-10-03;2026-10-03;17:30;2026-10-03;15:30;Serie C Gruppo C Italia;Italy Serie C Group C;italy-serie-c-group-c;lt3;Monopoli;AC Savoia 1908;45;29;26;1;1-0;2.22;22°C · pioggia 0% · vento 5 km/h;2.25;50.42;49.58;U;51;49;No;0-0;0;0;X;0;;https://betimate.com/it/football-predictions/monopoli-vs-ac-savoia-1908/2026-10-03/game;6;2026-10-04 14:11;;2026-10-04 15:26;0;0;;;
2026-10-03;2026-10-03;17:30;2026-10-03;15:30;Tercera División Gruppo 18 (Spagna);Spain Tercera Group 18;spain-tercera-group-18;Es5;CD Villacanas;Toledo;25;29;46;2;0-1;1.84;22°C · pioggia 73% · vento 11 km/h;1.75;49.42;50.58;O;56;44;No;1-2;1;2;2;1;;https://betimate.com/it/football-predictions/toledo-vs-cd-villacanas/2026-10-03/game;23;2026-10-04 14:11;;2026-10-04 15:26;0;0;;;
2026-10-03;2026-10-03;17:30;2026-10-03;15:30;Tercera Gruppo 14 Spagna;Spain Tercera Group 14;spain-tercera-group-14;Es5;At. Pueblonuevo;E.F. Puebla de la Calzada;39;24;37;1;1-0;2.67;24°C · pioggia 40% · vento 10 km/h;2.5;48.85;51.15;O;46;54;Si;0-0;0;0;X;0;;https://betimate.com/it/football-predictions/at-pueblonuevo-vs-e-f-puebla-de-la-calzada/2026-10-03/game;20;2026-10-04 14:11;;2026-10-04 15:26;0;0;;;
2026-10-03;2026-10-03;17:30;2026-10-03;15:30;Tercera Gruppo 3 spagnola;Spain Tercera Group 3;spain-tercera-group-3;Es5;CD Atletico Mineros;UD Samano;56;20;24;1;2-1;3.16;;3;48.97;51.03;O;44;56;Si;0-4;0;4;2;0;;https://betimate.com/it/football-predictions/ud-samano-vs-cd-atletico-mineros/2026-10-03/game;19;2026-10-04 14:11;;2026-10-04 15:26;0;0;;;
2026-10-03;2026-10-03;17:30;2026-10-03;15:30;Tercera Gruppo 3 spagnola;Spain Tercera Group 3;spain-tercera-group-3;Es5;SD Torina;CD Guarnizo;40;28;32;1;1-0;2.03;19°C · pioggia 93% · vento 8 km/h;2;49.98;50.02;O;53;47;No;1-1;1;1;X;0;;https://betimate.com/it/football-predictions/cd-guarnizo-vs-sd-torina/2026-10-03/game;19;2026-10-04 14:11;;2026-10-04 15:26;0;0;;;
2026-10-03;2026-10-03;17:30;2026-10-03;15:30;U20 International;U20 International;u20-international;UI;Inghilterra U20;Germania U20;35;22;43;2;1-2;2.99;;2.75;48.25;51.75;O;46;54;Si;2-1;2;1;1;0;;https://betimate.com/it/football-predictions/germany-u20-vs-england-u20/2026-10-03/game;15;2026-10-04 14:11;;2026-10-04 15:26;0;0;;;
2026-10-03;2026-10-03;17:30;2026-10-03;15:30;Women's National League Irlanda;Republic of Ireland National League Women;republic-of-ireland-national-league-women;RoIN;Athlone Town (W);Galway (W);60;20;20;1;1-0;2.48;;2.5;49.84;50.16;O;57;43;No;0-0;0;0;X;0;;https://betimate.com/it/football-predictions/galway-w-vs-athlone-town-w/2026-10-03/game;45;2026-10-04 14:11;;2026-10-04 15:26;0;0;;;
2026-10-03;2026-10-03;17:35;2026-10-03;15:35;Amichevoli internazionali;International Match;international-match;IM;Russia;Namibia;89;8;3;1;3-0;3.63;;3.25;47.99;52.01;O;63;37;No;6-0;6;0;1;1;;https://betimate.com/it/football-predictions/russia-vs-namibia/2026-10-03/game;1;2026-10-04 14:11;;2026-10-04 15:26;0;0;;;
2026-10-03;2026-10-03;17:55;2026-10-03;15:55;Bundesliga Femminile Germania;Germany Bundesliga Women;germany-bundesliga-women;GBW;Eintracht Frankfurt (W);Bayern Munich (W);19;14;67;2;1-2;3.97;21°C · pioggia 0% · vento 6 km/h;3.5;47.48;52.52;O;44;56;Si;0-1;0;1;2;1;;https://betimate.com/it/football-predictions/bayern-munich-w-vs-eintracht-frankfurt-w/2026-10-03/game;15;2026-10-04 14:11;;2026-10-04 15:26;0;0;;;
2026-10-03;2026-10-03;17:55;2026-10-03;15:55;Coppa del Golfo;Gulf Cup;gulf-cup;GC;Arabia Saudita;Qatar;57;23;20;1;1-0;2.47;;2.25;48.58;51.42;O;55;45;No;0-0;0;0;X;0;;https://betimate.com/it/football-predictions/qatar-vs-saudi-arabia/2026-10-03/game;15;2026-10-04 14:11;;2026-10-04 15:26;0;0;;;
2026-10-03;2026-10-03;18:00;2026-10-03;16:00;1. Liga femminile slovacca;Slovakia I Liga Women;slovakia-i-liga-women;SILW;Spartak Myjava (W);Spartak Trnava (W);97;2;1;1;4-0;5.51;18°C · pioggia 0% · vento 7 km/h;5.25;48.74;51.26;O;60;40;No;6-0;6;0;1;1;;https://betimate.com/it/football-predictions/spartak-myjava-w-vs-spartak-trnava-w/2026-10-03/game;45;2026-10-04 14:11;;2026-10-04 15:26;0;0;;;
2026-10-03;2026-10-03;18:00;2026-10-03;16:00;2. Liga Slovacchia;Slovakia 2. Liga;slovakia-2-liga;;FC Tatran Presov;OFK Banik Lehota;49;25;26;1;1-0;2.66;21°C · pioggia 0% · vento 8 km/h;2.75;50.73;49.27;U;48;52;Si;3-2;3;2;1;1;;https://betimate.com/it/football-predictions/fc-tatran-presov-vs-ofk-banik-lehota/2026-10-03/game;15;2026-10-04 14:11;;2026-10-04 15:26;0;0;;;
2026-10-03;2026-10-03;18:00;2026-10-03;16:00;2. SNL Slovenia;Slovenia 2. SNL;slovenia-2-snl;Si2;NK Brezice;NK Primorje Ajdovscina;38;23;39;2;1-2;2.85;19°C · pioggia 0% · vento 4 km/h;3;51.21;48.79;U;45;55;Si;1-1;1;1;X;0;;https://betimate.com/it/football-predictions/nk-brezice-vs-nk-primorje-ajdovscina/2026-10-03/game;4;2026-10-04 14:11;;2026-10-04 15:26;0;0;;;
2026-10-03;2026-10-03;18:00;2026-10-03;16:00;2. SNL Slovenia;Slovenia 2. SNL;slovenia-2-snl;Si2;Tabor Sezana;NK Krka;65;19;16;1;2-0;3.26;20°C · pioggia 0% · vento 5 km/h;2.75;47.23;52.77;O;47;53;Si;2-1;2;1;1;1;;https://betimate.com/it/football-predictions/nk-krka-vs-tabor-sezana/2026-10-03/game;5;2026-10-04 14:11;;2026-10-04 15:26;0;0;;;
2026-10-03;2026-10-03;18:00;2026-10-03;16:00;Amichevoli Elite Club;Elite Club Friendlies;elite-club-friendlies;ECF;Brest;Monza;29;23;48;2;1-2;3.68;;2.75;44.52;55.48;O;38;62;Si;2-2;2;2;X;0;;https://betimate.com/it/football-predictions/brest-vs-monza/2026-10-03/game;16;2026-10-04 14:11;;2026-10-04 15:26;0;0;;;
2026-10-03;2026-10-03;18:00;2026-10-03;16:00;Amichevoli europee;Europe Friendlies;europe-friendlies;EF;AEK Larnaca;Apollon Limassol;45;26;29;1;1-0;2.86;;2.25;46.17;53.83;O;45;55;Si;3-0;3;0;1;1;;https://betimate.com/it/football-predictions/aek-larnaca-vs-apollon-limassol/2026-10-03/game;3;2026-10-04 14:11;;2026-10-04 15:26;0;0;;;
2026-10-03;2026-10-03;18:00;2026-10-03;16:00;Amichevoli per club;Club Friendly List;club-friendly-list;CFL;PFK Turan Tovuz;Fenerbahce;7;11;82;2;0-2;3.11;15°C · pioggia 68% · vento 3 km/h;3;48.32;51.68;O;47;53;Si;0-2;0;2;2;1;;https://betimate.com/it/football-predictions/fenerbahce-vs-pfk-turan-tovuz/2026-10-03/game;46;2026-10-04 14:11;;2026-10-04 15:26;0;0;;;
2026-10-03;2026-10-03;18:00;2026-10-03;16:00;Botola 2 marocchina;Morocco GNF 2;morocco-gnf-2;Ma2;Olympique Khouribga;Chabab Atlas Khénifra;36;31;33;1;1-0;1.67;30°C · pioggia 15% · vento 10 km/h;2;53.48;46.52;U;58;42;No;4-0;4;0;1;1;;https://betimate.com/it/football-predictions/olympique-khouribga-vs-chabab-atlas-khenifra/2026-10-03/game;19;2026-10-04 14:11;;2026-10-04 15:26;0;0;;;
2026-10-03;2026-10-03;18:00;2026-10-03;16:00;Botola 2 marocchina;Morocco GNF 2;morocco-gnf-2;Ma2;Stade Marocain Du Rabat;Ittihad Khemisset;43;27;30;1;1-0;2.07;25°C · pioggia 3% · vento 8 km/h;1.75;47.66;52.34;O;53;47;No;0-1;0;1;2;0;;https://betimate.com/it/football-predictions/ittihad-khemisset-vs-stade-marocain-du-rabat/2026-10-03/game;2;2026-10-04 14:11;;2026-10-04 15:26;0;0;;;
2026-10-03;2026-10-03;18:00;2026-10-03;16:00;Botola 2 marocchina;Morocco GNF 2;morocco-gnf-2;Ma2;WAF Widad Fes;Union Sportive Boujaad;40;28;32;1;1-0;1.92;32°C · pioggia 20% · vento 12 km/h;1.75;48.78;51.22;O;55;45;No;3-0;3;0;1;1;;https://betimate.com/it/football-predictions/waf-widad-fes-vs-union-sportive-boujaad/2026-10-03/game;19;2026-10-04 14:11;;2026-10-04 15:26;0;0;;;
2026-10-03;2026-10-03;18:00;2026-10-03;16:00;Botola Pro marocchina;Morocco GNF 1;morocco-gnf-1;Ma1;HUSA Agadir;MAS Fes;21;27;52;2;0-1;2.24;31°C · pioggia 0% · vento 9 km/h;2;47.95;52.05;O;52;48;No;1-2;1;2;2;1;;https://betimate.com/it/football-predictions/husa-agadir-vs-mas-fes/2026-10-03/game;1;2026-10-04 14:11;;2026-10-04 15:26;0;0;;;
2026-10-03;2026-10-03;18:00;2026-10-03;16:00;Campionato Riserve El Salvador;El Salvador Reserves League;el-salvador-reserves-league;ESRL;Alianza FC San Salvador Reserves;CD Luis Angel Firpo Reserves;72;14;14;1;2-0;3.42;23°C · pioggia 35% · vento 6 km/h;3.5;50.5;49.5;U;47;53;Si;4-3;4;3;1;1;;https://betimate.com/it/football-predictions/cd-luis-angel-firpo-reserves-vs-alianza-fc-san-salvador-reserves/2026-10-03/game;16;2026-10-04 14:11;;2026-10-04 15:26;0;0;;;
2026-10-03;2026-10-03;18:00;2026-10-03;16:00;Canadian Premier League;Canada Premier League;canada-premier-league;CPL;Inter Toronto;Cavalry FC;11;15;74;2;0-2;3.44;14°C · pioggia 0% · vento 6 km/h;3.25;48.45;51.55;O;44;56;Si;3-1;3;1;1;0;;https://betimate.com/it/football-predictions/cavalry-fc-vs-inter-toronto/2026-10-03/game;6;2026-10-04 14:11;;2026-10-04 15:26;0;0;;;
2026-10-03;2026-10-03;18:00;2026-10-03;16:00;College Championship USA;USA College Championship;usa-college-championship;UCC;Robert Morris;Milwaukee Panthers;50;23;27;1;1-0;2.63;16°C · pioggia 0% · vento 10 km/h;2.5;49.14;50.86;O;48;52;Si;0-1;0;1;2;0;;https://betimate.com/it/football-predictions/milwaukee-panthers-vs-robert-morris/2026-10-03/game;46;2026-10-04 14:11;;2026-10-04 15:26;0;0;;;
2026-10-03;2026-10-03;18:00;2026-10-03;16:00;Derde Divisie Paesi Bassi;Netherlands Derde Divisie;netherlands-derde-divisie;NDD;Hoogeveen;Genemuiden;34;21;45;2;1-2;3.27;;3.25;49.9;50.1;O;41;59;Si;5-3;5;3;1;0;;https://betimate.com/it/football-predictions/genemuiden-vs-hoogeveen/2026-10-03/game;15;2026-10-04 14:11;;2026-10-04 15:26;0;0;;;
2026-10-03;2026-10-03;18:00;2026-10-03;16:00;Division 1 Femminile Francia;France Division 1 Women;france-division-1-women;;Le Havre (W);Saint Malo (W);36;20;44;2;1-2;2.88;19°C · pioggia 0% · vento 9 km/h;2.5;47.38;52.62;O;50;50;Si;2-0;2;0;1;0;;https://betimate.com/it/football-predictions/le-havre-w-vs-saint-malo-w/2026-10-03/game;18;2026-10-04 14:11;;2026-10-04 15:26;0;0;;;
2026-10-03;2026-10-03;18:00;2026-10-03;16:00;Division 1 Femminile Francia;France Division 1 Women;france-division-1-women;;Lyon (W);Toulouse (W);97;2;1;1;4-0;5.47;20°C · pioggia 0% · vento 4 km/h;5.5;50.04;49.96;U;61;39;No;5-0;5;0;1;1;;https://betimate.com/it/football-predictions/lyon-w-vs-toulouse-w/2026-10-03/game;18;2026-10-04 14:11;;2026-10-04 15:26;0;0;;;
2026-10-03;2026-10-03;18:00;2026-10-03;16:00;Division 1 Femminile Svizzera;Switzerland Division 1 Women;switzerland-division-1-women;;FC Rapperswil-Jona (W);Aarau (W);50;20;30;1;1-0;2.84;23°C · pioggia 0% · vento 3 km/h;2.75;49.12;50.88;O;51;49;No;5-2;5;2;1;1;;https://betimate.com/it/football-predictions/aarau-w-vs-fc-rapperswil-jona-w/2026-10-03/game;46;2026-10-04 14:11;;2026-10-04 15:26;0;0;;;
2026-10-03;2026-10-03;18:00;2026-10-03;16:00;Division 1 Femminile Svizzera;Switzerland Division 1 Women;switzerland-division-1-women;;Yverdon Sport FC (W);Basel (W);25;18;57;2;0-1;2.88;21°C · pioggia 3% · vento 1 km/h;3.25;52.36;47.64;U;52;48;No;3-2;3;2;1;0;;https://betimate.com/it/football-predictions/basel-w-vs-yverdon-sport-fc-w/2026-10-03/game;15;2026-10-04 14:11;;2026-10-04 15:26;0;0;;;
2026-10-03;2026-10-03;18:00;2026-10-03;16:00;Division 2 Norra Svealand Svezia;Sweden 2.div Norra Svealand;sweden-2-div-norra-svealand;;FC Gute;Skiljebo SK;30;21;49;2;1-2;3.51;16°C · pioggia 0% · vento 15 km/h;3.25;48.45;51.55;O;40;60;Si;1-2;1;2;2;1;;https://betimate.com/it/football-predictions/skiljebo-sk-vs-fc-gute/2026-10-03/game;15;2026-10-04 14:11;;2026-10-04 15:26;0;0;;;
2026-10-03;2026-10-03;18:00;2026-10-03;16:00;Division 3 norvegese - Gruppo 3;Norway Division 3 Group 3;norway-division-3-group-3;;Sogndal 2;Austevoll;61;16;23;1;2-1;4.32;12°C · pioggia 69% · vento 3 km/h;4.25;49.53;50.47;O;36;64;Si;2-3;2;3;2;0;;https://betimate.com/it/football-predictions/austevoll-vs-sogndal-2/2026-10-03/game;46;2026-10-04 14:11;;2026-10-04 15:26;0;0;;;
2026-10-03;2026-10-03;18:00;2026-10-03;16:00;División de Honor Juvenil (Spagna);Spain Youth League;spain-youth-league;SYL;Atlético Zabal U19;CD San Felix U19;50;21;29;1;1-0;2.68;;2.5;48.65;51.35;O;47;53;Si;2-1;2;1;1;1;;https://betimate.com/it/football-predictions/cd-san-felix-u19-vs-atletico-zabal-u19/2026-10-03/game;23;2026-10-04 14:11;;2026-10-04 15:26;0;0;;;
2026-10-03;2026-10-03;18:00;2026-10-03;16:00;División de Honor Juvenil (Spagna);Spain Youth League;spain-youth-league;SYL;Real Oviedo U19;Marina Sport U19;60;18;22;1;2-1;3.01;;2.75;48.2;51.8;O;46;54;Si;2-0;2;0;1;1;;https://betimate.com/it/football-predictions/real-oviedo-u19-vs-marina-sport-u19/2026-10-03/game;23;2026-10-04 14:11;;2026-10-04 15:26;0;0;;;
2026-10-03;2026-10-03;18:00;2026-10-03;16:00;II Liga polacca;Poland II Liga;poland-ii-liga;Pl2;Sandecja Nowy Sacz;Lechia Zielona Góra;53;20;27;1;2-1;3.14;19°C · pioggia 0% · vento 7 km/h;2.75;47.46;52.54;O;43;57;Si;1-3;1;3;2;0;;https://betimate.com/it/football-predictions/sandecja-nowy-sacz-vs-lechia-zielona-gora/2026-10-03/game;2;2026-10-04 14:11;;2026-10-04 15:26;0;0;;;
2026-10-03;2026-10-03;18:00;2026-10-03;16:00;IV Liga Polonia;Poland IV Liga;poland-iv-liga;PIL;Victoria Sulejowek;KS Mszczonowianka;69;15;16;1;3-1;4.37;;3.25;43.85;56.15;O;38;62;Si;0-1;0;1;2;0;;https://betimate.com/it/football-predictions/victoria-sulejowek-vs-ks-mszczonowianka/2026-10-03/game;46;2026-10-04 14:11;;2026-10-04 15:26;0;0;;;
2026-10-03;2026-10-03;18:00;2026-10-03;16:00;Liga F Spagna;Spain Primera Women;spain-primera-women;SPW;Madrid CFF (W);Athletic Bilbao (W);37;19;44;2;1-2;3.09;20°C · pioggia 63% · vento 4 km/h;2.5;46.18;53.82;O;48;52;Si;2-2;2;2;X;0;;https://betimate.com/it/football-predictions/madrid-cff-w-vs-athletic-bilbao-w/2026-10-03/game;15;2026-10-04 14:11;;2026-10-04 15:26;0;0;;;
2026-10-03;2026-10-03;18:00;2026-10-03;16:00;Liga Premier Serie A Messico;Mexico Liga Premier A;mexico-liga-premier-a;MLPA;Correcaminos II;La Tribu de Cd. Juárez;23;23;54;2;0-1;2.42;26°C · pioggia 10% · vento 16 km/h;2.5;50.48;49.52;U;51;49;No;3-1;3;1;1;0;;https://betimate.com/it/football-predictions/correcaminos-ii-vs-la-tribu-de-cd-juarez/2026-10-03/game;15;2026-10-04 14:11;;2026-10-04 15:26;0;0;;;
2026-10-03;2026-10-03;18:00;2026-10-03;16:00;Mali Super Cup;Mali Super Cup;mali-super-cup;MSC;Djoliba AC;FC Diarra;63;20;17;1;1-0;2.84;;2;43.57;56.43;O;49;51;Si;1-0;1;0;1;1;;https://betimate.com/it/football-predictions/djoliba-ac-vs-fc-diarra/2026-10-03/game;46;2026-10-04 14:11;;2026-10-04 15:26;0;0;;;
2026-10-03;2026-10-03;18:00;2026-10-03;16:00;Messico - Liga TDP;Mexico Liga TDP;mexico-liga-tdp;MLT;CD Nacional;Tapatíos Soccer FC;20;18;62;2;1-2;3.53;;3.75;51.22;48.78;U;42;58;Si;0-3;0;3;2;1;;https://betimate.com/it/football-predictions/tapatios-soccer-fc-vs-cd-nacional/2026-10-03/game;46;2026-10-04 14:11;;2026-10-04 15:26;0;0;;;
2026-10-03;2026-10-03;18:00;2026-10-03;16:00;Messico - Liga TDP;Mexico Liga TDP;mexico-liga-tdp;MLT;CF Gallos Nuevo León;FC Santiago II;42;23;35;1;1-0;2.77;;3;51.77;48.23;U;45;55;Si;2-4;2;4;2;0;;https://betimate.com/it/football-predictions/cf-gallos-nuevo-leon-vs-fc-santiago-ii/2026-10-03/game;16;2026-10-04 14:11;;2026-10-04 15:26;0;0;;;
2026-10-03;2026-10-03;18:00;2026-10-03;16:00;Messico - Liga TDP;Mexico Liga TDP;mexico-liga-tdp;MLT;Deportivo Independiente Mexiquense;Atletico Mexicano F.E.;68;19;13;1;1-0;2.55;;3.25;54.88;45.12;U;54;46;No;7-0;7;0;1;1;;https://betimate.com/it/football-predictions/deportivo-independiente-mexiquense-vs-atletico-mexicano-f-e/2026-10-03/game;16;2026-10-04 14:11;;2026-10-04 15:26;0;0;;;
2026-10-03;2026-10-03;18:00;2026-10-03;16:00;NB III ungherese;Hungary NB III;hungary-nb-iii;HNI;Papai Perutz;Györi ETO II;34;21;45;2;1-2;3.51;;3.25;48.41;51.59;O;39;61;Si;2-1;2;1;1;0;;https://betimate.com/it/football-predictions/papai-perutz-vs-gy-ri-eto-ii/2026-10-03/game;19;2026-10-04 14:11;;2026-10-04 15:26;0;0;;;
2026-10-03;2026-10-03;18:00;2026-10-03;16:00;National 2 francese;France National 2;france-national-2;FN2;AS Ginglin Cesson;Saint-Lo Manche;42;24;34;1;1-0;2.54;;3;53.69;46.31;U;48;52;Si;3-2;3;2;1;1;;https://betimate.com/it/football-predictions/saint-lo-manche-vs-as-ginglin-cesson/2026-10-03/game;22;2026-10-04 14:11;;2026-10-04 15:26;0;0;;;
2026-10-03;2026-10-03;18:00;2026-10-03;16:00;National 2 francese;France National 2;france-national-2;FN2;ASM Belfort;Thaon;31;22;47;2;1-2;2.93;;3;50.53;49.47;U;44;56;Si;3-3;3;3;X;0;;https://betimate.com/it/football-predictions/asm-belfort-vs-thaon/2026-10-03/game;6;2026-10-04 14:11;;2026-10-04 15:26;0;0;;;
2026-10-03;2026-10-03;18:00;2026-10-03;16:00;National 2 francese;France National 2;france-national-2;FN2;Colmar;Racing Paris;19;20;61;2;0-2;3.06;21°C · pioggia 0% · vento 8 km/h;3;49.7;50.3;O;46;54;Si;0-1;0;1;2;1;;https://betimate.com/it/football-predictions/racing-paris-vs-colmar/2026-10-03/game;22;2026-10-04 14:11;;2026-10-04 15:26;0;0;;;
2026-10-03;2026-10-03;18:00;2026-10-03;16:00;National 2 francese;France National 2;france-national-2;FN2;Colomiers;Trelissac FC;57;23;20;1;1-0;2.56;;2.25;47.96;52.04;O;50;50;Si;1-0;1;0;1;1;;https://betimate.com/it/football-predictions/trelissac-fc-vs-colomiers/2026-10-03/game;6;2026-10-04 14:11;;2026-10-04 15:26;0;0;;;
2026-10-03;2026-10-03;18:00;2026-10-03;16:00;National 2 francese;France National 2;france-national-2;FN2;Dieppe;US Le Pays Du Valois;36;26;38;2;0-1;2.37;;2.25;49.21;50.79;O;49;51;Si;1-3;1;3;2;1;;https://betimate.com/it/football-predictions/dieppe-vs-us-le-pays-du-valois/2026-10-03/game;22;2026-10-04 14:11;;2026-10-04 15:26;0;0;;;
2026-10-03;2026-10-03;18:00;2026-10-03;16:00;National 2 francese;France National 2;france-national-2;FN2;Furiani Agliani;Haguenau;45;24;31;1;1-0;2.68;;2.5;48.79;51.21;O;47;53;Si;5-1;5;1;1;1;;https://betimate.com/it/football-predictions/haguenau-vs-furiani-agliani/2026-10-03/game;22;2026-10-04 14:11;;2026-10-04 15:26;0;0;;;
2026-10-03;2026-10-03;18:00;2026-10-03;16:00;National 2 francese;France National 2;france-national-2;FN2;Granville;Locmine Saint-Colomban;41;28;31;1;1-0;2.06;;2;49.72;50.28;O;53;47;No;2-1;2;1;1;1;;https://betimate.com/it/football-predictions/granville-vs-locmine-saint-colomban/2026-10-03/game;22;2026-10-04 14:11;;2026-10-04 15:26;0;0;;;
2026-10-03;2026-10-03;18:00;2026-10-03;16:00;National 2 francese;France National 2;france-national-2;FN2;Nimes;Hyeres FC;43;27;30;1;1-0;2.13;23°C · pioggia 3% · vento 3 km/h;2;49.12;50.88;O;52;48;No;1-1;1;1;X;0;;https://betimate.com/it/football-predictions/hyeres-fc-vs-nimes/2026-10-03/game;22;2026-10-04 14:11;;2026-10-04 15:26;0;0;;;
2026-10-03;2026-10-03;18:00;2026-10-03;16:00;National 2 francese;France National 2;france-national-2;FN2;Pontivy GSI;Angouleme;42;24;34;1;1-0;2.48;;2.25;48.45;51.55;O;48;52;Si;0-1;0;1;2;0;;https://betimate.com/it/football-predictions/angouleme-vs-pontivy-gsi/2026-10-03/game;22;2026-10-04 14:11;;2026-10-04 15:26;0;0;;;
2026-10-03;2026-10-03;18:00;2026-10-03;16:00;National 2 francese;France National 2;france-national-2;FN2;Saint Malo;Saumur Olympique;65;20;15;1;1-0;2.55;;2.5;49.71;50.29;O;53;47;No;2-1;2;1;1;1;;https://betimate.com/it/football-predictions/saint-malo-vs-saumur-olympique/2026-10-03/game;22;2026-10-04 14:11;;2026-10-04 15:26;0;0;;;
2026-10-03;2026-10-03;18:00;2026-10-03;16:00;National 2 francese;France National 2;france-national-2;FN2;Saint Priest;UF Touraine;28;25;47;2;0-1;2.29;;2.25;49.78;50.22;O;51;49;No;2-2;2;2;X;0;;https://betimate.com/it/football-predictions/saint-priest-vs-uf-touraine/2026-10-03/game;22;2026-10-04 14:11;;2026-10-04 15:26;0;0;;;
2026-10-03;2026-10-03;18:00;2026-10-03;16:00;National 2 francese;France National 2;france-national-2;FN2;Sporting Club Toulon;Troyes II;34;21;45;2;1-2;3.4;26°C · pioggia 0% · vento 20 km/h;3.25;49.07;50.93;O;40;60;Si;1-0;1;0;1;0;;https://betimate.com/it/football-predictions/sporting-club-toulon-vs-troyes-ii/2026-10-03/game;22;2026-10-04 14:11;;2026-10-04 15:26;0;0;;;
2026-10-03;2026-10-03;18:00;2026-10-03;16:00;National 2 francese;France National 2;france-national-2;FN2;Tarbes;Dinan Lehon;44;25;31;1;1-0;2.32;;2.25;49.56;50.44;O;50;50;Si;0-0;0;0;X;0;;https://betimate.com/it/football-predictions/tarbes-vs-dinan-lehon/2026-10-03/game;22;2026-10-04 14:11;;2026-10-04 15:26;0;0;;;
2026-10-03;2026-10-03;18:00;2026-10-03;16:00;National 2 francese;France National 2;france-national-2;FN2;US Lusitanos Saint-Maur;FC Bastia-Borgo;54;25;21;1;1-0;2.22;;2;48.36;51.64;O;53;47;No;3-1;3;1;1;1;;https://betimate.com/it/football-predictions/us-lusitanos-saint-maur-vs-fc-bastia-borgo/2026-10-03/game;22;2026-10-04 14:11;;2026-10-04 15:26;0;0;;;
2026-10-03;2026-10-03;18:00;2026-10-03;16:00;National Francia;France Ligue 3;france-ligue-3;FL3;Bourges 18;Frejus;52;26;22;1;1-0;2.06;;2.25;51.56;48.44;U;55;45;No;0-1;0;1;2;0;;https://betimate.com/it/football-predictions/frejus-vs-bourges-18/2026-10-03/game;15;2026-10-04 14:11;;2026-10-04 15:26;0;0;;;
2026-10-03;2026-10-03;18:00;2026-10-03;16:00;National Francia;France Ligue 3;france-ligue-3;FL3;Feignies Aulnoye FC;Chambly Thelle FC;40;28;32;1;1-0;2.06;;2.25;51.52;48.48;U;53;47;No;1-0;1;0;1;1;;https://betimate.com/it/football-predictions/chambly-thelle-fc-vs-feignies-aulnoye-fc/2026-10-03/game;46;2026-10-04 14:11;;2026-10-04 15:26;0;0;;;
2026-10-03;2026-10-03;18:00;2026-10-03;16:00;National Francia;France Ligue 3;france-ligue-3;FL3;GOAL FC;Lyon Duchere;57;21;22;1;1-0;2.82;20°C · pioggia 0% · vento 5 km/h;2.5;48;52;O;47;53;Si;2-0;2;0;1;1;;https://betimate.com/it/football-predictions/lyon-duchere-vs-goal-fc/2026-10-03/game;15;2026-10-04 14:11;;2026-10-04 15:26;0;0;;;
2026-10-03;2026-10-03;18:00;2026-10-03;16:00;National Francia;France Ligue 3;france-ligue-3;FL3;Vallieres;Limonest;54;21;25;1;2-1;2.92;;2.25;45.56;54.44;O;46;54;Si;4-1;4;1;1;1;;https://betimate.com/it/football-predictions/limonest-vs-vallieres/2026-10-03/game;15;2026-10-04 14:11;;2026-10-04 15:26;0;0;;;
2026-10-03;2026-10-03;18:00;2026-10-03;16:00;Premier Division Irlanda;Ireland National League;ireland-national-league;INL;Bonagee United;Mervue United;47;22;31;1;2-1;3.01;;2.75;48.27;51.73;O;44;56;Si;1-6;1;6;2;0;;https://betimate.com/it/football-predictions/bonagee-united-vs-mervue-united/2026-10-03/game;16;2026-10-04 14:11;;2026-10-04 15:26;0;0;;;
2026-10-03;2026-10-03;18:00;2026-10-03;16:00;Premier Division Irlanda;Ireland National League;ireland-national-league;INL;Newbridge Town FC;UCC Soccer;32;20;48;2;1-2;3.56;;3.25;48.14;51.86;O;39;61;Si;1-3;1;3;2;1;;https://betimate.com/it/football-predictions/newbridge-town-fc-vs-ucc-soccer/2026-10-03/game;16;2026-10-04 14:11;;2026-10-04 15:26;0;0;;;
2026-10-03;2026-10-03;18:00;2026-10-03;16:00;Premier Division Irlanda;Ireland National League;ireland-national-league;INL;TU Dublin;Salthill Devon;51;19;30;1;2-1;3.81;;3.5;48.31;51.69;O;37;63;Si;1-1;1;1;X;0;;https://betimate.com/it/football-predictions/salthill-devon-vs-tu-dublin/2026-10-03/game;46;2026-10-04 14:11;;2026-10-04 15:26;0;0;;;
2026-10-03;2026-10-03;18:00;2026-10-03;16:00;Prima Lega Bosnia-Erzegovina;Bosnia & Herzegovina 1st League;bosnia-herzegovina-1st-league;Ba2;FK Rudar Prijedor;FK Omarska;57;22;21;1;1-0;2.6;20°C · pioggia 0% · vento 6 km/h;2.5;49.4;50.6;O;50;50;Si;4-1;4;1;1;1;;https://betimate.com/it/football-predictions/fk-rudar-prijedor-vs-fk-omarska/2026-10-03/game;15;2026-10-04 14:11;;2026-10-04 15:26;0;0;;;
2026-10-03;2026-10-03;18:00;2026-10-03;16:00;Prima Lega Bosnia-Erzegovina;Bosnia & Herzegovina 1st League;bosnia-herzegovina-1st-league;Ba2;HSK Posusje;Sloboda Tuzla;42;25;33;1;1-0;2.35;20°C · pioggia 0% · vento 7 km/h;2.25;49.27;50.73;O;50;50;Si;2-0;2;0;1;1;;https://betimate.com/it/football-predictions/sloboda-tuzla-vs-hsk-posusje/2026-10-03/game;15;2026-10-04 14:11;;2026-10-04 15:26;0;0;;;
2026-10-03;2026-10-03;18:00;2026-10-03;16:00;Prima Lega Bosnia-Erzegovina;Bosnia & Herzegovina 1st League;bosnia-herzegovina-1st-league;Ba2;Sutjeska Foca;Zvijezda 09;55;21;24;1;1-0;2.88;19°C · pioggia 0% · vento 3 km/h;2.75;49.12;50.88;O;46;54;Si;0-0;0;0;X;0;;https://betimate.com/it/football-predictions/sutjeska-foca-vs-zvijezda-09/2026-10-03/game;45;2026-10-04 14:11;;2026-10-04 15:26;0;0;;;
2026-10-03;2026-10-03;18:00;2026-10-03;16:00;Regionalliga Nord Germania;Germany Regionalliga North;germany-regionalliga-north;De4;Kickers Emden;SV Todesfelde;56;19;25;1;3-2;5;20°C · pioggia 0% · vento 8 km/h;4.75;48.6;51.4;O;30;70;Si;1-2;1;2;2;0;;https://betimate.com/it/football-predictions/sv-todesfelde-vs-kickers-emden/2026-10-03/game;20;2026-10-04 14:11;;2026-10-04 15:26;0;0;;;
2026-10-03;2026-10-03;18:00;2026-10-03;16:00;Segunda División Uruguay;Uruguay Segunda;uruguay-segunda;US;Miramar Misiones;Paysandu FC;35;27;38;2;0-1;2.32;13°C · pioggia 77% · vento 13 km/h;2.25;49.66;50.34;O;50;50;Si;1-0;1;0;1;0;;https://betimate.com/it/football-predictions/miramar-misiones-vs-paysandu-fc/2026-10-03/game;16;2026-10-04 14:11;;2026-10-04 15:26;0;0;;;
2026-10-03;2026-10-03;18:00;2026-10-03;16:00;Serie A Femminile;Italy Serie A Women;italy-serie-a-women;ISAW;Roma (W);Lazio (W);62;17;21;1;2-1;3.13;24°C · pioggia 0% · vento 9 km/h;3;48.95;51.05;O;50;50;Si;3-1;3;1;1;1;;https://betimate.com/it/football-predictions/roma-w-vs-lazio-w/2026-10-03/game;15;2026-10-04 14:11;;2026-10-04 15:26;0;0;;;
2026-10-03;2026-10-03;18:00;2026-10-03;16:00;Spagna - Segunda Federación Gruppo 1;Spain Segunda Division RFEF Group 1;spain-segunda-division-rfef-group-1;SSDR;Portugalete;Alaves B;16;19;65;2;1-2;3.4;21°C · pioggia 33% · vento 12 km/h;2.25;42.77;57.23;O;44;56;Si;0-2;0;2;2;1;;https://betimate.com/it/football-predictions/alaves-b-vs-portugalete/2026-10-03/game;15;2026-10-04 14:11;;2026-10-04 15:26;0;0;;;
2026-10-03;2026-10-03;18:00;2026-10-03;16:00;Spagna - Segunda Federación Gruppo 5;Spain Segunda Division RFEF Group 5;spain-segunda-division-rfef-group-5;SSDR;Albacete B;CF Talavera;16;19;65;2;1-2;3.34;22°C · pioggia 35% · vento 12 km/h;2.25;43.2;56.8;O;44;56;Si;0-4;0;4;2;1;;https://betimate.com/it/football-predictions/albacete-b-vs-cf-talavera/2026-10-03/game;46;2026-10-04 14:11;;2026-10-04 15:26;0;0;;;
2026-10-03;2026-10-03;18:00;2026-10-03;16:00;Spagna - Segunda Federación Gruppo 5;Spain Segunda Division RFEF Group 5;spain-segunda-division-rfef-group-5;SSDR;CD Guadalajara;Gimnastica Segoviana;47;26;27;1;1-0;2.68;20°C · pioggia 63% · vento 2 km/h;2.25;47.42;52.58;O;48;52;Si;3-3;3;3;X;0;;https://betimate.com/it/football-predictions/gimnastica-segoviana-vs-cd-guadalajara/2026-10-03/game;15;2026-10-04 14:11;;2026-10-04 15:26;0;0;;;
2026-10-03;2026-10-03;18:00;2026-10-03;16:00;Super League Femminile Russia;Russia Premier Women;russia-premier-women;RPW;Rostov Women;FK Kubanochka Krasnodar Women;20;25;55;2;0-1;1.77;13°C · pioggia 0% · vento 9 km/h;1.5;48.19;51.81;O;65;35;No;0-0;0;0;X;0;;https://betimate.com/it/football-predictions/fk-kubanochka-krasnodar-women-vs-rostov-women/2026-10-03/game;45;2026-10-04 14:11;;2026-10-04 15:26;0;0;;;
2026-10-03;2026-10-03;18:00;2026-10-03;16:00;Tercera División Gruppo 18 (Spagna);Spain Tercera Group 18;spain-tercera-group-18;Es5;CD Noblejas;Illescas;35;27;38;2;0-1;2.14;;2;49.03;50.97;O;52;48;No;1-2;1;2;2;1;;https://betimate.com/it/football-predictions/illescas-vs-cd-noblejas/2026-10-03/game;23;2026-10-04 14:11;;2026-10-04 15:26;0;0;;;
2026-10-03;2026-10-03;18:00;2026-10-03;16:00;Tercera Gruppo 10 spagnola;Spain Tercera Group 10;spain-tercera-group-10;Es5;Dos Hermanas CF 1971;AD Ceuta FC B;73;15;12;1;2-0;3.72;;2.75;44.24;55.76;O;45;55;Si;5-0;5;0;1;1;;https://betimate.com/it/football-predictions/ad-ceuta-fc-b-vs-dos-hermanas-cf-1971/2026-10-03/game;3;2026-10-04 14:11;;2026-10-04 15:26;0;0;;;
2026-10-03;2026-10-03;18:00;2026-10-03;16:00;Tercera Gruppo 12 Spagna;Spain Tercera Group 12;spain-tercera-group-12;Es5;CD Arcangel San Miguel;Tenerife C;56;22;22;1;1-0;2.78;;2.5;48.25;51.75;O;47;53;Si;2-0;2;0;1;1;;https://betimate.com/it/football-predictions/tenerife-c-vs-cd-arcangel-san-miguel/2026-10-03/game;4;2026-10-04 14:11;;2026-10-04 15:26;0;0;;;
2026-10-03;2026-10-03;18:00;2026-10-03;16:00;Tercera Gruppo 12 Spagna;Spain Tercera Group 12;spain-tercera-group-12;Es5;CF San Bartolome;Villa Sta Brigida;46;25;29;1;1-0;2.38;;2.25;49.11;50.89;O;50;50;Si;1-1;1;1;X;0;;https://betimate.com/it/football-predictions/villa-sta-brigida-vs-cf-san-bartolome/2026-10-03/game;19;2026-10-04 14:11;;2026-10-04 15:26;0;0;;;
2026-10-03;2026-10-03;18:00;2026-10-03;16:00;Tercera Gruppo 12 Spagna;Spain Tercera Group 12;spain-tercera-group-12;Es5;Las Palmas C;Lanzarote;55;22;23;1;1-0;2.69;24°C · pioggia 2% · vento 13 km/h;2.5;48.78;51.22;O;48;52;Si;1-2;1;2;2;0;;https://betimate.com/it/football-predictions/lanzarote-vs-las-palmas-c/2026-10-03/game;4;2026-10-04 14:11;;2026-10-04 15:26;0;0;;;
2026-10-03;2026-10-03;18:00;2026-10-03;16:00;Tercera Gruppo 12 Spagna;Spain Tercera Group 12;spain-tercera-group-12;Es5;Llanos Aridane;Union Sur Yaiza;41;26;33;1;1-0;2.21;;2;48.42;51.58;O;51;49;No;1-0;1;0;1;1;;https://betimate.com/it/football-predictions/union-sur-yaiza-vs-llanos-aridane/2026-10-03/game;19;2026-10-04 14:11;;2026-10-04 15:26;0;0;;;
2026-10-03;2026-10-03;18:00;2026-10-03;16:00;Tercera Gruppo 3 spagnola;Spain Tercera Group 3;spain-tercera-group-3;Es5;SD Revilla;At. Albericia;34;21;45;2;1-2;3.19;21°C · pioggia 90% · vento 7 km/h;3;48.67;51.33;O;42;58;Si;2-2;2;2;X;0;;https://betimate.com/it/football-predictions/sd-revilla-vs-at-albericia/2026-10-03/game;19;2026-10-04 14:11;;2026-10-04 15:26;0;0;;;
2026-10-03;2026-10-03;18:00;2026-10-03;16:00;Tercera Gruppo 3 spagnola;Spain Tercera Group 3;spain-tercera-group-3;Es5;Solares;Escobedo;34;23;43;2;0-1;2.75;21°C · pioggia 90% · vento 7 km/h;2.5;48.4;51.6;O;46;54;Si;0-0;0;0;X;0;;https://betimate.com/it/football-predictions/escobedo-vs-solares/2026-10-03/game;19;2026-10-04 14:11;;2026-10-04 15:26;0;0;;;
2026-10-03;2026-10-03;18:00;2026-10-03;16:00;Tercera Gruppo 8 spagnola;Spain Tercera Group 8;spain-tercera-group-8;Es5;Almazan;CDA Palencia;44;22;34;1;2-1;3.04;19°C · pioggia 93% · vento 14 km/h;3;49.8;50.2;O;43;57;Si;2-2;2;2;X;0;;https://betimate.com/it/football-predictions/almazan-vs-cda-palencia/2026-10-03/game;19;2026-10-04 14:11;;2026-10-04 15:26;0;0;;;
2026-10-03;2026-10-03;18:00;2026-10-03;16:00;Tercera Gruppo 8 spagnola;Spain Tercera Group 8;spain-tercera-group-8;Es5;Salamanca B;CD Colegios Diocesanos;57;20;23;1;2-1;3.23;19°C · pioggia 75% · vento 5 km/h;3;48.47;51.53;O;43;57;Si;1-0;1;0;1;1;;https://betimate.com/it/football-predictions/salamanca-b-vs-cd-colegios-diocesanos/2026-10-03/game;19;2026-10-04 14:11;;2026-10-04 15:26;0;0;;;
2026-10-03;2026-10-03;18:00;2026-10-03;16:00;Tercera Gruppo 9 spagnola;Spain Tercera Group 9;spain-tercera-group-9;Es5;Atletico Malagueno;Recreativo Granada;53;20;27;1;2-1;3.65;26°C · pioggia 13% · vento 10 km/h;2.25;41.34;58.66;O;39;61;Si;2-0;2;0;1;1;;https://betimate.com/it/football-predictions/atletico-malagueno-vs-recreativo-granada/2026-10-03/game;19;2026-10-04 14:11;;2026-10-04 15:26;0;0;;;
2026-10-03;2026-10-03;18:00;2026-10-03;16:00;Tercera RFEF Gruppo 15 Spagna;Spain Tercera Group 15;spain-tercera-group-15;Es5;AD San Juan;Subiza;47;26;27;1;1-0;2.08;25°C · pioggia 63% · vento 2 km/h;2.25;51.4;48.6;U;53;47;No;2-1;2;1;1;1;;https://betimate.com/it/football-predictions/ad-san-juan-vs-subiza/2026-10-03/game;5;2026-10-04 14:11;;2026-10-04 15:26;0;0;;;
2026-10-03;2026-10-03;18:00;2026-10-03;16:00;Tercera RFEF Gruppo 15 Spagna;Spain Tercera Group 15;spain-tercera-group-15;Es5;Huarte;CD Pamplona;33;26;41;2;0-1;2.4;24°C · pioggia 63% · vento 9 km/h;2.25;48.91;51.09;O;49;51;Si;;;;;;;https://betimate.com/it/football-predictions/huarte-vs-cd-pamplona/2026-10-03/game;20;2026-10-04 14:11;;2026-10-04 15:26;0;0;;;
2026-10-03;2026-10-03;18:00;2026-10-03;16:00;Turchia - 2. Lig Beyaz;Türkiye 2 Lig Beyaz;t-rkiye-2-lig-beyaz;;Isparta 32 Spor;Hatayspor;61;20;19;1;2-0;3.75;13°C · pioggia 33% · vento 8 km/h;3.25;48.55;51.45;O;48;52;Si;1-0;1;0;1;1;;https://betimate.com/it/football-predictions/hatayspor-vs-isparta-32-spor/2026-10-03/game;46;2026-10-04 14:11;;2026-10-04 15:26;0;0;;;
2026-10-03;2026-10-03;18:00;2026-10-03;16:00;Turchia - 2. Lig Beyaz;Türkiye 2 Lig Beyaz;t-rkiye-2-lig-beyaz;;Menemen;Adana Demirspor;62;19;19;1;3-1;4.14;20°C · pioggia 0% · vento 13 km/h;3.75;48.76;51.24;O;43;57;Si;2-0;2;0;1;1;;https://betimate.com/it/football-predictions/adana-demirspor-vs-menemen/2026-10-03/game;46;2026-10-04 14:11;;2026-10-04 15:26;0;0;;;
2026-10-03;2026-10-03;18:00;2026-10-03;16:00;Turchia - 2. Lig Kırmızı;Türkiye 2 Lig Kirmizi;t-rkiye-2-lig-kirmizi;;Fethiyespor;Karacabey Birlikspor AS;45;25;30;1;1-0;2.46;20°C · pioggia 30% · vento 4 km/h;2.5;50.24;49.76;U;49;51;Si;0-1;0;1;2;0;;https://betimate.com/it/football-predictions/karacabey-birlikspor-as-vs-fethiyespor/2026-10-03/game;15;2026-10-04 14:11;;2026-10-04 15:26;0;0;;;
2026-10-03;2026-10-03;18:00;2026-10-03;16:00;Turchia - 3. Lig Gruppo 1;Türkiye 3.Lig Group 1;t-rkiye-3-lig-group-1;;Karabuk Idmanyurdu Spor;Amasyaspor FK;35;26;39;2;0-1;2.35;15°C · pioggia 0% · vento 5 km/h;2.25;49.32;50.68;O;50;50;Si;1-2;1;2;2;1;;https://betimate.com/it/football-predictions/karabuk-idmanyurdu-spor-vs-amasyaspor-fk/2026-10-03/game;46;2026-10-04 14:11;;2026-10-04 15:26;0;0;;;
2026-10-03;2026-10-03;18:00;2026-10-03;16:00;Turchia - 3. Lig Gruppo 1;Türkiye 3.Lig Group 1;t-rkiye-3-lig-group-1;;Orduspor 1967;Fatsa Belediyespor;58;21;21;1;2-1;3.04;14°C · pioggia 0% · vento 4 km/h;2.25;44.85;55.15;O;45;55;Si;0-3;0;3;2;0;;https://betimate.com/it/football-predictions/fatsa-belediyespor-vs-orduspor-1967/2026-10-03/game;15;2026-10-04 14:11;;2026-10-04 15:26;0;0;;;
2026-10-03;2026-10-03;18:00;2026-10-03;16:00;Turchia - 3. Lig Gruppo 2;Türkiye 3.Lig Group 2;t-rkiye-3-lig-group-2;;Altay SK Izmir;Alanya 1221 FSK;43;26;31;1;1-0;2.22;21°C · pioggia 0% · vento 19 km/h;2.5;51.81;48.19;U;51;49;No;0-0;0;0;X;0;;https://betimate.com/it/football-predictions/altay-sk-izmir-vs-alanya-1221-fsk/2026-10-03/game;46;2026-10-04 14:11;;2026-10-04 15:26;0;0;;;
2026-10-03;2026-10-03;18:00;2026-10-03;16:00;Turchia - 3. Lig Gruppo 2;Türkiye 3.Lig Group 2;t-rkiye-3-lig-group-2;;Gaziemirspor;Gemlikspor;59;20;21;1;2-1;3.05;;2.5;46.7;53.3;O;46;54;Si;;;;;;;https://betimate.com/it/football-predictions/gaziemirspor-vs-gemlikspor/2026-10-03/game;46;2026-10-04 14:11;;2026-10-04 15:26;0;0;;;
2026-10-03;2026-10-03;18:00;2026-10-03;16:00;Türkiye 3.Lig Group 3;Türkiye 3.Lig Group 3;t-rkiye-3-lig-group-3;;Yozgat Bozokspor;Malatya Yesilyurtspor;40;22;38;1;2-1;3.09;;3;49.4;50.6;O;42;58;Si;1-9;1;9;2;0;;https://betimate.com/it/football-predictions/yozgat-bozokspor-vs-malatya-yesilyurtspor/2026-10-03/game;46;2026-10-04 14:11;;2026-10-04 15:26;0;0;;;
2026-10-03;2026-10-03;18:00;2026-10-03;16:00;UEFA Nations League A;UEFA Nations League A;uefa-nations-league-a;UNLA;Croazia;Inghilterra;19;19;62;2;1-2;3.44;22°C · pioggia 0% · vento 8 km/h;2.75;45.78;54.22;O;47;53;Si;0-7;0;7;2;1;;https://betimate.com/it/football-predictions/england-vs-croatia/2026-10-03/game;1;2026-10-04 14:11;;2026-10-04 15:26;0;0;;;
2026-10-03;2026-10-03;18:00;2026-10-03;16:00;UEFA Nations League C;UEFA Nations League C;uefa-nations-league-c;UNLC;Bielorussia;San Marino;96;3;1;1;4-0;4.55;23°C · pioggia 0% · vento 9 km/h;3;40.84;59.16;O;67;33;No;4-0;4;0;1;1;;https://betimate.com/it/football-predictions/belarus-vs-san-marino/2026-10-03/game;1;2026-10-04 14:11;;2026-10-04 15:26;0;0;;;
2026-10-03;2026-10-03;18:00;2026-10-03;16:00;UEFA Nations League C;UEFA Nations League C;uefa-nations-league-c;UNLC;Estonia;Lussemburgo;40;28;32;1;1-0;2.06;14°C · pioggia 3% · vento 12 km/h;2;49.77;50.23;O;57;43;No;1-0;1;0;1;1;;https://betimate.com/it/football-predictions/estonia-vs-luxembourg/2026-10-03/game;1;2026-10-04 14:11;;2026-10-04 15:26;0;0;;;
2026-10-03;2026-10-03;18:00;2026-10-03;16:00;UEFA Nations League C;UEFA Nations League C;uefa-nations-league-c;UNLC;Islanda;Bulgaria;62;21;17;1;1-0;2.75;10°C · pioggia 100% · vento 23 km/h;2.75;50.1;49.9;U;54;46;No;3-0;3;0;1;1;;https://betimate.com/it/football-predictions/iceland-vs-bulgaria/2026-10-03/game;1;2026-10-04 14:11;;2026-10-04 15:26;0;0;;;
2026-10-03;2026-10-03;18:00;2026-10-03;16:00;Women's National League Irlanda;Republic of Ireland National League Women;republic-of-ireland-national-league-women;RoIN;Peamount Utd (W);Wexford FC (W);31;21;48;2;0-1;2.69;;3;52.3;47.7;U;52;48;No;1-2;1;2;2;1;;https://betimate.com/it/football-predictions/peamount-utd-w-vs-wexford-fc-w/2026-10-03/game;15;2026-10-04 14:11;;2026-10-04 15:26;0;0;;;
2026-10-03;2026-10-03;18:00;2026-10-03;16:00;Women's National League Irlanda;Republic of Ireland National League Women;republic-of-ireland-national-league-women;RoIN;Sligo Rovers (W);FC Treaty United (W);35;22;43;2;0-1;2.41;;2.75;52.08;47.92;U;55;45;No;1-1;1;1;X;0;;https://betimate.com/it/football-predictions/sligo-rovers-w-vs-fc-treaty-united-w/2026-10-03/game;15;2026-10-04 14:11;;2026-10-04 15:26;0;0;;;
2026-10-03;2026-10-03;18:15;2026-10-03;16:15;Division 2 Norra Svealand Svezia;Sweden 2.div Norra Svealand;sweden-2-div-norra-svealand;;IFK Lidingo;Bollstanäs SK;27;19;54;2;1-2;3.93;16°C · pioggia 0% · vento 15 km/h;3;43.96;56.04;O;37;63;Si;0-4;0;4;2;1;;https://betimate.com/it/football-predictions/ifk-lidingo-vs-bollstan-s-sk/2026-10-03/game;16;2026-10-04 14:11;;2026-10-04 15:26;0;0;;;
2026-10-03;2026-10-03;18:30;2026-10-03;16:30;Division 1 Femminile Francia;France Division 1 Women;france-division-1-women;;Nantes (W);Montpellier (W);53;19;28;1;2-1;3;;2.5;46.7;53.3;O;50;50;Si;1-1;1;1;X;0;;https://betimate.com/it/football-predictions/montpellier-w-vs-nantes-w/2026-10-03/game;18;2026-10-04 14:11;;2026-10-04 15:26;0;0;;;
2026-10-03;2026-10-03;18:30;2026-10-03;16:30;Division 1 Femminile Francia;France Division 1 Women;france-division-1-women;;Strasbourg (W);Marseille (W);38;22;40;2;0-1;2.36;;2.5;50.57;49.43;U;56;44;No;3-3;3;3;X;0;;https://betimate.com/it/football-predictions/strasbourg-w-vs-marseille-w/2026-10-03/game;18;2026-10-04 14:11;;2026-10-04 15:26;0;0;;;
2026-10-03;2026-10-03;18:30;2026-10-03;16:30;División de Honor Juvenil (Spagna);Spain Youth League;spain-youth-league;SYL;Gimnastic Manresa U19;Atletico Monzon U19;44;19;37;1;2-1;3.56;;3.5;49.6;50.4;O;38;62;Si;3-2;3;2;1;1;;https://betimate.com/it/football-predictions/gimnastic-manresa-u19-vs-atletico-monzon-u19/2026-10-03/game;23;2026-10-04 14:11;;2026-10-04 15:26;0;0;;;
2026-10-03;2026-10-03;18:30;2026-10-03;16:30;Landesliga austriaca;Austria Landesliga;austria-landesliga;AL;ASK Kohfidisch;SPG Edelserpentin;60;17;23;1;2-1;3.87;;3;44.35;55.65;O;39;61;Si;0-1;0;1;2;0;;https://betimate.com/it/football-predictions/ask-kohfidisch-vs-spg-edelserpentin/2026-10-03/game;6;2026-10-04 14:11;;2026-10-04 15:26;0;0;;;
2026-10-03;2026-10-03;18:30;2026-10-03;16:30;League One Scozia;Scotland League One;scotland-league-one;Sc3;Hamilton;Peterhead;56;22;22;1;1-0;2.53;14°C · pioggia 1% · vento 12 km/h;2.75;51.46;48.54;U;50;50;Si;2-1;2;1;1;1;;https://betimate.com/it/football-predictions/peterhead-vs-hamilton/2026-10-03/game;5;2026-10-04 14:11;;2026-10-04 15:26;0;0;;;
2026-10-03;2026-10-03;18:30;2026-10-03;16:30;Regional League Spagna;Spain Regional League;spain-regional-league;SRL;Victoria CF;La Cisterniga CF;37;24;39;2;0-1;2.65;;2.5;49;51;O;47;53;Si;0-0;0;0;X;0;;https://betimate.com/it/football-predictions/victoria-cf-vs-la-cisterniga-cf/2026-10-03/game;46;2026-10-04 14:11;;2026-10-04 15:26;0;0;;;
2026-10-03;2026-10-03;18:30;2026-10-03;16:30;Segunda División spagnola;Spain Segunda;spain-segunda;Es2;Cadiz;Leganes;29;30;41;2;0-1;2.35;27°C · pioggia 3% · vento 19 km/h;2.25;49.4;50.6;O;52;48;No;4-0;4;0;1;0;;https://betimate.com/it/football-predictions/cadiz-vs-leganes/2026-10-03/game;3;2026-10-04 14:11;;2026-10-04 15:26;0;0;;;
2026-10-03;2026-10-03;18:30;2026-10-03;16:30;Tercera División Gruppo 18 (Spagna);Spain Tercera Group 18;spain-tercera-group-18;Es5;Marchamalo;CD Tarancon;31;23;46;2;0-1;2.61;22°C · pioggia 33% · vento 11 km/h;2.5;49.22;50.78;O;47;53;Si;2-2;2;2;X;0;;https://betimate.com/it/football-predictions/marchamalo-vs-cd-tarancon/2026-10-03/game;24;2026-10-04 14:11;;2026-10-04 15:26;0;0;;;
2026-10-03;2026-10-03;18:30;2026-10-03;16:30;Tercera RFEF Gruppo 16 Spagna;Spain Tercera Group 16;spain-tercera-group-16;Es5;Yagüe;Cenicero;45;20;35;1;2-1;3.46;24°C · pioggia 65% · vento 16 km/h;2.5;44.41;55.59;O;40;60;Si;2-1;2;1;1;1;;https://betimate.com/it/football-predictions/yag-e-vs-cenicero/2026-10-03/game;5;2026-10-04 14:11;;2026-10-04 15:26;0;0;;;
2026-10-03;2026-10-03;18:30;2026-10-03;16:30;U19 International;U19 International;u19-international;UI;Portogallo U19;Danimarca U19;42;19;39;1;2-1;3.64;;2.75;44.39;55.61;O;40;60;Si;3-3;3;3;X;0;;https://betimate.com/it/football-predictions/denmark-u19-vs-portugal-u19/2026-10-03/game;16;2026-10-04 14:11;;2026-10-04 15:26;0;0;;;
2026-10-03;2026-10-03;18:45;2026-10-03;16:45;Primera Federación - Gruppo 1 Spagna;Spain Primera Division RFEF Group 1;spain-primera-division-rfef-group-1;SPDR;Unionistas de Salamanca CF;Cultural Leonesa;40;27;33;1;1-0;2.47;18°C · pioggia 65% · vento 5 km/h;2.25;48.87;51.13;O;49;51;Si;2-0;2;0;1;1;;https://betimate.com/it/football-predictions/cultural-leonesa-vs-unionistas-de-salamanca-cf/2026-10-03/game;16;2026-10-04 14:11;;2026-10-04 15:26;0;0;;;
2026-10-03;2026-10-03;18:45;2026-10-03;16:45;Spagna - Primera Federación Gruppo 2;Spain Primera Division RFEF Group 2;spain-primera-division-rfef-group-2;SPDR;Alcorcon;Juventud Torremolinos CF;48;26;26;1;1-0;2.49;20°C · pioggia 55% · vento 4 km/h;2.75;52.02;47.98;U;50;50;Si;5-0;5;0;1;1;;https://betimate.com/it/football-predictions/alcorcon-vs-juventud-torremolinos-cf/2026-10-03/game;16;2026-10-04 14:11;;2026-10-04 15:26;0;0;;;
2026-10-03;2026-10-03;18:45;2026-10-03;16:45;Spagna - Primera Federación Gruppo 2;Spain Primera Division RFEF Group 2;spain-primera-division-rfef-group-2;SPDR;FC Cartagena;Aguilas;57;25;18;1;1-0;2.36;25°C · pioggia 0% · vento 14 km/h;2;47.89;52.11;O;55;45;No;4-1;4;1;1;1;;https://betimate.com/it/football-predictions/aguilas-vs-fc-cartagena/2026-10-03/game;16;2026-10-04 14:11;;2026-10-04 15:26;0;0;;;
2026-10-03;2026-10-03;19:00;2026-10-03;17:00;Amichevoli per club;Club Friendly List;club-friendly-list;CFL;Al Ahli Benghazi;Club Africain;7;10;83;2;0-4;4.5;20°C · pioggia 0% · vento 11 km/h;4;48.54;51.46;O;56;44;No;0-0;0;0;X;0;;https://betimate.com/it/football-predictions/club-africain-vs-al-ahli-benghazi/2026-10-03/game;47;2026-10-04 14:11;;2026-10-04 15:26;0;0;;;
2026-10-03;2026-10-03;19:00;2026-10-03;17:00;Campionato Riserve El Salvador;El Salvador Reserves League;el-salvador-reserves-league;ESRL;CD Platense Zacatecoluca Reserves;Municipal Limeno Reserves;63;16;21;1;2-1;3.5;27°C · pioggia 49% · vento 6 km/h;3.25;48.53;51.47;O;42;58;Si;1-1;1;1;X;0;;https://betimate.com/it/football-predictions/municipal-limeno-reserves-vs-cd-platense-zacatecoluca-reserves/2026-10-03/game;16;2026-10-04 14:11;;2026-10-04 15:26;0;0;;;
2026-10-03;2026-10-03;19:00;2026-10-03;17:00;Championship Irlanda del Nord;Northern Ireland Championship;northern-ireland-championship;NIC;Moyola Park;Glenavon;10;13;77;2;0-2;3.75;;3;45.2;54.8;O;46;54;Si;0-3;0;3;2;1;;https://betimate.com/it/football-predictions/glenavon-vs-moyola-park/2026-10-03/game;16;2026-10-04 14:11;;2026-10-04 15:26;0;0;;;
2026-10-03;2026-10-03;19:00;2026-10-03;17:00;College Championship USA;USA College Championship;usa-college-championship;UCC;American Eagles;Bucknell Bison;48;26;26;1;1-0;2.07;16°C · pioggia 25% · vento 8 km/h;2;49.64;50.36;O;54;46;No;2-0;2;0;1;1;;https://betimate.com/it/football-predictions/american-eagles-vs-bucknell-bison/2026-10-03/game;47;2026-10-04 14:11;;2026-10-04 15:26;0;0;;;
2026-10-03;2026-10-03;19:00;2026-10-03;17:00;College Championship USA;USA College Championship;usa-college-championship;UCC;Brown;Cornell;23;23;54;2;0-1;2.54;20°C · pioggia 0% · vento 12 km/h;2.5;49.74;50.26;O;49;51;Si;1-2;1;2;2;1;;https://betimate.com/it/football-predictions/cornell-vs-brown/2026-10-03/game;47;2026-10-04 14:11;;2026-10-04 15:26;0;0;;;
2026-10-03;2026-10-03;19:00;2026-10-03;17:00;College Championship USA;USA College Championship;usa-college-championship;UCC;Delaware Blue Hens;La Salle;74;14;12;1;2-1;3.93;20°C · pioggia 7% · vento 14 km/h;3.75;48.98;51.02;O;43;57;Si;2-1;2;1;1;1;;https://betimate.com/it/football-predictions/delaware-blue-hens-vs-la-salle/2026-10-03/game;47;2026-10-04 14:11;;2026-10-04 15:26;0;0;;;
2026-10-03;2026-10-03;19:00;2026-10-03;17:00;College Championship USA;USA College Championship;usa-college-championship;UCC;Liberty Flames;Mercer Bears;48;25;27;1;1-0;2.3;15°C · pioggia 53% · vento 17 km/h;2.25;49.72;50.28;O;51;49;No;3-0;3;0;1;1;;https://betimate.com/it/football-predictions/liberty-flames-vs-mercer-bears/2026-10-03/game;47;2026-10-04 14:11;;2026-10-04 15:26;0;0;;;
2026-10-03;2026-10-03;19:00;2026-10-03;17:00;College Championship USA;USA College Championship;usa-college-championship;UCC;Loyola Maryland Greyhounds;Boston University Terriers;32;24;44;2;0-1;2.54;19°C · pioggia 6% · vento 9 km/h;2.5;49.7;50.3;O;48;52;Si;1-2;1;2;2;1;;https://betimate.com/it/football-predictions/loyola-maryland-greyhounds-vs-boston-university-terriers/2026-10-03/game;47;2026-10-04 14:11;;2026-10-04 15:26;0;0;;;
2026-10-03;2026-10-03;19:00;2026-10-03;17:00;College Championship USA;USA College Championship;usa-college-championship;UCC;Quinnipiac;Canisius Golden Griffins;67;17;16;1;2-1;3.5;19°C · pioggia 0% · vento 14 km/h;3.25;48.54;51.46;O;44;56;Si;5-0;5;0;1;1;;https://betimate.com/it/football-predictions/quinnipiac-vs-canisius-golden-griffins/2026-10-03/game;47;2026-10-04 14:11;;2026-10-04 15:26;0;0;;;
2026-10-03;2026-10-03;19:00;2026-10-03;17:00;College Championship USA;USA College Championship;usa-college-championship;UCC;Rider Broncs;Niagara Purple Eagles;46;25;29;1;1-0;2.37;20°C · pioggia 1% · vento 15 km/h;2.25;49.18;50.82;O;50;50;Si;3-0;3;0;1;1;;https://betimate.com/it/football-predictions/niagara-purple-eagles-vs-rider-broncs/2026-10-03/game;47;2026-10-04 14:11;;2026-10-04 15:26;0;0;;;
2026-10-03;2026-10-03;19:00;2026-10-03;17:00;College Championship USA;USA College Championship;usa-college-championship;UCC;VMI Keydets;Wofford Terriers;35;21;44;2;1-2;3.2;14°C · pioggia 70% · vento 14 km/h;3;48.63;51.37;O;42;58;Si;0-1;0;1;2;1;;https://betimate.com/it/football-predictions/wofford-terriers-vs-vmi-keydets/2026-10-03/game;47;2026-10-04 14:11;;2026-10-04 15:26;0;0;;;
2026-10-03;2026-10-03;19:00;2026-10-03;17:00;III Liga polacca;Poland III Liga;poland-iii-liga;PlC;Odra Bytom Odrzanski;Zaglebie Sosnowiec;38;27;35;1;1-0;2.16;;2.75;54.23;45.77;U;52;48;No;0-1;0;1;2;0;;https://betimate.com/it/football-predictions/zaglebie-sosnowiec-vs-odra-bytom-odrzanski/2026-10-03/game;2;2026-10-04 14:11;;2026-10-04 15:26;0;0;;;
2026-10-03;2026-10-03;19:00;2026-10-03;17:00;III Liga polacca;Poland III Liga;poland-iii-liga;PlC;Warta Sieradz;Mazovia Minsk Mazowiecki;46;21;33;1;2-1;3.34;;3;47.69;52.31;O;41;59;Si;1-1;1;1;X;0;;https://betimate.com/it/football-predictions/warta-sieradz-vs-mazovia-minsk-mazowiecki/2026-10-03/game;2;2026-10-04 14:11;;2026-10-04 15:26;0;0;;;
2026-10-03;2026-10-03;19:00;2026-10-03;17:00;Landesliga austriaca;Austria Landesliga;austria-landesliga;AL;TSU Matrei;KAC 1909;45;21;34;1;2-1;3.37;;3;47.5;52.5;O;40;60;Si;3-2;3;2;1;1;;https://betimate.com/it/football-predictions/kac-1909-vs-tsu-matrei/2026-10-03/game;6;2026-10-04 14:11;;2026-10-04 15:26;0;0;;;
2026-10-03;2026-10-03;19:00;2026-10-03;17:00;Liga Premier Serie A Messico;Mexico Liga Premier A;mexico-liga-premier-a;MLPA;Mineros de Fresnillo;Saltillo Soccer FC;53;19;28;1;2-1;3.74;18°C · pioggia 34% · vento 14 km/h;2.75;43.99;56.01;O;38;62;Si;3-0;3;0;1;1;;https://betimate.com/it/football-predictions/mineros-de-fresnillo-vs-saltillo-soccer-fc/2026-10-03/game;16;2026-10-04 14:11;;2026-10-04 15:26;0;0;;;
2026-10-03;2026-10-03;19:00;2026-10-03;17:00;Luxembourg Ligue 1 Women;Luxembourg Ligue 1 Women;luxembourg-ligue-1-women;;Bettembourg (W);Swift Hesperange (W);39;17;44;2;1-2;3.83;;3.5;48.16;51.84;O;41;59;Si;;;;;;;https://betimate.com/it/football-predictions/swift-hesperange-w-vs-bettembourg-w/2026-10-03/game;16;2026-10-04 14:11;;2026-10-04 15:26;0;0;;;
2026-10-03;2026-10-03;19:00;2026-10-03;17:00;Luxembourg Ligue 1 Women;Luxembourg Ligue 1 Women;luxembourg-ligue-1-women;;Young Boys Diekirch (W);SC Ell (W);23;16;61;2;1-2;3.65;;4.5;53.97;46.03;U;45;55;Si;2-3;2;3;2;1;;https://betimate.com/it/football-predictions/young-boys-diekirch-w-vs-sc-ell-w/2026-10-03/game;16;2026-10-04 14:11;;2026-10-04 15:26;0;0;;;
2026-10-03;2026-10-03;19:00;2026-10-03;17:00;National Francia;France Ligue 3;france-ligue-3;FL3;AS Montlouis;St Pryve St Hilaire;30;20;50;2;1-2;3.5;;2.5;44.21;55.79;O;40;60;Si;1-0;1;0;1;0;;https://betimate.com/it/football-predictions/st-pryve-st-hilaire-vs-as-montlouis/2026-10-03/game;16;2026-10-04 14:11;;2026-10-04 15:26;0;0;;;
2026-10-03;2026-10-03;19:00;2026-10-03;17:00;Nicaragua - Liga de Ascenso;Nicaragua Liga de Ascenso;nicaragua-liga-de-ascenso;NLdA;Rio Blanco;Bravos Primavera;63;19;18;1;2-0;3.06;;3;49.75;50.25;O;47;53;Si;0-1;0;1;2;0;;https://betimate.com/it/football-predictions/rio-blanco-vs-bravos-primavera/2026-10-03/game;47;2026-10-04 14:11;;2026-10-04 15:26;0;0;;;
2026-10-03;2026-10-03;19:00;2026-10-03;17:00;Qualificazioni Campionato Europeo U21 UEFA;European U21 Championship Qual;european-u21-championship-qual;EUCQ;Francia U21;Lussemburgo U21;90;7;3;1;3-0;3.83;;3.75;49.83;50.17;O;64;36;No;3-2;3;2;1;1;;https://betimate.com/it/football-predictions/luxembourg-u21-vs-france-u21/2026-10-03/game;18;2026-10-04 14:11;;2026-10-04 15:26;0;0;;;
2026-10-03;2026-10-03;19:00;2026-10-03;17:00;Regional League Spagna;Spain Regional League;spain-regional-league;SRL;Platges de Calvia B;CD Son Cladera;70;15;15;1;2-1;4.04;;2.25;39.37;60.63;O;41;59;Si;0-0;0;0;X;0;;https://betimate.com/it/football-predictions/cd-son-cladera-vs-platges-de-calvia-b/2026-10-03/game;16;2026-10-04 14:11;;2026-10-04 15:26;0;0;;;
2026-10-03;2026-10-03;19:00;2026-10-03;17:00;Spagna - Segunda Federación Gruppo 4;Spain Segunda Division RFEF Group 4;spain-segunda-division-rfef-group-4;SSDR;CD Estepona;Don Benito;35;27;38;2;0-1;2.51;23°C · pioggia 8% · vento 11 km/h;2.25;48.58;51.42;O;49;51;Si;3-1;3;1;1;0;;https://betimate.com/it/football-predictions/don-benito-vs-cd-estepona/2026-10-03/game;16;2026-10-04 14:11;;2026-10-04 15:26;0;0;;;
2026-10-03;2026-10-03;19:00;2026-10-03;17:00;Tercera División Gruppo 18 (Spagna);Spain Tercera Group 18;spain-tercera-group-18;Es5;La Solana;Villarrobledo;33;28;39;2;0-1;1.99;22°C · pioggia 13% · vento 12 km/h;2;50.36;49.64;U;54;46;No;0-1;0;1;2;1;;https://betimate.com/it/football-predictions/villarrobledo-vs-la-solana/2026-10-03/game;6;2026-10-04 14:11;;2026-10-04 15:26;0;0;;;
2026-10-03;2026-10-03;19:00;2026-10-03;17:00;Tercera Gruppo 1 spagnola;Spain Tercera Group 1;spain-tercera-group-1;Es5;CD Arenteiro;Antela FC;38;28;34;1;1-0;2.08;24°C · pioggia 10% · vento 7 km/h;2;49.58;50.42;O;53;47;No;2-3;2;3;2;0;;https://betimate.com/it/football-predictions/cd-arenteiro-vs-antela-fc/2026-10-03/game;19;2026-10-04 14:11;;2026-10-04 15:26;0;0;;;
2026-10-03;2026-10-03;19:00;2026-10-03;17:00;Tercera Gruppo 2 spagnola;Spain Tercera Group 2;spain-tercera-group-2;Es5;L'Entregu CF;CD Colunga;47;23;30;1;1-0;2.85;19°C · pioggia 75% · vento 5 km/h;2.5;47.79;52.21;O;45;55;Si;0-0;0;0;X;0;;https://betimate.com/it/football-predictions/cd-colunga-vs-l-entregu-cf/2026-10-03/game;3;2026-10-04 14:11;;2026-10-04 15:26;0;0;;;
2026-10-03;2026-10-03;19:00;2026-10-03;17:00;U20 Africa Cup of Nations Qual;U20 Africa Cup of Nations Qual;u20-africa-cup-of-nations-qual;UACo;Egitto U20;Marocco U20;22;23;55;2;0-1;2.24;;2.25;50.2;49.8;U;56;44;No;0-2;0;2;2;1;;https://betimate.com/it/football-predictions/egypt-u20-vs-morocco-u20/2026-10-03/game;16;2026-10-04 14:11;;2026-10-04 15:26;0;0;;;
2026-10-03;2026-10-03;19:30;2026-10-03;17:30;Derde Divisie Paesi Bassi;Netherlands Derde Divisie;netherlands-derde-divisie;NDD;EVV Echt;Noordwijk;24;19;57;2;1-2;3.4;;3.25;49.08;50.92;O;42;58;Si;0-2;0;2;2;1;;https://betimate.com/it/football-predictions/noordwijk-vs-evv-echt/2026-10-03/game;16;2026-10-04 14:11;;2026-10-04 15:26;0;0;;;
2026-10-03;2026-10-03;19:30;2026-10-03;17:30;Derde Divisie Paesi Bassi;Netherlands Derde Divisie;netherlands-derde-divisie;NDD;VV Dongen;SV Poortugaal;42;20;38;1;2-1;3.65;;3.25;47.61;52.39;O;38;62;Si;4-0;4;0;1;1;;https://betimate.com/it/football-predictions/vv-dongen-vs-sv-poortugaal/2026-10-03/game;16;2026-10-04 14:11;;2026-10-04 15:26;0;0;;;
2026-10-03;2026-10-03;19:30;2026-10-03;17:30;Messico - Liga MX U19;Mexico Liga MX U19;mexico-liga-mx-u19;MLMU;Toluca U19;Atlas U19;63;16;21;1;2-1;3.55;;2.75;44.98;55.02;O;42;58;Si;;;;;;;https://betimate.com/it/football-predictions/atlas-u19-vs-toluca-u19/2026-10-03/game;47;2026-10-04 14:11;;2026-10-04 15:26;0;0;;;
2026-10-03;2026-10-03;19:30;2026-10-03;17:30;National 2 francese;France National 2;france-national-2;FN2;SA Gazinet-Cestas;Blagnac;32;27;41;2;0-1;2.06;;2.25;51.55;48.45;U;53;47;No;1-4;1;4;2;1;;https://betimate.com/it/football-predictions/blagnac-vs-sa-gazinet-cestas/2026-10-03/game;22;2026-10-04 14:11;;2026-10-04 15:26;0;0;;;
2026-10-03;2026-10-03;19:30;2026-10-03;17:30;National Division 1 Belgio;Belgium First Amateur Division;belgium-first-amateur-division;BFAD;Dessel Sport;KRC Harelbeke;48;19;33;1;2-1;3.99;16°C · pioggia 0% · vento 8 km/h;3.25;45.73;54.27;O;36;64;Si;4-0;4;0;1;1;;https://betimate.com/it/football-predictions/dessel-sport-vs-krc-harelbeke/2026-10-03/game;5;2026-10-04 14:11;;2026-10-04 15:26;0;0;;;
2026-10-03;2026-10-03;19:30;2026-10-03;17:30;Spagna - Segunda Federación Femminile;Spain Segunda Federacion Women;spain-segunda-federacion-women;SSFW;CD Guiniguada Apolinario (W);EMF Fuensalida (W);44;22;34;1;1-0;2.48;;3;54.04;45.96;U;54;46;No;2-1;2;1;1;1;;https://betimate.com/it/football-predictions/cd-guiniguada-apolinario-w-vs-emf-fuensalida-w/2026-10-03/game;16;2026-10-04 14:11;;2026-10-04 15:26;0;0;;;
2026-10-03;2026-10-03;19:30;2026-10-03;17:30;Spagna - Segunda Federación Gruppo 5;Spain Segunda Division RFEF Group 5;spain-segunda-division-rfef-group-5;SSDR;CD Atletico Paso;Real Madrid C;32;28;40;2;0-1;2.41;19°C · pioggia 0% · vento 1 km/h;2;46.92;53.08;O;49;51;Si;1-0;1;0;1;0;;https://betimate.com/it/football-predictions/cd-atletico-paso-vs-real-madrid-c/2026-10-03/game;47;2026-10-04 14:11;;2026-10-04 15:26;0;0;;;
2026-10-03;2026-10-03;19:30;2026-10-03;17:30;Super League Femminile Belgio;Belgium Super League Women;belgium-super-league-women;BSLW;Gent (W);Zulte-Waregem (W);24;20;56;2;0-1;2.7;17°C · pioggia 0% · vento 10 km/h;2.75;50.07;49.93;U;54;46;No;1-3;1;3;2;1;;https://betimate.com/it/football-predictions/zulte-waregem-w-vs-gent-w/2026-10-03/game;16;2026-10-04 14:11;;2026-10-04 15:26;0;0;;;
2026-10-03;2026-10-03;19:30;2026-10-03;17:30;Super League Femminile Belgio;Belgium Super League Women;belgium-super-league-women;BSLW;Standard Liege (W);Genk (W);42;20;38;1;2-1;2.91;20°C · pioggia 0% · vento 9 km/h;2.75;48.67;51.33;O;50;50;Si;0-2;0;2;2;0;;https://betimate.com/it/football-predictions/standard-liege-w-vs-genk-w/2026-10-03/game;16;2026-10-04 14:11;;2026-10-04 15:26;0;0;;;
2026-10-03;2026-10-03;19:42;2026-10-03;17:42;Messico - Liga TDP;Mexico Liga TDP;mexico-liga-tdp;MLT;Atletico ECCA;Centro De Especializacion De Futbolistas Lu;40;25;35;1;1-0;2.35;;3.5;57.28;42.72;U;50;50;Si;0-4;0;4;2;0;;https://betimate.com/it/football-predictions/atletico-ecca-vs-centro-de-especializacion-de-futbolistas-lu/2026-10-03/game;16;2026-10-04 14:11;;2026-10-04 15:26;0;0;;;
2026-10-03;2026-10-03;19:45;2026-10-03;17:45;Liga Profesional Argentina;Argentina Liga Profesional;argentina-liga-profesional;ALP;Defensa y Justicia;San Lorenzo;38;32;30;1;1-0;2.03;16°C · pioggia 65% · vento 7 km/h;2;50.06;49.94;U;53;47;No;3-0;3;0;1;1;;https://betimate.com/it/football-predictions/san-lorenzo-vs-defensa-y-justicia/2026-10-03/game;16;2026-10-04 14:11;;2026-10-04 15:26;0;0;;;
2026-10-03;2026-10-03;20:00;2026-10-03;18:00;Amichevoli internazionali;International Match;international-match;IM;Canada;Perù;57;23;20;1;1-0;2.45;;2.5;50.4;49.6;U;55;45;No;2-0;2;0;1;1;;https://betimate.com/it/football-predictions/peru-vs-canada/2026-10-03/game;1;2026-10-04 14:11;;2026-10-04 15:26;0;0;;;
2026-10-03;2026-10-03;20:00;2026-10-03;18:00;Botola 2 marocchina;Morocco GNF 2;morocco-gnf-2;Ma2;Mouloudia Oujda;Olympique Dcheira;39;26;35;1;1-0;2.29;28°C · pioggia 0% · vento 7 km/h;2;47.63;52.37;O;50;50;Si;2-1;2;1;1;1;;https://betimate.com/it/football-predictions/olympique-dcheira-vs-mouloudia-oujda/2026-10-03/game;2;2026-10-04 14:11;;2026-10-04 15:26;0;0;;;
2026-10-03;2026-10-03;20:00;2026-10-03;18:00;Botola Pro marocchina;Morocco GNF 1;morocco-gnf-1;Ma1;CODM Meknes;KACM Marrakesh;35;30;35;1;1-0;2.25;29°C · pioggia 3% · vento 5 km/h;2;47.97;52.03;O;50;50;Si;0-1;0;1;2;0;;https://betimate.com/it/football-predictions/kacm-marrakesh-vs-codm-meknes/2026-10-03/game;1;2026-10-04 14:11;;2026-10-04 15:26;0;0;;;
2026-10-03;2026-10-03;20:00;2026-10-03;18:00;Botola Pro marocchina;Morocco GNF 1;morocco-gnf-1;Ma1;Difaa El Jadida;WAC Casablanca;33;27;40;2;0-1;2.61;23°C · pioggia 3% · vento 9 km/h;2;44.8;55.2;O;45;55;Si;0-2;0;2;2;1;;https://betimate.com/it/football-predictions/wac-casablanca-vs-difaa-el-jadida/2026-10-03/game;1;2026-10-04 14:11;;2026-10-04 15:26;0;0;;;
2026-10-03;2026-10-03;20:00;2026-10-03;18:00;Brazil Campeonato Capixaba Women;Brazil Campeonato Capixaba Women;brazil-campeonato-capixaba-women;BCCW;FC Estadual (W);Harpia (W);49;20;31;1;2-1;3;;3.5;52.77;47.23;U;49;51;Si;3-0;3;0;1;1;;https://betimate.com/it/football-predictions/fc-estadual-w-vs-harpia-w/2026-10-03/game;48;2026-10-04 14:11;;2026-10-04 15:26;0;0;;;
2026-10-03;2026-10-03;20:00;2026-10-03;18:00;Campeonato Alagoano U20 brasiliano;Brazil Campeonato Alagoano U20;brazil-campeonato-alagoano-u20;BCAU;CRB U20;Inter Alagoano U20;66;15;19;1;2-1;4.06;28°C · pioggia 90% · vento 23 km/h;2.75;42.22;57.78;O;39;61;Si;4-0;4;0;1;1;;https://betimate.com/it/football-predictions/crb-u20-vs-inter-alagoano-u20/2026-10-03/game;48;2026-10-04 14:11;;2026-10-04 15:26;0;0;;;
2026-10-03;2026-10-03;20:00;2026-10-03;18:00;Campeonato Alagoano U20 brasiliano;Brazil Campeonato Alagoano U20;brazil-campeonato-alagoano-u20;BCAU;CSA U20;CSE U20;58;21;21;1;1-0;2.45;28°C · pioggia 90% · vento 23 km/h;2.75;51.9;48.1;U;52;48;No;;;;;;;https://betimate.com/it/football-predictions/csa-u20-vs-cse-u20/2026-10-03/game;16;2026-10-04 14:11;;2026-10-04 15:26;0;0;;;
2026-10-03;2026-10-03;20:00;2026-10-03;18:00;Campeonato Baiano brasiliano femminile;Brazil Campeonato Baiano Women;brazil-campeonato-baiano-women;BCBW;Barcelona de Ilheus (W);Bahia (W);2;3;95;2;0-4;5.84;;5.5;48.45;51.55;O;51;49;No;1-11;1;11;2;1;;https://betimate.com/it/football-predictions/barcelona-de-ilheus-w-vs-bahia-w/2026-10-03/game;48;2026-10-04 14:11;;2026-10-04 15:26;0;0;;;
2026-10-03;2026-10-03;20:00;2026-10-03;18:00;Campeonato Carioca B Brasile;Brazil Campeonato Carioca B;brazil-campeonato-carioca-b;BCCB;Artsul Futebol Clube;Serrano;42;29;29;1;1-0;1.84;21°C · pioggia 90% · vento 13 km/h;2;51.87;48.13;U;56;44;No;3-4;3;4;2;0;;https://betimate.com/it/football-predictions/artsul-futebol-clube-vs-serrano/2026-10-03/game;16;2026-10-04 14:11;;2026-10-04 15:26;0;0;;;
2026-10-03;2026-10-03;20:00;2026-10-03;18:00;Campeonato Carioca B Brasile;Brazil Campeonato Carioca B;brazil-campeonato-carioca-b;BCCB;Audax Rio;Nova Cidade;40;25;35;1;1-0;2.5;22°C · pioggia 94% · vento 9 km/h;2.25;48.2;51.8;O;48;52;Si;0-0;0;0;X;0;;https://betimate.com/it/football-predictions/audax-rio-vs-nova-cidade/2026-10-03/game;16;2026-10-04 14:11;;2026-10-04 15:26;0;0;;;
2026-10-03;2026-10-03;20:00;2026-10-03;18:00;Campeonato Carioca B Brasile;Brazil Campeonato Carioca B;brazil-campeonato-carioca-b;BCCB;Campo Grande AC;Petropolis;42;28;30;1;1-0;2.01;;2;50.21;49.79;U;54;46;No;0-0;0;0;X;0;;https://betimate.com/it/football-predictions/campo-grande-ac-vs-petropolis/2026-10-03/game;16;2026-10-04 14:11;;2026-10-04 15:26;0;0;;;
2026-10-03;2026-10-03;20:00;2026-10-03;18:00;Campeonato Carioca B Brasile;Brazil Campeonato Carioca B;brazil-campeonato-carioca-b;BCCB;Goytacaz;Duque de Caxias FC;44;27;29;1;1-0;1.96;22°C · pioggia 100% · vento 12 km/h;2.25;52.34;47.66;U;54;46;No;2-1;2;1;1;1;;https://betimate.com/it/football-predictions/duque-de-caxias-fc-vs-goytacaz/2026-10-03/game;16;2026-10-04 14:11;;2026-10-04 15:26;0;0;;;
2026-10-03;2026-10-03;20:00;2026-10-03;18:00;Campeonato Carioca B Brasile;Brazil Campeonato Carioca B;brazil-campeonato-carioca-b;BCCB;Niteroiense;Sao Cristovao RJ;47;27;26;1;1-0;2.07;;2;49.66;50.34;O;54;46;No;1-0;1;0;1;1;;https://betimate.com/it/football-predictions/sao-cristovao-rj-vs-niteroiense/2026-10-03/game;16;2026-10-04 14:11;;2026-10-04 15:26;0;0;;;
2026-10-03;2026-10-03;20:00;2026-10-03;18:00;Campeonato Carioca U20 brasiliano;Brazil Campeonato Carioca U20;brazil-campeonato-carioca-u20;BCCU;Botafogo RJ U20;Marica RJ U20;67;17;16;1;2-0;2.75;21°C · pioggia 94% · vento 11 km/h;2.75;49.93;50.07;O;52;48;No;4-1;4;1;1;1;;https://betimate.com/it/football-predictions/botafogo-rj-u20-vs-marica-rj-u20/2026-10-03/game;16;2026-10-04 14:11;;2026-10-04 15:26;0;0;;;
2026-10-03;2026-10-03;20:00;2026-10-03;18:00;Campeonato Carioca U20 brasiliano;Brazil Campeonato Carioca U20;brazil-campeonato-carioca-u20;BCCU;Volta Redonda U20;Portuguesa RJ U20;33;22;45;2;0-1;2.36;21°C · pioggia 94% · vento 7 km/h;2.5;50.65;49.35;U;50;50;Si;3-2;3;2;1;0;;https://betimate.com/it/football-predictions/volta-redonda-u20-vs-portuguesa-rj-u20/2026-10-03/game;16;2026-10-04 14:11;;2026-10-04 15:26;0;0;;;
2026-10-03;2026-10-03;20:00;2026-10-03;18:00;Campeonato Catarinense brasiliano femminile;Brazil Campeonato Catarinense Women;brazil-campeonato-catarinense-women;BCCW;Marcilio Dias (W);Avai Women;11;12;77;2;0-2;3.43;;3.25;48.81;51.19;O;53;47;No;2-0;2;0;1;0;;https://betimate.com/it/football-predictions/avai-women-vs-marcilio-dias-w/2026-10-03/game;48;2026-10-04 14:11;;2026-10-04 15:26;0;0;;;
2026-10-03;2026-10-03;20:00;2026-10-03;18:00;Campeonato Gaúcho 2 Brasile;Brazil Campeonato Gaucho 2;brazil-campeonato-gaucho-2;BCG2;APAFUT;Santa Cruz RS;41;27;32;1;1-0;2.11;;2;49.27;50.73;O;52;48;No;1-0;1;0;1;1;;https://betimate.com/it/football-predictions/apafut-vs-santa-cruz-rs/2026-10-03/game;16;2026-10-04 14:11;;2026-10-04 15:26;0;0;;;
2026-10-03;2026-10-03;20:00;2026-10-03;18:00;Campeonato Gaúcho 2 Brasile;Brazil Campeonato Gaucho 2;brazil-campeonato-gaucho-2;BCG2;Brasil de Farroupilha;Passo Fundo RS;32;27;41;2;0-1;2.13;26°C · pioggia 24% · vento 16 km/h;1.75;47.21;52.79;O;52;48;No;0-2;0;2;2;1;;https://betimate.com/it/football-predictions/passo-fundo-rs-vs-brasil-de-farroupilha/2026-10-03/game;16;2026-10-04 14:11;;2026-10-04 15:26;0;0;;;
2026-10-03;2026-10-03;20:00;2026-10-03;18:00;Campeonato Gaúcho 3 Brasile;Brazil Campeonato Gaucho 3;brazil-campeonato-gaucho-3;BCG3;Gremio Atletico Farroupilha;EC Novo Horizonte;62;18;20;1;2-1;3.31;;3.25;49.67;50.33;O;44;56;Si;;;;;;;https://betimate.com/it/football-predictions/ec-novo-horizonte-vs-gremio-atletico-farroupilha/2026-10-03/game;48;2026-10-04 14:11;;2026-10-04 15:26;0;0;;;
2026-10-03;2026-10-03;20:00;2026-10-03;18:00;Campeonato Gaúcho 3 Brasile;Brazil Campeonato Gaucho 3;brazil-campeonato-gaucho-3;BCG3;Rio Grande;Real Sport Club;27;26;47;2;0-1;2.21;;2;48.34;51.66;O;52;48;No;;;;;;;https://betimate.com/it/football-predictions/real-sport-club-vs-rio-grande/2026-10-03/game;48;2026-10-04 14:11;;2026-10-04 15:26;0;0;;;
2026-10-03;2026-10-03;20:00;2026-10-03;18:00;Campeonato Gaúcho Femminile Brasile;Brazil Gaucho Women;brazil-gaucho-women;BGW;Gremio (W);Internacional (W);57;18;25;1;2-1;2.97;24°C · pioggia 0% · vento 13 km/h;2.5;46.84;53.16;O;51;49;No;0-0;0;0;X;0;;https://betimate.com/it/football-predictions/gremio-w-vs-internacional-w/2026-10-03/game;16;2026-10-04 14:11;;2026-10-04 15:26;0;0;;;
2026-10-03;2026-10-03;20:00;2026-10-03;18:00;Campeonato Mineiro 3 brasiliano;Brazil Campeonato Mineiro 3;brazil-campeonato-mineiro-3;BCM3;EC Siderurgica MG;Araxa EC MG;37;23;40;2;0-1;2.8;;2.75;49.63;50.37;O;45;55;Si;0-3;0;3;2;1;;https://betimate.com/it/football-predictions/araxa-ec-mg-vs-ec-siderurgica-mg/2026-10-03/game;48;2026-10-04 14:11;;2026-10-04 15:26;0;0;;;
2026-10-03;2026-10-03;20:00;2026-10-03;18:00;Campeonato Mineiro 3 brasiliano;Brazil Campeonato Mineiro 3;brazil-campeonato-mineiro-3;BCM3;Paracatu FC;Funorte MG;58;21;21;1;1-0;2.83;;2.75;49.45;50.55;O;47;53;Si;3-0;3;0;1;1;;https://betimate.com/it/football-predictions/paracatu-fc-vs-funorte-mg/2026-10-03/game;48;2026-10-04 14:11;;2026-10-04 15:26;0;0;;;
2026-10-03;2026-10-03;20:00;2026-10-03;18:00;Campeonato Mineiro U20 Brasile;Brazil Campeonato Mineiro U20;brazil-campeonato-mineiro-u20;BCMU;Cruzeiro U20;Athletic Club MG U20;54;19;27;1;2-1;2.99;21°C · pioggia 100% · vento 8 km/h;2.75;48.26;51.74;O;45;55;Si;3-0;3;0;1;1;;https://betimate.com/it/football-predictions/cruzeiro-u20-vs-athletic-club-mg-u20/2026-10-03/game;16;2026-10-04 14:11;;2026-10-04 15:26;0;0;;;
2026-10-03;2026-10-03;20:00;2026-10-03;18:00;Campeonato Mineiro brasiliano femminile;Brazil Campeonato Mineiro Women;brazil-campeonato-mineiro-women;BCMW;Cruzeiro (W);America MG (W);77;11;12;1;3-1;4.46;21°C · pioggia 100% · vento 8 km/h;3.25;43.24;56.76;O;44;56;Si;1-0;1;0;1;1;;https://betimate.com/it/football-predictions/cruzeiro-w-vs-america-mg-w/2026-10-03/game;48;2026-10-04 14:11;;2026-10-04 15:26;0;0;;;
2026-10-03;2026-10-03;20:00;2026-10-03;18:00;Campeonato Paulista Série B U20 Brasile;Brazil Campeonato Paulista Serie B U20;brazil-campeonato-paulista-serie-b-u20;BCPS;Taubate U20;Rio Branco SP U20;25;18;57;2;1-2;3.1;;2.25;44.33;55.67;O;44;56;Si;3-2;3;2;1;0;;https://betimate.com/it/football-predictions/taubate-u20-vs-rio-branco-sp-u20/2026-10-03/game;48;2026-10-04 14:11;;2026-10-04 15:26;0;0;;;
2026-10-03;2026-10-03;20:00;2026-10-03;18:00;Campionato Riserve El Salvador;El Salvador Reserves League;el-salvador-reserves-league;ESRL;CD Aguila Reserves;CD Cacahuatique Reserves;55;21;24;1;1-0;2.54;30°C · pioggia 31% · vento 3 km/h;3.25;54.81;45.19;U;50;50;Si;0-1;0;1;2;0;;https://betimate.com/it/football-predictions/cd-aguila-reserves-vs-cd-cacahuatique-reserves/2026-10-03/game;16;2026-10-04 14:11;;2026-10-04 15:26;0;0;;;
2026-10-03;2026-10-03;20:00;2026-10-03;18:00;Clausura Uruguay;Uruguay Clausura;uruguay-clausura;UC;Albion FC;Defensor Sporting;36;32;32;1;1-0;1.98;14°C · pioggia 86% · vento 11 km/h;2.25;52.33;47.67;U;53;47;No;3-2;3;2;1;1;;https://betimate.com/it/football-predictions/defensor-sporting-vs-albion-fc/2026-10-03/game;16;2026-10-04 14:11;;2026-10-04 15:26;0;0;;;
2026-10-03;2026-10-03;20:00;2026-10-03;18:00;College Championship USA;USA College Championship;usa-college-championship;UCC;George Washington;Rhode Island Rams;28;23;49;2;1-2;2.88;17°C · pioggia 26% · vento 4 km/h;2.75;49.07;50.93;O;45;55;Si;0-1;0;1;2;1;;https://betimate.com/it/football-predictions/rhode-island-rams-vs-george-washington/2026-10-03/game;48;2026-10-04 14:11;;2026-10-04 15:26;0;0;;;
2026-10-03;2026-10-03;20:00;2026-10-03;18:00;College Championship USA;USA College Championship;usa-college-championship;UCC;Northern Illinois Huskies;Northern Kentucky Norse;56;22;22;1;1-0;2.72;16°C · pioggia 0% · vento 16 km/h;2.5;48.58;51.42;O;48;52;Si;3-0;3;0;1;1;;https://betimate.com/it/football-predictions/northern-illinois-huskies-vs-northern-kentucky-norse/2026-10-03/game;48;2026-10-04 14:11;;2026-10-04 15:26;0;0;;;
2026-10-03;2026-10-03;20:00;2026-10-03;18:00;College Championship USA;USA College Championship;usa-college-championship;UCC;St. Thomas (MN) Tommies;Kansas City Roos;30;24;46;2;0-1;2.44;17°C · pioggia 11% · vento 24 km/h;2.25;48.66;51.34;O;49;51;Si;0-1;0;1;2;1;;https://betimate.com/it/football-predictions/kansas-city-roos-vs-st-thomas-mn-tommies/2026-10-03/game;48;2026-10-04 14:11;;2026-10-04 15:26;0;0;;;
2026-10-03;2026-10-03;20:00;2026-10-03;18:00;Copa Paulista (Brasile);Brazil Paulista Cup;brazil-paulista-cup;BPC;Uniao Sao Joao;Gremio Prudente;48;27;25;1;1-0;2.12;;2;49.16;50.84;O;53;47;No;2-1;2;1;1;1;;https://betimate.com/it/football-predictions/gremio-prudente-vs-uniao-sao-joao/2026-10-03/game;16;2026-10-04 14:11;;2026-10-04 15:26;0;0;;;
2026-10-03;2026-10-03;20:00;2026-10-03;18:00;Copa Sul U20 brasiliana;Brazil Copa Sul U20;brazil-copa-sul-u20;BCSU;Criciuma U20;Chapecoense U20;64;15;21;1;2-1;3.9;;2.5;42.11;57.89;O;39;61;Si;1-1;1;1;X;0;;https://betimate.com/it/football-predictions/chapecoense-u20-vs-criciuma-u20/2026-10-03/game;16;2026-10-04 14:11;;2026-10-04 15:26;0;0;;;
2026-10-03;2026-10-03;20:00;2026-10-03;18:00;Ecuador - LigaPro Serie B;Ecuador LigaPro Serie B;ecuador-ligapro-serie-b;ELSB;Club 9 de Octubre;Atletico FC Guayaquil;42;29;29;1;1-0;1.79;29°C · pioggia 63% · vento 1 km/h;1.75;49.82;50.18;O;57;43;No;0-1;0;1;2;0;;https://betimate.com/it/football-predictions/club-9-de-octubre-vs-atletico-fc-guayaquil/2026-10-03/game;16;2026-10-04 14:11;;2026-10-04 15:26;0;0;;;
2026-10-03;2026-10-03;20:00;2026-10-03;18:00;Eerste Divisie Paesi Bassi;Netherlands Eerste Divisie;netherlands-eerste-divisie;Nl2;Almere City FC;FC Volendam;49;24;27;1;2-1;3.43;18°C · pioggia 0% · vento 7 km/h;3.5;50.08;49.92;U;38;62;Si;1-0;1;0;1;1;;https://betimate.com/it/football-predictions/almere-city-fc-vs-fc-volendam/2026-10-03/game;5;2026-10-04 14:11;;2026-10-04 15:26;0;0;;;
2026-10-03;2026-10-03;20:00;2026-10-03;18:00;Eerste Divisie Paesi Bassi;Netherlands Eerste Divisie;netherlands-eerste-divisie;Nl2;FC Den Bosch;FC Dordrecht;48;24;28;1;2-1;3.27;18°C · pioggia 0% · vento 5 km/h;3.5;51.09;48.91;U;40;60;Si;1-1;1;1;X;0;;https://betimate.com/it/football-predictions/fc-dordrecht-vs-fc-den-bosch/2026-10-03/game;5;2026-10-04 14:11;;2026-10-04 15:26;0;0;;;
2026-10-03;2026-10-03;20:00;2026-10-03;18:00;Eerste Divisie Paesi Bassi;Netherlands Eerste Divisie;netherlands-eerste-divisie;Nl2;FC Eindhoven;De Graafschap;35;24;41;2;1-2;3.31;18°C · pioggia 0% · vento 8 km/h;3.25;49.5;50.5;O;38;62;Si;2-2;2;2;X;0;;https://betimate.com/it/football-predictions/fc-eindhoven-vs-de-graafschap/2026-10-03/game;5;2026-10-04 14:11;;2026-10-04 15:26;0;0;;;
2026-10-03;2026-10-03;20:00;2026-10-03;18:00;Eerste Divisie Paesi Bassi;Netherlands Eerste Divisie;netherlands-eerste-divisie;Nl2;RKC;FC Emmen;59;21;20;1;2-1;3.54;18°C · pioggia 0% · vento 4 km/h;3.25;48.01;51.99;O;39;61;Si;1-1;1;1;X;0;;https://betimate.com/it/football-predictions/fc-emmen-vs-rkc/2026-10-03/game;5;2026-10-04 14:11;;2026-10-04 15:26;0;0;;;
2026-10-03;2026-10-03;20:00;2026-10-03;18:00;Liga Premier Serie B Messico;Mexico Liga Premier B;mexico-liga-premier-b;MLPB;Irapuato II;CD Cruz Azul Lagunas;50;22;28;1;1-0;2.83;;2.75;49.37;50.63;O;46;54;Si;;;;;;;https://betimate.com/it/football-predictions/cd-cruz-azul-lagunas-vs-irapuato-ii/2026-10-03/game;48;2026-10-04 14:11;;2026-10-04 15:26;0;0;;;
2026-10-03;2026-10-03;20:00;2026-10-03;18:00;National Division 1 Belgio;Belgium First Amateur Division;belgium-first-amateur-division;BFAD;Hoogstraten VV;KVC Houtvenne;40;20;40;1;2-1;3.81;15°C · pioggia 0% · vento 6 km/h;3.25;46.67;53.33;O;37;63;Si;3-0;3;0;1;1;;https://betimate.com/it/football-predictions/kvc-houtvenne-vs-hoogstraten-vv/2026-10-03/game;5;2026-10-04 14:11;;2026-10-04 15:26;0;0;;;
2026-10-03;2026-10-03;20:00;2026-10-03;18:00;National Division 1 Belgio;Belgium First Amateur Division;belgium-first-amateur-division;BFAD;K Lyra-Lierse Berlaar;SK Roeselare;29;21;50;2;1-2;3.29;;2.75;46.55;53.45;O;42;58;Si;0-3;0;3;2;1;;https://betimate.com/it/football-predictions/k-lyra-lierse-berlaar-vs-sk-roeselare/2026-10-03/game;5;2026-10-04 14:11;;2026-10-04 15:26;0;0;;;
2026-10-03;2026-10-03;20:00;2026-10-03;18:00;National Division 1 Belgio;Belgium First Amateur Division;belgium-first-amateur-division;BFAD;KSK Heist;Cercle Brugge Reserves;72;14;14;1;3-1;4.37;16°C · pioggia 0% · vento 9 km/h;3.5;45.59;54.41;O;39;61;Si;3-1;3;1;1;1;;https://betimate.com/it/football-predictions/ksk-heist-vs-cercle-brugge-reserves/2026-10-03/game;5;2026-10-04 14:11;;2026-10-04 15:26;0;0;;;
2026-10-03;2026-10-03;20:00;2026-10-03;18:00;National Division 1 Belgio;Belgium First Amateur Division;belgium-first-amateur-division;BFAD;KVV Thes Sport;KVV Zelzate;54;20;26;1;2-1;3.21;17°C · pioggia 0% · vento 8 km/h;3;48.54;51.46;O;43;57;Si;1-1;1;1;X;0;;https://betimate.com/it/football-predictions/kvv-zelzate-vs-kvv-thes-sport/2026-10-03/game;5;2026-10-04 14:11;;2026-10-04 15:26;0;0;;;
2026-10-03;2026-10-03;20:00;2026-10-03;18:00;National Division 1 Belgio;Belgium First Amateur Division;belgium-first-amateur-division;BFAD;RAEC Mons;FC Flenu;77;13;10;1;2-0;3.63;18°C · pioggia 0% · vento 10 km/h;3.25;47.89;52.11;O;48;52;Si;4-0;4;0;1;1;;https://betimate.com/it/football-predictions/raec-mons-vs-fc-flenu/2026-10-03/game;5;2026-10-04 14:11;;2026-10-04 15:26;0;0;;;
2026-10-03;2026-10-03;20:00;2026-10-03;18:00;National Division 1 Belgio;Belgium First Amateur Division;belgium-first-amateur-division;BFAD;RFC Mandel Utd;Belisia Bilzen SV;38;22;40;2;1-2;3.04;;3;49.72;50.28;O;43;57;Si;1-0;1;0;1;0;;https://betimate.com/it/football-predictions/belisia-bilzen-sv-vs-rfc-mandel-utd/2026-10-03/game;5;2026-10-04 14:11;;2026-10-04 15:26;0;0;;;
2026-10-03;2026-10-03;20:00;2026-10-03;18:00;National Division 1 Belgio;Belgium First Amateur Division;belgium-first-amateur-division;BFAD;ROC Charleroi;RFC Meux;26;20;54;2;1-2;3.36;19°C · pioggia 0% · vento 10 km/h;2.75;46.14;53.86;O;42;58;Si;1-1;1;1;X;0;;https://betimate.com/it/football-predictions/roc-charleroi-vs-rfc-meux/2026-10-03/game;5;2026-10-04 14:11;;2026-10-04 15:26;0;0;;;
2026-10-03;2026-10-03;20:00;2026-10-03;18:00;National Division 1 Belgio;Belgium First Amateur Division;belgium-first-amateur-division;BFAD;Tubize;RSC Habay;57;22;21;1;1-0;2.57;17°C · pioggia 0% · vento 9 km/h;2.75;51.21;48.79;U;50;50;Si;1-0;1;0;1;1;;https://betimate.com/it/football-predictions/tubize-vs-rsc-habay/2026-10-03/game;5;2026-10-04 14:11;;2026-10-04 15:26;0;0;;;
2026-10-03;2026-10-03;20:00;2026-10-03;18:00;National Division 1 Belgio;Belgium First Amateur Division;belgium-first-amateur-division;BFAD;Union Rochefortoise;Standard Liege II;57;22;21;1;1-0;2.74;;2.75;50.03;49.97;U;48;52;Si;1-0;1;0;1;1;;https://betimate.com/it/football-predictions/union-rochefortoise-vs-standard-liege-ii/2026-10-03/game;5;2026-10-04 14:11;;2026-10-04 15:26;0;0;;;
2026-10-03;2026-10-03;20:00;2026-10-03;18:00;Primera A Femminile Argentina;Argentina Championship Women;argentina-championship-women;ACW;Newell's Old Boys (W);River Plate (W);23;20;57;2;0-1;2.43;;2.5;50.17;49.83;U;57;43;No;0-1;0;1;2;1;;https://betimate.com/it/football-predictions/river-plate-w-vs-newell-s-old-boys-w/2026-10-03/game;4;2026-10-04 14:11;;2026-10-04 15:26;0;0;;;
2026-10-03;2026-10-03;20:00;2026-10-03;18:00;Primera B Cile;Chile Primera B;chile-primera-b;Cl2;Deportes Copiapo;Puerto Montt;41;29;30;1;1-0;2.16;24°C · pioggia 2% · vento 16 km/h;2.5;52.35;47.65;U;52;48;No;3-0;3;0;1;1;;https://betimate.com/it/football-predictions/puerto-montt-vs-deportes-copiapo/2026-10-03/game;5;2026-10-04 14:11;;2026-10-04 15:26;0;0;;;
2026-10-03;2026-10-03;20:00;2026-10-03;18:00;Primera B Cile;Chile Primera B;chile-primera-b;Cl2;Deportes Recoleta;Santiago Wanderers;39;27;34;1;1-0;2.55;19°C · pioggia 0% · vento 9 km/h;2.25;48.14;51.86;O;48;52;Si;2-1;2;1;1;1;;https://betimate.com/it/football-predictions/santiago-wanderers-vs-deportes-recoleta/2026-10-03/game;5;2026-10-04 14:11;;2026-10-04 15:26;0;0;;;
2026-10-03;2026-10-03;20:00;2026-10-03;18:00;Primera B Metropolitana argentina;Argentina Primera B Metropolitana;argentina-primera-b-metropolitana;Ar3;Atletico Camioneros;Deportivo Laferrere;52;24;24;1;1-0;2.45;16°C · pioggia 61% · vento 5 km/h;2;46.38;53.62;O;50;50;Si;1-2;1;2;2;0;;https://betimate.com/it/football-predictions/deportivo-laferrere-vs-atletico-camioneros/2026-10-03/game;3;2026-10-04 14:11;;2026-10-04 15:26;0;0;;;
2026-10-03;2026-10-03;20:00;2026-10-03;18:00;Primera B Metropolitana argentina;Argentina Primera B Metropolitana;argentina-primera-b-metropolitana;Ar3;CS Dock Sud;Deportivo Armenio;36;28;36;1;1-0;2.07;16°C · pioggia 75% · vento 7 km/h;2;49.61;50.39;O;53;47;No;0-3;0;3;2;0;;https://betimate.com/it/football-predictions/cs-dock-sud-vs-deportivo-armenio/2026-10-03/game;2;2026-10-04 14:11;;2026-10-04 15:26;0;0;;;
2026-10-03;2026-10-03;20:00;2026-10-03;18:00;Primera B Metropolitana argentina;Argentina Primera B Metropolitana;argentina-primera-b-metropolitana;Ar3;Defensores Unidos;Argentino Quilmes;40;30;30;1;1-0;1.76;17°C · pioggia 57% · vento 2 km/h;1.75;50.05;49.95;U;57;43;No;1-1;1;1;X;0;;https://betimate.com/it/football-predictions/defensores-unidos-vs-argentino-quilmes/2026-10-03/game;2;2026-10-04 14:11;;2026-10-04 15:26;0;0;;;
2026-10-03;2026-10-03;20:00;2026-10-03;18:00;Primera B Metropolitana argentina;Argentina Primera B Metropolitana;argentina-primera-b-metropolitana;Ar3;Deportivo Liniers;Excursionistas;27;24;49;2;0-1;2.52;16°C · pioggia 61% · vento 4 km/h;2;45.86;54.14;O;49;51;Si;1-0;1;0;1;0;;https://betimate.com/it/football-predictions/excursionistas-vs-deportivo-liniers/2026-10-03/game;3;2026-10-04 14:11;;2026-10-04 15:26;0;0;;;
2026-10-03;2026-10-03;20:00;2026-10-03;18:00;Primera B Metropolitana argentina;Argentina Primera B Metropolitana;argentina-primera-b-metropolitana;Ar3;Real Pilar;Villa Dalmine;39;30;31;1;1-0;1.69;17°C · pioggia 51% · vento 2 km/h;1.75;50.67;49.33;U;58;42;No;2-0;2;0;1;1;;https://betimate.com/it/football-predictions/villa-dalmine-vs-real-pilar/2026-10-03/game;3;2026-10-04 14:11;;2026-10-04 15:26;0;0;;;
2026-10-03;2026-10-03;20:00;2026-10-03;18:00;Primera B Metropolitana argentina;Argentina Primera B Metropolitana;argentina-primera-b-metropolitana;Ar3;San Martin De Burzaco;Argentino Merlo;40;27;33;1;1-0;2.19;16°C · pioggia 61% · vento 6 km/h;2;48.53;51.47;O;51;49;No;2-1;2;1;1;1;;https://betimate.com/it/football-predictions/argentino-merlo-vs-san-martin-de-burzaco/2026-10-03/game;3;2026-10-04 14:11;;2026-10-04 15:26;0;0;;;
2026-10-03;2026-10-03;20:00;2026-10-03;18:00;Primera B Metropolitana argentina;Argentina Primera B Metropolitana;argentina-primera-b-metropolitana;Ar3;Villa San Carlos;Arsenal de Sarandi;29;28;43;2;0-1;1.95;14°C · pioggia 84% · vento 9 km/h;1.75;48.57;51.43;O;55;45;No;1-0;1;0;1;0;;https://betimate.com/it/football-predictions/villa-san-carlos-vs-arsenal-de-sarandi/2026-10-03/game;3;2026-10-04 14:11;;2026-10-04 15:26;0;0;;;
2026-10-03;2026-10-03;20:00;2026-10-03;18:00;Primera C Metropolitana argentina;Argentina Primera C Metropolitana;argentina-primera-c-metropolitana;Ar4;Juventud Unida San Miguel;Berazategui;33;28;39;2;0-1;1.94;16°C · pioggia 63% · vento 5 km/h;1.75;48.57;51.43;O;54;46;No;3-2;3;2;1;0;;https://betimate.com/it/football-predictions/berazategui-vs-juventud-unida-san-miguel/2026-10-03/game;3;2026-10-04 14:11;;2026-10-04 15:26;0;0;;;
2026-10-03;2026-10-03;20:00;2026-10-03;18:00;Primera Nacional argentina;Argentina Nacional B;argentina-nacional-b;Ar2;Acassuso;Club Ciudad de Bolivar;38;34;28;1;1-0;1.79;17°C · pioggia 67% · vento 4 km/h;1.75;49.84;50.16;O;57;43;No;0-1;0;1;2;0;;https://betimate.com/it/football-predictions/acassuso-vs-club-ciudad-de-bolivar/2026-10-03/game;2;2026-10-04 14:11;;2026-10-04 15:26;0;0;;;
2026-10-03;2026-10-03;20:00;2026-10-03;18:00;Primera Nacional argentina;Argentina Nacional B;argentina-nacional-b;Ar2;CA San Miguel;Club Atletico Mitre;49;30;21;1;1-0;2.09;17°C · pioggia 57% · vento 5 km/h;2;49.63;50.37;O;54;46;No;0-2;0;2;2;0;;https://betimate.com/it/football-predictions/ca-san-miguel-vs-club-atletico-mitre/2026-10-03/game;2;2026-10-04 14:11;;2026-10-04 15:26;0;0;;;
2026-10-03;2026-10-03;20:00;2026-10-03;18:00;Primera Nacional argentina;Argentina Nacional B;argentina-nacional-b;Ar2;Club Atletico Temperley;Gimnasia Jujuy;53;27;20;1;1-0;2.45;17°C · pioggia 55% · vento 4 km/h;2.25;48.82;51.18;O;51;49;No;2-1;2;1;1;1;;https://betimate.com/it/football-predictions/club-atletico-temperley-vs-gimnasia-jujuy/2026-10-03/game;2;2026-10-04 14:11;;2026-10-04 15:26;0;0;;;
2026-10-03;2026-10-03;20:00;2026-10-03;18:00;Primera Nacional argentina;Argentina Nacional B;argentina-nacional-b;Ar2;Colon;CA Estudiantes Caseros;46;31;23;1;1-0;1.87;21°C · pioggia 12% · vento 9 km/h;2;51.58;48.42;U;56;44;No;1-0;1;0;1;1;;https://betimate.com/it/football-predictions/colon-vs-ca-estudiantes-caseros/2026-10-03/game;2;2026-10-04 14:11;;2026-10-04 15:26;0;0;;;
2026-10-03;2026-10-03;20:00;2026-10-03;18:00;Primera Nacional argentina;Argentina Nacional B;argentina-nacional-b;Ar2;Deportivo Moron;All Boys;59;28;13;1;1-0;1.93;17°C · pioggia 47% · vento 4 km/h;1.75;48.83;51.17;O;61;39;No;2-1;2;1;1;1;;https://betimate.com/it/football-predictions/all-boys-vs-deportivo-moron/2026-10-03/game;2;2026-10-04 14:11;;2026-10-04 15:26;0;0;;;
2026-10-03;2026-10-03;20:00;2026-10-03;18:00;Primera Nacional argentina;Argentina Nacional B;argentina-nacional-b;Ar2;Tristan Suarez;Quilmes;52;33;15;1;1-0;1.61;17°C · pioggia 55% · vento 5 km/h;1.75;51.62;48.38;U;64;36;No;0-0;0;0;X;0;;https://betimate.com/it/football-predictions/quilmes-vs-tristan-suarez/2026-10-03/game;2;2026-10-04 14:11;;2026-10-04 15:26;0;0;;;
2026-10-03;2026-10-03;20:00;2026-10-03;18:00;Segunda División Cile;Chile Segunda;chile-segunda;CS;Real Juventud San Joaquin;Lota Schwager;33;24;43;2;0-1;2.46;;2.5;50.15;49.85;U;49;51;Si;0-2;0;2;2;1;;https://betimate.com/it/football-predictions/real-juventud-san-joaquin-vs-lota-schwager/2026-10-03/game;6;2026-10-04 14:11;;2026-10-04 15:26;0;0;;;
2026-10-03;2026-10-03;20:00;2026-10-03;18:00;Serie D (Italia);Italy Serie D;italy-serie-d;lt4;Calcio Schio;Unione La Rocca Altavilla;33;30;37;2;0-1;1.87;;1.75;49.25;50.75;O;55;45;No;;;;;;;https://betimate.com/it/football-predictions/unione-la-rocca-altavilla-vs-calcio-schio/2026-10-03/game;24;2026-10-04 14:11;;2026-10-04 15:26;0;0;;;
2026-10-03;2026-10-03;20:30;2026-10-03;18:30;Brasile - Campeonato Goiano 2;Brazil Campeonato Goiano 2;brazil-campeonato-goiano-2;BCG2;Sao Luis GO;Goiania;49;26;25;1;1-0;2.15;;2;48.93;51.07;O;53;47;No;1-1;1;1;X;0;;https://betimate.com/it/football-predictions/goiania-vs-sao-luis-go/2026-10-03/game;48;2026-10-04 14:11;;2026-10-04 15:26;0;0;;;
2026-10-03;2026-10-03;20:30;2026-10-03;18:30;Brazil Campeonato Brasiliense Women;Brazil Campeonato Brasiliense Women;brazil-campeonato-brasiliense-women;BCBW;Cresspom (W);Minas Brasilia DF (W);3;5;92;2;0-4;5.23;;3.5;41.68;58.32;O;51;49;No;1-1;1;1;X;0;;https://betimate.com/it/football-predictions/cresspom-w-vs-minas-brasilia-df-w/2026-10-03/game;16;2026-10-04 14:11;;2026-10-04 15:26;0;0;;;
2026-10-03;2026-10-03;20:30;2026-10-03;18:30;Campeonato Brasiliense B brasiliano;Brazil Campeonato Brasiliense B;brazil-campeonato-brasiliense-b;BCBB;Planaltina;Legiao FC;53;24;23;1;1-0;2.48;;2.25;48.48;51.52;O;50;50;Si;2-3;2;3;2;0;;https://betimate.com/it/football-predictions/legiao-fc-vs-planaltina/2026-10-03/game;16;2026-10-04 14:11;;2026-10-04 15:26;0;0;;;
2026-10-03;2026-10-03;20:30;2026-10-03;18:30;Campeonato Paranaense 3 brasiliano;Brazil Campeonato Paranaense 3;brazil-campeonato-paranaense-3;BCP3;City London FC;PSTC;47;23;30;1;1-0;2.77;;2.25;46.45;53.55;O;46;54;Si;1-0;1;0;1;1;;https://betimate.com/it/football-predictions/pstc-vs-city-london-fc/2026-10-03/game;16;2026-10-04 14:11;;2026-10-04 15:26;0;0;;;
2026-10-03;2026-10-03;20:30;2026-10-03;18:30;Copa Goiás U20 brasiliana;Brazil Copa Goias U20;brazil-copa-goias-u20;BCGU;Trindade U20;Vila Nova U20;35;19;46;2;1-2;3.54;;2.75;44.9;55.1;O;39;61;Si;2-0;2;0;1;0;;https://betimate.com/it/football-predictions/vila-nova-u20-vs-trindade-u20/2026-10-03/game;16;2026-10-04 14:11;;2026-10-04 15:26;0;0;;;
2026-10-03;2026-10-03;20:30;2026-10-03;18:30;Coppa del Golfo;Gulf Cup;gulf-cup;GC;Emirati Arabi Uniti;Oman;53;24;23;1;1-0;2.54;;2.25;48.12;51.88;O;53;47;No;1-0;1;0;1;1;;https://betimate.com/it/football-predictions/oman-vs-united-arab-emirates/2026-10-03/game;16;2026-10-04 14:11;;2026-10-04 15:26;0;0;;;
2026-10-03;2026-10-03;20:30;2026-10-03;18:30;División de Honor Juvenil (Spagna);Spain Youth League;spain-youth-league;SYL;Atletico Barranco Hondo U19;Las Zocas U19;59;18;23;1;2-1;3.12;;3;49.17;50.83;O;45;55;Si;0-1;0;1;2;0;;https://betimate.com/it/football-predictions/las-zocas-u19-vs-atletico-barranco-hondo-u19/2026-10-03/game;24;2026-10-04 14:11;;2026-10-04 15:26;0;0;;;
2026-10-03;2026-10-03;20:30;2026-10-03;18:30;Primera A Femminile Argentina;Argentina Championship Women;argentina-championship-women;ACW;Lanus (W);Social Atletico Television (W);32;26;42;2;0-1;1.83;;2;51.74;48.26;U;62;38;No;0-0;0;0;X;0;;https://betimate.com/it/football-predictions/social-atletico-television-w-vs-lanus-w/2026-10-03/game;4;2026-10-04 14:11;;2026-10-04 15:26;0;0;;;
2026-10-03;2026-10-03;20:30;2026-10-03;18:30;Serie C Gruppo A Italia;Italy Serie C Group A;italy-serie-c-group-a;lt3;A.C. Ospitaletto;Renate;44;29;27;1;1-0;2.48;;2.5;50.23;49.77;U;50;50;Si;1-1;1;1;X;0;;https://betimate.com/it/football-predictions/renate-vs-a-c-ospitaletto/2026-10-03/game;5;2026-10-04 14:11;;2026-10-04 15:26;0;0;;;
2026-10-03;2026-10-03;20:30;2026-10-03;18:30;Serie C Gruppo A Italia;Italy Serie C Group A;italy-serie-c-group-a;lt3;Pro Vercelli;AC Carpi;39;27;34;1;1-0;2.77;20°C · pioggia 0% · vento 3 km/h;2.5;48.27;51.73;O;44;56;Si;2-0;2;0;1;1;;https://betimate.com/it/football-predictions/pro-vercelli-vs-ac-carpi/2026-10-03/game;5;2026-10-04 14:11;;2026-10-04 15:26;0;0;;;
2026-10-03;2026-10-03;20:30;2026-10-03;18:30;Serie C Gruppo A Italia;Italy Serie C Group A;italy-serie-c-group-a;lt3;US Folgore Caratese;Desenzano;38;32;30;1;1-0;1.92;18°C · pioggia 0% · vento 4 km/h;2.25;52.88;47.12;U;55;45;No;1-2;1;2;2;0;;https://betimate.com/it/football-predictions/us-folgore-caratese-vs-desenzano/2026-10-03/game;5;2026-10-04 14:11;;2026-10-04 15:26;0;0;;;
2026-10-03;2026-10-03;20:30;2026-10-03;18:30;Serie C Gruppo C Italia;Italy Serie C Group C;italy-serie-c-group-c;lt3;Catania;Crotone;52;26;22;1;1-0;2.59;22°C · pioggia 0% · vento 5 km/h;2.5;49.42;50.58;O;48;52;Si;2-1;2;1;1;1;;https://betimate.com/it/football-predictions/crotone-vs-catania/2026-10-03/game;6;2026-10-04 14:11;;2026-10-04 15:26;0;0;;;
2026-10-03;2026-10-03;20:45;2026-10-03;18:45;National Francia;France Ligue 3;france-ligue-3;FL3;Amiens;Villefranche;64;19;17;1;1-0;2.78;16°C · pioggia 0% · vento 8 km/h;2.5;48.32;51.68;O;50;50;Si;3-0;3;0;1;1;;https://betimate.com/it/football-predictions/amiens-vs-villefranche/2026-10-03/game;17;2026-10-04 14:11;;2026-10-04 15:26;0;0;;;
2026-10-03;2026-10-03;20:45;2026-10-03;18:45;National Francia;France Ligue 3;france-ligue-3;FL3;Cannes;US Quevilly;57;23;20;1;1-0;2.51;19°C · pioggia 0% · vento 6 km/h;2.25;48.26;51.74;O;51;49;No;3-1;3;1;1;1;;https://betimate.com/it/football-predictions/us-quevilly-vs-cannes/2026-10-03/game;17;2026-10-04 14:11;;2026-10-04 15:26;0;0;;;
2026-10-03;2026-10-03;20:45;2026-10-03;18:45;National Francia;France Ligue 3;france-ligue-3;FL3;Concarneau;Paris 13 Atletico;42;30;28;1;1-0;2.04;18°C · pioggia 0% · vento 12 km/h;2;50.17;49.83;U;54;46;No;2-1;2;1;1;1;;https://betimate.com/it/football-predictions/concarneau-vs-paris-13-atletico/2026-10-03/game;17;2026-10-04 14:11;;2026-10-04 15:26;0;0;;;
2026-10-03;2026-10-03;20:45;2026-10-03;18:45;National Francia;France Ligue 3;france-ligue-3;FL3;FC Fleury 91;Caen;29;25;46;2;0-1;2.85;;3;51.32;48.68;U;45;55;Si;3-2;3;2;1;0;;https://betimate.com/it/football-predictions/caen-vs-fc-fleury-91/2026-10-03/game;17;2026-10-04 14:11;;2026-10-04 15:26;0;0;;;
2026-10-03;2026-10-03;20:45;2026-10-03;18:45;National Francia;France Ligue 3;france-ligue-3;FL3;La Roche VF;Aubagne Air Bel;60;22;18;1;1-0;2.37;;2.5;50.82;49.18;U;53;47;No;3-1;3;1;1;1;;https://betimate.com/it/football-predictions/la-roche-vf-vs-aubagne-air-bel/2026-10-03/game;17;2026-10-04 14:11;;2026-10-04 15:26;0;0;;;
2026-10-03;2026-10-03;20:45;2026-10-03;18:45;National Francia;France Ligue 3;france-ligue-3;FL3;Le Puy;Thionville FC;49;22;29;1;2-1;3.01;16°C · pioggia 15% · vento 3 km/h;2.5;46.88;53.12;O;44;56;Si;1-0;1;0;1;1;;https://betimate.com/it/football-predictions/le-puy-vs-thionville-fc/2026-10-03/game;17;2026-10-04 14:11;;2026-10-04 15:26;0;0;;;
2026-10-03;2026-10-03;20:45;2026-10-03;18:45;National Francia;France Ligue 3;france-ligue-3;FL3;Rouen;Bourg-Peronnas;55;27;18;1;1-0;1.99;17°C · pioggia 0% · vento 6 km/h;2.5;53.79;46.21;U;57;43;No;2-0;2;0;1;1;;https://betimate.com/it/football-predictions/bourg-peronnas-vs-rouen/2026-10-03/game;17;2026-10-04 14:11;;2026-10-04 15:26;0;0;;;
2026-10-03;2026-10-03;20:45;2026-10-03;18:45;National Francia;France Ligue 3;france-ligue-3;FL3;Versailles 78;Valenciennes;40;27;33;1;1-0;2.45;18°C · pioggia 0% · vento 6 km/h;2.75;52.19;47.81;U;49;51;Si;1-0;1;0;1;1;;https://betimate.com/it/football-predictions/valenciennes-vs-versailles-78/2026-10-03/game;17;2026-10-04 14:11;;2026-10-04 15:26;0;0;;;
2026-10-03;2026-10-03;20:45;2026-10-03;18:45;Serie D (Italia);Italy Serie D;italy-serie-d;lt4;AC Chievo Verona;Tritium;65;19;16;1;2-1;3.51;19°C · pioggia 0% · vento 4 km/h;2.5;44.11;55.89;O;41;59;Si;5-0;5;0;1;1;;https://betimate.com/it/football-predictions/tritium-vs-ac-chievo-verona/2026-10-03/game;24;2026-10-04 14:11;;2026-10-04 15:26;0;0;;;
2026-10-03;2026-10-03;20:45;2026-10-03;18:45;UEFA Nations League A;UEFA Nations League A;uefa-nations-league-a;UNLA;Spagna;Repubblica Ceca;87;9;4;1;3-0;3.83;17°C · pioggia 85% · vento 4 km/h;4;51.3;48.7;U;57;43;No;3-1;3;1;1;1;;https://betimate.com/it/football-predictions/spain-vs-czechia/2026-10-03/game;1;2026-10-04 14:11;;2026-10-04 15:26;0;0;;;
2026-10-03;2026-10-03;20:45;2026-10-03;18:45;UEFA Nations League B;UEFA Nations League B;uefa-nations-league-b;UNLB;Macedonia del Nord;Scozia;16;24;60;2;0-1;2.3;13°C · pioggia 0% · vento 5 km/h;2.25;49.95;50.05;O;58;42;No;0-2;0;2;2;1;;https://betimate.com/it/football-predictions/scotland-vs-north-macedonia/2026-10-03/game;1;2026-10-04 14:11;;2026-10-04 15:26;0;0;;;
2026-10-03;2026-10-03;20:45;2026-10-03;18:45;UEFA Nations League B;UEFA Nations League B;uefa-nations-league-b;UNLB;Svizzera;Slovenia;72;18;10;1;2-0;2.63;17°C · pioggia 0% · vento 3 km/h;2.75;51.02;48.98;U;60;40;No;2-1;2;1;1;1;;https://betimate.com/it/football-predictions/slovenia-vs-switzerland/2026-10-03/game;1;2026-10-04 14:11;;2026-10-04 15:26;0;0;;;
2026-10-03;2026-10-03;21:00;2026-10-03;19:00;Amichevoli internazionali;International Match;international-match;IM;Costa d'Avorio;Camerun;60;23;17;1;1-0;2.49;;2;46.24;53.76;O;56;44;No;0-1;0;1;2;0;;https://betimate.com/it/football-predictions/cameroon-vs-ivory-coast/2026-10-03/game;1;2026-10-04 14:11;;2026-10-04 15:26;0;0;;;
2026-10-03;2026-10-03;21:00;2026-10-03;19:00;Bolivia - Copa División Profesional;Bolivia Copa Division Profesional;bolivia-copa-division-profesional;BCDP;Always Ready;Real Tomayapo;67;18;15;1;2-0;3.86;17°C · pioggia 0% · vento 22 km/h;3.5;48.56;51.44;O;45;55;Si;4-0;4;0;1;1;;https://betimate.com/it/football-predictions/always-ready-vs-real-tomayapo/2026-10-03/game;49;2026-10-04 14:11;;2026-10-04 15:26;0;0;;;
2026-10-03;2026-10-03;21:00;2026-10-03;19:00;Brasile - Campeonato Goiano 2;Brazil Campeonato Goiano 2;brazil-campeonato-goiano-2;BCG2;Gremio Anapolis;Rio Verde GO;28;26;46;2;0-1;2.2;22°C · pioggia 85% · vento 8 km/h;2.5;51.98;48.02;U;52;48;No;1-2;1;2;2;1;;https://betimate.com/it/football-predictions/rio-verde-go-vs-gremio-anapolis/2026-10-03/game;17;2026-10-04 14:11;;2026-10-04 15:26;0;0;;;
2026-10-03;2026-10-03;21:00;2026-10-03;19:00;Campeonato Gaúcho 3 Brasile;Brazil Campeonato Gaucho 3;brazil-campeonato-gaucho-3;BCG3;SER Panambi;Riograndense;44;26;30;1;1-0;2.17;;2;48.79;51.21;O;52;48;No;;;;;;;https://betimate.com/it/football-predictions/riograndense-vs-ser-panambi/2026-10-03/game;49;2026-10-04 14:11;;2026-10-04 15:26;0;0;;;
2026-10-03;2026-10-03;21:00;2026-10-03;19:00;Campeonato Mineiro 2 Brasile;Brazil Campeonato Mineiro 2;brazil-campeonato-mineiro-2;BCM2;Novo Esporte Itabirinha;Venda Nova FC MG;26;20;54;2;1-2;3.5;;3.25;48.51;51.49;O;40;60;Si;0-0;0;0;X;0;;https://betimate.com/it/football-predictions/novo-esporte-itabirinha-vs-venda-nova-fc-mg/2026-10-03/game;49;2026-10-04 14:11;;2026-10-04 15:26;0;0;;;
2026-10-03;2026-10-03;21:00;2026-10-03;19:00;College Championship USA;USA College Championship;usa-college-championship;UCC;Boston College;North Carolina;30;20;50;2;1-2;3.58;18°C · pioggia 0% · vento 16 km/h;3.5;49.5;50.5;O;39;61;Si;1-3;1;3;2;1;;https://betimate.com/it/football-predictions/north-carolina-vs-boston-college/2026-10-03/game;49;2026-10-04 14:11;;2026-10-04 15:26;0;0;;;
2026-10-03;2026-10-03;21:00;2026-10-03;19:00;College Championship USA;USA College Championship;usa-college-championship;UCC;Green Bay;Detroit;60;19;21;1;2-1;3.13;17°C · pioggia 3% · vento 19 km/h;3;49.2;50.8;O;45;55;Si;1-0;1;0;1;1;;https://betimate.com/it/football-predictions/detroit-vs-green-bay/2026-10-03/game;49;2026-10-04 14:11;;2026-10-04 15:26;0;0;;;
2026-10-03;2026-10-03;21:00;2026-10-03;19:00;College Championship USA;USA College Championship;usa-college-championship;UCC;Holy Cross Crusaders;Lehigh Mountain Hawks;40;23;37;1;1-0;2.77;19°C · pioggia 0% · vento 11 km/h;2.5;48.27;51.73;O;45;55;Si;3-3;3;3;X;0;;https://betimate.com/it/football-predictions/holy-cross-crusaders-vs-lehigh-mountain-hawks/2026-10-03/game;49;2026-10-04 14:11;;2026-10-04 15:26;0;0;;;
2026-10-03;2026-10-03;21:00;2026-10-03;19:00;College Championship USA;USA College Championship;usa-college-championship;UCC;Navy Midshipmen;Colgate Raiders;37;29;34;1;1-0;1.78;18°C · pioggia 25% · vento 8 km/h;1.5;48.19;51.81;O;56;44;No;1-4;1;4;2;0;;https://betimate.com/it/football-predictions/navy-midshipmen-vs-colgate-raiders/2026-10-03/game;49;2026-10-04 14:11;;2026-10-04 15:26;0;0;;;
2026-10-03;2026-10-03;21:00;2026-10-03;19:00;College Championship USA;USA College Championship;usa-college-championship;UCC;Siena Saints;Saint Peters University;67;18;15;1;2-0;3.07;17°C · pioggia 0% · vento 15 km/h;3;49.68;50.32;O;48;52;Si;3-3;3;3;X;0;;https://betimate.com/it/football-predictions/siena-saints-vs-saint-peters-university/2026-10-03/game;49;2026-10-04 14:11;;2026-10-04 15:26;0;0;;;
2026-10-03;2026-10-03;21:00;2026-10-03;19:00;Division 1 Femminile Francia;France Division 1 Women;france-division-1-women;;Paris FC (W);Lens (W);80;11;9;1;2-0;3.29;19°C · pioggia 0% · vento 6 km/h;3.25;49.62;50.38;O;57;43;No;4-1;4;1;1;1;;https://betimate.com/it/football-predictions/paris-fc-w-vs-lens-w/2026-10-03/game;18;2026-10-04 14:11;;2026-10-04 15:26;0;0;;;
2026-10-03;2026-10-03;21:00;2026-10-03;19:00;Primera A colombiana;Colombia Primera A;colombia-primera-a;Co1;Aguilas Doradas;Jaguares de Cordoba;54;25;21;1;1-0;2.6;20°C · pioggia 75% · vento 8 km/h;2.5;49.39;50.61;O;48;52;Si;2-0;2;0;1;1;;https://betimate.com/it/football-predictions/jaguares-de-cordoba-vs-aguilas-doradas/2026-10-03/game;1;2026-10-04 14:11;;2026-10-04 15:26;0;0;;;
2026-10-03;2026-10-03;21:00;2026-10-03;19:00;Segunda División Uruguay;Uruguay Segunda;uruguay-segunda;US;Rentistas;Huracan DPA;47;27;26;1;1-0;2.27;14°C · pioggia 73% · vento 4 km/h;2.25;50.02;49.98;U;51;49;No;2-1;2;1;1;1;;https://betimate.com/it/football-predictions/rentistas-vs-huracan-dpa/2026-10-03/game;17;2026-10-04 14:11;;2026-10-04 15:26;0;0;;;
2026-10-03;2026-10-03;21:00;2026-10-03;19:00;Série B brasiliana;Brazil Serie B;brazil-serie-b;Br2;Atletico GO;America MG;62;23;15;1;1-0;2.49;24°C · pioggia 67% · vento 12 km/h;2.75;51.77;48.23;U;51;49;No;2-0;2;0;1;1;;https://betimate.com/it/football-predictions/america-mg-vs-atletico-go/2026-10-03/game;2;2026-10-04 14:11;;2026-10-04 15:26;0;0;;;
2026-10-03;2026-10-03;21:00;2026-10-03;19:00;USL League One USA;USA USL League One;usa-usl-league-one;UULO;AC Boise;Greenville Triumph SC;64;18;18;1;2-0;3.22;;3.25;50.27;49.73;U;45;55;Si;1-0;1;0;1;1;;https://betimate.com/it/football-predictions/greenville-triumph-sc-vs-ac-boise/2026-10-03/game;17;2026-10-04 14:11;;2026-10-04 15:26;0;0;;;
2026-10-03;2026-10-03;21:30;2026-10-03;19:30;Brasile - Serie A1 Femminile;Brazil Serie A1 Women;brazil-serie-a1-women;BSAW;Sao Paulo (W);Corinthians (W);37;22;41;2;0-1;2.44;20°C · pioggia 100% · vento 3 km/h;2.25;48.49;51.51;O;55;45;No;1-1;1;1;X;0;;https://betimate.com/it/football-predictions/corinthians-w-vs-sao-paulo-w/2026-10-03/game;17;2026-10-04 14:11;;2026-10-04 15:26;0;0;;;
2026-10-03;2026-10-03;21:30;2026-10-03;19:30;Paraguay Copa EFE Women;Paraguay Copa EFE Women;paraguay-copa-efe-women;PCEW;Nacional-Humaita (W);Club Guarani (W);19;18;63;2;0-1;2.75;;3.25;53.16;46.84;U;55;45;No;1-3;1;3;2;1;;https://betimate.com/it/football-predictions/nacional-humaita-w-vs-club-guarani-w/2026-10-03/game;49;2026-10-04 14:11;;2026-10-04 15:26;0;0;;;
2026-10-03;2026-10-03;21:30;2026-10-03;19:30;Primera A Femminile Argentina;Argentina Championship Women;argentina-championship-women;ACW;CA Talleres de Cordoba (W);CA Independiente Women;80;11;9;1;2-0;3.41;;2.75;45.66;54.34;O;55;45;No;3-1;3;1;1;1;;https://betimate.com/it/football-predictions/ca-independiente-women-vs-ca-talleres-de-cordoba-w/2026-10-03/game;20;2026-10-04 14:11;;2026-10-04 15:26;0;0;;;
2026-10-03;2026-10-03;21:30;2026-10-03;19:30;Primera División Femminile Cile;Chile Primera Division Women;chile-primera-division-women;CPDW;Universidad de Chile (W);Huachipato (W);89;6;5;1;3-0;4.33;;3.5;45.69;54.31;O;54;46;No;6-1;6;1;1;1;;https://betimate.com/it/football-predictions/huachipato-w-vs-universidad-de-chile-w/2026-10-03/game;17;2026-10-04 14:11;;2026-10-04 15:26;0;0;;;
2026-10-03;2026-10-03;22:00;2026-10-03;20:00;Botola Pro marocchina;Morocco GNF 1;morocco-gnf-1;Ma1;Raja Casablanca;Renaissance Zemamra;55;27;18;1;1-0;2.21;23°C · pioggia 8% · vento 3 km/h;2.25;50.32;49.68;U;53;47;No;1-0;1;0;1;1;;https://betimate.com/it/football-predictions/raja-casablanca-vs-renaissance-zemamra/2026-10-03/game;1;2026-10-04 14:11;;2026-10-04 15:26;0;0;;;
2026-10-03;2026-10-03;22:00;2026-10-03;20:00;Canadian Premier League;Canada Premier League;canada-premier-league;CPL;Forge FC;HFX Wanderers;60;22;18;1;1-0;2.73;16°C · pioggia 0% · vento 11 km/h;2.75;49.89;50.11;O;47;53;Si;3-3;3;3;X;0;;https://betimate.com/it/football-predictions/forge-fc-vs-hfx-wanderers/2026-10-03/game;6;2026-10-04 14:11;;2026-10-04 15:26;0;0;;;
2026-10-03;2026-10-03;22:00;2026-10-03;20:00;College Championship USA;USA College Championship;usa-college-championship;UCC;Harvard;Columbia Lions;42;24;34;1;1-0;2.57;18°C · pioggia 0% · vento 15 km/h;2.5;49.48;50.52;O;47;53;Si;1-0;1;0;1;1;;https://betimate.com/it/football-predictions/harvard-vs-columbia-lions/2026-10-03/game;50;2026-10-04 14:11;;2026-10-04 15:26;0;0;;;
2026-10-03;2026-10-03;22:00;2026-10-03;20:00;College Championship USA;USA College Championship;usa-college-championship;UCC;Mount St. Mary's;Merrimack;46;23;31;1;1-0;2.85;22°C · pioggia 1% · vento 11 km/h;2.75;49.25;50.75;O;45;55;Si;1-1;1;1;X;0;;https://betimate.com/it/football-predictions/mount-st-mary-s-vs-merrimack/2026-10-03/game;50;2026-10-04 14:11;;2026-10-04 15:26;0;0;;;
2026-10-03;2026-10-03;22:00;2026-10-03;20:00;College Championship USA;USA College Championship;usa-college-championship;UCC;Penn Quakers;Dartmouth Big Green;62;20;18;1;1-0;2.71;22°C · pioggia 2% · vento 14 km/h;2.5;48.71;51.29;O;50;50;Si;1-0;1;0;1;1;;https://betimate.com/it/football-predictions/penn-quakers-vs-dartmouth-big-green/2026-10-03/game;50;2026-10-04 14:11;;2026-10-04 15:26;0;0;;;
2026-10-03;2026-10-03;22:00;2026-10-03;20:00;College Championship USA;USA College Championship;usa-college-championship;UCC;Princeton Tigers;Yale;69;20;11;1;1-0;2.32;21°C · pioggia 3% · vento 11 km/h;2.25;49.73;50.27;O;58;42;No;2-1;2;1;1;1;;https://betimate.com/it/football-predictions/yale-vs-princeton-tigers/2026-10-03/game;50;2026-10-04 14:11;;2026-10-04 15:26;0;0;;;
2026-10-03;2026-10-03;22:00;2026-10-03;20:00;College Championship USA;USA College Championship;usa-college-championship;UCC;Purdue Fort Wayne;Oakland Golden Grizzlies;52;24;24;1;1-0;2.42;18°C · pioggia 0% · vento 11 km/h;2.25;48.83;51.17;O;50;50;Si;3-3;3;3;X;0;;https://betimate.com/it/football-predictions/purdue-fort-wayne-vs-oakland-golden-grizzlies/2026-10-03/game;50;2026-10-04 14:11;;2026-10-04 15:26;0;0;;;
2026-10-03;2026-10-03;22:00;2026-10-03;20:00;College Championship USA;USA College Championship;usa-college-championship;UCC;Queens (NC) Royals;West Florida;43;27;30;1;1-0;2.18;25°C · pioggia 33% · vento 17 km/h;2;48.67;51.33;O;52;48;No;1-0;1;0;1;1;;https://betimate.com/it/football-predictions/queens-nc-royals-vs-west-florida/2026-10-03/game;50;2026-10-04 14:11;;2026-10-04 15:26;0;0;;;
2026-10-03;2026-10-03;22:00;2026-10-03;20:00;College Championship USA;USA College Championship;usa-college-championship;UCC;Saint Bonaventure;Fordham Rams;32;18;50;2;1-2;4.15;16°C · pioggia 0% · vento 11 km/h;4;49.02;50.98;O;35;65;Si;2-2;2;2;X;0;;https://betimate.com/it/football-predictions/fordham-rams-vs-saint-bonaventure/2026-10-03/game;50;2026-10-04 14:11;;2026-10-04 15:26;0;0;;;
2026-10-03;2026-10-03;22:00;2026-10-03;20:00;College Championship USA;USA College Championship;usa-college-championship;UCC;Vermont;NJIT Highlanders;72;17;11;1;2-0;2.89;14°C · pioggia 0% · vento 13 km/h;2.75;49.16;50.84;O;52;48;No;1-1;1;1;X;0;;https://betimate.com/it/football-predictions/njit-highlanders-vs-vermont/2026-10-03/game;50;2026-10-04 14:11;;2026-10-04 15:26;0;0;;;
2026-10-03;2026-10-03;22:00;2026-10-03;20:00;División Profesional paraguaiana;Paraguay Division Profesional;paraguay-division-profesional;Py1;Guarani Asuncion;Sportivo San Lorenzo;70;22;8;1;1-0;2.29;30°C · pioggia 33% · vento 16 km/h;2.5;51.31;48.69;U;67;33;No;1-1;1;1;X;0;;https://betimate.com/it/football-predictions/sportivo-san-lorenzo-vs-guarani-asuncion/2026-10-03/game;17;2026-10-04 14:11;;2026-10-04 15:26;0;0;;;
2026-10-03;2026-10-03;22:00;2026-10-03;20:00;Liga Profesional Argentina;Argentina Liga Profesional;argentina-liga-profesional;ALP;Atlético Tucumán;Barracas Central;43;32;25;1;1-0;1.87;27°C · pioggia 16% · vento 14 km/h;1.75;49.09;50.91;O;56;44;No;2-3;2;3;2;0;;https://betimate.com/it/football-predictions/barracas-central-vs-atletico-tucuman/2026-10-03/game;17;2026-10-04 14:11;;2026-10-04 15:26;0;0;;;
2026-10-03;2026-10-03;22:00;2026-10-03;20:00;Liga Profesional Argentina;Argentina Liga Profesional;argentina-liga-profesional;ALP;Newell's;Lanus;34;33;33;1;1-0;2.11;20°C · pioggia 0% · vento 10 km/h;2;49.39;50.61;O;57;43;No;0-0;0;0;X;0;;https://betimate.com/it/football-predictions/newell-s-vs-lanus/2026-10-03/game;17;2026-10-04 14:11;;2026-10-04 15:26;0;0;;;
2026-10-03;2026-10-03;22:00;2026-10-03;20:00;Liga Repubblica Dominicana;Dominican Republic Liga;dominican-republic-liga;DRL;Universidad O&M;Atletico Vega Real;38;22;40;2;1-2;3.07;;2.5;46.53;53.47;O;43;57;Si;0-1;0;1;2;1;;https://betimate.com/it/football-predictions/atletico-vega-real-vs-universidad-o-m/2026-10-03/game;17;2026-10-04 14:11;;2026-10-04 15:26;0;0;;;
2026-10-03;2026-10-03;22:00;2026-10-03;20:00;NWSL statunitense;USA NWSL Women;usa-nwsl-women;UNW;Racing Louisville FC (W);Utah Royals (W);29;17;54;2;1-2;3.31;21°C · pioggia 0% · vento 13 km/h;3.25;49.53;50.47;O;47;53;Si;1-1;1;1;X;0;;https://betimate.com/it/football-predictions/utah-royals-w-vs-racing-louisville-fc-w/2026-10-03/game;17;2026-10-04 14:11;;2026-10-04 15:26;0;0;;;
2026-10-03;2026-10-03;22:00;2026-10-03;20:00;Primera A Femminile Argentina;Argentina Championship Women;argentina-championship-women;ACW;Boca Juniors (W);San Luis FC (W);56;21;23;1;1-0;2.39;16°C · pioggia 26% · vento 5 km/h;2.25;48.83;51.17;O;57;43;No;2-0;2;0;1;1;;https://betimate.com/it/football-predictions/boca-juniors-w-vs-san-luis-fc-w/2026-10-03/game;4;2026-10-04 14:11;;2026-10-04 15:26;0;0;;;
2026-10-03;2026-10-03;22:00;2026-10-03;20:00;Segunda División Cile;Chile Segunda;chile-segunda;CS;Provincial Ovalle;CD Rengo Unido;46;25;29;1;1-0;2.33;;2.25;49.55;50.45;O;51;49;No;1-5;1;5;2;0;;https://betimate.com/it/football-predictions/cd-rengo-unido-vs-provincial-ovalle/2026-10-03/game;22;2026-10-04 14:11;;2026-10-04 15:26;0;0;;;
2026-10-03;2026-10-03;22:00;2026-10-03;20:00;Segunda División Costa Rica;Costa Rica Segunda;costa-rica-segunda;CRS;CS Uruguay de Coronado;Pitbulls Santa Barbara;35;25;40;2;0-1;2.47;24°C · pioggia 79% · vento 8 km/h;2.5;50.12;49.88;U;48;52;Si;2-2;2;2;X;0;;https://betimate.com/it/football-predictions/cs-uruguay-de-coronado-vs-pitbulls-santa-barbara/2026-10-03/game;17;2026-10-04 14:11;;2026-10-04 15:26;0;0;;;
2026-10-03;2026-10-03;22:00;2026-10-03;20:00;Série B brasiliana;Brazil Serie B;brazil-serie-b;Br2;Cuiaba;Ponte Preta;72;20;8;1;2-0;2.56;32°C · pioggia 61% · vento 10 km/h;3;53.58;46.42;U;57;43;No;2-0;2;0;1;1;;https://betimate.com/it/football-predictions/cuiaba-vs-ponte-preta/2026-10-03/game;2;2026-10-04 14:11;;2026-10-04 15:26;0;0;;;
2026-10-03;2026-10-03;22:00;2026-10-03;20:00;Série C brasiliana;Brazil Serie C;brazil-serie-c;Br3;Floresta EC;Botafogo PB;37;33;30;1;1-0;1.95;27°C · pioggia 10% · vento 16 km/h;1.75;48.4;51.6;O;54;46;No;1-1;1;1;X;0;;https://betimate.com/it/football-predictions/botafogo-pb-vs-floresta-ec/2026-10-03/game;2;2026-10-04 14:11;;2026-10-04 15:26;0;0;;;
2026-10-03;2026-10-03;22:00;2026-10-03;20:00;Série C brasiliana;Brazil Serie C;brazil-serie-c;Br3;Santa Cruz FC;Maringa FC;47;29;24;1;1-0;2.11;27°C · pioggia 34% · vento 14 km/h;2;49.26;50.74;O;53;47;No;1-1;1;1;X;0;;https://betimate.com/it/football-predictions/santa-cruz-fc-vs-maringa-fc/2026-10-03/game;2;2026-10-04 14:11;;2026-10-04 15:26;0;0;;;
2026-10-03;2026-10-03;22:30;2026-10-03;20:30;Ecuador - LigaPro Serie B;Ecuador LigaPro Serie B;ecuador-ligapro-serie-b;ELSB;Gualaceo SC;22 de Julio;72;18;10;1;2-0;2.52;15°C · pioggia 88% · vento 1 km/h;3;54;46;U;57;43;No;4-2;4;2;1;1;;https://betimate.com/it/football-predictions/gualaceo-sc-vs-22-de-julio/2026-10-03/game;17;2026-10-04 14:11;;2026-10-04 15:26;0;0;;;
2026-10-03;2026-10-03;22:30;2026-10-03;20:30;Ecuador - LigaPro Serie B;Ecuador LigaPro Serie B;ecuador-ligapro-serie-b;ELSB;LDU Portoviejo;El Nacional;58;24;18;1;1-0;2.16;28°C · pioggia 59% · vento 11 km/h;2.5;52.29;47.71;U;55;45;No;3-2;3;2;1;1;;https://betimate.com/it/football-predictions/ldu-portoviejo-vs-el-nacional/2026-10-03/game;17;2026-10-04 14:11;;2026-10-04 15:26;0;0;;;
2026-10-03;2026-10-03;22:30;2026-10-03;20:30;Primera B Cile;Chile Primera B;chile-primera-b;Cl2;Deportes Temuco;Cobreloa;37;27;36;1;1-0;2.59;12°C · pioggia 100% · vento 17 km/h;2.5;49.54;50.46;O;47;53;Si;0-1;0;1;2;0;;https://betimate.com/it/football-predictions/cobreloa-vs-deportes-temuco/2026-10-03/game;5;2026-10-04 14:11;;2026-10-04 15:26;0;0;;;
2026-10-03;2026-10-03;22:30;2026-10-03;20:30;Primera B colombiana;Colombia Primera B;colombia-primera-b;Co2;Patriotas FC;Independiente Valle del Cauca;40;24;36;1;1-0;2.77;14°C · pioggia 94% · vento 12 km/h;2.25;46.47;53.53;O;45;55;Si;0-1;0;1;2;0;;https://betimate.com/it/football-predictions/patriotas-fc-vs-independiente-valle-del-cauca/2026-10-03/game;18;2026-10-04 14:11;;2026-10-04 15:26;0;0;;;
2026-10-03;2026-10-03;22:30;2026-10-03;20:30;Primera B colombiana;Colombia Primera B;colombia-primera-b;Co2;Real San Andres;Union Magdalena;25;27;48;2;0-1;2.3;21°C · pioggia 100% · vento 6 km/h;2.25;49.83;50.17;O;51;49;No;1-3;1;3;2;1;;https://betimate.com/it/football-predictions/union-magdalena-vs-real-san-andres/2026-10-03/game;1;2026-10-04 14:11;;2026-10-04 15:26;0;0;;;
2026-10-03;2026-10-03;22:30;2026-10-03;20:30;Segunda División venezuelana;Venezuela Segunda Division;venezuela-segunda-division;Ve2;Barquisimeto;Atletico El Vigia;63;18;19;1;2-1;3.29;;2.75;46.64;53.36;O;45;55;Si;2-4;2;4;2;0;;https://betimate.com/it/football-predictions/atletico-el-vigia-vs-barquisimeto/2026-10-03/game;17;2026-10-04 14:11;;2026-10-04 15:26;0;0;;;
2026-10-03;2026-10-03;23:00;2026-10-03;21:00;Brasile - Campeonato Goiano 2;Brazil Campeonato Goiano 2;brazil-campeonato-goiano-2;BCG2;Tupy de Jussara;Goianesia;46;27;27;1;1-0;2.05;;2;49.89;50.11;O;54;46;No;1-3;1;3;2;0;;https://betimate.com/it/football-predictions/goianesia-vs-tupy-de-jussara/2026-10-03/game;51;2026-10-04 14:11;;2026-10-04 15:26;0;0;;;
2026-10-03;2026-10-03;23:00;2026-10-03;21:00;Brazil Campeonato Mato-Grossense Women;Brazil Campeonato Mato-Grossense Women;brazil-campeonato-mato-grossense-women;BCMW;Operario VG (W);Mixto EC (W);32;22;46;2;0-1;2.55;;2;45.46;54.54;O;54;46;No;1-0;1;0;1;0;;https://betimate.com/it/football-predictions/mixto-ec-w-vs-operario-vg-w/2026-10-03/game;51;2026-10-04 14:11;;2026-10-04 15:26;0;0;;;
2026-10-03;2026-10-03;23:00;2026-10-03;21:00;CONCACAF Nations League;CONCACAF Nations League;concacaf-nations-league;CNL;Sint Maarten;Saint Vincent e Grenadine;21;20;59;2;1-2;3.16;31°C · pioggia 78% · vento 8 km/h;2.5;46.13;53.87;O;48;52;Si;2-4;2;4;2;1;;https://betimate.com/it/football-predictions/st-vincent-grenadines-vs-sint-maarten/2026-10-03/game;1;2026-10-04 14:11;;2026-10-04 15:26;0;0;;;
2026-10-03;2026-10-03;23:00;2026-10-03;21:00;Clausura Uruguay;Uruguay Clausura;uruguay-clausura;UC;Deportivo Maldonado;Central Espanol;51;27;22;1;1-0;2.33;16°C · pioggia 43% · vento 3 km/h;2.5;51.29;48.71;U;51;49;No;3-0;3;0;1;1;;https://betimate.com/it/football-predictions/central-espanol-vs-deportivo-maldonado/2026-10-03/game;17;2026-10-04 14:11;;2026-10-04 15:26;0;0;;;
2026-10-03;2026-10-03;23:00;2026-10-03;21:00;Liga Nacional Guatemala;Guatemala Liga Nacional;guatemala-liga-nacional;Gt1;Coban Imperial;Malacateco;55;26;19;1;1-0;2.43;21°C · pioggia 100% · vento 3 km/h;2.5;50.63;49.37;U;51;49;No;2-0;2;0;1;1;;https://betimate.com/it/football-predictions/malacateco-vs-coban-imperial/2026-10-03/game;17;2026-10-04 14:11;;2026-10-04 15:26;0;0;;;
2026-10-03;2026-10-03;23:00;2026-10-03;21:00;Liga Prom Panama;Panama Liga Prom;panama-liga-prom;PLP;Bocas;Aguilas de la U;16;18;66;2;0-2;3.28;;3;48.17;51.83;O;45;55;Si;1-3;1;3;2;1;;https://betimate.com/it/football-predictions/aguilas-de-la-u-vs-bocas/2026-10-03/game;51;2026-10-04 14:11;;2026-10-04 15:26;0;0;;;
2026-10-03;2026-10-03;23:00;2026-10-03;21:00;Liga Prom Panama;Panama Liga Prom;panama-liga-prom;PLP;Rayados de Chiriqui;Union Cocle Reserves;40;24;36;1;1-0;2.59;27°C · pioggia 69% · vento 8 km/h;2.75;50.97;49.03;U;47;53;Si;6-0;6;0;1;1;;https://betimate.com/it/football-predictions/rayados-de-chiriqui-vs-union-cocle-reserves/2026-10-03/game;51;2026-10-04 14:11;;2026-10-04 15:26;0;0;;;
2026-10-03;2026-10-03;23:00;2026-10-03;21:00;Liga de Ascenso Honduras;Honduras Liga de Ascenso;honduras-liga-de-ascenso;HLdA;Affi Academia;CD San Rafael;50;24;26;1;1-0;2.5;;2.25;48.33;51.67;O;49;51;Si;0-1;0;1;2;0;;https://betimate.com/it/football-predictions/affi-academia-vs-cd-san-rafael/2026-10-03/game;51;2026-10-04 14:11;;2026-10-04 15:26;0;0;;;
2026-10-03;2026-10-03;23:00;2026-10-03;21:00;Liga de Ascenso Honduras;Honduras Liga de Ascenso;honduras-liga-de-ascenso;HLdA;Arsenal FC de Roatan;CD Fas San Lorenzo;58;21;21;1;1-0;2.71;;2.5;48.67;51.33;O;49;51;Si;1-1;1;1;X;0;;https://betimate.com/it/football-predictions/arsenal-fc-de-roatan-vs-cd-fas-san-lorenzo/2026-10-03/game;51;2026-10-04 14:11;;2026-10-04 15:26;0;0;;;
2026-10-03;2026-10-03;23:00;2026-10-03;21:00;Liga de Ascenso Honduras;Honduras Liga de Ascenso;honduras-liga-de-ascenso;HLdA;FC Brasilia Rio Lindo;Parrillas One;47;21;32;1;2-1;3.3;;2.25;43.28;56.72;O;41;59;Si;1-0;1;0;1;1;;https://betimate.com/it/football-predictions/parrillas-one-vs-fc-brasilia-rio-lindo/2026-10-03/game;17;2026-10-04 14:11;;2026-10-04 15:26;0;0;;;
2026-10-03;2026-10-03;23:00;2026-10-03;21:00;Messico - Liga TDP;Mexico Liga TDP;mexico-liga-tdp;MLT;Antequera FC;CEFOR Chiapas;32;21;47;2;1-2;3.09;;3.25;51.01;48.99;U;43;57;Si;0-4;0;4;2;1;;https://betimate.com/it/football-predictions/cefor-chiapas-vs-antequera-fc/2026-10-03/game;17;2026-10-04 14:11;;2026-10-04 15:26;0;0;;;
2026-10-03;2026-10-03;23:00;2026-10-03;21:00;Messico - Liga TDP;Mexico Liga TDP;mexico-liga-tdp;MLT;Deportiva Venados II;ISG Sport FC;83;11;6;1;3-0;3.65;;3.75;50.61;49.39;U;51;49;No;2-0;2;0;1;1;;https://betimate.com/it/football-predictions/deportiva-venados-ii-vs-isg-sport-fc/2026-10-03/game;17;2026-10-04 14:11;;2026-10-04 15:26;0;0;;;
2026-10-03;2026-10-03;23:00;2026-10-03;21:00;Nicaragua - Liga de Ascenso;Nicaragua Liga de Ascenso;nicaragua-liga-de-ascenso;NLdA;Masachapa FC;FC Esteli;56;24;20;1;1-0;2.2;31°C · pioggia 78% · vento 13 km/h;2;48.48;51.52;O;54;46;No;2-1;2;1;1;1;;https://betimate.com/it/football-predictions/fc-esteli-vs-masachapa-fc/2026-10-03/game;51;2026-10-04 14:11;;2026-10-04 15:26;0;0;;;
2026-10-03;2026-10-03;23:00;2026-10-03;21:00;Nicaragua - Liga de Ascenso;Nicaragua Liga de Ascenso;nicaragua-liga-de-ascenso;NLdA;Xilotepelt FC;Juventus Managua;45;27;28;1;1-0;2.01;;1.75;48.1;51.9;O;54;46;No;1-2;1;2;2;0;;https://betimate.com/it/football-predictions/juventus-managua-vs-xilotepelt-fc/2026-10-03/game;51;2026-10-04 14:11;;2026-10-04 15:26;0;0;;;
2026-10-03;2026-10-03;23:00;2026-10-03;21:00;Primera División Apertura salvadoregna;El Salvador Apertura;el-salvador-apertura;Sv1;CD Aguila;CD Cacahuatique;55;24;21;1;1-0;2.63;30°C · pioggia 71% · vento 6 km/h;2.5;49.1;50.9;O;48;52;Si;4-1;4;1;1;1;;https://betimate.com/it/football-predictions/cd-aguila-vs-cd-cacahuatique/2026-10-03/game;17;2026-10-04 14:11;;2026-10-04 15:26;0;0;;;
2026-10-03;2026-10-03;23:05;2026-10-03;21:05;Primera A colombiana;Colombia Primera A;colombia-primera-a;Co1;Deportes Tolima;Boyaca Chico;74;19;7;1;1-0;2.5;22°C · pioggia 45% · vento 3 km/h;2.75;51.52;48.48;U;65;35;No;0-0;0;0;X;0;;https://betimate.com/it/football-predictions/deportes-tolima-vs-boyaca-chico/2026-10-03/game;1;2026-10-04 14:11;;2026-10-04 15:26;0;0;;;
2026-10-03;2026-10-03;23:15;2026-10-03;21:15;Bolivia - Copa División Profesional;Bolivia Copa Division Profesional;bolivia-copa-division-profesional;BCDP;Nacional Potosi;Real Oruro;72;15;13;1;3-1;4.15;14°C · pioggia 0% · vento 24 km/h;3.75;48.04;51.96;O;42;58;Si;2-0;2;0;1;1;;https://betimate.com/it/football-predictions/nacional-potosi-vs-real-oruro/2026-10-03/game;17;2026-10-04 14:11;;2026-10-04 15:26;0;0;;;
2026-10-03;2026-10-03;23:30;2026-10-03;21:30;Campeonato Carioca B Brasile;Brazil Campeonato Carioca B;brazil-campeonato-carioca-b;BCCB;Macae Esporte FC;Carapebus/Campos;54;25;21;1;1-0;2.17;20°C · pioggia 100% · vento 16 km/h;2.25;50.79;49.21;U;54;46;No;4-3;4;3;1;1;;https://betimate.com/it/football-predictions/macae-esporte-fc-vs-carapebus-campos/2026-10-03/game;52;2026-10-04 14:11;;2026-10-04 15:26;0;0;;;
2026-10-03;2026-10-03;23:30;2026-10-03;21:30;Liga Premier Messico;Mexico Primera Premier;mexico-primera-premier;MPP;Pioneros de Cancun;Montaneses FC;45;19;36;1;2-1;3.89;29°C · pioggia 70% · vento 14 km/h;3;44.18;55.82;O;36;64;Si;2-1;2;1;1;1;;https://betimate.com/it/football-predictions/pioneros-de-cancun-vs-montaneses-fc/2026-10-03/game;17;2026-10-04 14:11;;2026-10-04 15:26;0;0;;;
2026-10-03;2026-10-03;23:30;2026-10-03;21:30;Liga Premier Messico;Mexico Primera Premier;mexico-primera-premier;MPP;Zacatepec FC;CF Reboceros La Piedad;59;18;23;1;2-1;3.69;;2.5;43.29;56.71;O;40;60;Si;2-2;2;2;X;0;;https://betimate.com/it/football-predictions/cf-reboceros-la-piedad-vs-zacatepec-fc/2026-10-03/game;17;2026-10-04 14:11;;2026-10-04 15:26;0;0;;;
2026-10-03;2026-10-03;23:30;2026-10-03;21:30;Liga Premier Serie A Messico;Mexico Liga Premier A;mexico-liga-premier-a;MLPA;Ciervos FC;Halcones Negros FC;11;11;78;2;1-3;4.9;20°C · pioggia 67% · vento 7 km/h;4;45.01;54.99;O;38;62;Si;0-5;0;5;2;1;;https://betimate.com/it/football-predictions/ciervos-fc-vs-halcones-negros-fc/2026-10-03/game;52;2026-10-04 14:11;;2026-10-04 15:26;0;0;;;
2026-10-03;2026-10-03;23:30;2026-10-03;21:30;Liga de Ascenso Honduras;Honduras Liga de Ascenso;honduras-liga-de-ascenso;HLdA;Tela FC;Estrella FC Santos Guardiola;49;22;29;1;2-1;2.95;;2.25;45.32;54.68;O;44;56;Si;1-2;1;2;2;0;;https://betimate.com/it/football-predictions/tela-fc-vs-estrella-fc-santos-guardiola/2026-10-03/game;52;2026-10-04 14:11;;2026-10-04 15:26;0;0;;;
2026-10-03;2026-10-03;23:30;2026-10-03;21:30;Paraguay Copa EFE Women;Paraguay Copa EFE Women;paraguay-copa-efe-women;PCEW;Libertad Limpeno (W);Olimpia Asuncion (W);47;18;35;1;2-1;3.41;;2.5;44.45;55.55;O;45;55;Si;1-0;1;0;1;1;;https://betimate.com/it/football-predictions/olimpia-asuncion-w-vs-libertad-limpeno-w/2026-10-03/game;52;2026-10-04 14:11;;2026-10-04 15:26;0;0;;;
2026-10-03;2026-10-03;23:30;2026-10-03;21:30;Série A brasiliana;Brazil Serie A;brazil-serie-a;Br1;Atletico Mineiro;Bragantino;47;28;25;1;1-0;2.47;19°C · pioggia 88% · vento 11 km/h;2.5;50.26;49.74;U;51;49;No;1-0;1;0;1;1;;https://betimate.com/it/football-predictions/atletico-mineiro-vs-bragantino/2026-10-03/game;2;2026-10-04 14:11;;2026-10-04 15:26;0;0;;;
2026-10-03;2026-10-03;23:30;2026-10-03;21:30;Série B brasiliana;Brazil Serie B;brazil-serie-b;Br2;Botafogo SP;Vila Nova;39;31;30;1;1-0;2.15;22°C · pioggia 51% · vento 11 km/h;2;48.92;51.08;O;56;44;No;0-1;0;1;2;0;;https://betimate.com/it/football-predictions/botafogo-sp-vs-vila-nova/2026-10-03/game;2;2026-10-04 14:11;;2026-10-04 15:26;0;0;;;
2026-10-03;2026-10-03;23:45;2026-10-03;21:45;Messico - Liga MX U19 Femminile;Mexico Liga MX U19 Femenil;mexico-liga-mx-u19-femenil;MLMU;Necaxa U19 (W);Leon U19 (W);41;18;41;1;2-1;3.62;;2;38.25;61.75;O;43;57;Si;3-5;3;5;2;0;;https://betimate.com/it/football-predictions/necaxa-u19-w-vs-leon-u19-w/2026-10-03/game;52;2026-10-04 14:11;;2026-10-04 15:26;0;0;;;
2026-10-03;2026-10-04;00:00;2026-10-03;22:00;Campeonato Gaúcho 2 Brasile;Brazil Campeonato Gaucho 2;brazil-campeonato-gaucho-2;BCG2;Brasil de Pelotas;CE Bento Goncalves;39;27;34;1;1-0;2.04;17°C · pioggia 76% · vento 8 km/h;2;49.88;50.12;O;53;47;No;0-0;0;0;X;0;;https://betimate.com/it/football-predictions/brasil-de-pelotas-vs-ce-bento-goncalves/2026-10-03/game;53;2026-10-04 14:11;;2026-10-04 15:26;0;0;;;
2026-10-03;2026-10-04;00:00;2026-10-03;22:00;Campeonato Gaúcho 2 Brasile;Brazil Campeonato Gaucho 2;brazil-campeonato-gaucho-2;BCG2;Uniao Frederiquense;Veranopolis;32;30;38;2;0-1;1.69;22°C · pioggia 53% · vento 15 km/h;1.75;50.68;49.32;U;58;42;No;2-0;2;0;1;0;;https://betimate.com/it/football-predictions/veranopolis-vs-uniao-frederiquense/2026-10-03/game;17;2026-10-04 14:11;;2026-10-04 15:26;0;0;;;
2026-10-03;2026-10-04;00:00;2026-10-03;22:00;College Championship USA;USA College Championship;usa-college-championship;UCC;Army Black Knights;Lafayette Leopards;43;25;32;1;1-0;2.37;18°C · pioggia 1% · vento 6 km/h;2.25;49.18;50.82;O;50;50;Si;0-1;0;1;2;0;;https://betimate.com/it/football-predictions/army-black-knights-vs-lafayette-leopards/2026-10-03/game;52;2026-10-04 14:11;;2026-10-04 15:26;0;0;;;
2026-10-03;2026-10-04;00:00;2026-10-03;22:00;College Championship USA;USA College Championship;usa-college-championship;UCC;Campbell;Charleston Cougars;55;20;25;1;2-1;3.07;21°C · pioggia 56% · vento 17 km/h;3;49.58;50.42;O;44;56;Si;1-2;1;2;2;0;;https://betimate.com/it/football-predictions/campbell-vs-charleston-cougars/2026-10-03/game;53;2026-10-04 14:11;;2026-10-04 15:26;0;0;;;
2026-10-03;2026-10-04;00:00;2026-10-03;22:00;College Championship USA;USA College Championship;usa-college-championship;UCC;Fairfield Stags;Manhattan Jaspers;69;17;14;1;2-0;3.01;19°C · pioggia 0% · vento 2 km/h;2.75;48.36;51.64;O;49;51;Si;3-0;3;0;1;1;;https://betimate.com/it/football-predictions/fairfield-stags-vs-manhattan-jaspers/2026-10-03/game;53;2026-10-04 14:11;;2026-10-04 15:26;0;0;;;
2026-10-03;2026-10-04;00:00;2026-10-03;22:00;College Championship USA;USA College Championship;usa-college-championship;UCC;Northeastern;Drexel;45;24;31;1;1-0;2.6;16°C · pioggia 0% · vento 10 km/h;2.5;49.3;50.7;O;47;53;Si;2-1;2;1;1;1;;https://betimate.com/it/football-predictions/northeastern-vs-drexel/2026-10-03/game;53;2026-10-04 14:11;;2026-10-04 15:26;0;0;;;
2026-10-03;2026-10-04;00:00;2026-10-03;22:00;College Championship USA;USA College Championship;usa-college-championship;UCC;Umass Lowell River Hawks;Albany Great Danes;51;20;29;1;2-1;3.78;18°C · pioggia 0% · vento 12 km/h;3.5;48.46;51.54;O;38;62;Si;0-1;0;1;2;0;;https://betimate.com/it/football-predictions/albany-great-danes-vs-umass-lowell-river-hawks/2026-10-03/game;53;2026-10-04 14:11;;2026-10-04 15:26;0;0;;;
2026-10-03;2026-10-04;00:00;2026-10-03;22:00;Copa Paulista (Brasile);Brazil Paulista Cup;brazil-paulista-cup;BPC;São José dos Campos FC;Noroeste;59;22;19;1;1-0;2.63;18°C · pioggia 46% · vento 15 km/h;2.25;47.51;52.49;O;50;50;Si;1-0;1;0;1;1;;https://betimate.com/it/football-predictions/noroeste-vs-sao-jose-dos-campos-fc/2026-10-03/game;53;2026-10-04 14:11;;2026-10-04 15:26;0;0;;;
2026-10-03;2026-10-04;00:00;2026-10-03;22:00;Liga Premier Serie A Messico;Mexico Liga Premier A;mexico-liga-premier-a;MLPA;Artesanos Metepec FC;Club Canoneros Marina;77;13;10;1;3-0;4.1;;3.5;46.96;53.04;O;43;57;Si;3-0;3;0;1;1;;https://betimate.com/it/football-predictions/club-canoneros-marina-vs-artesanos-metepec-fc/2026-10-03/game;17;2026-10-04 14:11;;2026-10-04 15:26;0;0;;;
2026-10-03;2026-10-04;00:00;2026-10-03;22:00;Liga Premier Serie B Messico;Mexico Liga Premier B;mexico-liga-premier-b;MLPB;Gorilas de Juanacatlán;Héroes de Zaci FC II;57;20;23;1;2-1;3.14;;2.75;47.5;52.5;O;44;56;Si;6-2;6;2;1;1;;https://betimate.com/it/football-predictions/gorilas-de-juanacatlan-vs-heroes-de-zaci-fc-ii/2026-10-03/game;17;2026-10-04 14:11;;2026-10-04 15:26;0;0;;;
2026-10-03;2026-10-04;00:00;2026-10-03;22:00;Liga Premier Serie B Messico;Mexico Liga Premier B;mexico-liga-premier-b;MLPB;Inter Laguna FC;Club Celaya II;41;22;37;1;2-1;3.03;;3;49.82;50.18;O;43;57;Si;2-3;2;3;2;0;;https://betimate.com/it/football-predictions/club-celaya-ii-vs-inter-laguna-fc/2026-10-03/game;53;2026-10-04 14:11;;2026-10-04 15:26;0;0;;;
2026-10-03;2026-10-04;00:00;2026-10-03;22:00;Liga Premier Serie B Messico;Mexico Liga Premier B;mexico-liga-premier-b;MLPB;Internacional Laguna;Club Celaya II;36;22;42;2;1-2;2.96;;2.75;48.53;51.47;O;44;56;Si;0-0;0;0;X;0;;https://betimate.com/it/football-predictions/club-celaya-ii-vs-internacional-laguna/2026-10-03/game;52;2026-10-04 14:11;;2026-10-04 15:26;0;0;;;
2026-10-03;2026-10-04;00:00;2026-10-03;22:00;Liga de Ascenso Honduras;Honduras Liga de Ascenso;honduras-liga-de-ascenso;HLdA;CD Cuervos;Juventud Yorena;43;22;35;1;2-1;3.09;;3;49.45;50.55;O;43;57;Si;1-2;1;2;2;0;;https://betimate.com/it/football-predictions/cd-cuervos-vs-juventud-yorena/2026-10-03/game;53;2026-10-04 14:11;;2026-10-04 15:26;0;0;;;
2026-10-03;2026-10-04;00:00;2026-10-03;22:00;Messico - Liga TDP;Mexico Liga TDP;mexico-liga-tdp;MLT;Formacion Metropolitana FC;Delfines UGM;37;20;43;2;1-2;3.61;;2.75;44.63;55.37;O;38;62;Si;;;;;;;https://betimate.com/it/football-predictions/delfines-ugm-vs-formacion-metropolitana-fc/2026-10-03/game;17;2026-10-04 14:11;;2026-10-04 15:26;0;0;;;
2026-10-03;2026-10-04;00:00;2026-10-03;22:00;Messico - Liga TDP;Mexico Liga TDP;mexico-liga-tdp;MLT;Jaguares de Chiapas FC II;UDS;46;27;27;1;1-0;2.12;;3;57.44;42.56;U;53;47;No;2-2;2;2;X;0;;https://betimate.com/it/football-predictions/uds-vs-jaguares-de-chiapas-fc-ii/2026-10-03/game;17;2026-10-04 14:11;;2026-10-04 15:26;0;0;;;
2026-10-03;2026-10-04;00:00;2026-10-03;22:00;Segunda División Uruguay;Uruguay Segunda;uruguay-segunda;US;Tacuarembo;CA Atenas;29;28;43;2;0-1;2.14;14°C · pioggia 74% · vento 7 km/h;2.25;51.02;48.98;U;52;48;No;0-1;0;1;2;1;;https://betimate.com/it/football-predictions/ca-atenas-vs-tacuarembo/2026-10-03/game;17;2026-10-04 14:11;;2026-10-04 15:26;0;0;;;
2026-10-03;2026-10-04;00:00;2026-10-03;22:00;USL Championship;USA USL Championship;usa-usl-championship;UUC;Loudoun United FC;Indy Eleven;40;27;33;1;1-0;2.59;17°C · pioggia 4% · vento 4 km/h;3;53.26;46.74;U;46;54;Si;1-1;1;1;X;0;;https://betimate.com/it/football-predictions/indy-eleven-vs-loudoun-united-fc/2026-10-03/game;17;2026-10-04 14:11;;2026-10-04 15:26;0;0;;;
2026-10-03;2026-10-04;00:00;2026-10-03;22:00;USL League One USA;USA USL League One;usa-usl-league-one;UULO;Chattanooga Red Wolves;Corpus Christi FC;46;26;28;1;1-0;2.28;25°C · pioggia 13% · vento 4 km/h;2.5;51.44;48.56;U;51;49;No;3-0;3;0;1;1;;https://betimate.com/it/football-predictions/chattanooga-red-wolves-vs-corpus-christi-fc/2026-10-03/game;53;2026-10-04 14:11;;2026-10-04 15:26;0;0;;;
2026-10-03;2026-10-04;00:00;2026-10-03;22:00;USL League One USA;USA USL League One;usa-usl-league-one;UULO;Richmond Kickers;One Knoxville SC;23;23;54;2;0-1;2.59;15°C · pioggia 56% · vento 8 km/h;3;53.28;46.72;U;49;51;Si;3-2;3;2;1;0;;https://betimate.com/it/football-predictions/richmond-kickers-vs-one-knoxville-sc/2026-10-03/game;17;2026-10-04 14:11;;2026-10-04 15:26;0;0;;;
2026-10-03;2026-10-04;00:15;2026-10-03;22:15;División Profesional paraguaiana;Paraguay Division Profesional;paraguay-division-profesional;Py1;Deportivo Recoleta;Libertad Asuncion;20;25;55;2;0-1;2.73;;2.75;50.01;49.99;U;48;52;Si;;;;;;;https://betimate.com/it/football-predictions/libertad-asuncion-vs-deportivo-recoleta/2026-10-03/game;17;2026-10-04 14:11;;2026-10-04 15:26;0;0;;;
2026-10-03;2026-10-04;00:30;2026-10-03;22:30;College Championship USA;USA College Championship;usa-college-championship;UCC;Marist Red Foxes;Iona College;38;21;41;2;1-2;3.65;16°C · pioggia 0% · vento 8 km/h;3.5;49.12;50.88;O;38;62;Si;1-1;1;1;X;0;;https://betimate.com/it/football-predictions/iona-college-vs-marist-red-foxes/2026-10-03/game;53;2026-10-04 14:11;;2026-10-04 15:26;0;0;;;
2026-10-03;2026-10-04;00:30;2026-10-03;22:30;Messico - Liga TDP;Mexico Liga TDP;mexico-liga-tdp;MLT;Arietes FC;Canoneros Futbol Club II;61;17;22;1;2-1;3.78;;3;44.92;55.08;O;40;60;Si;1-0;1;0;1;1;;https://betimate.com/it/football-predictions/arietes-fc-vs-canoneros-futbol-club-ii/2026-10-03/game;53;2026-10-04 14:11;;2026-10-04 15:26;0;0;;;
2026-10-03;2026-10-04;00:30;2026-10-03;22:30;NWSL statunitense;USA NWSL Women;usa-nwsl-women;UNW;Kansas City Current (W);Bay FC (W);66;17;17;1;2-0;2.88;23°C · pioggia 0% · vento 5 km/h;3.5;53.5;46.5;U;54;46;No;5-1;5;1;1;1;;https://betimate.com/it/football-predictions/bay-fc-w-vs-kansas-city-current-w/2026-10-03/game;17;2026-10-04 14:11;;2026-10-04 15:26;0;0;;;
2026-10-03;2026-10-04;00:30;2026-10-03;22:30;National League Nuova Zelanda;New Zealand Football Championship;new-zealand-football-championship;Nz1;Eastern Suburbs Auckland;Auckland City;42;27;31;1;1-0;2.49;14°C · pioggia 21% · vento 17 km/h;2.75;51.76;48.24;U;47;53;Si;2-4;2;4;2;0;;https://betimate.com/it/football-predictions/auckland-city-vs-eastern-suburbs-auckland/2026-10-03/game;17;2026-10-04 14:11;;2026-10-04 15:26;0;0;;;
2026-10-03;2026-10-04;00:30;2026-10-03;22:30;Série C brasiliana;Brazil Serie C;brazil-serie-c;Br3;Inter de Limeira;Brusque;45;26;29;1;1-0;2.64;19°C · pioggia 63% · vento 10 km/h;2;44.65;55.35;O;45;55;Si;2-2;2;2;X;0;;https://betimate.com/it/football-predictions/inter-de-limeira-vs-brusque/2026-10-03/game;2;2026-10-04 14:11;;2026-10-04 15:26;0;0;;;
2026-10-03;2026-10-04;00:30;2026-10-03;22:30;Série C brasiliana;Brazil Serie C;brazil-serie-c;Br3;Paysandu;Ferroviaria SP;33;28;39;2;0-1;2.6;28°C · pioggia 4% · vento 14 km/h;2.25;47.57;52.43;O;46;54;Si;1-0;1;0;1;0;;https://betimate.com/it/football-predictions/ferroviaria-sp-vs-paysandu/2026-10-03/game;2;2026-10-04 14:11;;2026-10-04 15:26;0;0;;;
2026-10-03;2026-10-04;01:00;2026-10-03;23:00;College Championship USA;USA College Championship;usa-college-championship;UCC;Cleveland State;IUPUI;62;21;17;1;1-0;2.49;16°C · pioggia 0% · vento 11 km/h;2.25;48.46;51.54;O;52;48;No;2-0;2;0;1;1;;https://betimate.com/it/football-predictions/iupui-vs-cleveland-state/2026-10-03/game;54;2026-10-04 14:11;;2026-10-04 15:26;0;0;;;
2026-10-03;2026-10-04;01:00;2026-10-03;23:00;College Championship USA;USA College Championship;usa-college-championship;UCC;Dayton Flyers;VCU Rams;70;16;14;1;2-0;3.4;17°C · pioggia 0% · vento 10 km/h;3.25;49.18;50.82;O;46;54;Si;3-4;3;4;2;0;;https://betimate.com/it/football-predictions/dayton-flyers-vs-vcu-rams/2026-10-03/game;54;2026-10-04 14:11;;2026-10-04 15:26;0;0;;;
2026-10-03;2026-10-04;01:00;2026-10-03;23:00;College Championship USA;USA College Championship;usa-college-championship;UCC;Drake;Belmont Bruins;37;26;37;1;1-0;2.29;19°C · pioggia 0% · vento 6 km/h;2.25;49.73;50.27;O;50;50;Si;1-2;1;2;2;0;;https://betimate.com/it/football-predictions/belmont-bruins-vs-drake/2026-10-03/game;54;2026-10-04 14:11;;2026-10-04 15:26;0;0;;;
2026-10-03;2026-10-04;01:00;2026-10-03;23:00;College Championship USA;USA College Championship;usa-college-championship;UCC;Florida Gulf Coast Eagles;Bellarmine Knights;46;21;33;1;2-1;3.28;28°C · pioggia 44% · vento 14 km/h;3.25;49.82;50.18;O;41;59;Si;1-1;1;1;X;0;;https://betimate.com/it/football-predictions/florida-gulf-coast-eagles-vs-bellarmine-knights/2026-10-03/game;54;2026-10-04 14:11;;2026-10-04 15:26;0;0;;;
2026-10-03;2026-10-04;01:00;2026-10-03;23:00;College Championship USA;USA College Championship;usa-college-championship;UCC;George Mason Patriots;Duquesne;46;24;30;1;1-0;2.54;17°C · pioggia 17% · vento 6 km/h;2.5;49.72;50.28;O;48;52;Si;1-2;1;2;2;0;;https://betimate.com/it/football-predictions/duquesne-vs-george-mason-patriots/2026-10-03/game;54;2026-10-04 14:11;;2026-10-04 15:26;0;0;;;
2026-10-03;2026-10-04;01:00;2026-10-03;23:00;College Championship USA;USA College Championship;usa-college-championship;UCC;Hofstra;Stony Brook Seawolves;61;18;21;1;2-1;3.74;18°C · pioggia 0% · vento 7 km/h;3.5;48.71;51.29;O;40;60;Si;0-3;0;3;2;0;;https://betimate.com/it/football-predictions/stony-brook-seawolves-vs-hofstra/2026-10-03/game;54;2026-10-04 14:11;;2026-10-04 15:26;0;0;;;
2026-10-03;2026-10-04;01:00;2026-10-03;23:00;College Championship USA;USA College Championship;usa-college-championship;UCC;New Hampshire;Binghamton Bearcats;67;18;15;1;2-0;2.88;15°C · pioggia 0% · vento 6 km/h;2.75;49.17;50.83;O;50;50;Si;1-1;1;1;X;0;;https://betimate.com/it/football-predictions/new-hampshire-vs-binghamton-bearcats/2026-10-03/game;54;2026-10-04 14:11;;2026-10-04 15:26;0;0;;;
2026-10-03;2026-10-04;01:00;2026-10-03;23:00;College Championship USA;USA College Championship;usa-college-championship;UCC;North Florida Osprey;Central Arkansas;78;11;11;1;3-1;4.58;27°C · pioggia 23% · vento 18 km/h;4.5;49.57;50.43;O;40;60;Si;2-1;2;1;1;1;;https://betimate.com/it/football-predictions/north-florida-osprey-vs-central-arkansas/2026-10-03/game;54;2026-10-04 14:11;;2026-10-04 15:26;0;0;;;
2026-10-03;2026-10-04;01:00;2026-10-03;23:00;College Championship USA;USA College Championship;usa-college-championship;UCC;Sacramento State;Cal State Bakersfield Roadrunners;42;22;36;1;2-1;3.11;37°C · pioggia 0% · vento 10 km/h;3;49.23;50.77;O;42;58;Si;2-2;2;2;X;0;;https://betimate.com/it/football-predictions/sacramento-state-vs-cal-state-bakersfield-roadrunners/2026-10-03/game;54;2026-10-04 14:11;;2026-10-04 15:26;0;0;;;
2026-10-03;2026-10-04;01:00;2026-10-03;23:00;College Championship USA;USA College Championship;usa-college-championship;UCC;UCF;Marshall;44;25;31;1;1-0;2.34;26°C · pioggia 37% · vento 11 km/h;2.25;49.42;50.58;O;50;50;Si;4-0;4;0;1;1;;https://betimate.com/it/football-predictions/ucf-vs-marshall/2026-10-03/game;54;2026-10-04 14:11;;2026-10-04 15:26;0;0;;;
2026-10-03;2026-10-04;01:00;2026-10-03;23:00;College Championship USA;USA College Championship;usa-college-championship;UCC;University of Notre Dame;California Golden Bears;44;24;32;1;1-0;2.6;16°C · pioggia 0% · vento 11 km/h;2.5;49.28;50.72;O;47;53;Si;0-2;0;2;2;0;;https://betimate.com/it/football-predictions/university-of-notre-dame-vs-california-golden-bears/2026-10-03/game;54;2026-10-04 14:11;;2026-10-04 15:26;0;0;;;
2026-10-03;2026-10-04;01:00;2026-10-03;23:00;College Championship USA;USA College Championship;usa-college-championship;UCC;West Virginia;South Carolina Gamecocks;71;16;13;1;2-0;3.14;17°C · pioggia 0% · vento 7 km/h;3;49.18;50.82;O;49;51;Si;1-1;1;1;X;0;;https://betimate.com/it/football-predictions/west-virginia-vs-south-carolina-gamecocks/2026-10-03/game;54;2026-10-04 14:11;;2026-10-04 15:26;0;0;;;
2026-10-03;2026-10-04;01:00;2026-10-03;23:00;College Championship USA;USA College Championship;usa-college-championship;UCC;Western Michigan Broncos;UIC Flames;59;20;21;1;2-1;3.2;15°C · pioggia 0% · vento 7 km/h;3;48.65;51.35;O;44;56;Si;1-1;1;1;X;0;;https://betimate.com/it/football-predictions/uic-flames-vs-western-michigan-broncos/2026-10-03/game;54;2026-10-04 14:11;;2026-10-04 15:26;0;0;;;
2026-10-03;2026-10-04;01:00;2026-10-03;23:00;College Championship USA;USA College Championship;usa-college-championship;UCC;William & Mary;Elon;23;24;53;2;0-1;2.38;18°C · pioggia 25% · vento 9 km/h;2.25;49.16;50.84;O;51;49;No;1-3;1;3;2;1;;https://betimate.com/it/football-predictions/elon-vs-william-mary/2026-10-03/game;54;2026-10-04 14:11;;2026-10-04 15:26;0;0;;;
2026-10-03;2026-10-04;01:00;2026-10-03;23:00;Liga MX Femenil Messico;Mexico Liga MX Femenil;mexico-liga-mx-femenil;MLMF;Queretaro (W);Atletico San Luis (W);23;16;61;2;1-2;3.28;21°C · pioggia 78% · vento 12 km/h;3;47.88;52.12;O;48;52;Si;0-1;0;1;2;1;;https://betimate.com/it/football-predictions/queretaro-w-vs-atletico-san-luis-w/2026-10-03/game;4;2026-10-04 14:11;;2026-10-04 15:26;0;0;;;
2026-10-03;2026-10-04;01:00;2026-10-03;23:00;Liga Premier Messico;Mexico Primera Premier;mexico-primera-premier;MPP;Inter Playa del Carmen;Deportiva Venados;23;17;60;2;1-2;4.35;29°C · pioggia 54% · vento 10 km/h;2.75;40.75;59.25;O;35;65;Si;3-1;3;1;1;0;;https://betimate.com/it/football-predictions/inter-playa-del-carmen-vs-deportiva-venados/2026-10-03/game;17;2026-10-04 14:11;;2026-10-04 15:26;0;0;;;
2026-10-03;2026-10-04;01:00;2026-10-03;23:00;Liga Premier Messico;Mexico Primera Premier;mexico-primera-premier;MPP;Tapachula Soconusco FC;Chapulineros de Oaxaca;57;20;23;1;2-1;3.42;;2.75;45.8;54.2;O;42;58;Si;2-3;2;3;2;0;;https://betimate.com/it/football-predictions/tapachula-soconusco-fc-vs-chapulineros-de-oaxaca/2026-10-03/game;17;2026-10-04 14:11;;2026-10-04 15:26;0;0;;;
2026-10-03;2026-10-04;01:00;2026-10-03;23:00;Messico - Liga TDP;Mexico Liga TDP;mexico-liga-tdp;MLT;CF Nuevo Leon;Club Calor II;12;14;74;2;0-2;3.46;;3.25;48.84;51.16;O;47;53;Si;0-4;0;4;2;1;;https://betimate.com/it/football-predictions/cf-nuevo-leon-vs-club-calor-ii/2026-10-03/game;17;2026-10-04 14:11;;2026-10-04 15:26;0;0;;;
2026-10-03;2026-10-04;01:00;2026-10-03;23:00;Messico - Liga TDP;Mexico Liga TDP;mexico-liga-tdp;MLT;Jaiba Brava II;Club Hidalguense;49;22;29;1;2-1;2.89;;3;50.92;49.08;U;45;55;Si;5-0;5;0;1;1;;https://betimate.com/it/football-predictions/club-hidalguense-vs-jaiba-brava-ii/2026-10-03/game;18;2026-10-04 14:11;;2026-10-04 15:26;0;0;;;
2026-10-03;2026-10-04;01:00;2026-10-03;23:00;Primera B Cile;Chile Primera B;chile-primera-b;Cl2;Club Deportes Santa Cruz;San Marcos De Arica;37;30;33;1;1-0;1.99;12°C · pioggia 0% · vento 1 km/h;2.25;52.27;47.73;U;54;46;No;1-2;1;2;2;0;;https://betimate.com/it/football-predictions/san-marcos-de-arica-vs-club-deportes-santa-cruz/2026-10-03/game;5;2026-10-04 14:11;;2026-10-04 15:26;0;0;;;
2026-10-03;2026-10-04;01:00;2026-10-03;23:00;Primera División Apertura salvadoregna;El Salvador Apertura;el-salvador-apertura;Sv1;AD Isidro Metapan;Atlético Balboa;53;26;21;1;1-0;2.46;28°C · pioggia 90% · vento 8 km/h;2.75;52.02;47.98;U;49;51;Si;3-2;3;2;1;1;;https://betimate.com/it/football-predictions/ad-isidro-metapan-vs-atletico-balboa/2026-10-03/game;17;2026-10-04 14:11;;2026-10-04 15:26;0;0;;;
2026-10-03;2026-10-04;01:00;2026-10-03;23:00;Segunda División Costa Rica;Costa Rica Segunda;costa-rica-segunda;CRS;AD Rosario;Quepos Cambute FC;36;23;41;2;1-2;2.85;;2.75;49.25;50.75;O;45;55;Si;1-0;1;0;1;0;;https://betimate.com/it/football-predictions/ad-rosario-vs-quepos-cambute-fc/2026-10-03/game;54;2026-10-04 14:11;;2026-10-04 15:26;0;0;;;
2026-10-03;2026-10-04;01:00;2026-10-03;23:00;UPSL (USA);USA UPSL;usa-upsl;Us2;Florida Celtic SC;Cape Coral City FC;46;21;33;1;2-1;3.43;;3.25;48.89;51.11;O;40;60;Si;;;;;;;https://betimate.com/it/football-predictions/cape-coral-city-fc-vs-florida-celtic-sc/2026-10-03/game;24;2026-10-04 14:11;;2026-10-04 15:26;0;0;;;
2026-10-03;2026-10-04;01:00;2026-10-03;23:00;USL Championship;USA USL Championship;usa-usl-championship;UUC;Brooklyn FC;Rhode Island FC;22;27;51;2;0-1;2.46;17°C · pioggia 0% · vento 10 km/h;2.75;52.03;47.97;U;49;51;Si;1-3;1;3;2;1;;https://betimate.com/it/football-predictions/rhode-island-fc-vs-brooklyn-fc/2026-10-03/game;17;2026-10-04 14:11;;2026-10-04 15:26;0;0;;;
2026-10-03;2026-10-04;01:00;2026-10-03;23:00;USL Championship;USA USL Championship;usa-usl-championship;UUC;Detroit City FC;Birmingham Legion FC;52;26;22;1;1-0;2.47;14°C · pioggia 0% · vento 5 km/h;2.75;51.97;48.03;U;49;51;Si;1-0;1;0;1;1;;https://betimate.com/it/football-predictions/detroit-city-fc-vs-birmingham-legion-fc/2026-10-03/game;17;2026-10-04 14:11;;2026-10-04 15:26;0;0;;;
2026-10-03;2026-10-04;01:00;2026-10-03;23:00;USL Championship;USA USL Championship;usa-usl-championship;UUC;Lexington SC;El Paso Locomotive FC;44;26;30;1;2-1;2.89;;2.75;48.99;51.01;O;43;57;Si;3-1;3;1;1;1;;https://betimate.com/it/football-predictions/el-paso-locomotive-fc-vs-lexington-sc/2026-10-03/game;17;2026-10-04 14:11;;2026-10-04 15:26;0;0;;;
2026-10-03;2026-10-04;01:00;2026-10-03;23:00;USL League One USA;USA USL League One;usa-usl-league-one;UULO;FC Naples;New York Cosmos;49;23;28;1;1-0;2.69;;3;52.44;47.56;U;47;53;Si;2-1;2;1;1;1;;https://betimate.com/it/football-predictions/new-york-cosmos-vs-fc-naples/2026-10-03/game;17;2026-10-04 14:11;;2026-10-04 15:26;0;0;;;
2026-10-03;2026-10-04;01:00;2026-10-03;23:00;USL League One USA;USA USL League One;usa-usl-league-one;UULO;Westchester SC;Antelope Valley Alta;51;22;27;1;2-1;2.95;;3.25;51.91;48.09;U;45;55;Si;2-1;2;1;1;1;;https://betimate.com/it/football-predictions/westchester-sc-vs-antelope-valley-alta/2026-10-03/game;54;2026-10-04 14:11;;2026-10-04 15:26;0;0;;;
2026-10-03;2026-10-04;01:10;2026-10-03;23:10;Copa Colombia;Colombia Cup;colombia-cup;CC;Barranquilla FC;Millonarios;17;20;63;2;1-2;3.19;26°C · pioggia 87% · vento 5 km/h;2.5;45.34;54.66;O;41;59;Si;1-1;1;1;X;0;;https://betimate.com/it/football-predictions/millonarios-vs-barranquilla-fc/2026-10-03/game;18;2026-10-04 14:11;;2026-10-04 15:26;0;0;;;
2026-10-03;2026-10-04;01:15;2026-10-03;23:15;LPF panamense;Panama LPF;panama-lpf;Pa1;Veraguas CD;Tauro FC;36;26;38;2;1-2;2.92;26°C · pioggia 66% · vento 2 km/h;2.5;47.3;52.7;O;42;58;Si;2-1;2;1;1;0;;https://betimate.com/it/football-predictions/tauro-fc-vs-veraguas-cd/2026-10-03/game;18;2026-10-04 14:11;;2026-10-04 15:26;0;0;;;
2026-10-03;2026-10-04;01:30;2026-10-03;23:30;Amichevoli per club;Club Friendly List;club-friendly-list;CFL;Monterrey;Toluca;27;22;51;2;1-2;3.43;;3.25;49.06;50.94;O;41;59;Si;2-1;2;1;1;0;;https://betimate.com/it/football-predictions/toluca-vs-monterrey/2026-10-03/game;55;2026-10-04 14:11;;2026-10-04 15:26;0;0;;;
2026-10-03;2026-10-04;01:30;2026-10-03;23:30;Bolivia - Copa División Profesional;Bolivia Copa Division Profesional;bolivia-copa-division-profesional;BCDP;The Strongest;Universitario De Vinto;63;20;17;1;2-0;3.53;11°C · pioggia 0% · vento 4 km/h;3.25;48.78;51.22;O;45;55;Si;5-2;5;2;1;1;;https://betimate.com/it/football-predictions/the-strongest-vs-universitario-de-vinto/2026-10-03/game;18;2026-10-04 14:11;;2026-10-04 15:26;0;0;;;
2026-10-03;2026-10-04;01:30;2026-10-03;23:30;Campeonato Gaúcho Femminile Brasile;Brazil Gaucho Women;brazil-gaucho-women;BGW;Brasil de Farroupilha (W);Flamengo Sao Pedro (W);88;6;6;1;4-1;5.96;19°C · pioggia 65% · vento 17 km/h;3;33.27;66.73;O;40;60;Si;1-0;1;0;1;1;;https://betimate.com/it/football-predictions/flamengo-sao-pedro-w-vs-brasil-de-farroupilha-w/2026-10-03/game;55;2026-10-04 14:11;;2026-10-04 15:26;0;0;;;
2026-10-03;2026-10-04;01:30;2026-10-03;23:30;College Championship USA;USA College Championship;usa-college-championship;UCC;High Point Panthers;Longwood Lancers;89;7;4;1;3-0;4.61;15°C · pioggia 15% · vento 18 km/h;4.5;49.48;50.52;O;49;51;Si;2-0;2;0;1;1;;https://betimate.com/it/football-predictions/longwood-lancers-vs-high-point-panthers/2026-10-03/game;55;2026-10-04 14:11;;2026-10-04 15:26;0;0;;;
2026-10-03;2026-10-04;01:30;2026-10-03;23:30;Paraguay Copa EFE Women;Paraguay Copa EFE Women;paraguay-copa-efe-women;PCEW;Cerro Porteno (W);Sportivo San Lorenzo (W);83;9;8;1;3-0;4.19;;3.75;47.43;52.57;O;50;50;Si;;;;;;;https://betimate.com/it/football-predictions/cerro-porteno-w-vs-sportivo-san-lorenzo-w/2026-10-03/game;55;2026-10-04 14:11;;2026-10-04 15:26;0;0;;;
2026-10-03;2026-10-04;01:30;2026-10-03;23:30;USL Championship;USA USL Championship;usa-usl-championship;UUC;Tampa Bay Rowdies;Miami FC;63;21;16;1;2-0;3.04;25°C · pioggia 38% · vento 8 km/h;3;49.94;50.06;O;46;54;Si;1-2;1;2;2;0;;https://betimate.com/it/football-predictions/tampa-bay-rowdies-vs-miami-fc/2026-10-03/game;18;2026-10-04 14:11;;2026-10-04 15:26;0;0;;;
2026-10-03;2026-10-04;01:30;2026-10-03;23:30;USL League One USA;USA USL League One;usa-usl-league-one;UULO;Fort Wayne FC;Forward Madison FC;43;22;35;1;2-1;2.9;14°C · pioggia 0% · vento 6 km/h;2.75;48.98;51.02;O;44;56;Si;0-0;0;0;X;0;;https://betimate.com/it/football-predictions/forward-madison-fc-vs-fort-wayne-fc/2026-10-03/game;18;2026-10-04 14:11;;2026-10-04 15:26;0;0;;;
2026-10-03;2026-10-04;01:30;2026-10-03;23:30;USL League One USA;USA USL League One;usa-usl-league-one;UULO;Sarasota Paradise;Charlotte Independence;43;21;36;1;2-1;3.38;;3.25;49.17;50.83;O;40;60;Si;2-3;2;3;2;0;;https://betimate.com/it/football-predictions/charlotte-independence-vs-sarasota-paradise/2026-10-03/game;18;2026-10-04 14:11;;2026-10-04 15:26;0;0;;;
2026-10-03;2026-10-04;02:00;2026-10-04;00:00;Amichevoli internazionali;International Match;international-match;IM;Argentina;Burkina Faso;90;7;3;1;3-0;4.29;;4.25;49.9;50.1;O;57;43;No;7-0;7;0;1;1;;https://betimate.com/it/football-predictions/argentina-vs-burkina-faso/2026-10-04/game;1;2026-10-04 14:11;;2026-10-04 15:26;0;0;;;
2026-10-03;2026-10-04;02:00;2026-10-04;00:00;College Championship USA;USA College Championship;usa-college-championship;UCC;Bradley;Bowling Green Falcons;45;22;33;1;2-1;3.15;18°C · pioggia 0% · vento 6 km/h;3;49.02;50.98;O;42;58;Si;1-2;1;2;2;0;;https://betimate.com/it/football-predictions/bowling-green-falcons-vs-bradley/2026-10-04/game;55;2026-10-04 14:11;;2026-10-04 15:26;0;0;;;
2026-10-03;2026-10-04;02:00;2026-10-04;00:00;College Championship USA;USA College Championship;usa-college-championship;UCC;Denver Pioneers;Loyola Marymount Lions;71;16;13;1;2-0;3.25;26°C · pioggia 1% · vento 18 km/h;3;48.43;51.57;O;48;52;Si;2-1;2;1;1;1;;https://betimate.com/it/football-predictions/denver-pioneers-vs-loyola-marymount-lions/2026-10-04/game;55;2026-10-04 14:11;;2026-10-04 15:26;0;0;;;
2026-10-03;2026-10-04;02:00;2026-10-04;00:00;College Championship USA;USA College Championship;usa-college-championship;UCC;Lipscomb Bisons;Stetson Hatters;36;23;41;2;0-1;2.78;20°C · pioggia 2% · vento 4 km/h;2.75;49.71;50.29;O;45;55;Si;1-4;1;4;2;1;;https://betimate.com/it/football-predictions/lipscomb-bisons-vs-stetson-hatters/2026-10-04/game;55;2026-10-04 14:11;;2026-10-04 15:26;0;0;;;
2026-10-03;2026-10-04;02:00;2026-10-04;00:00;College Championship USA;USA College Championship;usa-college-championship;UCC;Loyola Chicago;Davidson Wildcats;32;28;40;2;0-1;1.87;15°C · pioggia 1% · vento 12 km/h;1.75;49.21;50.79;O;55;45;No;2-1;2;1;1;0;;https://betimate.com/it/football-predictions/loyola-chicago-vs-davidson-wildcats/2026-10-04/game;55;2026-10-04 14:11;;2026-10-04 15:26;0;0;;;
2026-10-03;2026-10-04;02:00;2026-10-04;00:00;College Championship USA;USA College Championship;usa-college-championship;UCC;Memphis;Missouri State;37;24;39;2;0-1;2.65;21°C · pioggia 3% · vento 9 km/h;2.5;48.95;51.05;O;47;53;Si;1-1;1;1;X;0;;https://betimate.com/it/football-predictions/missouri-state-vs-memphis/2026-10-04/game;55;2026-10-04 14:11;;2026-10-04 15:26;0;0;;;
2026-10-03;2026-10-04;02:00;2026-10-04;00:00;College Championship USA;USA College Championship;usa-college-championship;UCC;Omaha Mavericks;Nebraska Wesleyan;42;22;36;1;2-1;3.08;18°C · pioggia 0% · vento 8 km/h;3;49.45;50.55;O;43;57;Si;4-0;4;0;1;1;;https://betimate.com/it/football-predictions/omaha-mavericks-vs-nebraska-wesleyan/2026-10-04/game;55;2026-10-04 14:11;;2026-10-04 15:26;0;0;;;
2026-10-03;2026-10-04;02:00;2026-10-04;00:00;College Championship USA;USA College Championship;usa-college-championship;UCC;Oral Roberts;Umass Minutemen;42;27;31;1;1-0;2.07;22°C · pioggia 9% · vento 2 km/h;2;49.61;50.39;O;53;47;No;1-1;1;1;X;0;;https://betimate.com/it/football-predictions/umass-minutemen-vs-oral-roberts/2026-10-04/game;55;2026-10-04 14:11;;2026-10-04 15:26;0;0;;;
2026-10-03;2026-10-04;02:00;2026-10-04;00:00;College Championship USA;USA College Championship;usa-college-championship;UCC;Saint Louis Billikens;Saint Joseph's Hawks;69;17;14;1;2-0;3.35;20°C · pioggia 0% · vento 2 km/h;3.25;49.48;50.52;O;46;54;Si;1-0;1;0;1;1;;https://betimate.com/it/football-predictions/saint-joseph-s-hawks-vs-saint-louis-billikens/2026-10-04/game;55;2026-10-04 14:11;;2026-10-04 15:26;0;0;;;
2026-10-03;2026-10-04;02:00;2026-10-04;00:00;Liga Premier Messico;Mexico Primera Premier;mexico-primera-premier;MPP;Tigres de Álica FC;H2O Purépechas FC;73;16;11;1;2-0;3.06;;3;49.86;50.14;O;51;49;No;1-0;1;0;1;1;;https://betimate.com/it/football-predictions/h2o-purepechas-fc-vs-tigres-de-alica-fc/2026-10-04/game;18;2026-10-04 14:11;;2026-10-04 15:26;0;0;;;
2026-10-03;2026-10-04;02:00;2026-10-04;00:00;Liga Premier Serie A Messico;Mexico Liga Premier A;mexico-liga-premier-a;MLPA;Dragones de Oaxaca;Real Refineros CDS;62;15;23;1;3-1;5.17;;2.75;36.73;63.27;O;30;70;Si;3-2;3;2;1;1;;https://betimate.com/it/football-predictions/dragones-de-oaxaca-vs-real-refineros-cds/2026-10-04/game;18;2026-10-04 14:11;;2026-10-04 15:26;0;0;;;
2026-10-03;2026-10-04;02:00;2026-10-04;00:00;Liga Premier Serie A Messico;Mexico Liga Premier A;mexico-liga-premier-a;MLPA;Dragones de Oaxaca;Real Refineros FC;51;18;31;1;2-1;4.06;;2.75;42.22;57.78;O;36;64;Si;3-2;3;2;1;1;;https://betimate.com/it/football-predictions/dragones-de-oaxaca-vs-real-refineros-fc/2026-10-04/game;55;2026-10-04 14:11;;2026-10-04 15:26;0;0;;;
2026-10-03;2026-10-04;02:00;2026-10-04;00:00;Liga Premier Serie B Messico;Mexico Liga Premier B;mexico-liga-premier-b;MLPB;CD Ayense;Racing de Veracruz II;39;18;43;2;1-2;4.42;;2.5;39.62;60.38;O;33;67;Si;1-2;1;2;2;1;;https://betimate.com/it/football-predictions/cd-ayense-vs-racing-de-veracruz-ii/2026-10-04/game;18;2026-10-04 14:11;;2026-10-04 15:26;0;0;;;
2026-10-03;2026-10-04;02:00;2026-10-04;00:00;Liga Primera Nicaragua;Nicaragua Apertura;nicaragua-apertura;NA;CD Walter Ferretti;Jalapa;40;25;35;1;1-0;2.46;26°C · pioggia 47% · vento 11 km/h;2.75;51.96;48.04;U;49;51;Si;2-2;2;2;X;0;;https://betimate.com/it/football-predictions/cd-walter-ferretti-vs-jalapa/2026-10-04/game;18;2026-10-04 14:11;;2026-10-04 15:26;0;0;;;
2026-10-03;2026-10-04;02:00;2026-10-04;00:00;National League Nuova Zelanda;New Zealand Football Championship;new-zealand-football-championship;Nz1;Auckland United FC;Napier City Rovers;35;23;42;2;1-2;3.33;15°C · pioggia 6% · vento 14 km/h;3.25;49.36;50.64;O;38;62;Si;7-1;7;1;1;0;;https://betimate.com/it/football-predictions/napier-city-rovers-vs-auckland-united-fc/2026-10-04/game;18;2026-10-04 14:11;;2026-10-04 15:26;0;0;;;
2026-10-03;2026-10-04;02:00;2026-10-04;00:00;USL Championship;USA USL Championship;usa-usl-championship;UUC;Tulsa;Sacramento Republic;35;31;34;1;1-0;2.18;22°C · pioggia 1% · vento 2 km/h;2.25;50.77;49.23;U;51;49;No;1-1;1;1;X;0;;https://betimate.com/it/football-predictions/sacramento-republic-vs-tulsa/2026-10-04/game;18;2026-10-04 14:11;;2026-10-04 15:26;0;0;;;
2026-10-03;2026-10-04;02:45;2026-10-04;00:45;NWSL statunitense;USA NWSL Women;usa-nwsl-women;UNW;Portland Thorns (W);Boston Legacy FC (W);58;17;25;1;2-1;3.36;21°C · pioggia 0% · vento 10 km/h;3;47.4;52.6;O;47;53;Si;2-4;2;4;2;0;;https://betimate.com/it/football-predictions/portland-thorns-w-vs-boston-legacy-fc-w/2026-10-04/game;18;2026-10-04 14:11;;2026-10-04 15:26;0;0;;;
2026-10-03;2026-10-04;03:00;2026-10-04;01:00;America Friendlies;America Friendlies;america-friendlies;AF;Alianza Lima;FBC Melgar;44;27;29;1;1-0;2.47;;2.25;48.66;51.34;O;49;51;Si;;;;;;;https://betimate.com/it/football-predictions/alianza-lima-vs-fbc-melgar/2026-10-04/game;56;2026-10-04 14:11;;2026-10-04 15:26;0;0;;;
2026-10-03;2026-10-04;03:00;2026-10-04;01:00;College Championship USA;USA College Championship;usa-college-championship;UCC;UC Irvine Anteaters;Cal State Fullerton Titans;37;28;35;1;1-0;2.03;31°C · pioggia 0% · vento 5 km/h;2;49.95;50.05;O;53;47;No;3-1;3;1;1;1;;https://betimate.com/it/football-predictions/uc-irvine-anteaters-vs-cal-state-fullerton-titans/2026-10-04/game;56;2026-10-04 14:11;;2026-10-04 15:26;0;0;;;
2026-10-03;2026-10-04;03:00;2026-10-04;01:00;College Championship USA;USA College Championship;usa-college-championship;UCC;UCLA;Michigan State;67;18;15;1;2-0;3.2;31°C · pioggia 0% · vento 14 km/h;3;48.81;51.19;O;47;53;Si;3-0;3;0;1;1;;https://betimate.com/it/football-predictions/michigan-state-vs-ucla/2026-10-04/game;56;2026-10-04 14:11;;2026-10-04 15:26;0;0;;;
2026-10-03;2026-10-04;03:00;2026-10-04;01:00;Liga Nacional Femminile Guatemala;Guatemala Liga Nacional Women;guatemala-liga-nacional-women;GLNW;Deportivo Guatemala (W);CSD Municipal (W);3;5;92;2;0-3;4.58;;3.25;42.75;57.25;O;56;44;No;2-3;2;3;2;1;;https://betimate.com/it/football-predictions/csd-municipal-w-vs-deportivo-guatemala-w/2026-10-04/game;56;2026-10-04 14:11;;2026-10-04 15:26;0;0;;;
2026-10-03;2026-10-04;03:00;2026-10-04;01:00;Liga Premier Messico;Mexico Primera Premier;mexico-primera-premier;MPP;Lobos ULM;Tritones Vallarta MFC;32;27;41;2;0-1;2.13;18°C · pioggia 82% · vento 13 km/h;2.5;52.44;47.56;U;52;48;No;2-1;2;1;1;0;;https://betimate.com/it/football-predictions/tritones-vallarta-mfc-vs-lobos-ulm/2026-10-04/game;18;2026-10-04 14:11;;2026-10-04 15:26;0;0;;;
2026-10-03;2026-10-04;03:00;2026-10-04;01:00;Liga de Ascenso Honduras;Honduras Liga de Ascenso;honduras-liga-de-ascenso;HLdA;CD Real Sociedad;CD Vida;32;27;41;2;0-1;2.23;25°C · pioggia 40% · vento 3 km/h;2;48.24;51.76;O;51;49;No;1-1;1;1;X;0;;https://betimate.com/it/football-predictions/cd-real-sociedad-vs-cd-vida/2026-10-04/game;56;2026-10-04 14:11;;2026-10-04 15:26;0;0;;;
2026-10-03;2026-10-04;03:00;2026-10-04;01:00;Liga de Ascenso Honduras;Honduras Liga de Ascenso;honduras-liga-de-ascenso;HLdA;Espartano FC;Pumas FC;29;25;46;2;0-1;2.35;;2.25;49.34;50.66;O;50;50;Si;1-4;1;4;2;1;;https://betimate.com/it/football-predictions/pumas-fc-vs-espartano-fc/2026-10-04/game;56;2026-10-04 14:11;;2026-10-04 15:26;0;0;;;
2026-10-03;2026-10-04;03:00;2026-10-04;01:00;Liga de Ascenso Honduras;Honduras Liga de Ascenso;honduras-liga-de-ascenso;HLdA;Infop FC;CD Cedeno;39;25;36;1;1-0;2.39;;2.25;49.01;50.99;O;49;51;Si;2-1;2;1;1;1;;https://betimate.com/it/football-predictions/cd-cedeno-vs-infop-fc/2026-10-04/game;56;2026-10-04 14:11;;2026-10-04 15:26;0;0;;;
2026-10-03;2026-10-04;03:00;2026-10-04;01:00;Liga de Ascenso Honduras;Honduras Liga de Ascenso;honduras-liga-de-ascenso;HLdA;Palestino FC Choloma;Deportes Savio;43;25;32;1;1-0;2.34;;2.5;51.03;48.97;U;50;50;Si;1-0;1;0;1;1;;https://betimate.com/it/football-predictions/deportes-savio-vs-palestino-fc-choloma/2026-10-04/game;18;2026-10-04 14:11;;2026-10-04 15:26;0;0;;;
2026-10-03;2026-10-04;03:00;2026-10-04;01:00;Liga de Ascenso Honduras;Honduras Liga de Ascenso;honduras-liga-de-ascenso;HLdA;Roma FC de Sonaguera;CD Social Sol;36;21;43;2;1-2;3.24;;3;48.35;51.65;O;41;59;Si;1-1;1;1;X;0;;https://betimate.com/it/football-predictions/cd-social-sol-vs-roma-fc-de-sonaguera/2026-10-04/game;56;2026-10-04 14:11;;2026-10-04 15:26;0;0;;;
2026-10-03;2026-10-04;03:00;2026-10-04;01:00;Liga de Expansión MX Messico;Mexico Liga de Expansion;mexico-liga-de-expansion;MLdE;Alacranes de Durango;Mineros de Zacatecas;37;30;33;1;1-0;2.26;16°C · pioggia 92% · vento 8 km/h;2.5;51.71;48.29;U;50;50;Si;4-2;4;2;1;1;;https://betimate.com/it/football-predictions/mineros-de-zacatecas-vs-alacranes-de-durango/2026-10-04/game;18;2026-10-04 14:11;;2026-10-04 15:26;0;0;;;
2026-10-03;2026-10-04;03:00;2026-10-04;01:00;Liga de Expansión MX Messico;Mexico Liga de Expansion;mexico-liga-de-expansion;MLdE;Atletico Morelia;Tlaxcala FC;61;23;16;1;2-0;2.94;17°C · pioggia 100% · vento 9 km/h;3;50.67;49.33;U;47;53;Si;1-1;1;1;X;0;;https://betimate.com/it/football-predictions/tlaxcala-fc-vs-atletico-morelia/2026-10-04/game;18;2026-10-04 14:11;;2026-10-04 15:26;0;0;;;
2026-10-03;2026-10-04;03:00;2026-10-04;01:00;Liga de Expansión MX Messico;Mexico Liga de Expansion;mexico-liga-de-expansion;MLdE;Cancun FC;Tapatio;54;24;22;1;2-1;3.04;26°C · pioggia 12% · vento 7 km/h;3;49.88;50.12;O;44;56;Si;1-0;1;0;1;1;;https://betimate.com/it/football-predictions/tapatio-vs-cancun-fc/2026-10-04/game;18;2026-10-04 14:11;;2026-10-04 15:26;0;0;;;
2026-10-03;2026-10-04;03:00;2026-10-04;01:00;Liga de Expansión MX Messico;Mexico Liga de Expansion;mexico-liga-de-expansion;MLdE;Piratas;Oaxaca;71;19;10;1;2-0;2.76;;2.75;50.22;49.78;U;55;45;No;4-0;4;0;1;1;;https://betimate.com/it/football-predictions/oaxaca-vs-piratas/2026-10-04/game;18;2026-10-04 14:11;;2026-10-04 15:26;0;0;;;
2026-10-03;2026-10-04;03:00;2026-10-04;01:00;Messico - Liga TDP;Mexico Liga TDP;mexico-liga-tdp;MLT;Academia Dragones FC;Lobos ITECA;37;24;39;2;0-1;2.62;;3.25;54.24;45.76;U;47;53;Si;0-2;0;2;2;1;;https://betimate.com/it/football-predictions/lobos-iteca-vs-academia-dragones-fc/2026-10-04/game;18;2026-10-04 14:11;;2026-10-04 15:26;0;0;;;
2026-10-03;2026-10-04;03:00;2026-10-04;01:00;National League Nuova Zelanda;New Zealand Football Championship;new-zealand-football-championship;Nz1;Cashmere Technical;Wellington Phoenix Reserves;91;6;3;1;3-0;4.56;13°C · pioggia 0% · vento 15 km/h;4.25;47.76;52.24;O;46;54;Si;10-0;10;0;1;1;;https://betimate.com/it/football-predictions/wellington-phoenix-reserves-vs-cashmere-technical/2026-10-04/game;18;2026-10-04 14:11;;2026-10-04 15:26;0;0;;;
2026-10-03;2026-10-04;03:00;2026-10-04;01:00;Primera División Apertura salvadoregna;El Salvador Apertura;el-salvador-apertura;Sv1;Alianza FC;CD Luis Angel Firpo;33;26;41;2;0-1;2.76;22°C · pioggia 95% · vento 4 km/h;2.25;46.33;53.67;O;44;56;Si;2-2;2;2;X;0;;https://betimate.com/it/football-predictions/alianza-fc-vs-cd-luis-angel-firpo/2026-10-04/game;18;2026-10-04 14:11;;2026-10-04 15:26;0;0;;;
2026-10-03;2026-10-04;03:00;2026-10-04;01:00;Primera División guatemalteca;Guatemala Primera Division;guatemala-primera-division;Gt2;Nueva Santa Rosa CDF;CSD Sayaxche;57;23;20;1;1-0;2.36;;2.5;50.91;49.09;U;52;48;No;1-0;1;0;1;1;;https://betimate.com/it/football-predictions/csd-sayaxche-vs-nueva-santa-rosa-cdf/2026-10-04/game;18;2026-10-04 14:11;;2026-10-04 15:26;0;0;;;
2026-10-03;2026-10-04;03:00;2026-10-04;01:00;USL Championship;USA USL Championship;usa-usl-championship;UUC;Colorado Switchbacks FC;Oakland Roots;55;25;20;1;1-0;2.57;19°C · pioggia 4% · vento 14 km/h;2.75;51.33;48.67;U;49;51;Si;0-0;0;0;X;0;;https://betimate.com/it/football-predictions/colorado-switchbacks-fc-vs-oakland-roots/2026-10-04/game;18;2026-10-04 14:11;;2026-10-04 15:26;0;0;;;
2026-10-03;2026-10-04;03:00;2026-10-04;01:00;USL League One USA;USA USL League One;usa-usl-league-one;UULO;Spokane Velocity FC;Portland Hearts of Pine;62;18;20;1;2-1;3.54;21°C · pioggia 0% · vento 8 km/h;3;46.44;53.56;O;42;58;Si;3-3;3;3;X;0;;https://betimate.com/it/football-predictions/spokane-velocity-fc-vs-portland-hearts-of-pine/2026-10-04/game;18;2026-10-04 14:11;;2026-10-04 15:26;0;0;;;
2026-10-03;2026-10-04;03:06;2026-10-04;01:06;Liga MX Femenil Messico;Mexico Liga MX Femenil;mexico-liga-mx-femenil;MLMF;Tijuana (W);Atlante (W);54;20;26;1;1-0;2.51;30°C · pioggia 0% · vento 9 km/h;2.75;51.4;48.6;U;55;45;No;1-0;1;0;1;1;;https://betimate.com/it/football-predictions/tijuana-w-vs-atlante-w/2026-10-04/game;20;2026-10-04 14:11;;2026-10-04 15:26;0;0;;;
2026-10-03;2026-10-04;03:20;2026-10-04;01:20;Primera B colombiana;Colombia Primera B;colombia-primera-b;Co2;Real Cartagena;Boca Juniors De Cali;53;24;23;1;1-0;2.59;28°C · pioggia 58% · vento 7 km/h;2.75;51.14;48.86;U;49;51;Si;2-3;2;3;2;0;;https://betimate.com/it/football-predictions/real-cartagena-vs-boca-juniors-de-cali/2026-10-04/game;1;2026-10-04 14:11;;2026-10-04 15:26;0;0;;;
2026-10-03;2026-10-04;03:30;2026-10-04;01:30;LPF panamense;Panama LPF;panama-lpf;Pa1;Plaza Amador;CD Universitario;67;20;13;1;2-0;3.01;25°C · pioggia 30% · vento 1 km/h;2.5;46.7;53.3;O;47;53;Si;2-1;2;1;1;1;;https://betimate.com/it/football-predictions/plaza-amador-vs-cd-universitario/2026-10-04/game;18;2026-10-04 14:11;;2026-10-04 15:26;0;0;;;
2026-10-03;2026-10-04;03:30;2026-10-04;01:30;Segunda División Costa Rica;Costa Rica Segunda;costa-rica-segunda;CRS;AD Grecia;PFA Santa Cruz;52;22;26;1;1-0;2.7;21°C · pioggia 12% · vento 3 km/h;2.75;50.25;49.75;U;47;53;Si;1-0;1;0;1;1;;https://betimate.com/it/football-predictions/ad-grecia-vs-pfa-santa-cruz/2026-10-04/game;57;2026-10-04 14:11;;2026-10-04 15:26;0;0;;;
2026-10-03;2026-10-04;04:00;2026-10-04;02:00;Amichevoli internazionali;International Match;international-match;IM;Stati Uniti;Messico;39;21;40;2;1-2;3.52;;2.75;45.22;54.78;O;42;58;Si;3-0;3;0;1;0;;https://betimate.com/it/football-predictions/usa-vs-mexico/2026-10-04/game;1;2026-10-04 14:11;;2026-10-04 15:26;0;0;;;
2026-10-03;2026-10-04;04:00;2026-10-04;02:00;CONCACAF Nations League;CONCACAF Nations League;concacaf-nations-league;CNL;Belize;Guyana Francese;30;26;44;2;0-1;2.5;26°C · pioggia 34% · vento 3 km/h;2.25;48.33;51.67;O;52;48;No;0-2;0;2;2;1;;https://betimate.com/it/football-predictions/french-guiana-vs-belize/2026-10-04/game;1;2026-10-04 14:11;;2026-10-04 15:26;0;0;;;
2026-10-03;2026-10-04;04:00;2026-10-04;02:00;College Championship USA;USA College Championship;usa-college-championship;UCC;Cal State Northridge;San Diego State Aztecs;40;27;33;1;1-0;2.07;31°C · pioggia 0% · vento 9 km/h;2;49.55;50.45;O;53;47;No;3-0;3;0;1;1;;https://betimate.com/it/football-predictions/san-diego-state-aztecs-vs-cal-state-northridge/2026-10-04/game;58;2026-10-04 14:11;;2026-10-04 15:26;0;0;;;
2026-10-03;2026-10-04;04:00;2026-10-04;02:00;College Championship USA;USA College Championship;usa-college-championship;UCC;Gonzaga Bulldogs;UC San Diego Tritons;57;20;23;1;2-1;3.03;18°C · pioggia 0% · vento 9 km/h;3;49.83;50.17;O;45;55;Si;1-2;1;2;2;0;;https://betimate.com/it/football-predictions/uc-san-diego-tritons-vs-gonzaga-bulldogs/2026-10-04/game;58;2026-10-04 14:11;;2026-10-04 15:26;0;0;;;
2026-10-03;2026-10-04;04:00;2026-10-04;02:00;College Championship USA;USA College Championship;usa-college-championship;UCC;Oregon State Beavers;UC Riverside;77;12;11;1;3-1;4.47;22°C · pioggia 0% · vento 8 km/h;4.25;48.87;51.13;O;41;59;Si;4-1;4;1;1;1;;https://betimate.com/it/football-predictions/oregon-state-beavers-vs-uc-riverside/2026-10-04/game;58;2026-10-04 14:11;;2026-10-04 15:26;0;0;;;
2026-10-03;2026-10-04;04:00;2026-10-04;02:00;College Championship USA;USA College Championship;usa-college-championship;UCC;Pacific Tigers;Santa Clara Broncos;29;23;48;2;0-1;2.83;30°C · pioggia 0% · vento 11 km/h;2.75;49.43;50.57;O;46;54;Si;2-1;2;1;1;0;;https://betimate.com/it/football-predictions/santa-clara-broncos-vs-pacific-tigers/2026-10-04/game;58;2026-10-04 14:11;;2026-10-04 15:26;0;0;;;
2026-10-03;2026-10-04;04:00;2026-10-04;02:00;College Championship USA;USA College Championship;usa-college-championship;UCC;San Francisco Dons;San Diego Toreros;32;26;42;2;0-1;2.29;22°C · pioggia 0% · vento 15 km/h;2.25;49.75;50.25;O;50;50;Si;2-2;2;2;X;0;;https://betimate.com/it/football-predictions/san-francisco-dons-vs-san-diego-toreros/2026-10-04/game;58;2026-10-04 14:11;;2026-10-04 15:26;0;0;;;
2026-10-03;2026-10-04;04:00;2026-10-04;02:00;College Championship USA;USA College Championship;usa-college-championship;UCC;Seattle Redhawks;Saint Marys Gaels;57;20;23;1;2-1;3.06;15°C · pioggia 0% · vento 7 km/h;3;49.7;50.3;O;45;55;Si;4-2;4;2;1;1;;https://betimate.com/it/football-predictions/seattle-redhawks-vs-saint-marys-gaels/2026-10-04/game;57;2026-10-04 14:11;;2026-10-04 15:26;0;0;;;
2026-10-03;2026-10-04;04:00;2026-10-04;02:00;College Championship USA;USA College Championship;usa-college-championship;UCC;UC Santa Barbara;Utah Valley Wolverines;45;25;30;1;1-0;2.34;23°C · pioggia 1% · vento 3 km/h;2.25;49.41;50.59;O;50;50;Si;3-2;3;2;1;1;;https://betimate.com/it/football-predictions/uc-santa-barbara-vs-utah-valley-wolverines/2026-10-04/game;58;2026-10-04 14:11;;2026-10-04 15:26;0;0;;;
2026-10-03;2026-10-04;04:00;2026-10-04;02:00;L2 League Giappone Femminile;Japan L2 League Women;japan-l2-league-women;JLLW;JFA Academy (W);FC Fujizakura Yamanashi (W);13;18;69;2;0-1;2.28;;2.25;49.68;50.32;O;63;37;No;2-2;2;2;X;0;;https://betimate.com/it/football-predictions/fc-fujizakura-yamanashi-w-vs-jfa-academy-w/2026-10-04/game;58;2026-10-04 14:11;;2026-10-04 15:26;0;0;;;
2026-10-03;2026-10-04;04:00;2026-10-04;02:00;Liga Nacional Guatemala;Guatemala Liga Nacional;guatemala-liga-nacional;Gt1;Xelaju;Deportivo San Pedro;64;22;14;1;1-0;2.53;13°C · pioggia 57% · vento 2 km/h;2.5;49.54;50.46;O;50;50;Si;2-0;2;0;1;1;;https://betimate.com/it/football-predictions/xelaju-vs-deportivo-san-pedro/2026-10-04/game;18;2026-10-04 14:11;;2026-10-04 15:26;0;0;;;
2026-10-03;2026-10-04;04:00;2026-10-04;02:00;Messico - Liga TDP;Mexico Liga TDP;mexico-liga-tdp;MLT;Club Atletico Tijuana;Deportivo Etchojoa;36;26;38;2;0-1;2.33;;2.5;51.02;48.98;U;50;50;Si;;;;;;;https://betimate.com/it/football-predictions/deportivo-etchojoa-vs-club-atletico-tijuana/2026-10-04/game;18;2026-10-04 14:11;;2026-10-04 15:26;0;0;;;
2026-10-03;2026-10-04;04:00;2026-10-04;02:00;New Zealand National League Women;New Zealand National League Women;new-zealand-national-league-women;NZNL;CF Wellington United (W);Auckland United (W);40;17;43;2;1-2;3.75;;3;44.85;55.15;O;42;58;Si;0-1;0;1;2;1;;https://betimate.com/it/football-predictions/auckland-united-w-vs-cf-wellington-united-w/2026-10-04/game;18;2026-10-04 14:11;;2026-10-04 15:26;0;0;;;
2026-10-03;2026-10-04;04:00;2026-10-04;02:00;New Zealand National League Women;New Zealand National League Women;new-zealand-national-league-women;NZNL;Southern United (W);Fencibles United (W);36;21;43;2;0-1;2.48;;3.25;55.25;44.75;U;54;46;No;0-3;0;3;2;1;;https://betimate.com/it/football-predictions/fencibles-united-w-vs-southern-united-w/2026-10-04/game;18;2026-10-04 14:11;;2026-10-04 15:26;0;0;;;
2026-10-03;2026-10-04;04:00;2026-10-04;02:00;Primera División guatemalteca;Guatemala Primera Division;guatemala-primera-division;Gt2;Quiche FC;Deportivo Iztapa;53;24;23;1;1-0;2.46;;2.25;48.62;51.38;O;50;50;Si;1-0;1;0;1;1;;https://betimate.com/it/football-predictions/deportivo-iztapa-vs-quiche-fc/2026-10-04/game;57;2026-10-04 14:11;;2026-10-04 15:26;0;0;;;
2026-10-03;2026-10-04;04:00;2026-10-04;02:00;Regional League giapponese;Japan Regional League;japan-regional-league;JRL;Sendai University SC II;Blancdieu Hirosaki FC;41;19;40;1;2-1;4.13;;3.75;47.75;52.25;O;34;66;Si;1-10;1;10;2;0;;https://betimate.com/it/football-predictions/blancdieu-hirosaki-fc-vs-sendai-university-sc-ii/2026-10-04/game;19;2026-10-04 14:11;;2026-10-04 15:26;0;0;;;
2026-10-03;2026-10-04;04:00;2026-10-04;02:00;USL Championship;USA USL Championship;usa-usl-championship;UUC;Orange County SC;Monterey Bay FC;47;26;27;1;1-0;2.83;32°C · pioggia 0% · vento 5 km/h;2.75;49.42;50.58;O;44;56;Si;1-2;1;2;2;0;;https://betimate.com/it/football-predictions/orange-county-sc-vs-monterey-bay-fc/2026-10-04/game;18;2026-10-04 14:11;;2026-10-04 15:26;0;0;;;
2026-10-03;2026-10-04;04:15;2026-10-04;02:15;Primera División Femminile Costa Rica;Costa Rica Primera Division Women;costa-rica-primera-division-women;CRPD;Alajuelense (W);Sporting San Jose (W);84;8;8;1;4-1;5.49;;3;35.47;64.53;O;41;59;Si;4-2;4;2;1;1;;https://betimate.com/it/football-predictions/alajuelense-w-vs-sporting-san-jose-w/2026-10-04/game;18;2026-10-04 14:11;;2026-10-04 15:26;0;0;;;
2026-10-03;2026-10-04;04:30;2026-10-04;02:30;USL Championship;USA USL Championship;usa-usl-championship;UUC;Las Vegas Lights FC;San Antonio FC;35;31;34;1;1-0;2.22;28°C · pioggia 0% · vento 12 km/h;2.5;51.96;48.04;U;50;50;Si;1-0;1;0;1;1;;https://betimate.com/it/football-predictions/san-antonio-fc-vs-las-vegas-lights-fc/2026-10-04/game;18;2026-10-04 14:11;;2026-10-04 15:26;0;0;;;
2026-10-03;2026-10-04;05:10;2026-10-04;03:10;Liga MX Femenil Messico;Mexico Liga MX Femenil;mexico-liga-mx-femenil;MLMF;Necaxa (W);Cruz Azul (W);5;6;89;2;0-3;4.64;19°C · pioggia 41% · vento 15 km/h;4;46.21;53.79;O;52;48;No;0-2;0;2;2;1;;https://betimate.com/it/football-predictions/necaxa-w-vs-cruz-azul-w/2026-10-04/game;4;2026-10-04 14:11;;2026-10-04 15:26;0;0;;;
2026-10-03;2026-10-04;05:30;2026-10-04;03:30;New Zealand National League Women;New Zealand National League Women;new-zealand-national-league-women;NZNL;Eastern Suburbs Auckland (W);Wellington Phoenix Reserves (W);91;5;4;1;4-0;4.89;;4.25;46.62;53.38;O;52;48;No;3-0;3;0;1;1;;https://betimate.com/it/football-predictions/eastern-suburbs-auckland-w-vs-wellington-phoenix-reserves-w/2026-10-04/game;18;2026-10-04 14:11;;2026-10-04 15:26;0;0;;;
2026-10-04;2026-10-04;12:00;2026-10-04;10:00;División de Honor Juvenil (Spagna);Spain Youth League;spain-youth-league;SYL;Las Palmas U19;Union Sur Yaiza U19;90;6;4;1;4-0;4.92;;3.5;43.28;56.72;O;49;51;Si;3-0;3;0;1;1;;https://betimate.com/it/football-predictions/las-palmas-u19-vs-union-sur-yaiza-u19/2026-10-04/game;10;2026-10-04 14:12;;2026-10-04 14:48;0;0;;;
2026-10-04;2026-10-04;12:00;2026-10-04;10:00;Regional League Spagna;Spain Regional League;spain-regional-league;SRL;CF Benidorm;Almoradi CF;45;24;31;1;1-0;2.63;;3;52.92;47.08;U;47;53;Si;;;;;;;https://betimate.com/it/football-predictions/almoradi-cf-vs-cf-benidorm/2026-10-04/game;4;2026-10-04 14:12;;2026-10-04 14:12;0;0;;;
2026-10-04;2026-10-04;12:30;2026-10-04;10:30;Campeonato de Portugal;Portugal Campeonato Nacional;portugal-campeonato-nacional;Pt3;Santa Clara B;Real Sport Clube Queluz;47;22;31;1;2-1;2.95;;2.25;45.32;54.68;O;44;56;Si;;;;;;;https://betimate.com/it/football-predictions/real-sport-clube-queluz-vs-santa-clara-b/2026-10-04/game;10;2026-10-04 14:12;;2026-10-04 14:12;0;0;;;
2026-10-04;2026-10-04;12:30;2026-10-04;10:30;División de Honor Juvenil (Spagna);Spain Youth League;spain-youth-league;SYL;Penya Arrabal U19;UCAM Murcia U19;43;22;35;1;1-0;2.59;;2.75;50.83;49.17;U;48;52;Si;;;;;;;https://betimate.com/it/football-predictions/ucam-murcia-u19-vs-penya-arrabal-u19/2026-10-04/game;11;2026-10-04 14:12;;2026-10-04 14:12;0;0;;;
2026-10-04;2026-10-04;12:30;2026-10-04;10:30;IV Liga Polonia;Poland IV Liga;poland-iv-liga;PIL;Hutnik Krakow II;Watra Bialka Tatrzanska;64;16;20;1;2-1;4.19;;3.25;44.75;55.25;O;37;63;Si;;;;;;;https://betimate.com/it/football-predictions/watra-bialka-tatrzanska-vs-hutnik-krakow-ii/2026-10-04/game;4;2026-10-04 14:12;;2026-10-04 14:12;0;0;;;
2026-10-04;2026-10-04;12:30;2026-10-04;10:30;Persha Liga Ucraina;Ukraine Persha Liga;ukraine-persha-liga;Ua1;Ahrobiznes Volochysk;UCSA;46;26;28;1;1-0;2.68;17°C · pioggia 0% · vento 11 km/h;2.25;47.41;52.59;O;48;52;Si;;;;;;;https://betimate.com/it/football-predictions/ahrobiznes-volochysk-vs-ucsa/2026-10-04/game;4;2026-10-04 14:12;;2026-10-04 14:12;0;0;;;
2026-10-04;2026-10-04;12:30;2026-10-04;10:30;Prima Divisione Hong Kong;Hong Kong 1st Division;hong-kong-1st-division;HK2;Lucky Mile;Kui Tan SC;22;17;61;2;1-2;4.11;;3.25;45.17;54.83;O;37;63;Si;;;;;;;https://betimate.com/it/football-predictions/lucky-mile-vs-kui-tan-sc/2026-10-04/game;4;2026-10-04 14:12;;2026-10-04 14:12;0;0;;;
2026-10-04;2026-10-04;12:30;2026-10-04;10:30;Serie A Femminile;Italy Serie A Women;italy-serie-a-women;ISAW;Napoli (W);Como 1907 (W);34;20;46;2;1-2;2.92;26°C · pioggia 0% · vento 7 km/h;2.5;47.13;52.87;O;50;50;Si;;;;;;;https://betimate.com/it/football-predictions/napoli-w-vs-como-1907-w/2026-10-04/game;4;2026-10-04 14:12;;2026-10-04 14:12;0;0;;;
2026-10-04;2026-10-04;12:30;2026-10-04;10:30;Serie C Gruppo A Italia;Italy Serie C Group A;italy-serie-c-group-a;lt3;Lecco;Union Brescia;23;31;46;2;0-1;1.99;22°C · pioggia 0% · vento 7 km/h;2.25;52.21;47.79;U;54;46;No;;;;;;;https://betimate.com/it/football-predictions/lecco-vs-union-brescia/2026-10-04/game;2;2026-10-04 14:12;;2026-10-04 14:12;0;0;;;
2026-10-04;2026-10-04;12:30;2026-10-04;10:30;Serie C Gruppo A Italia;Italy Serie C Group A;italy-serie-c-group-a;lt3;Treviso;GIANA Erminio;43;30;27;1;1-0;2.16;;2.25;50.76;49.24;U;51;49;No;;;;;;;https://betimate.com/it/football-predictions/giana-erminio-vs-treviso/2026-10-04/game;2;2026-10-04 14:12;;2026-10-04 14:12;0;0;;;
2026-10-04;2026-10-04;12:30;2026-10-04;10:30;Serie D (Italia);Italy Serie D;italy-serie-d;lt4;Triestina;FC Obermais;46;26;28;1;1-0;2.82;23°C · pioggia 0% · vento 10 km/h;2.5;48.14;51.86;O;45;55;Si;;;;;;;https://betimate.com/it/football-predictions/triestina-vs-fc-obermais/2026-10-04/game;3;2026-10-04 14:12;;2026-10-04 14:12;0;0;;;
2026-10-04;2026-10-04;12:30;2026-10-04;10:30;Spain Tercera Federacion Women;Spain Tercera Federacion Women;spain-tercera-federacion-women;STFW;Real Zaragoza (W);CD Valdefierro (W);65;16;19;1;2-1;3.33;;3;47.63;52.37;O;49;51;Si;;;;;;;https://betimate.com/it/football-predictions/real-zaragoza-w-vs-cd-valdefierro-w/2026-10-04/game;13;2026-10-04 14:12;;2026-10-04 14:12;0;0;;;
2026-10-04;2026-10-04;12:30;2026-10-04;10:30;Tercera Gruppo 14 Spagna;Spain Tercera Group 14;spain-tercera-group-14;Es5;UD Montijo;CF Jaraiz;35;25;40;2;0-1;2.52;22°C · pioggia 40% · vento 5 km/h;2.25;48.16;51.84;O;48;52;Si;;;;;;;https://betimate.com/it/football-predictions/ud-montijo-vs-cf-jaraiz/2026-10-04/game;2;2026-10-04 14:12;;2026-10-04 14:12;0;0;;;
2026-10-04;2026-10-04;12:30;2026-10-04;10:30;Tercera Gruppo 2 spagnola;Spain Tercera Group 2;spain-tercera-group-2;Es5;Covadonga;Siero;74;15;11;1;2-0;3.42;17°C · pioggia 15% · vento 14 km/h;2.75;45.92;54.08;O;48;52;Si;;;;;;;https://betimate.com/it/football-predictions/siero-vs-covadonga/2026-10-04/game;2;2026-10-04 14:12;;2026-10-04 14:12;0;0;;;
2026-10-04;2026-10-04;12:40;2026-10-04;10:40;División de Honor Juvenil (Spagna);Spain Youth League;spain-youth-league;SYL;CF Alhendin Balompie U19;Calavera CF U19;34;20;46;2;1-2;3.08;;3;49.38;50.62;O;43;57;Si;;;;;;;https://betimate.com/it/football-predictions/calavera-cf-u19-vs-cf-alhendin-balompie-u19/2026-10-04/game;11;2026-10-04 14:12;;2026-10-04 14:12;0;0;;;
2026-10-04;2026-10-04;13:00;2026-10-04;11:00;Campionato U19 Kosovo;Kosovo U19 League;kosovo-u19-league;KUL;KF Malisheva U19;SC Gjilani U19;47;19;34;1;2-1;3.18;;4;55.32;44.68;U;42;58;Si;;;;;;;https://betimate.com/it/football-predictions/sc-gjilani-u19-vs-kf-malisheva-u19/2026-10-04/game;12;2026-10-04 14:12;;2026-10-04 14:48;0;0;;;
2026-10-04;2026-10-04;13:00;2026-10-04;11:00;Campionato U20 Cina;China U20 League;china-u20-league;CUL;Hubei Istar U20;Shandong Taishan U20;30;17;53;2;1-2;3.96;;3;43.66;56.34;O;36;64;Si;;;;;;;https://betimate.com/it/football-predictions/hubei-istar-u20-vs-shandong-taishan-u20/2026-10-04/game;4;2026-10-04 14:12;;2026-10-04 14:48;0;0;;;
2026-10-04;2026-10-04;13:00;2026-10-04;11:00;Division 2 Norra Svealand Svezia;Sweden 2.div Norra Svealand;sweden-2-div-norra-svealand;Live;Ängby IF;Helges IF;85;9;6;1;3-0;4.5;;4.25;48.75;51.25;O;46;54;Si;;;;;;;https://betimate.com/it/football-predictions/ngby-if-vs-helges-if/2026-10-04/game;4;2026-10-04 14:12;;2026-10-04 14:48;0;0;;;
2026-10-04;2026-10-04;13:00;2026-10-04;11:00;Division 2 Västra Götaland Svezia;Sweden 2.div Västra Götaland;sweden-2-div-v-stra-g-taland;Live;BK Astrio;Västra Frölunda IF;25;17;58;2;1-2;3.97;15°C · pioggia 0% · vento 19 km/h;3.5;47.5;52.5;O;37;63;Si;;;;;;;https://betimate.com/it/football-predictions/v-stra-fr-lunda-if-vs-bk-astrio/2026-10-04/game;4;2026-10-04 14:12;;2026-10-04 14:48;0;0;;;
2026-10-04;2026-10-04;13:00;2026-10-04;11:00;Elitettan svedese;Sweden Elitettan;sweden-elitettan;SE;IFK Goteborg (W);Alingsås IF (W);77;14;9;1;2-0;3.18;;3.25;50.59;49.41;U;52;48;No;;;;;;;https://betimate.com/it/football-predictions/alings-s-if-w-vs-ifk-goteborg-w/2026-10-04/game;12;2026-10-04 14:12;;2026-10-04 14:48;0;0;;;
2026-10-04;2026-10-04;13:00;2026-10-04;11:00;Ettan Norra Svezia;Sweden 1.div Norra;sweden-1-div-norra;Se3;Vasalunds IF;FC Arlanda;28;20;52;2;1-2;3.39;15°C · pioggia 4% · vento 14 km/h;3;47.4;52.6;O;41;59;Si;;;;;;;https://betimate.com/it/football-predictions/vasalunds-if-vs-fc-arlanda/2026-10-04/game;2;2026-10-04 14:12;;2026-10-04 14:48;0;0;;;
2026-10-04;2026-10-04;13:00;2026-10-04;11:00;Ettan Södra svedese;Sweden 1.div Södra;sweden-1-div-s-dra;Live;BK Olympic;Trelleborgs FF;37;21;42;2;1-2;3.66;;3;45.53;54.47;O;38;62;Si;;;;;;;https://betimate.com/it/football-predictions/trelleborgs-ff-vs-bk-olympic/2026-10-04/game;4;2026-10-04 14:12;;2026-10-04 14:48;0;0;;;
2026-10-04;2026-10-04;13:00;2026-10-04;11:00;Francia - Division 2 Femminile;France Division 2 Women;france-division-2-women;Live;Cannes (W);Thonon Evian FC (W);53;16;31;1;2-1;4.04;;3;43.04;56.96;O;40;60;Si;;;;;;;https://betimate.com/it/football-predictions/thonon-evian-fc-w-vs-cannes-w/2026-10-04/game;12;2026-10-04 14:12;;2026-10-04 14:48;0;0;;;
2026-10-04;2026-10-04;13:00;2026-10-04;11:00;Francia - Division 2 Femminile;France Division 2 Women;france-division-2-women;Live;Metz (W);Le Mans (W);27;19;54;2;1-2;3;16°C · pioggia 11% · vento 3 km/h;2.5;46.7;53.3;O;50;50;Si;;;;;;;https://betimate.com/it/football-predictions/le-mans-w-vs-metz-w/2026-10-04/game;4;2026-10-04 14:12;;2026-10-04 14:48;0;0;;;
2026-10-04;2026-10-04;13:00;2026-10-04;11:00;Frauen-Bundesliga Austria;Austria League 1 Women;austria-league-1-women;Live;FK Austria Vienna (W);Rapid Vienna (W);84;11;5;1;2-0;2.9;21°C · pioggia 0% · vento 5 km/h;3.5;53.39;46.61;U;65;35;No;;;;;;;https://betimate.com/it/football-predictions/fk-austria-vienna-w-vs-rapid-vienna-w/2026-10-04/game;4;2026-10-04 14:12;;2026-10-04 14:48;0;0;;;
2026-10-04;2026-10-04;13:00;2026-10-04;11:00;II Liga polacca;Poland II Liga;poland-ii-liga;Pl2;Znicz Pruszków;Stal Stalowa Wola;57;19;24;1;2-1;3.43;19°C · pioggia 0% · vento 5 km/h;3;47.13;52.87;O;42;58;Si;;;;;;;https://betimate.com/it/football-predictions/stal-stalowa-wola-vs-znicz-pruszkow/2026-10-04/game;1;2026-10-04 14:12;;2026-10-04 14:48;0;0;;;
2026-10-04;2026-10-04;13:00;2026-10-04;11:00;Kenya League Women;Kenya League Women;kenya-league-women;KLW;Bungoma Queens (W);Zetech Sparks FC (W);45;21;34;1;1-0;2.65;;2.5;48.75;51.25;O;53;47;No;;;;;;;https://betimate.com/it/football-predictions/zetech-sparks-fc-w-vs-bungoma-queens-w/2026-10-04/game;4;2026-10-04 14:12;;2026-10-04 14:48;0;0;;;
2026-10-04;2026-10-04;13:00;2026-10-04;11:00;Kenya League Women;Kenya League Women;kenya-league-women;KLW;Elim White Ladies FC (W);Trinity Starlets (W);43;22;35;1;1-0;2.3;;2.5;50.97;49.03;U;56;44;No;;;;;;;https://betimate.com/it/football-predictions/trinity-starlets-w-vs-elim-white-ladies-fc-w/2026-10-04/game;12;2026-10-04 14:12;;2026-10-04 14:48;0;0;;;
2026-10-04;2026-10-04;13:00;2026-10-04;11:00;NB III ungherese;Hungary NB III;hungary-nb-iii;HNI;1908 Szac Budapest;SC Sopron;28;20;52;2;1-2;3.37;;3.5;50.67;49.33;U;41;59;Si;;;;;;;https://betimate.com/it/football-predictions/1908-szac-budapest-vs-sc-sopron/2026-10-04/game;1;2026-10-04 14:12;;2026-10-04 14:48;0;0;;;
2026-10-04;2026-10-04;13:00;2026-10-04;11:00;NB III ungherese;Hungary NB III;hungary-nb-iii;HNI;FC Dabas;Csepel;52;20;28;1;2-1;3.49;;3.25;48.53;51.47;O;40;60;Si;;;;;;;https://betimate.com/it/football-predictions/fc-dabas-vs-csepel/2026-10-04/game;1;2026-10-04 14:12;;2026-10-04 14:48;0;0;;;
2026-10-04;2026-10-04;13:00;2026-10-04;11:00;Prima Lega Femminile Croazia;Croatia First League Women;croatia-first-league-women;CFLW;ZNK Donat Zadar (W);ZNK Agram (W);4;5;91;2;1-4;5.79;;4.5;44.14;55.86;O;46;54;Si;;;;;;;https://betimate.com/it/football-predictions/znk-agram-w-vs-znk-donat-zadar-w/2026-10-04/game;4;2026-10-04 14:12;;2026-10-04 14:48;0;0;;;
2026-10-04;2026-10-04;13:00;2026-10-04;11:00;Prima Lega Femminile Croazia;Croatia First League Women;croatia-first-league-women;CFLW;ZNK Split (W);NK Medimurje Cakovec (W);3;4;93;2;1-4;6.02;;4.25;41.6;58.4;O;47;53;Si;;;;;;;https://betimate.com/it/football-predictions/znk-split-w-vs-nk-medimurje-cakovec-w/2026-10-04/game;4;2026-10-04 14:12;;2026-10-04 14:48;0;0;;;
2026-10-04;2026-10-04;13:00;2026-10-04;11:00;Regionalliga Ost Austria;Austria Regionalliga Ost;austria-regionalliga-ost;ARO;USV Scheiblingkirchen-Warth;SV Leobendorf;41;25;34;1;1-0;2.49;;2.75;51.67;48.33;U;48;52;Si;;;;;;;https://betimate.com/it/football-predictions/sv-leobendorf-vs-usv-scheiblingkirchen-warth/2026-10-04/game;3;2026-10-04 14:12;;2026-10-04 14:48;0;0;;;
2026-10-04;2026-10-04;13:00;2026-10-04;11:00;Spagna - Segunda Federación Gruppo 4;Spain Segunda Division RFEF Group 4;spain-segunda-division-rfef-group-4;SSDR;UD Tamaraceite;CA Antoniano;41;26;33;1;1-0;2.76;25°C · pioggia 0% · vento 11 km/h;2.5;48.9;51.1;O;47;53;Si;;;;;;;https://betimate.com/it/football-predictions/ca-antoniano-vs-ud-tamaraceite/2026-10-04/game;4;2026-10-04 14:12;;2026-10-04 14:48;0;0;;;
2026-10-04;2026-10-04;13:00;2026-10-04;11:00;Sudafrica - Second League Femminile;South Africa Second League Women;south-africa-second-league-women;SASL;All Stars FC (W);Lindelani FC (W);52;19;29;1;2-1;3.04;;3;49.56;50.44;O;49;51;Si;;;;;;;https://betimate.com/it/football-predictions/lindelani-fc-w-vs-all-stars-fc-w/2026-10-04/game;13;2026-10-04 14:12;;2026-10-04 14:12;0;0;;;
2026-10-04;2026-10-04;13:00;2026-10-04;11:00;Super League 2 Grecia;Greece Super League 2;greece-super-league-2;GSL2;Zakynthos;Apollon Kalamarias;42;25;33;1;1-0;2.32;;2.25;49.54;50.46;O;50;50;Si;;;;;;;https://betimate.com/it/football-predictions/apollon-kalamarias-vs-zakynthos/2026-10-04/game;12;2026-10-04 14:12;2026-10-04 14:12;2026-10-04 15:27;1;1;41;26;33
2026-10-04;2026-10-04;13:00;2026-10-04;11:00;Svizzera - Lega Nazionale B Femminile;Switzerland Women Nationalliga B;switzerland-women-nationalliga-b;SWNB;Winterthur (W);AS Gambarogno (W);75;11;14;1;3-1;5.11;;3.5;42.15;57.85;O;38;62;Si;;;;;;;https://betimate.com/it/football-predictions/winterthur-w-vs-as-gambarogno-w/2026-10-04/game;4;2026-10-04 14:12;;2026-10-04 14:48;0;0;;;
2026-10-04;2026-10-04;13:00;2026-10-04;11:00;Tercera Gruppo 12 Spagna;Spain Tercera Group 12;spain-tercera-group-12;Es5;CD Marino;UD Playas de Sotavento;61;19;20;1;2-1;3.28;28°C · pioggia 0% · vento 6 km/h;2.5;45.43;54.57;O;44;56;Si;;;;;;;https://betimate.com/it/football-predictions/cd-marino-vs-ud-playas-de-sotavento/2026-10-04/game;9;2026-10-04 14:12;;2026-10-04 14:48;0;0;;;
2026-10-04;2026-10-04;13:00;2026-10-04;11:00;Thailand Division 3;Thailand Division 3;thailand-division-3;TD3;Chiangmai FC;Phitsanulok FC;46;25;29;1;1-0;2.38;;3;55.02;44.98;U;50;50;Si;;;;;;;https://betimate.com/it/football-predictions/phitsanulok-fc-vs-chiangmai-fc/2026-10-04/game;4;2026-10-04 14:12;;2026-10-04 14:48;0;0;;;
2026-10-04;2026-10-04;13:00;2026-10-04;11:00;Thailand Division 3;Thailand Division 3;thailand-division-3;TD3;Khonkaen;Ubon Krua Napat FC;68;19;13;1;1-0;2.52;;3;53.97;46.03;U;54;46;No;;;;;;;https://betimate.com/it/football-predictions/khonkaen-vs-ubon-krua-napat-fc/2026-10-04/game;4;2026-10-04 14:12;;2026-10-04 14:48;0;0;;;
2026-10-04;2026-10-04;13:00;2026-10-04;11:00;Toppserien Femminile Norvegia;Norway Toppserien Women;norway-toppserien-women;NTW;Honefoss (W);Bodo/Glimt (W);68;16;16;1;2-0;2.97;11°C · pioggia 11% · vento 7 km/h;3;50.17;49.83;U;54;46;No;;;;;;;https://betimate.com/it/football-predictions/bodo-glimt-w-vs-honefoss-w/2026-10-04/game;4;2026-10-04 14:12;;2026-10-04 14:48;0;0;;;
2026-10-04;2026-10-04;13:00;2026-10-04;11:00;Toppserien Femminile Norvegia;Norway Toppserien Women;norway-toppserien-women;NTW;Lyn (W);Haugesund (W);62;17;21;1;2-1;3.12;13°C · pioggia 1% · vento 4 km/h;3;49.04;50.96;O;51;49;No;;;;;;;https://betimate.com/it/football-predictions/haugesund-w-vs-lyn-w/2026-10-04/game;4;2026-10-04 14:12;;2026-10-04 14:48;0;0;;;
2026-10-04;2026-10-04;13:00;2026-10-04;11:00;Toppserien Femminile Norvegia;Norway Toppserien Women;norway-toppserien-women;NTW;Molde FK (W);Stabaek (W);21;17;62;2;1-2;3;;3;49.86;50.14;O;52;48;No;;;;;;;https://betimate.com/it/football-predictions/stabaek-w-vs-molde-fk-w/2026-10-04/game;4;2026-10-04 14:12;;2026-10-04 14:48;0;0;;;
2026-10-04;2026-10-04;13:00;2026-10-04;11:00;Toppserien Femminile Norvegia;Norway Toppserien Women;norway-toppserien-women;NTW;Roa (W);LSK Kvinner (W);49;19;32;1;2-1;3.12;;3;49.03;50.97;O;48;52;Si;;;;;;;https://betimate.com/it/football-predictions/roa-w-vs-lsk-kvinner-w/2026-10-04/game;12;2026-10-04 14:12;;2026-10-04 14:48;0;0;;;
2026-10-04;2026-10-04;13:00;2026-10-04;11:00;Women's Championship inglese;England FA WSL 2;england-fa-wsl-2;EFW2;Durham (W);Newcastle (W);25;20;55;2;1-2;3.36;13°C · pioggia 0% · vento 20 km/h;3.25;49.36;50.64;O;42;58;Si;;;;;;;https://betimate.com/it/football-predictions/newcastle-w-vs-durham-w/2026-10-04/game;12;2026-10-04 14:12;;2026-10-04 14:48;0;0;;;
2026-10-04;2026-10-04;13:22;2026-10-04;11:22;División de Honor Juvenil (Spagna);Spain Youth League;spain-youth-league;SYL;ED Val Minor Nigran U19;Victoria CF U19;52;21;27;1;1-0;2.64;;2.75;50.57;49.43;U;48;52;Si;;;;;;;https://betimate.com/it/football-predictions/ed-val-minor-nigran-u19-vs-victoria-cf-u19/2026-10-04/game;10;2026-10-04 14:12;;2026-10-04 14:48;0;0;;;
2026-10-04;2026-10-04;13:30;2026-10-04;11:30;First League Russia;Russia Division 1;russia-division-1;Ru2;Veles;FK Volga Ulyanovsk;48;28;24;1;1-0;2.42;10°C · pioggia 0% · vento 4 km/h;2.25;48.94;51.06;O;49;51;Si;;;;;;;https://betimate.com/it/football-predictions/fk-volga-ulyanovsk-vs-veles/2026-10-04/game;2;2026-10-04 14:12;;2026-10-04 14:48;0;0;;;
2026-10-04;2026-10-04;13:30;2026-10-04;11:30;India IFA Shield;India IFA Shield;india-ifa-shield;IIS;Mohun Bagan SG;Punjab FC;51;24;25;1;1-0;2.5;;2.5;49.96;50.04;O;49;51;Si;;;;;;;https://betimate.com/it/football-predictions/punjab-fc-vs-mohun-bagan-sg/2026-10-04/game;4;2026-10-04 14:12;;2026-10-04 15:27;0;0;;;
2026-10-04;2026-10-04;13:30;2026-10-04;11:30;Landesliga austriaca;Austria Landesliga;austria-landesliga;AL;SC Golling;UFV Thalgau;56;16;28;1;3-2;5.3;21°C · pioggia 0% · vento 6 km/h;5.25;49.6;50.4;O;28;72;Si;;;;;;;https://betimate.com/it/football-predictions/sc-golling-vs-ufv-thalgau/2026-10-04/game;11;2026-10-04 14:12;;2026-10-04 14:12;0;0;;;
2026-10-04;2026-10-04;13:45;2026-10-04;11:45;Bundesliga Femminile Germania;Germany Bundesliga Women;germany-bundesliga-women;GBW;Wolfsburg (W);Hamburger SV (W);77;12;11;1;2-0;3.57;19°C · pioggia 3% · vento 8 km/h;4;52.61;47.39;U;52;48;No;;;;;;;https://betimate.com/it/football-predictions/wolfsburg-w-vs-hamburger-sv-w/2026-10-04/game;4;2026-10-04 14:12;;2026-10-04 15:27;0;0;;;
2026-10-04;2026-10-04;13:45;2026-10-04;11:45;Super League 2 Grecia;Greece Super League 2;greece-super-league-2;GSL2;Pyrgos AFC;Panionios;39;31;30;1;1-0;1.66;;2;53.62;46.38;U;58;42;No;;;;;;;https://betimate.com/it/football-predictions/panionios-vs-pyrgos-afc/2026-10-04/game;4;2026-10-04 14:12;;2026-10-04 15:27;0;1;40;31;29
2026-10-04;2026-10-04;14:00;2026-10-04;12:00;1. Liga Classic svizzera;Switzerland 1.Liga Classic;switzerland-1-liga-classic;Live;Servette II;Lausanne Sport II;65;16;19;1;2-1;4.16;22°C · pioggia 0% · vento 2 km/h;3.25;44.93;55.07;O;38;62;Si;;;;;;;https://betimate.com/it/football-predictions/lausanne-sport-ii-vs-servette-ii/2026-10-04/game;4;2026-10-04 14:12;;2026-10-04 15:27;0;0;;;
2026-10-04;2026-10-04;14:00;2026-10-04;12:00;1. divisjon Femminile (Norvegia);Norway Division 1 Women;norway-division-1-women;Live;Frigg (W);Fyllingsdalen (W);38;18;44;2;1-2;3.58;;3.25;47.95;52.05;O;43;57;Si;;;;;;;https://betimate.com/it/football-predictions/fyllingsdalen-w-vs-frigg-w/2026-10-04/game;4;2026-10-04 14:12;;2026-10-04 15:27;0;0;;;
2026-10-04;2026-10-04;14:00;2026-10-04;12:00;1. divisjon Femminile (Norvegia);Norway Division 1 Women;norway-division-1-women;;IK Start (W);TIL 2020 Women;55;18;27;1;2-1;3.19;;3;48.5;51.5;O;48;52;Si;;;;;;;https://betimate.com/it/football-predictions/til-2020-women-vs-ik-start-w/2026-10-04/game;13;2026-10-04 14:12;;2026-10-04 14:48;0;0;;;
2026-10-04;2026-10-04;14:00;2026-10-04;12:00;1. divisjon Femminile (Norvegia);Norway Division 1 Women;norway-division-1-women;;Kolbotn Women;Klepp (W);79;10;11;1;3-1;4.85;;3.75;44.11;55.89;O;42;58;Si;;;;;;;https://betimate.com/it/football-predictions/kolbotn-women-vs-klepp-w/2026-10-04/game;4;2026-10-04 14:12;;2026-10-04 14:48;0;0;;;
2026-10-04;2026-10-04;14:00;2026-10-04;12:00;2. Bundesliga Femminile Germania;Germany Bundesliga II Women;germany-bundesliga-ii-women;DeW;Borussia M'gladbach (W);FC Viktoria 89 Berlin (W);27;23;50;2;0-1;2.13;21°C · pioggia 0% · vento 5 km/h;2;48.97;51.03;O;59;41;No;;;;;;;https://betimate.com/it/football-predictions/borussia-m-gladbach-w-vs-fc-viktoria-89-berlin-w/2026-10-04/game;13;2026-10-04 14:12;;2026-10-04 14:48;0;1;28;24;48
2026-10-04;2026-10-04;14:00;2026-10-04;12:00;2. Bundesliga Femminile Germania;Germany Bundesliga II Women;germany-bundesliga-ii-women;DeW;Carl Zeiss Jena (W);SC Sand (W);47;19;34;1;2-1;3.14;18°C · pioggia 0% · vento 5 km/h;3;48.89;51.11;O;48;52;Si;;;;;;;https://betimate.com/it/football-predictions/carl-zeiss-jena-w-vs-sc-sand-w/2026-10-04/game;13;2026-10-04 14:12;;2026-10-04 14:48;0;0;;;
2026-10-04;2026-10-04;14:00;2026-10-04;12:00;2. Bundesliga Femminile Germania;Germany Bundesliga II Women;germany-bundesliga-ii-women;DeW;Cologne II Women;SG Andernach Women;33;20;47;2;0-1;2.74;20°C · pioggia 0% · vento 4 km/h;2.75;49.76;50.24;O;52;48;No;;;;;;;https://betimate.com/it/football-predictions/cologne-ii-women-vs-sg-andernach-women/2026-10-04/game;13;2026-10-04 14:12;;2026-10-04 14:48;0;1;35;20;45
2026-10-04;2026-10-04;14:00;2026-10-04;12:00;2. Bundesliga Femminile Germania;Germany Bundesliga II Women;germany-bundesliga-ii-women;DeW;FFC Turbine Potsdam (W);Eintracht Frankfurt II Women;38;21;41;2;0-1;2.57;19°C · pioggia 0% · vento 8 km/h;2.5;49.24;50.76;O;53;47;No;;;;;;;https://betimate.com/it/football-predictions/eintracht-frankfurt-ii-women-vs-ffc-turbine-potsdam-w/2026-10-04/game;13;2026-10-04 14:12;;2026-10-04 14:48;0;0;;;
2026-10-04;2026-10-04;14:00;2026-10-04;12:00;2. Bundesliga Femminile Germania;Germany Bundesliga II Women;germany-bundesliga-ii-women;DeW;Hertha Berlin Women;TSG 1899 Hoffenheim II Women;64;15;21;1;2-1;3.68;;3.5;48.96;51.04;O;46;54;Si;;;;;;;https://betimate.com/it/football-predictions/tsg-1899-hoffenheim-ii-women-vs-hertha-berlin-women/2026-10-04/game;13;2026-10-04 14:12;;2026-10-04 14:48;0;0;;;
2026-10-04;2026-10-04;14:00;2026-10-04;12:00;2. Bundesliga Femminile Germania;Germany Bundesliga II Women;germany-bundesliga-ii-women;DeW;SGS Essen (W);SV Meppen Women;45;21;34;1;1-0;2.51;22°C · pioggia 0% · vento 4 km/h;2.5;49.67;50.33;O;54;46;No;;;;;;;https://betimate.com/it/football-predictions/sv-meppen-women-vs-sgs-essen-w/2026-10-04/game;13;2026-10-04 14:12;;2026-10-04 14:48;0;0;;;
2026-10-04;2026-10-04;14:00;2026-10-04;12:00;2ª Divisione Danimarca;Denmark Division 2;denmark-division-2;DD2;Thisted FC;FC Roskilde;27;23;50;2;0-1;2.8;14°C · pioggia 0% · vento 19 km/h;2.75;49.56;50.44;O;46;54;Si;;;;;;;https://betimate.com/it/football-predictions/thisted-fc-vs-fc-roskilde/2026-10-04/game;4;2026-10-04 14:12;;2026-10-04 15:27;0;1;29;22;49
2026-10-04;2026-10-04;14:00;2026-10-04;12:00;Amichevoli Russia;Other Match;other-match;Ru3;Falkenbergs U21;Helsingborg U21;28;19;53;2;1-2;3.78;16°C · pioggia 4% · vento 21 km/h;3.5;48.44;51.56;O;38;62;Si;;;;;;;https://betimate.com/it/football-predictions/falkenbergs-u21-vs-helsingborg-u21/2026-10-04/game;13;2026-10-04 14:12;;2026-10-04 14:48;0;0;;;
2026-10-04;2026-10-04;14:00;2026-10-04;12:00;Campionato Under 21 finlandese;Finland U21 League;finland-u21-league;FUL;LePa U21;LeKi-futis U21;63;14;23;1;3-1;5.35;;4.5;45.9;54.1;O;28;72;Si;;;;;;;https://betimate.com/it/football-predictions/lepa-u21-vs-leki-futis-u21/2026-10-04/game;12;2026-10-04 14:12;;2026-10-04 15:27;0;0;;;
2026-10-04;2026-10-04;14:00;2026-10-04;12:00;Coppa di Bulgaria;Bulgaria Cup;bulgaria-cup;BC;Bdin Vidin;Montana;33;24;43;2;0-1;2.31;23°C · pioggia 0% · vento 6 km/h;2.25;49.29;50.71;O;49;51;Si;;;;;;;https://betimate.com/it/football-predictions/montana-vs-bdin-vidin/2026-10-04/game;13;2026-10-04 14:12;;2026-10-04 14:48;0;0;;;
2026-10-04;2026-10-04;14:00;2026-10-04;12:00;Coppa di Bulgaria;Bulgaria Cup;bulgaria-cup;BC;Benkovski Isperih;Akademik Svishtov;25;25;50;2;0-1;2.3;;2.25;49.73;50.27;O;51;49;No;;;;;;;https://betimate.com/it/football-predictions/akademik-svishtov-vs-benkovski-isperih/2026-10-04/game;13;2026-10-04 14:12;;2026-10-04 14:48;0;0;;;
2026-10-04;2026-10-04;14:00;2026-10-04;12:00;Coppa di Bulgaria;Bulgaria Cup;bulgaria-cup;BC;FC National Sofia;Lokomotiv Gorna Oryahovitsa;10;13;77;2;0-2;3.86;;3.75;49.36;50.64;O;45;55;Si;;;;;;;https://betimate.com/it/football-predictions/fc-national-sofia-vs-lokomotiv-gorna-oryahovitsa/2026-10-04/game;13;2026-10-04 14:12;;2026-10-04 14:48;0;0;;;
2026-10-04;2026-10-04;14:00;2026-10-04;12:00;Coppa di Bulgaria;Bulgaria Cup;bulgaria-cup;BC;FC Troyan;Marek Dupnitsa;5;10;85;2;0-2;3.29;;3;48.28;51.72;O;57;43;No;;;;;;;https://betimate.com/it/football-predictions/marek-dupnitsa-vs-fc-troyan/2026-10-04/game;13;2026-10-04 14:12;;2026-10-04 14:48;0;0;;;
2026-10-04;2026-10-04;14:00;2026-10-04;12:00;Coppa di Bulgaria;Bulgaria Cup;bulgaria-cup;BC;FC Volov Shumen;Chernomorets Burgas;24;21;55;2;1-2;2.99;22°C · pioggia 0% · vento 3 km/h;2.75;48.39;51.61;O;45;55;Si;;;;;;;https://betimate.com/it/football-predictions/chernomorets-burgas-vs-fc-volov-shumen/2026-10-04/game;13;2026-10-04 14:12;;2026-10-04 14:48;0;0;;;
2026-10-04;2026-10-04;14:00;2026-10-04;12:00;Coppa di Bulgaria;Bulgaria Cup;bulgaria-cup;BC;Lokomotiv Mezdra;Pirin Blagoevgrad;43;21;36;1;2-1;3.46;22°C · pioggia 0% · vento 9 km/h;3.25;48.73;51.27;O;40;60;Si;;;;;;;https://betimate.com/it/football-predictions/pirin-blagoevgrad-vs-lokomotiv-mezdra/2026-10-04/game;13;2026-10-04 14:12;;2026-10-04 14:48;0;0;;;
2026-10-04;2026-10-04;14:00;2026-10-04;12:00;Coppa di Bulgaria;Bulgaria Cup;bulgaria-cup;BC;Neftochimik 1962;Sportist Svoge;21;23;56;2;0-1;2.43;20°C · pioggia 0% · vento 10 km/h;2.25;48.84;51.16;O;51;49;No;;;;;;;https://betimate.com/it/football-predictions/neftochimik-1962-vs-sportist-svoge/2026-10-04/game;13;2026-10-04 14:12;;2026-10-04 14:48;0;0;;;
2026-10-04;2026-10-04;14:00;2026-10-04;12:00;Coppa di Bulgaria;Bulgaria Cup;bulgaria-cup;BC;Rodopa;Nesebar;2;3;95;2;0-4;5.66;19°C · pioggia 0% · vento 11 km/h;5.5;49.33;50.67;O;49;51;Si;;;;;;;https://betimate.com/it/football-predictions/nesebar-vs-rodopa/2026-10-04/game;13;2026-10-04 14:12;;2026-10-04 14:48;0;0;;;
2026-10-04;2026-10-04;14:00;2026-10-04;12:00;Coppa di Bulgaria;Bulgaria Cup;bulgaria-cup;BC;Spartak Plovdiv;Botev Ihtiman;44;21;35;1;2-1;3.44;;3.25;48.84;51.16;O;40;60;Si;;;;;;;https://betimate.com/it/football-predictions/botev-ihtiman-vs-spartak-plovdiv/2026-10-04/game;13;2026-10-04 14:12;;2026-10-04 14:48;0;0;;;
2026-10-04;2026-10-04;14:00;2026-10-04;12:00;Coppa di Bulgaria;Bulgaria Cup;bulgaria-cup;BC;Tundzha Yambol;FC Hebar Pazardzhik;37;20;43;2;1-2;3.67;23°C · pioggia 0% · vento 13 km/h;3.5;49.02;50.98;O;38;62;Si;;;;;;;https://betimate.com/it/football-predictions/fc-hebar-pazardzhik-vs-tundzha-yambol/2026-10-04/game;13;2026-10-04 14:12;;2026-10-04 14:48;0;0;;;
2026-10-04;2026-10-04;14:00;2026-10-04;12:00;Coppa di Bulgaria;Bulgaria Cup;bulgaria-cup;BC;Zagorets;Rilski Sportist;22;20;58;2;1-2;3.14;;3;49.1;50.9;O;44;56;Si;;;;;;;https://betimate.com/it/football-predictions/zagorets-vs-rilski-sportist/2026-10-04/game;13;2026-10-04 14:12;;2026-10-04 14:48;0;0;;;
2026-10-04;2026-10-04;14:00;2026-10-04;12:00;Damallsvenskan svedese;Sweden Damallsvenskan;sweden-damallsvenskan;SD;Djurgardens (W);AIK (W);41;23;36;1;1-0;2.78;15°C · pioggia 4% · vento 14 km/h;2.75;49.73;50.27;O;45;55;Si;;;;;;;https://betimate.com/it/football-predictions/aik-w-vs-djurgardens-w/2026-10-04/game;4;2026-10-04 14:12;;2026-10-04 15:27;0;1;40;23;37
2026-10-04;2026-10-04;14:00;2026-10-04;12:00;Danimarca - 1. Division Femminile;Danish Womens 1.Division;danish-womens-1-division;DW1;Esbjerg fB (W);FC Thy-Thisted Q (W);21;13;66;2;1-2;4.5;;4.25;48.46;51.54;O;39;61;Si;;;;;;;https://betimate.com/it/football-predictions/fc-thy-thisted-q-w-vs-esbjerg-fb-w/2026-10-04/game;13;2026-10-04 14:12;;2026-10-04 14:48;0;0;;;
2026-10-04;2026-10-04;14:00;2026-10-04;12:00;Danimarca - Elitedivisionen Femminile;Danish Womens Elitedivisionen;danish-womens-elitedivisionen;DWE;FC Nordsjaelland (W);HB Koge (W);38;17;45;2;1-2;3.82;15°C · pioggia 0% · vento 15 km/h;3.25;46.61;53.39;O;41;59;Si;;;;;;;https://betimate.com/it/football-predictions/fc-nordsjaelland-w-vs-hb-koge-w/2026-10-04/game;4;2026-10-04 14:12;;2026-10-04 15:27;0;1;39;17;44
2026-10-04;2026-10-04;14:00;2026-10-04;12:00;Derde Divisie Paesi Bassi;Netherlands Derde Divisie;netherlands-derde-divisie;NDD;Blauw Geel '38;VV UNA;44;22;34;1;2-1;3.01;;3;50;50;O;43;57;Si;;;;;;;https://betimate.com/it/football-predictions/vv-una-vs-blauw-geel-38/2026-10-04/game;4;2026-10-04 14:12;;2026-10-04 15:27;0;0;;;
2026-10-04;2026-10-04;14:00;2026-10-04;12:00;Derde Divisie Paesi Bassi;Netherlands Derde Divisie;netherlands-derde-divisie;NDD;VV Gemert;FC Lisse;42;23;35;1;2-1;2.86;;2.75;49.18;50.82;O;45;55;Si;;;;;;;https://betimate.com/it/football-predictions/fc-lisse-vs-vv-gemert/2026-10-04/game;4;2026-10-04 14:12;;2026-10-04 15:27;0;0;;;
2026-10-04;2026-10-04;14:00;2026-10-04;12:00;Division 2;Kosovo Division 2;kosovo-division-2;KD2;KF Rilindja 1995;KF Podujeva;42;24;34;1;1-0;2.75;;3.25;53.29;46.71;U;46;54;Si;;;;;;;https://betimate.com/it/football-predictions/kf-rilindja-1995-vs-kf-podujeva/2026-10-04/game;12;2026-10-04 14:12;;2026-10-04 15:27;0;0;;;
2026-10-04;2026-10-04;14:00;2026-10-04;12:00;Division 2 Norra Götaland svedese;Sweden 2.div Norra Götaland;sweden-2-div-norra-g-taland;Live;Ahlafors IF;Motala AIF FK;55;21;24;1;2-1;3.03;15°C · pioggia 0% · vento 19 km/h;3.25;51.4;48.6;U;45;55;Si;;;;;;;https://betimate.com/it/football-predictions/motala-aif-fk-vs-ahlafors-if/2026-10-04/game;4;2026-10-04 14:12;;2026-10-04 15:27;0;0;;;
2026-10-04;2026-10-04;14:00;2026-10-04;12:00;Division 2 Södra Götaland svedese;Sweden 2.div Södra Götaland;sweden-2-div-s-dra-g-taland;;FK Karlskrona;Linero IF;77;12;11;1;3-1;4.41;17°C · pioggia 0% · vento 18 km/h;4.25;49.14;50.86;O;41;59;Si;;;;;;;https://betimate.com/it/football-predictions/fk-karlskrona-vs-linero-if/2026-10-04/game;13;2026-10-04 14:12;;2026-10-04 14:48;0;0;;;
2026-10-04;2026-10-04;14:00;2026-10-04;12:00;Division 2 Södra Götaland svedese;Sweden 2.div Södra Götaland;sweden-2-div-s-dra-g-taland;;IFK Berga;Osterlen FF;53;18;29;1;2-1;4.22;17°C · pioggia 0% · vento 19 km/h;4;48.64;51.36;O;35;65;Si;;;;;;;https://betimate.com/it/football-predictions/ifk-berga-vs-osterlen-ff/2026-10-04/game;13;2026-10-04 14:12;;2026-10-04 14:48;0;1;54;18;28
2026-10-04;2026-10-04;14:00;2026-10-04;12:00;Division 2 norvegese - Gruppo 2;Norway Division 2 Group 2;norway-division-2-group-2;;Tromsdalen;Levanger;38;21;41;2;1-2;3.38;10°C · pioggia 2% · vento 16 km/h;3.25;49.19;50.81;O;40;60;Si;;;;;;;https://betimate.com/it/football-predictions/levanger-vs-tromsdalen/2026-10-04/game;4;2026-10-04 14:12;;2026-10-04 14:48;0;1;42;21;37
2026-10-04;2026-10-04;14:00;2026-10-04;12:00;Division 3 norvegese - Gruppo 1;Norway Division 3 Group 1;norway-division-3-group-1;Live;Baerum;IF Ready;54;17;29;1;2-1;4.66;15°C · pioggia 2% · vento 12 km/h;4.25;47.76;52.24;O;32;68;Si;;;;;;;https://betimate.com/it/football-predictions/if-ready-vs-baerum/2026-10-04/game;12;2026-10-04 14:12;;2026-10-04 15:27;0;0;;;
2026-10-04;2026-10-04;14:00;2026-10-04;12:00;Division 3 norvegese - Gruppo 4;Norway Division 3 Group 4;norway-division-3-group-4;Live;Madla;Brodd;69;16;15;1;2-1;3.64;13°C · pioggia 12% · vento 31 km/h;4.25;53.41;46.59;U;43;57;Si;;;;;;;https://betimate.com/it/football-predictions/madla-vs-brodd/2026-10-04/game;4;2026-10-04 14:12;;2026-10-04 15:27;0;1;66;17;17
2026-10-04;2026-10-04;14:00;2026-10-04;12:00;Finland Kakkonnen Play-Offs;Finland Kakkonnen Play-Offs;finland-kakkonnen-play-offs;FKP;GBK;Kiffen;35;21;44;2;1-2;3.46;12°C · pioggia 2% · vento 11 km/h;3.25;48.73;51.27;O;40;60;Si;;;;;;;https://betimate.com/it/football-predictions/kiffen-vs-gbk/2026-10-04/game;13;2026-10-04 14:12;;2026-10-04 14:48;0;0;;;
2026-10-04;2026-10-04;14:00;2026-10-04;12:00;Frauen-Bundesliga Austria;Austria League 1 Women;austria-league-1-women;Live;SKN St Polten (W);SK Sturm Graz (W);64;15;21;1;2-1;3.57;23°C · pioggia 0% · vento 10 km/h;2.75;44.74;55.26;O;47;53;Si;;;;;;;https://betimate.com/it/football-predictions/sk-sturm-graz-w-vs-skn-st-polten-w/2026-10-04/game;4;2026-10-04 14:12;;2026-10-04 15:27;0;1;63;16;21
2026-10-04;2026-10-04;14:00;2026-10-04;12:00;Gamma Ethniki Grecia;Greece Gamma Ethniki;greece-gamma-ethniki;GGE;Doxa Vyrona;Apollon Kalithion FC;66;18;16;1;2-0;3.02;22°C · pioggia 0% · vento 15 km/h;2.5;46.91;53.09;O;48;52;Si;;;;;;;https://betimate.com/it/football-predictions/doxa-vyrona-vs-apollon-kalithion-fc/2026-10-04/game;12;2026-10-04 14:12;;2026-10-04 15:27;0;0;;;
2026-10-04;2026-10-04;14:00;2026-10-04;12:00;Gamma Ethniki Grecia;Greece Gamma Ethniki;greece-gamma-ethniki;GGE;Tilikratis;Agios Matthaios;51;25;24;1;1-0;2.33;24°C · pioggia 0% · vento 14 km/h;2.25;49.52;50.48;O;51;49;No;;;;;;;https://betimate.com/it/football-predictions/tilikratis-vs-agios-matthaios/2026-10-04/game;13;2026-10-04 14:12;;2026-10-04 14:48;0;0;;;
2026-10-04;2026-10-04;14:00;2026-10-04;12:00;IV Liga Polonia;Poland IV Liga;poland-iv-liga;PIL;Astra Ustronie Morskie;Pogon Barlinek;48;21;31;1;2-1;3.47;;3.75;51.55;48.45;U;40;60;Si;;;;;;;https://betimate.com/it/football-predictions/astra-ustronie-morskie-vs-pogon-barlinek/2026-10-04/game;4;2026-10-04 14:12;;2026-10-04 15:27;0;0;;;
2026-10-04;2026-10-04;14:00;2026-10-04;12:00;Kenya League Women;Kenya League Women;kenya-league-women;KLW;Mathare United (W);Kayole Starlet (W);52;19;29;1;2-1;3.01;;2.75;48.04;51.96;O;50;50;Si;;;;;;;https://betimate.com/it/football-predictions/kayole-starlet-w-vs-mathare-united-w/2026-10-04/game;4;2026-10-04 14:12;;2026-10-04 15:27;0;0;;;
2026-10-04;2026-10-04;14:00;2026-10-04;12:00;Landesliga austriaca;Austria Landesliga;austria-landesliga;AL;ASKO Kottmannsdorf;St.Michael/Lavanttal;23;17;60;2;1-2;4.28;;4;48.33;51.67;O;36;64;Si;;;;;;;https://betimate.com/it/football-predictions/asko-kottmannsdorf-vs-st-michael-lavanttal/2026-10-04/game;10;2026-10-04 14:12;;2026-10-04 14:48;0;0;;;
2026-10-04;2026-10-04;14:00;2026-10-04;12:00;Liga 2 indonesiana;Indonesia Championship;indonesia-championship;IC;Semen Padang;PSPS Pekanbaru;42;24;34;1;2-1;3.18;26°C · pioggia 98% · vento 3 km/h;2.75;47.38;52.62;O;42;58;Si;;;;;;;https://betimate.com/it/football-predictions/semen-padang-vs-psps-pekanbaru/2026-10-04/game;4;2026-10-04 14:12;;2026-10-04 15:27;0;0;;;
2026-10-04;2026-10-04;14:00;2026-10-04;12:00;NB III ungherese;Hungary NB III;hungary-nb-iii;HNI;Szeged-Csanad Grosics II;Hodmezovasarhelyi;61;19;20;1;2-1;3.29;;3.25;49.82;50.18;O;44;56;Si;;;;;;;https://betimate.com/it/football-predictions/hodmezovasarhelyi-vs-szeged-csanad-grosics-ii/2026-10-04/game;9;2026-10-04 14:12;;2026-10-04 14:48;0;0;;;
2026-10-04;2026-10-04;14:00;2026-10-04;12:00;Oberliga NOFV Nord (Germania);Germany Oberliga NOFV Nord;germany-oberliga-nofv-nord;De5;TuS Makkabi Berlin;Hansa Rostock II;36;22;42;2;1-2;3.1;19°C · pioggia 0% · vento 8 km/h;3;49.35;50.65;O;43;57;Si;;;;;;;https://betimate.com/it/football-predictions/hansa-rostock-ii-vs-tus-makkabi-berlin/2026-10-04/game;10;2026-10-04 14:12;;2026-10-04 14:48;0;1;35;22;43
2026-10-04;2026-10-04;14:00;2026-10-04;12:00;Oberliga Schleswig-Holstein (Germania);Germany Oberliga Schleswig-Holstein;germany-oberliga-schleswig-holstein;De5;Oldenburger SV;Heider SV;45;16;39;1;3-2;5.63;16°C · pioggia 0% · vento 12 km/h;5.5;49.14;50.86;O;25;75;Si;;;;;;;https://betimate.com/it/football-predictions/heider-sv-vs-oldenburger-sv/2026-10-04/game;10;2026-10-04 14:12;;2026-10-04 14:48;0;0;;;
2026-10-04;2026-10-04;14:00;2026-10-04;12:00;Persha Liga Ucraina;Ukraine Persha Liga;ukraine-persha-liga;Ua1;FK Kulykiv-Bilka;FC Probiy Horodenka;60;22;18;1;2-0;3.04;;2.75;48.8;51.2;O;49;51;Si;;;;;;;https://betimate.com/it/football-predictions/fk-kulykiv-bilka-vs-fc-probiy-horodenka/2026-10-04/game;4;2026-10-04 14:12;;2026-10-04 15:27;0;1;59;22;19
2026-10-04;2026-10-04;14:00;2026-10-04;12:00;Premier League Femminile scozzese;Scotland Premier League Women;scotland-premier-league-women;SPLW;Celtic (W);Spartans (W);69;16;15;1;1-0;2.73;14°C · pioggia 35% · vento 22 km/h;4.25;59.42;40.58;U;57;43;No;;;;;;;https://betimate.com/it/football-predictions/spartans-w-vs-celtic-w/2026-10-04/game;4;2026-10-04 14:12;;2026-10-04 15:27;0;0;;;
2026-10-04;2026-10-04;14:00;2026-10-04;12:00;Prima Lega Femminile Croazia;Croatia First League Women;croatia-first-league-women;CFLW;Dinamo Zagreb (W);ZNK Hajduk Split (W);15;12;73;2;1-2;4.2;;2.75;41.31;58.69;O;44;56;Si;;;;;;;https://betimate.com/it/football-predictions/znk-hajduk-split-w-vs-dinamo-zagreb-w/2026-10-04/game;12;2026-10-04 14:12;;2026-10-04 15:27;0;0;;;
2026-10-04;2026-10-04;14:00;2026-10-04;12:00;Prima Lega bielorussa;Belarus Division 1;belarus-division-1;BD1;FK Bumprom;Minsk 2;49;23;28;1;2-1;3.29;;3;48.28;51.72;O;42;58;Si;;;;;;;https://betimate.com/it/football-predictions/fk-bumprom-vs-minsk-2/2026-10-04/game;13;2026-10-04 14:12;;2026-10-04 14:48;0;1;49;24;27
2026-10-04;2026-10-04;14:00;2026-10-04;12:00;Prva Liga Serbia;Serbia Prva Liga;serbia-prva-liga;Rs2;OFK Vrsac;Metalac Gornji;46;28;26;1;1-0;2.21;24°C · pioggia 0% · vento 2 km/h;2.25;50.49;49.51;U;51;49;No;;;;;;;https://betimate.com/it/football-predictions/metalac-gornji-vs-ofk-vrsac/2026-10-04/game;2;2026-10-04 14:12;;2026-10-04 15:27;0;1;46;27;27
2026-10-04;2026-10-04;14:00;2026-10-04;12:00;Regionalliga Nord Germania;Germany Regionalliga North;germany-regionalliga-north;De4;HSC Hannover;FSV Schoningen;30;22;48;2;1-2;3.89;18°C · pioggia 0% · vento 3 km/h;3.25;46.39;53.61;O;37;63;Si;;;;;;;https://betimate.com/it/football-predictions/hsc-hannover-vs-fsv-schoningen/2026-10-04/game;10;2026-10-04 14:12;;2026-10-04 14:48;0;0;;;
2026-10-04;2026-10-04;14:00;2026-10-04;12:00;Regionalliga West Germania;Germany Regionalliga West;germany-regionalliga-west;De4;Sportfreunde Siegen;Borussia Dortmund II;41;24;35;1;2-1;3.62;19°C · pioggia 0% · vento 4 km/h;3.5;49.42;50.58;O;39;61;Si;;;;;;;https://betimate.com/it/football-predictions/sportfreunde-siegen-vs-borussia-dortmund-ii/2026-10-04/game;10;2026-10-04 14:12;;2026-10-04 14:48;0;1;42;24;34
2026-10-04;2026-10-04;14:00;2026-10-04;12:00;Seconda Lega russa;Russia Division 2;russia-division-2;RD2;Alania Vladikavkaz;Sokol Saratov;49;24;27;1;2-1;3.4;12°C · pioggia 0% · vento 5 km/h;3.25;49.34;50.66;O;42;58;Si;;;;;;;https://betimate.com/it/football-predictions/sokol-saratov-vs-alania-vladikavkaz/2026-10-04/game;13;2026-10-04 14:12;;2026-10-04 14:48;0;0;;;
2026-10-04;2026-10-04;14:00;2026-10-04;12:00;Seconda Lega russa;Russia Division 2;russia-division-2;RD2;Dinamo Vologda;Dinamo St Petersburg;29;26;45;2;0-1;2.19;9°C · pioggia 0% · vento 4 km/h;2;48.54;51.46;O;52;48;No;;;;;;;https://betimate.com/it/football-predictions/dinamo-st-petersburg-vs-dinamo-vologda/2026-10-04/game;13;2026-10-04 14:12;;2026-10-04 14:48;0;0;;;
2026-10-04;2026-10-04;14:00;2026-10-04;12:00;Seconda Lega russa;Russia Division 2;russia-division-2;RD2;Luki-Energiya Velikiye Luki;FC Iskra Smolensk;59;21;20;1;1-0;2.73;14°C · pioggia 4% · vento 9 km/h;2.5;48.53;51.47;O;49;51;Si;;;;;;;https://betimate.com/it/football-predictions/luki-energiya-velikiye-luki-vs-fc-iskra-smolensk/2026-10-04/game;13;2026-10-04 14:12;;2026-10-04 14:48;0;0;;;
2026-10-04;2026-10-04;14:00;2026-10-04;12:00;Segunda División spagnola;Spain Segunda;spain-segunda;Es2;Real Sociedad B;Granada;43;28;29;1;1-0;2.53;25°C · pioggia 0% · vento 7 km/h;2.5;49.85;50.15;O;49;51;Si;;;;;;;https://betimate.com/it/football-predictions/real-sociedad-b-vs-granada/2026-10-04/game;1;2026-10-04 14:12;;2026-10-04 15:27;0;0;;;
2026-10-04;2026-10-04;14:00;2026-10-04;12:00;Serie D (Italia);Italy Serie D;italy-serie-d;lt4;Afragolese 1944;Polisportiva Ossese;46;26;28;1;1-0;2.48;27°C · pioggia 0% · vento 10 km/h;2.5;50.21;49.79;U;48;52;Si;;;;;;;https://betimate.com/it/football-predictions/afragolese-1944-vs-polisportiva-ossese/2026-10-04/game;10;2026-10-04 14:12;;2026-10-04 15:27;0;0;;;
2026-10-04;2026-10-04;14:00;2026-10-04;12:00;Super League 2 Grecia;Greece Super League 2;greece-super-league-2;GSL2;Asteras Tripolis B;Anagennisi Karditsas;38;28;34;1;1-0;1.99;;2;50.32;49.68;U;54;46;No;;;;;;;https://betimate.com/it/football-predictions/anagennisi-karditsas-vs-asteras-tripolis-b/2026-10-04/game;4;2026-10-04 14:12;;2026-10-04 15:27;0;0;;;
2026-10-04;2026-10-04;14:00;2026-10-04;12:00;Svizzera - 2. Liga Interregional;Switzerland 2. Liga Interregional;switzerland-2-liga-interregional;Live;Farvagny-Ogoz;Romontois;63;15;22;1;3-2;5.61;;3.25;38.05;61.95;O;28;72;Si;;;;;;;https://betimate.com/it/football-predictions/romontois-vs-farvagny-ogoz/2026-10-04/game;4;2026-10-04 14:12;;2026-10-04 15:27;0;0;;;
2026-10-04;2026-10-04;14:00;2026-10-04;12:00;Svizzera - 2. Liga Interregional;Switzerland 2. Liga Interregional;switzerland-2-liga-interregional;;Yverdon Sport FC;FC Bole;73;14;13;1;3-1;4.25;;3.5;46.22;53.78;O;40;60;Si;;;;;;;https://betimate.com/it/football-predictions/yverdon-sport-fc-vs-fc-bole/2026-10-04/game;13;2026-10-04 14:12;;2026-10-04 14:48;0;0;;;
2026-10-04;2026-10-04;14:00;2026-10-04;12:00;Svizzera - 2. Liga Interregional;Switzerland 2. Liga Interregional;switzerland-2-liga-interregional;Live;Zurich City SC;FC Koniz;74;13;13;1;3-1;4.75;;4.25;47.41;52.59;O;37;63;Si;;;;;;;https://betimate.com/it/football-predictions/fc-koniz-vs-zurich-city-sc/2026-10-04/game;4;2026-10-04 14:12;;2026-10-04 15:27;0;0;;;
2026-10-04;2026-10-04;14:00;2026-10-04;12:00;Turchia - 2. Lig Beyaz;Türkiye 2 Lig Beyaz;t-rkiye-2-lig-beyaz;;68 Yeni Aksarayspor;Ankaraspor;50;24;26;1;2-1;3.01;19°C · pioggia 0% · vento 8 km/h;2.75;48.4;51.6;O;44;56;Si;;;;;;;https://betimate.com/it/football-predictions/68-yeni-aksarayspor-vs-ankaraspor/2026-10-04/game;13;2026-10-04 14:12;;2026-10-04 14:48;0;0;;;
2026-10-04;2026-10-04;14:00;2026-10-04;12:00;Turchia - 2. Lig Beyaz;Türkiye 2 Lig Beyaz;t-rkiye-2-lig-beyaz;;Kastamonuspor;Arnavutkoy Belediyesi;31;28;41;2;0-1;2.33;17°C · pioggia 0% · vento 9 km/h;2.5;51.24;48.76;U;50;50;Si;;;;;;;https://betimate.com/it/football-predictions/kastamonuspor-vs-arnavutkoy-belediyesi/2026-10-04/game;4;2026-10-04 14:12;;2026-10-04 14:48;0;0;;;
2026-10-04;2026-10-04;14:00;2026-10-04;12:00;Turchia - 2. Lig Kırmızı;Türkiye 2 Lig Kirmizi;t-rkiye-2-lig-kirmizi;;Adana 01;12 Bingolspor;34;25;41;2;1-2;3.18;;3;49.07;50.93;O;42;58;Si;;;;;;;https://betimate.com/it/football-predictions/12-bingolspor-vs-adana-01/2026-10-04/game;13;2026-10-04 14:12;;2026-10-04 14:48;0;0;;;
2026-10-04;2026-10-04;14:00;2026-10-04;12:00;Turchia - 2. Lig Kırmızı;Türkiye 2 Lig Kirmizi;t-rkiye-2-lig-kirmizi;Live;Adanaspor;12 Bingolspor;3;6;91;2;0-4;5.09;;2.5;36.96;63.04;O;48;52;Si;;;;;;;https://betimate.com/it/football-predictions/adanaspor-vs-12-bingolspor/2026-10-04/game;12;2026-10-04 14:12;;2026-10-04 15:27;0;0;;;
2026-10-04;2026-10-04;14:00;2026-10-04;12:00;Turchia - 2. Lig Kırmızı;Türkiye 2 Lig Kirmizi;t-rkiye-2-lig-kirmizi;;Iskenderunspor;24 Erzincanspor;24;23;53;2;1-2;2.92;29°C · pioggia 0% · vento 5 km/h;3;50.64;49.36;U;44;56;Si;;;;;;;https://betimate.com/it/football-predictions/24-erzincanspor-vs-iskenderunspor/2026-10-04/game;4;2026-10-04 14:12;;2026-10-04 14:48;0;0;;;
2026-10-04;2026-10-04;14:00;2026-10-04;12:00;U20 International;U20 International;u20-international;UI;Danimarca U20;Stati Uniti U20;19;17;64;2;1-2;3.51;;2.75;45.4;54.6;O;46;54;Si;;;;;;;https://betimate.com/it/football-predictions/usa-u20-vs-denmark-u20/2026-10-04/game;4;2026-10-04 14:12;;2026-10-04 15:27;0;0;;;
2026-10-04;2026-10-04;14:00;2026-10-04;12:00;U20 International;U20 International;u20-international;UI;Uzbekistan U20;Arabia Saudita U20;52;24;24;1;1-0;2.15;;2.25;50.82;49.18;U;56;44;No;;;;;;;https://betimate.com/it/football-predictions/saudi-arabia-u20-vs-uzbekistan-u20/2026-10-04/game;4;2026-10-04 14:12;;2026-10-04 15:27;0;0;;;
2026-10-04;2026-10-04;14:15;2026-10-04;12:15;Spagna - Primera Federación Gruppo 2;Spain Primera Division RFEF Group 2;spain-primera-division-rfef-group-2;SPDR;Huesca;CE Europa;48;25;27;1;1-0;2.75;19°C · pioggia 5% · vento 8 km/h;2.25;46.67;53.33;O;46;54;Si;;;;;;;https://betimate.com/it/football-predictions/huesca-vs-ce-europa/2026-10-04/game;4;2026-10-04 14:12;2026-10-04 14:12;2026-10-04 15:27;1;0;;;
2026-10-04;2026-10-04;14:30;2026-10-04;12:30;1. Division Norvegia;Norway Division 1;norway-division-1;No2;Bryne;Lyn 1896;45;25;30;1;1-0;2.83;13°C · pioggia 28% · vento 26 km/h;3.25;52.79;47.21;U;45;55;Si;;;;;;;https://betimate.com/it/football-predictions/bryne-vs-lyn-1896/2026-10-04/game;2;2026-10-04 14:12;2026-10-04 14:12;2026-10-04 15:27;1;1;44;26;30
2026-10-04;2026-10-04;14:30;2026-10-04;12:30;1. Liga Classic svizzera;Switzerland 1.Liga Classic;switzerland-1-liga-classic;;FC Bassecourt;FC Thun II;45;20;35;1;2-1;3.67;;3.5;48.97;51.03;O;38;62;Si;;;;;;;https://betimate.com/it/football-predictions/fc-thun-ii-vs-fc-bassecourt/2026-10-04/game;12;2026-10-04 14:12;2026-10-04 14:12;2026-10-04 15:27;1;0;;;
2026-10-04;2026-10-04;14:30;2026-10-04;12:30;1. Liga Classic svizzera;Switzerland 1.Liga Classic;switzerland-1-liga-classic;;FC Coffrane;Sion II;36;25;39;2;0-1;2.45;;2.25;48.63;51.37;O;49;51;Si;;;;;;;https://betimate.com/it/football-predictions/sion-ii-vs-fc-coffrane/2026-10-04/game;12;2026-10-04 14:12;2026-10-04 14:12;2026-10-04 15:27;1;0;;;
2026-10-04;2026-10-04;14:30;2026-10-04;12:30;1. Liga Classic svizzera;Switzerland 1.Liga Classic;switzerland-1-liga-classic;;Grasshoppers II;Delemont;55;21;24;1;2-1;3.09;;3;49.4;50.6;O;44;56;Si;;;;;;;https://betimate.com/it/football-predictions/delemont-vs-grasshoppers-ii/2026-10-04/game;12;2026-10-04 14:12;2026-10-04 14:12;2026-10-04 15:27;1;0;;;
2026-10-04;2026-10-04;14:30;2026-10-04;12:30;Derde Divisie Paesi Bassi;Netherlands Derde Divisie;netherlands-derde-divisie;NDD;VV Goes;RKSV UDI '19;43;20;37;1;2-1;3.6;;3.25;47.87;52.13;O;38;62;Si;;;;;;;https://betimate.com/it/football-predictions/vv-goes-vs-rksv-udi-19/2026-10-04/game;12;2026-10-04 14:12;2026-10-04 14:12;2026-10-04 15:27;1;0;;;
2026-10-04;2026-10-04;14:30;2026-10-04;12:30;Eerste Divisie Paesi Bassi;Netherlands Eerste Divisie;netherlands-eerste-divisie;Nl2;VVV;Roda JC;37;27;36;1;2-1;2.85;22°C · pioggia 2% · vento 5 km/h;3;51.24;48.76;U;43;57;Si;;;;;;;https://betimate.com/it/football-predictions/vvv-vs-roda-jc/2026-10-04/game;2;2026-10-04 14:12;2026-10-04 14:12;2026-10-04 15:27;1;1;38;26;36
2026-10-04;2026-10-04;14:30;2026-10-04;12:30;Football League Filippine;Philippines PFL;philippines-pfl;PP;Maharlika Taguig FC;Philippine Army;96;3;1;1;5-0;5.62;28°C · pioggia 85% · vento 4 km/h;5.5;49.51;50.49;O;52;48;No;;;;;;;https://betimate.com/it/football-predictions/philippine-army-vs-maharlika-taguig-fc/2026-10-04/game;12;2026-10-04 14:12;2026-10-04 14:12;2026-10-04 15:27;1;0;;;
2026-10-04;2026-10-04;14:30;2026-10-04;12:30;Oberliga Hamburg (Germania);Germany Oberliga Hamburg;germany-oberliga-hamburg;De5;SSG Nikola Tesla;TSV Buchholz 08;33;17;50;2;1-2;4.56;;4.5;49.5;50.5;O;32;68;Si;;;;;;;https://betimate.com/it/football-predictions/tsv-buchholz-08-vs-ssg-nikola-tesla/2026-10-04/game;10;2026-10-04 14:12;2026-10-04 14:12;2026-10-04 15:27;1;0;;;
2026-10-04;2026-10-04;14:30;2026-10-04;12:30;Oberliga Hessen (Germania);Germany Oberliga Hessen;germany-oberliga-hessen;De5;FC Turabdin Babylon;FC Giessen;56;19;25;1;2-1;3.72;;3.5;48.77;51.23;O;39;61;Si;;;;;;;https://betimate.com/it/football-predictions/fc-giessen-vs-fc-turabdin-babylon/2026-10-04/game;10;2026-10-04 14:12;2026-10-04 14:12;2026-10-04 15:27;1;0;;;
2026-10-04;2026-10-04;14:30;2026-10-04;12:30;Oberliga Rheinland-Pfalz/Saar (Germania);Germany Oberliga Rheinland-Pfalz/Saar;germany-oberliga-rheinland-pfalz-saar;De5;Ahrweiler BC;Pirmasens;24;21;55;2;1-2;3.01;21°C · pioggia 2% · vento 7 km/h;2.75;48.26;51.74;O;45;55;Si;;;;;;;https://betimate.com/it/football-predictions/pirmasens-vs-ahrweiler-bc/2026-10-04/game;10;2026-10-04 14:12;2026-10-04 14:12;2026-10-04 15:27;1;1;25;21;54
2026-10-04;2026-10-04;14:30;2026-10-04;12:30;Regionalliga West austriaca;Austria Regionalliga West;austria-regionalliga-west;ARW;WSG Tirol II;FC Lauterach;79;11;10;1;3-1;4.72;24°C · pioggia 0% · vento 7 km/h;4.5;48.89;51.11;O;40;60;Si;;;;;;;https://betimate.com/it/football-predictions/fc-lauterach-vs-wsg-tirol-ii/2026-10-04/game;12;2026-10-04 14:12;2026-10-04 14:12;2026-10-04 15:27;1;0;;;
2026-10-04;2026-10-04;14:30;2026-10-04;12:30;Serie B Femminile Italia;Italy Serie B Women;italy-serie-b-women;ISBW;Catania (W);Genoa (W);56;19;25;1;1-0;2.68;;2.5;48.59;51.41;O;54;46;No;;;;;;;https://betimate.com/it/football-predictions/genoa-w-vs-catania-w/2026-10-04/game;12;2026-10-04 14:12;2026-10-04 14:12;2026-10-04 15:27;1;1;55;20;25
2026-10-04;2026-10-04;14:30;2026-10-04;12:30;Serie C Gruppo B Italia;Italy Serie C Group B;italy-serie-c-group-b;lt3;Atalanta U23;Vis Pesaro;59;23;18;1;1-0;2.78;23°C · pioggia 0% · vento 7 km/h;2.75;49.61;50.39;O;46;54;Si;;;;;;;https://betimate.com/it/football-predictions/vis-pesaro-vs-atalanta-u23/2026-10-04/game;3;2026-10-04 14:12;2026-10-04 14:12;2026-10-04 14:12;1;0;;;
2026-10-04;2026-10-04;14:30;2026-10-04;12:30;Serie C Gruppo B Italia;Italy Serie C Group B;italy-serie-c-group-b;lt3;Campobasso;Torres;47;29;24;1;1-0;2.43;23°C · pioggia 0% · vento 9 km/h;2.5;50.58;49.42;U;52;48;No;;;;;;;https://betimate.com/it/football-predictions/campobasso-vs-torres/2026-10-04/game;2;2026-10-04 14:12;2026-10-04 14:12;2026-10-04 15:27;1;0;;;
2026-10-04;2026-10-04;14:30;2026-10-04;12:30;Serie C Gruppo B Italia;Italy Serie C Group B;italy-serie-c-group-b;lt3;FC Guidonia Montecelio 1937;Asd Pineto Calcio;45;29;26;1;1-0;2.18;25°C · pioggia 3% · vento 7 km/h;2.25;50.75;49.25;U;52;48;No;;;;;;;https://betimate.com/it/football-predictions/asd-pineto-calcio-vs-fc-guidonia-montecelio-1937/2026-10-04/game;2;2026-10-04 14:12;2026-10-04 14:12;2026-10-04 15:27;1;0;;;
2026-10-04;2026-10-04;14:30;2026-10-04;12:30;Serie C Gruppo B Italia;Italy Serie C Group B;italy-serie-c-group-b;lt3;US Pianese;Ravenna;23;29;48;2;0-1;2.18;26°C · pioggia 0% · vento 12 km/h;2.5;52.32;47.68;U;52;48;No;;;;;;;https://betimate.com/it/football-predictions/ravenna-vs-us-pianese/2026-10-04/game;2;2026-10-04 14:12;2026-10-04 14:12;2026-10-04 15:27;1;0;;;
2026-10-04;2026-10-04;14:30;2026-10-04;12:30;Serie C Gruppo C Italia;Italy Serie C Group C;italy-serie-c-group-c;lt3;Cosenza;Foggia;50;28;22;1;1-0;2.4;25°C · pioggia 0% · vento 14 km/h;2.25;49.12;50.88;O;50;50;Si;;;;;;;https://betimate.com/it/football-predictions/cosenza-vs-foggia/2026-10-04/game;3;2026-10-04 14:12;2026-10-04 14:12;2026-10-04 15:27;1;1;49;28;23
2026-10-04;2026-10-04;14:30;2026-10-04;12:30;Svizzera - 2. Liga Interregional;Switzerland 2. Liga Interregional;switzerland-2-liga-interregional;Live;Yverdon Sport FC II;FC Bole;60;15;25;1;3-2;5.24;;3.25;39.67;60.33;O;30;70;Si;;;;;;;https://betimate.com/it/football-predictions/yverdon-sport-fc-ii-vs-fc-bole/2026-10-04/game;4;2026-10-04 14:12;2026-10-04 14:12;2026-10-04 15:27;1;0;;;
2026-10-04;2026-10-04;14:30;2026-10-04;12:30;Turchia - 2. Lig Kırmızı;Türkiye 2 Lig Kirmizi;t-rkiye-2-lig-kirmizi;;Kutahyaspor;52 Orduspor FK;41;26;33;1;1-0;2.79;17°C · pioggia 0% · vento 16 km/h;2.5;48.39;51.61;O;46;54;Si;;;;;;;https://betimate.com/it/football-predictions/kutahyaspor-vs-52-orduspor-fk/2026-10-04/game;12;2026-10-04 14:12;2026-10-04 14:12;2026-10-04 15:27;1;0;;;
2026-10-04;2026-10-04;14:45;2026-10-04;12:45;Malesia - Liga A1 Semi Pro;Malaysia Liga A1 Semi Pro;malaysia-liga-a1-semi-pro;MLAS;UM-Damansara United;Manjung City FC;47;22;31;1;2-1;2.98;;2.75;48.45;51.55;O;44;56;Si;;;;;;;https://betimate.com/it/football-predictions/manjung-city-fc-vs-um-damansara-united/2026-10-04/game;12;2026-10-04 14:12;2026-10-04 14:12;2026-10-04 15:27;1;1;46;22;32
2026-10-04;2026-10-04;14:45;2026-10-04;12:45;Malesia - Liga A1 Semi Pro;Malaysia Liga A1 Semi Pro;malaysia-liga-a1-semi-pro;MLAS;USM FC;Perak FA;27;24;49;2;0-1;2.55;;2.5;49.6;50.4;O;48;52;Si;;;;;;;https://betimate.com/it/football-predictions/usm-fc-vs-perak-fa/2026-10-04/game;12;2026-10-04 14:12;2026-10-04 14:12;2026-10-04 15:27;1;1;26;24;50
2026-10-04;2026-10-04;15:00;2026-10-04;13:00;2. Liga ceca femminile;Czechia Div 2 Women;czechia-div-2-women;Live;Pardubice (W);Sparta Praha II (W);21;15;64;2;1-2;3.74;20°C · pioggia 0% · vento 6 km/h;4;51.47;48.53;U;45;55;Si;;;;;;;https://betimate.com/it/football-predictions/pardubice-w-vs-sparta-praha-ii-w/2026-10-04/game;4;2026-10-04 14:12;2026-10-04 14:48;2026-10-04 15:27;1;0;;;
2026-10-04;2026-10-04;15:00;2026-10-04;13:00;2. Liga ceca femminile;Czechia Div 2 Women;czechia-div-2-women;;Viktoria Plzen B (W);FK Teplice (W);50;16;34;1;2-1;4.23;;4;48.46;51.54;O;38;62;Si;;;;;;;https://betimate.com/it/football-predictions/fk-teplice-w-vs-viktoria-plzen-b-w/2026-10-04/game;12;2026-10-04 14:12;2026-10-04 14:48;2026-10-04 15:27;1;1;51;15;34
2026-10-04;2026-10-04;15:00;2026-10-04;13:00;2. SNL Slovenia;Slovenia 2. SNL;slovenia-2-snl;Si2;NK Bistrica;NK Rudar Velenje;49;23;28;1;2-1;3.63;22°C · pioggia 0% · vento 8 km/h;2.75;44.91;55.09;O;39;61;Si;;;;;;;https://betimate.com/it/football-predictions/nk-rudar-velenje-vs-nk-bistrica/2026-10-04/game;2;2026-10-04 14:12;2026-10-04 14:48;2026-10-04 15:27;1;0;;;
2026-10-04;2026-10-04;15:00;2026-10-04;13:00;2. divisjon Gruppo 1 (Norvegia);Norway Division 2 Group 1;norway-division-2-group-1;Live;Sandviken;Arendal;43;19;38;1;2-1;3.84;12°C · pioggia 100% · vento 36 km/h;3.25;46.56;53.44;O;37;63;Si;;;;;;;https://betimate.com/it/football-predictions/arendal-vs-sandviken/2026-10-04/game;4;2026-10-04 14:12;2026-10-04 14:48;2026-10-04 15:27;1;0;;;
2026-10-04;2026-10-04;15:00;2026-10-04;13:00;3. Liga slovacca;Slovakia 3. Liga;slovakia-3-liga;Sk2;Banik Kalinovo;Tj Medzibrod;55;23;22;1;1-0;2.56;;3;53.51;46.49;U;50;50;Si;;;;;;;https://betimate.com/it/football-predictions/banik-kalinovo-vs-tj-medzibrod/2026-10-04/game;4;2026-10-04 14:12;2026-10-04 14:48;2026-10-04 15:27;1;1;56;22;22
2026-10-04;2026-10-04;15:00;2026-10-04;13:00;3. Liga slovacca;Slovakia 3. Liga;slovakia-3-liga;Sk2;MFK Snina;Slavia TU Kosice;53;23;24;1;1-0;2.6;22°C · pioggia 0% · vento 8 km/h;2.75;51.02;48.98;U;49;51;Si;;;;;;;https://betimate.com/it/football-predictions/mfk-snina-vs-slavia-tu-kosice/2026-10-04/game;4;2026-10-04 14:12;2026-10-04 14:48;2026-10-04 15:27;1;1;54;22;24
2026-10-04;2026-10-04;15:00;2026-10-04;13:00;3. Liga slovacca;Slovakia 3. Liga;slovakia-3-liga;Sk2;Ofk-Sim Raslavice;Spisska Nova Ves;30;24;46;2;0-1;2.55;;2.75;51.27;48.73;U;48;52;Si;;;;;;;https://betimate.com/it/football-predictions/spisska-nova-ves-vs-ofk-sim-raslavice/2026-10-04/game;4;2026-10-04 14:12;2026-10-04 14:48;2026-10-04 15:27;1;0;;;
2026-10-04;2026-10-04;15:00;2026-10-04;13:00;3. Liga slovacca;Slovakia 3. Liga;slovakia-3-liga;Sk2;TJ Kovo Belusa;FK Nove Zamky;60;20;20;1;2-1;3.12;22°C · pioggia 0% · vento 12 km/h;3;49.28;50.72;O;45;55;Si;;;;;;;https://betimate.com/it/football-predictions/tj-kovo-belusa-vs-fk-nove-zamky/2026-10-04/game;4;2026-10-04 14:12;2026-10-04 14:48;2026-10-04 15:27;1;1;61;19;20
2026-10-04;2026-10-04;15:00;2026-10-04;13:00;4. Liga ceca;Czechia 4. Liga;czechia-4-liga;;FC Chotebor;Havlickuv Brod;34;22;44;2;1-2;2.97;;2.75;48.48;51.52;O;44;56;Si;;;;;;;https://betimate.com/it/football-predictions/havlickuv-brod-vs-fc-chotebor/2026-10-04/game;4;2026-10-04 14:12;2026-10-04 14:48;2026-10-04 15:27;1;1;34;23;43
2026-10-04;2026-10-04;15:00;2026-10-04;13:00;4. Liga ceca;Czechia 4. Liga;czechia-4-liga;Live;FC Spartak Velka Bites;TJ Sokol Bedrichov;75;14;11;1;2-0;3.56;21°C · pioggia 0% · vento 6 km/h;3.5;49.71;50.29;O;47;53;Si;;;;;;;https://betimate.com/it/football-predictions/fc-spartak-velka-bites-vs-tj-sokol-bedrichov/2026-10-04/game;4;2026-10-04 14:12;2026-10-04 14:48;2026-10-04 15:27;1;0;;;
2026-10-04;2026-10-04;15:00;2026-10-04;13:00;4. Liga ceca;Czechia 4. Liga;czechia-4-liga;Live;FC Strani;Sternberk;84;9;7;1;3-1;4.89;21°C · pioggia 0% · vento 9 km/h;4;45.11;54.89;O;42;58;Si;;;;;;;https://betimate.com/it/football-predictions/sternberk-vs-fc-strani/2026-10-04/game;4;2026-10-04 14:12;2026-10-04 14:48;2026-10-04 15:27;1;0;;;
2026-10-04;2026-10-04;15:00;2026-10-04;13:00;4. Liga ceca;Czechia 4. Liga;czechia-4-liga;Live;FK Kozlovice;Breclav;66;18;16;1;2-0;2.97;;3.25;51.91;48.09;U;49;51;Si;;;;;;;https://betimate.com/it/football-predictions/fk-kozlovice-vs-breclav/2026-10-04/game;4;2026-10-04 14:12;2026-10-04 14:48;2026-10-04 15:27;1;0;;;
2026-10-04;2026-10-04;15:00;2026-10-04;13:00;4. Liga ceca;Czechia 4. Liga;czechia-4-liga;;FK Sumperk;SSK Bilovec;40;25;35;1;1-0;2.55;20°C · pioggia 0% · vento 6 km/h;2.5;49.6;50.4;O;48;52;Si;;;;;;;https://betimate.com/it/football-predictions/fk-sumperk-vs-ssk-bilovec/2026-10-04/game;12;2026-10-04 14:12;2026-10-04 14:48;2026-10-04 15:27;1;0;;;
2026-10-04;2026-10-04;15:00;2026-10-04;13:00;4. Liga ceca;Czechia 4. Liga;czechia-4-liga;Live;Frydek Mistek B;SK Zabreh;38;20;42;2;1-2;3.45;;3.25;48.77;51.23;O;40;60;Si;;;;;;;https://betimate.com/it/football-predictions/sk-zabreh-vs-frydek-mistek-b/2026-10-04/game;4;2026-10-04 14:12;2026-10-04 14:48;2026-10-04 15:27;1;1;38;21;41
2026-10-04;2026-10-04;15:00;2026-10-04;13:00;4. Liga ceca;Czechia 4. Liga;czechia-4-liga;Live;Kravare;Pusta Polom;64;18;18;1;2-1;3.51;;3.5;49.93;50.07;O;43;57;Si;;;;;;;https://betimate.com/it/football-predictions/pusta-polom-vs-kravare/2026-10-04/game;4;2026-10-04 14:12;2026-10-04 14:48;2026-10-04 15:27;1;0;;;
2026-10-04;2026-10-04;15:00;2026-10-04;13:00;4. Liga ceca;Czechia 4. Liga;czechia-4-liga;Live;SC Znojmo;AFC Humpolec;66;17;17;1;2-1;3.44;21°C · pioggia 0% · vento 8 km/h;3.25;48.96;51.04;O;44;56;Si;;;;;;;https://betimate.com/it/football-predictions/sc-znojmo-vs-afc-humpolec/2026-10-04/game;12;2026-10-04 14:12;2026-10-04 14:48;2026-10-04 15:27;1;0;;;
2026-10-04;2026-10-04;15:00;2026-10-04;13:00;4. Liga ceca;Czechia 4. Liga;czechia-4-liga;Live;Tatran Vsechovice;SK Prostejov B;72;14;14;1;3-1;4.29;20°C · pioggia 0% · vento 14 km/h;3.5;46.02;53.98;O;40;60;Si;;;;;;;https://betimate.com/it/football-predictions/tatran-vsechovice-vs-sk-prostejov-b/2026-10-04/game;4;2026-10-04 14:12;2026-10-04 14:48;2026-10-04 15:27;1;0;;;
2026-10-04;2026-10-04;15:00;2026-10-04;13:00;4. Liga ceca;Czechia 4. Liga;czechia-4-liga;Live;Tj Sokol Lanzhot;SFK Holesov;54;22;24;1;1-0;2.74;22°C · pioggia 0% · vento 6 km/h;3;52.06;47.94;U;47;53;Si;;;;;;;https://betimate.com/it/football-predictions/tj-sokol-lanzhot-vs-sfk-holesov/2026-10-04/game;4;2026-10-04 14:12;2026-10-04 14:48;2026-10-04 15:27;1;0;;;
2026-10-04;2026-10-04;15:00;2026-10-04;13:00;4. Liga ceca;Czechia 4. Liga;czechia-4-liga;Live;Zdar nad Sazavou;Sokol Tasovice;33;22;45;2;1-2;3.27;21°C · pioggia 0% · vento 6 km/h;3;48.21;51.79;O;41;59;Si;;;;;;;https://betimate.com/it/football-predictions/sokol-tasovice-vs-zdar-nad-sazavou/2026-10-04/game;4;2026-10-04 14:12;2026-10-04 14:48;2026-10-04 15:27;1;0;;;
2026-10-04;2026-10-04;15:00;2026-10-04;13:00;Adran Premier Galles;Wales Premier League Women;wales-premier-league-women;WPLW;Briton Ferry (W);Aberystwyth (W);49;19;32;1;2-1;3.2;;3.5;51.57;48.43;U;47;53;Si;;;;;;;https://betimate.com/it/football-predictions/briton-ferry-w-vs-aberystwyth-w/2026-10-04/game;13;2026-10-04 14:12;2026-10-04 14:48;2026-10-04 15:27;1;0;;;
2026-10-04;2026-10-04;15:00;2026-10-04;13:00;Adran Premier Galles;Wales Premier League Women;wales-premier-league-women;WPLW;Cardiff City Ladies (W);Cardiff Met (W);78;11;11;1;3-1;4.05;;4.5;51.93;48.07;U;48;52;Si;;;;;;;https://betimate.com/it/football-predictions/cardiff-city-ladies-w-vs-cardiff-met-w/2026-10-04/game;13;2026-10-04 14:12;2026-10-04 14:48;2026-10-04 15:27;1;0;;;
2026-10-04;2026-10-04;15:00;2026-10-04;13:00;Amichevoli internazionali;International Match;international-match;IM;Comore;Senegal;10;16;74;2;0-2;3.16;;3;49.15;50.85;O;55;45;No;;;;;;;https://betimate.com/it/football-predictions/senegal-vs-comoros/2026-10-04/game;8;2026-10-04 14:12;2026-10-04 14:48;2026-10-04 15:27;1;0;;;
2026-10-04;2026-10-04;15:00;2026-10-04;13:00;Belgio - Seconda Divisione Amatori ACFF;Belgium Second Amateur Division ACFF;belgium-second-amateur-division-acff;BSAD;Eupen II;Richelle United;44;22;34;1;2-1;3.18;;3.25;50.38;49.62;U;42;58;Si;;;;;;;https://betimate.com/it/football-predictions/eupen-ii-vs-richelle-united/2026-10-04/game;5;2026-10-04 14:12;2026-10-04 14:48;2026-10-04 15:27;1;0;;;
2026-10-04;2026-10-04;15:00;2026-10-04;13:00;Belgio - Seconda Divisione Amatori ACFF;Belgium Second Amateur Division ACFF;belgium-second-amateur-division-acff;BSAD;Rus Binche;FC Ganshoren;9;11;80;2;1-3;4.37;;3.25;43.98;56.02;O;43;57;Si;;;;;;;https://betimate.com/it/football-predictions/rus-binche-vs-fc-ganshoren/2026-10-04/game;5;2026-10-04 14:12;2026-10-04 14:48;2026-10-04 15:27;1;0;;;
2026-10-04;2026-10-04;15:00;2026-10-04;13:00;Campeonato de Portugal;Portugal Campeonato Nacional;portugal-campeonato-nacional;Pt3;AD Castro Daire;Estrela da Calheta FC;55;22;23;1;1-0;2.7;23°C · pioggia 15% · vento 6 km/h;2.75;50.28;49.72;U;48;52;Si;;;;;;;https://betimate.com/it/football-predictions/ad-castro-daire-vs-estrela-da-calheta-fc/2026-10-04/game;2;2026-10-04 14:12;2026-10-04 14:48;2026-10-04 15:27;1;0;;;
2026-10-04;2026-10-04;15:00;2026-10-04;13:00;Campionato Femminile Moldavia;Moldova Championship Women;moldova-championship-women;MCW;Real Succes (W);FC Iskra Ribnita (W);13;9;78;2;1-3;5.03;;3.75;43.23;56.77;O;40;60;Si;;;;;;;https://betimate.com/it/football-predictions/real-succes-w-vs-fc-iskra-ribnita-w/2026-10-04/game;13;2026-10-04 15:27;;2026-10-04 15:27;0;0;;;
2026-10-04;2026-10-04;15:00;2026-10-04;13:00;Campionato Femminile Polonia;Poland League Women;poland-league-women;PLW;Polonia Sroda Wlkp (W);MKS Myszkow (W);73;13;14;1;2-0;3.4;;3.25;49;51;O;52;48;No;;;;;;;https://betimate.com/it/football-predictions/polonia-sroda-wlkp-w-vs-mks-myszkow-w/2026-10-04/game;12;2026-10-04 14:12;2026-10-04 14:48;2026-10-04 15:27;1;0;;;
2026-10-04;2026-10-04;15:00;2026-10-04;13:00;Campionato Femminile Sudafrica;South Africa League Women;south-africa-league-women;SALW;First Touch Academy (W);City Lads FC (W);53;24;23;1;1-0;1.97;;2.5;53.39;46.61;U;62;38;No;;;;;;;https://betimate.com/it/football-predictions/city-lads-fc-w-vs-first-touch-academy-w/2026-10-04/game;5;2026-10-04 14:12;2026-10-04 14:48;2026-10-04 15:27;1;0;;;
2026-10-04;2026-10-04;15:00;2026-10-04;13:00;Campionato U19 francese;France U19 League;france-u19-league;FUL;Amiens SC U19;Racing Paris U19;59;18;23;1;2-1;3.09;22°C · pioggia 0% · vento 9 km/h;2.75;47.68;52.32;O;45;55;Si;;;;;;;https://betimate.com/it/football-predictions/amiens-sc-u19-vs-racing-paris-u19/2026-10-04/game;13;2026-10-04 14:12;2026-10-04 14:48;2026-10-04 15:27;1;1;58;19;23
2026-10-04;2026-10-04;15:00;2026-10-04;13:00;Campionato U19 francese;France U19 League;france-u19-league;FUL;Angers U19;SA Merignac U19;92;5;3;1;4-0;5.49;24°C · pioggia 0% · vento 13 km/h;5.25;48.99;51.01;O;47;53;Si;;;;;;;https://betimate.com/it/football-predictions/angers-u19-vs-sa-merignac-u19/2026-10-04/game;13;2026-10-04 14:12;2026-10-04 14:48;2026-10-04 15:27;1;1;91;5;4
2026-10-04;2026-10-04;15:00;2026-10-04;13:00;Campionato U19 francese;France U19 League;france-u19-league;FUL;Balma SC U19;Montpellier U19;52;16;32;1;3-2;4.98;;4.75;48.58;51.42;O;28;72;Si;;;;;;;https://betimate.com/it/football-predictions/montpellier-u19-vs-balma-sc-u19/2026-10-04/game;13;2026-10-04 14:12;2026-10-04 14:48;2026-10-04 15:27;1;1;51;16;33
2026-10-04;2026-10-04;15:00;2026-10-04;13:00;Campionato U19 francese;France U19 League;france-u19-league;FUL;C'Chartres U19;Le Havre U19;32;18;50;2;1-2;3.67;;3;45.37;54.63;O;38;62;Si;;;;;;;https://betimate.com/it/football-predictions/le-havre-u19-vs-c-chartres-u19/2026-10-04/game;5;2026-10-04 14:12;2026-10-04 14:48;2026-10-04 15:27;1;0;;;
2026-10-04;2026-10-04;15:00;2026-10-04;13:00;Campionato U19 francese;France U19 League;france-u19-league;FUL;Cavigal Nice U19;AS Beziers U19;27;18;55;2;1-2;3.54;;3.5;49.72;50.28;O;40;60;Si;;;;;;;https://betimate.com/it/football-predictions/as-beziers-u19-vs-cavigal-nice-u19/2026-10-04/game;13;2026-10-04 14:12;2026-10-04 14:48;2026-10-04 15:27;1;0;;;
2026-10-04;2026-10-04;15:00;2026-10-04;13:00;Campionato U19 francese;France U19 League;france-u19-league;FUL;Guingamp U19;Lorient U19;64;12;24;1;3-2;6.41;21°C · pioggia 0% · vento 17 km/h;3.75;37.18;62.82;O;23;77;Si;;;;;;;https://betimate.com/it/football-predictions/guingamp-u19-vs-lorient-u19/2026-10-04/game;5;2026-10-04 14:12;2026-10-04 14:48;2026-10-04 15:27;1;1;63;13;24
2026-10-04;2026-10-04;15:00;2026-10-04;13:00;Campionato U19 francese;France U19 League;france-u19-league;FUL;Lyon U19;Paris FC U19;56;18;26;1;2-1;3.43;24°C · pioggia 0% · vento 3 km/h;3;47.03;52.97;O;41;59;Si;;;;;;;https://betimate.com/it/football-predictions/paris-fc-u19-vs-lyon-u19/2026-10-04/game;5;2026-10-04 14:12;2026-10-04 14:48;2026-10-04 15:27;1;1;55;18;27
2026-10-04;2026-10-04;15:00;2026-10-04;13:00;Campionato U19 francese;France U19 League;france-u19-league;FUL;Metz U19;Sochaux U19;51;18;31;1;2-1;3.72;21°C · pioggia 18% · vento 5 km/h;3.5;48.77;51.23;O;38;62;Si;;;;;;;https://betimate.com/it/football-predictions/sochaux-u19-vs-metz-u19/2026-10-04/game;13;2026-10-04 14:12;2026-10-04 14:48;2026-10-04 15:27;1;1;50;18;32
2026-10-04;2026-10-04;15:00;2026-10-04;13:00;Campionato U19 francese;France U19 League;france-u19-league;FUL;Montfermeil FC U19;CA Pontarlier U19;59;20;21;1;1-0;2.72;23°C · pioggia 0% · vento 10 km/h;2.5;48.52;51.48;O;49;51;Si;;;;;;;https://betimate.com/it/football-predictions/ca-pontarlier-u19-vs-montfermeil-fc-u19/2026-10-04/game;13;2026-10-04 14:12;2026-10-04 14:48;2026-10-04 15:27;1;1;58;20;22
2026-10-04;2026-10-04;15:00;2026-10-04;13:00;Campionato U19 francese;France U19 League;france-u19-league;FUL;Nancy U19;Dijon U19;41;19;40;1;2-1;3.42;17°C · pioggia 25% · vento 5 km/h;3.25;48.88;51.12;O;39;61;Si;;;;;;;https://betimate.com/it/football-predictions/dijon-u19-vs-nancy-u19/2026-10-04/game;13;2026-10-04 14:12;2026-10-04 14:48;2026-10-04 15:27;1;0;;;
2026-10-04;2026-10-04;15:00;2026-10-04;13:00;Campionato U19 francese;France U19 League;france-u19-league;FUL;Reims U19;Strasbourg U19;48;20;32;1;1-0;2.85;23°C · pioggia 0% · vento 8 km/h;2.75;49.14;50.86;O;45;55;Si;;;;;;;https://betimate.com/it/football-predictions/strasbourg-u19-vs-reims-u19/2026-10-04/game;5;2026-10-04 14:12;2026-10-04 14:48;2026-10-04 15:27;1;1;47;21;32
2026-10-04;2026-10-04;15:00;2026-10-04;13:00;Campionato U19 francese;France U19 League;france-u19-league;FUL;Rouen U19;US Orleans U19;51;17;32;1;2-1;4.04;;4;49.64;50.36;O;35;65;Si;;;;;;;https://betimate.com/it/football-predictions/rouen-u19-vs-us-orleans-u19/2026-10-04/game;13;2026-10-04 14:12;2026-10-04 14:48;2026-10-04 15:27;1;1;50;18;32
2026-10-04;2026-10-04;15:00;2026-10-04;13:00;Campionato U19 francese;France U19 League;france-u19-league;FUL;Stade Poitevin U19;Stade Briochin U19;31;21;48;2;1-2;2.89;;2.75;48.88;51.12;O;45;55;Si;;;;;;;https://betimate.com/it/football-predictions/stade-poitevin-u19-vs-stade-briochin-u19/2026-10-04/game;13;2026-10-04 14:12;2026-10-04 14:48;2026-10-04 15:27;1;0;;;
2026-10-04;2026-10-04;15:00;2026-10-04;13:00;Campionato U19 francese;France U19 League;france-u19-league;FUL;US Quevilly U19;Lille U19;45;17;38;1;2-1;4.4;22°C · pioggia 0% · vento 9 km/h;3.25;43.58;56.42;O;32;68;Si;;;;;;;https://betimate.com/it/football-predictions/lille-u19-vs-us-quevilly-u19/2026-10-04/game;5;2026-10-04 14:12;2026-10-04 14:48;2026-10-04 15:27;1;1;44;17;39
2026-10-04;2026-10-04;15:00;2026-10-04;13:00;Campionato U19 francese;France U19 League;france-u19-league;FUL;Versailles U19;Lens U19;59;18;23;1;2-1;3.44;;3;46.99;53.01;O;42;58;Si;;;;;;;https://betimate.com/it/football-predictions/lens-u19-vs-versailles-u19/2026-10-04/game;5;2026-10-04 14:12;2026-10-04 14:48;2026-10-04 15:27;1;1;59;17;24
2026-10-04;2026-10-04;15:00;2026-10-04;13:00;Clausura Uruguay;Uruguay Clausura;uruguay-clausura;UC;Danubio;Cerro Largo;33;33;34;2;0-1;1.88;17°C · pioggia 0% · vento 12 km/h;2.25;53.3;46.7;U;55;45;No;;;;;;;https://betimate.com/it/football-predictions/danubio-vs-cerro-largo/2026-10-04/game;5;2026-10-04 14:12;2026-10-04 14:48;2026-10-04 15:27;1;0;;;
2026-10-04;2026-10-04;15:00;2026-10-04;13:00;Damallsvenskan svedese;Sweden Damallsvenskan;sweden-damallsvenskan;SD;BK Hacken (W);IK Uppsala (W);96;3;1;1;4-0;5.47;16°C · pioggia 0% · vento 18 km/h;5.75;51.33;48.67;U;53;47;No;;;;;;;https://betimate.com/it/football-predictions/bk-hacken-w-vs-ik-uppsala-w/2026-10-04/game;4;2026-10-04 14:12;2026-10-04 14:48;2026-10-04 15:27;1;0;;;
2026-10-04;2026-10-04;15:00;2026-10-04;13:00;Damallsvenskan svedese;Sweden Damallsvenskan;sweden-damallsvenskan;SD;Hammarby (W);Brommapojkarna (W);77;14;9;1;2-0;3.33;16°C · pioggia 3% · vento 12 km/h;3.5;50.99;49.01;U;50;50;Si;;;;;;;https://betimate.com/it/football-predictions/hammarby-w-vs-brommapojkarna-w/2026-10-04/game;4;2026-10-04 14:12;2026-10-04 14:48;2026-10-04 15:27;1;0;;;
2026-10-04;2026-10-04;15:00;2026-10-04;13:00;Damallsvenskan svedese;Sweden Damallsvenskan;sweden-damallsvenskan;SD;Malmo FF (W);FC Rosengård (W);59;23;18;1;1-0;2.28;17°C · pioggia 0% · vento 14 km/h;2.75;53.31;46.69;U;54;46;No;;;;;;;https://betimate.com/it/football-predictions/fc-roseng-rd-w-vs-malmo-ff-w/2026-10-04/game;12;2026-10-04 14:12;2026-10-04 14:48;2026-10-04 15:27;1;0;;;
2026-10-04;2026-10-04;15:00;2026-10-04;13:00;Division 1 Femminile Belgio;Belgium Division 1 Women;belgium-division-1-women;;OH Leuven II (W);RAEC Mons (W);62;15;23;1;2-1;4.26;;3.5;46.04;53.96;O;40;60;Si;;;;;;;https://betimate.com/it/football-predictions/oh-leuven-ii-w-vs-raec-mons-w/2026-10-04/game;15;2026-10-04 14:12;2026-10-04 14:48;2026-10-04 14:48;1;0;;;
2026-10-04;2026-10-04;15:00;2026-10-04;13:00;Division 1 Femminile Francia;France Division 1 Women;france-division-1-women;Live;FC Fleury 91 (W);PSG (W);17;18;65;2;0-1;2.63;22°C · pioggia 0% · vento 9 km/h;2.5;48.92;51.08;O;57;43;No;;;;;;;https://betimate.com/it/football-predictions/psg-w-vs-fc-fleury-91-w/2026-10-04/game;19;2026-10-04 14:12;2026-10-04 14:48;2026-10-04 15:27;1;1;17;17;66
2026-10-04;2026-10-04;15:00;2026-10-04;13:00;Division 1 Femminile Svizzera;Switzerland Division 1 Women;switzerland-division-1-women;Live;St Gallen (W);Servette FC Chenois (W);8;10;82;2;0-3;3.86;20°C · pioggia 0% · vento 8 km/h;3.25;46.36;53.64;O;52;48;No;;;;;;;https://betimate.com/it/football-predictions/servette-fc-chenois-w-vs-st-gallen-w/2026-10-04/game;4;2026-10-04 14:12;2026-10-04 14:48;2026-10-04 15:27;1;0;;;
2026-10-04;2026-10-04;15:00;2026-10-04;13:00;Division 2 Södra Götaland svedese;Sweden 2.div Södra Götaland;sweden-2-div-s-dra-g-taland;Live;IFK Trelleborg;Räppe GOIF;78;13;9;1;3-0;3.99;17°C · pioggia 0% · vento 18 km/h;3.75;48.68;51.32;O;45;55;Si;;;;;;;https://betimate.com/it/football-predictions/ifk-trelleborg-vs-r-ppe-goif/2026-10-04/game;4;2026-10-04 14:12;2026-10-04 14:48;2026-10-04 15:27;1;0;;;
2026-10-04;2026-10-04;15:00;2026-10-04;13:00;Druga Liga montenegrina;Montenegro Druga Liga;montenegro-druga-liga;Me2;Berane;FK Jedinstvo Bijelo Polje;25;22;53;2;0-1;2.66;;2.25;47.21;52.79;O;48;52;Si;;;;;;;https://betimate.com/it/football-predictions/fk-jedinstvo-bijelo-polje-vs-berane/2026-10-04/game;5;2026-10-04 14:12;2026-10-04 14:48;2026-10-04 15:27;1;0;;;
2026-10-04;2026-10-04;15:00;2026-10-04;13:00;Druga Liga montenegrina;Montenegro Druga Liga;montenegro-druga-liga;Me2;FK Budva;FK Kom Podgorica;42;24;34;1;1-0;2.47;;2.25;48.45;51.55;O;48;52;Si;;;;;;;https://betimate.com/it/football-predictions/fk-kom-podgorica-vs-fk-budva/2026-10-04/game;5;2026-10-04 14:12;2026-10-04 14:48;2026-10-04 15:27;1;0;;;
2026-10-04;2026-10-04;15:00;2026-10-04;13:00;Eccellenza Italia;Italy Eccellenza;italy-eccellenza;IE;ASD Francavilla Calcio;Pro Vasto;37;26;37;1;1-0;2.27;;2.25;49.88;50.12;O;50;50;Si;;;;;;;https://betimate.com/it/football-predictions/asd-francavilla-calcio-vs-pro-vasto/2026-10-04/game;5;2026-10-04 14:12;2026-10-04 14:48;2026-10-04 15:27;1;0;;;
2026-10-04;2026-10-04;15:00;2026-10-04;13:00;Francia - Division 2 Femminile;France Division 2 Women;france-division-2-women;Live;Auxerre (W);RC Roubaix Wervicq (W);43;20;37;1;2-1;3.02;;3;49.74;50.26;O;49;51;Si;;;;;;;https://betimate.com/it/football-predictions/auxerre-w-vs-rc-roubaix-wervicq-w/2026-10-04/game;5;2026-10-04 14:12;2026-10-04 14:48;2026-10-04 15:27;1;0;;;
2026-10-04;2026-10-04;15:00;2026-10-04;13:00;Francia - Division 2 Femminile;France Division 2 Women;france-division-2-women;Live;Lille (W);Grenoble Claix (W);56;18;26;1;2-1;3.02;21°C · pioggia 0% · vento 8 km/h;2.75;47.95;52.05;O;50;50;Si;;;;;;;https://betimate.com/it/football-predictions/lille-w-vs-grenoble-claix-w/2026-10-04/game;12;2026-10-04 14:12;2026-10-04 14:48;2026-10-04 15:27;1;0;;;
2026-10-04;2026-10-04;15:00;2026-10-04;13:00;Francia - Division 2 Femminile;France Division 2 Women;france-division-2-women;;Nice (W);Bourges Foot 18 (W);46;20;34;1;1-0;2.82;;2.75;49.26;50.74;O;51;49;No;;;;;;;https://betimate.com/it/football-predictions/nice-w-vs-bourges-foot-18-w/2026-10-04/game;12;2026-10-04 14:12;2026-10-04 14:48;2026-10-04 15:27;1;0;;;
2026-10-04;2026-10-04;15:00;2026-10-04;13:00;Gamma Ethniki Grecia;Greece Gamma Ethniki;greece-gamma-ethniki;GGE;AER Afantou;Pao Rouf;37;24;39;2;0-1;2.7;;2.5;48.63;51.37;O;46;54;Si;;;;;;;https://betimate.com/it/football-predictions/pao-rouf-vs-aer-afantou/2026-10-04/game;13;2026-10-04 14:12;2026-10-04 14:48;2026-10-04 15:27;1;0;;;
2026-10-04;2026-10-04;15:00;2026-10-04;13:00;Gamma Ethniki Grecia;Greece Gamma Ethniki;greece-gamma-ethniki;GGE;AO Agrafon;Anagennisi Schimatariou;48;22;30;1;2-1;2.93;;2.75;48.74;51.26;O;44;56;Si;;;;;;;https://betimate.com/it/football-predictions/anagennisi-schimatariou-vs-ao-agrafon/2026-10-04/game;13;2026-10-04 14:12;2026-10-04 14:48;2026-10-04 15:27;1;0;;;
2026-10-04;2026-10-04;15:00;2026-10-04;13:00;Gamma Ethniki Grecia;Greece Gamma Ethniki;greece-gamma-ethniki;GGE;AO Karystou;AON Artaki;34;32;34;1;1-0;1.57;;1.5;49.79;50.21;O;59;41;No;;;;;;;https://betimate.com/it/football-predictions/aon-artaki-vs-ao-karystou/2026-10-04/game;13;2026-10-04 14:12;2026-10-04 14:48;2026-10-04 15:27;1;0;;;
2026-10-04;2026-10-04;15:00;2026-10-04;13:00;Gamma Ethniki Grecia;Greece Gamma Ethniki;greece-gamma-ethniki;GGE;AO Neas Ionias;AO Neos Acharnaikos;52;23;25;1;1-0;2.59;22°C · pioggia 0% · vento 12 km/h;2.25;47.67;52.33;O;48;52;Si;;;;;;;https://betimate.com/it/football-predictions/ao-neas-ionias-vs-ao-neos-acharnaikos/2026-10-04/game;12;2026-10-04 14:12;2026-10-04 14:48;2026-10-04 15:27;1;1;51;24;25
2026-10-04;2026-10-04;15:00;2026-10-04;13:00;Gamma Ethniki Grecia;Greece Gamma Ethniki;greece-gamma-ethniki;GGE;AS Ano Mera;Pannaxiakos;43;24;33;1;1-0;2.68;20°C · pioggia 0% · vento 34 km/h;2.5;48.82;51.18;O;46;54;Si;;;;;;;https://betimate.com/it/football-predictions/as-ano-mera-vs-pannaxiakos/2026-10-04/game;12;2026-10-04 14:12;2026-10-04 14:48;2026-10-04 15:27;1;0;;;
2026-10-04;2026-10-04;15:00;2026-10-04;13:00;Gamma Ethniki Grecia;Greece Gamma Ethniki;greece-gamma-ethniki;GGE;AS Sarakinos;Pierikos;45;23;32;1;1-0;2.84;;2.75;49.34;50.66;O;45;55;Si;;;;;;;https://betimate.com/it/football-predictions/pierikos-vs-as-sarakinos/2026-10-04/game;12;2026-10-04 14:12;2026-10-04 14:48;2026-10-04 15:27;1;0;;;
2026-10-04;2026-10-04;15:00;2026-10-04;13:00;Gamma Ethniki Grecia;Greece Gamma Ethniki;greece-gamma-ethniki;GGE;Anagennisi Artas;Naousa;48;22;30;1;2-1;2.87;;2;43.18;56.82;O;45;55;Si;;;;;;;https://betimate.com/it/football-predictions/naousa-vs-anagennisi-artas/2026-10-04/game;12;2026-10-04 14:12;2026-10-04 14:48;2026-10-04 15:27;1;1;47;23;30
2026-10-04;2026-10-04;15:00;2026-10-04;13:00;Gamma Ethniki Grecia;Greece Gamma Ethniki;greece-gamma-ethniki;GGE;Apollon Smyrnis;Proodeftiki;47;24;29;1;1-0;2.49;;2.25;48.37;51.63;O;49;51;Si;;;;;;;https://betimate.com/it/football-predictions/apollon-smyrnis-vs-proodeftiki/2026-10-04/game;13;2026-10-04 14:12;2026-10-04 14:48;2026-10-04 15:27;1;0;;;
2026-10-04;2026-10-04;15:00;2026-10-04;13:00;Gamma Ethniki Grecia;Greece Gamma Ethniki;greece-gamma-ethniki;GGE;Aris Filiaton;Panegialios;29;29;42;2;0-1;1.94;;1.75;48.64;51.36;O;55;45;No;;;;;;;https://betimate.com/it/football-predictions/panegialios-vs-aris-filiaton/2026-10-04/game;13;2026-10-04 14:12;2026-10-04 14:48;2026-10-04 15:27;1;0;;;
2026-10-04;2026-10-04;15:00;2026-10-04;13:00;Gamma Ethniki Grecia;Greece Gamma Ethniki;greece-gamma-ethniki;GGE;Asteras Magoulas;Ethnikos Asteras;63;17;20;1;2-1;3.62;;3.5;49.36;50.64;O;41;59;Si;;;;;;;https://betimate.com/it/football-predictions/asteras-magoulas-vs-ethnikos-asteras/2026-10-04/game;12;2026-10-04 14:12;2026-10-04 14:48;2026-10-04 15:27;1;1;62;18;20
2026-10-04;2026-10-04;15:00;2026-10-04;13:00;Gamma Ethniki Grecia;Greece Gamma Ethniki;greece-gamma-ethniki;GGE;Asteras Magoulas;AO Mikrasiatikos;58;22;20;1;1-0;2.55;;2;45.69;54.31;O;50;50;Si;;;;;;;https://betimate.com/it/football-predictions/ao-mikrasiatikos-vs-asteras-magoulas/2026-10-04/game;13;2026-10-04 14:12;2026-10-04 14:48;2026-10-04 15:27;1;1;57;23;20
2026-10-04;2026-10-04;15:00;2026-10-04;13:00;Gamma Ethniki Grecia;Greece Gamma Ethniki;greece-gamma-ethniki;GGE;Atromitos Patron;AE Lefkimmis;81;10;9;1;3-0;4.33;;4.25;49.63;50.37;O;44;56;Si;;;;;;;https://betimate.com/it/football-predictions/ae-lefkimmis-vs-atromitos-patron/2026-10-04/game;13;2026-10-04 14:12;2026-10-04 14:48;2026-10-04 15:27;1;1;80;11;9
2026-10-04;2026-10-04;15:00;2026-10-04;13:00;Gamma Ethniki Grecia;Greece Gamma Ethniki;greece-gamma-ethniki;GGE;Digenis Neochoriou;AO Anthoupolis Larisas;46;24;30;1;1-0;2.59;;2;45.28;54.72;O;48;52;Si;;;;;;;https://betimate.com/it/football-predictions/digenis-neochoriou-vs-ao-anthoupolis-larisas/2026-10-04/game;13;2026-10-04 14:12;2026-10-04 14:48;2026-10-04 15:27;1;0;;;
2026-10-04;2026-10-04;15:00;2026-10-04;13:00;Gamma Ethniki Grecia;Greece Gamma Ethniki;greece-gamma-ethniki;GGE;Eordaikos 2007;Doxa Moscholouriou;44;28;28;1;1-0;1.92;;1.75;48.81;51.19;O;55;45;No;;;;;;;https://betimate.com/it/football-predictions/eordaikos-2007-vs-doxa-moscholouriou/2026-10-04/game;13;2026-10-04 14:12;2026-10-04 14:48;2026-10-04 15:27;1;0;;;
2026-10-04;2026-10-04;15:00;2026-10-04;13:00;Gamma Ethniki Grecia;Greece Gamma Ethniki;greece-gamma-ethniki;GGE;Ermis Exochis;Po Elassonas;44;24;32;1;1-0;2.57;;2.5;49.5;50.5;O;48;52;Si;;;;;;;https://betimate.com/it/football-predictions/po-elassonas-vs-ermis-exochis/2026-10-04/game;13;2026-10-04 14:12;2026-10-04 14:48;2026-10-04 15:27;1;0;;;
2026-10-04;2026-10-04;15:00;2026-10-04;13:00;Gamma Ethniki Grecia;Greece Gamma Ethniki;greece-gamma-ethniki;GGE;Ethnikos Neou Keramidiou;Rigas Feraios;78;10;12;1;3-1;5.28;;2.25;33.53;66.47;O;35;65;Si;;;;;;;https://betimate.com/it/football-predictions/rigas-feraios-vs-ethnikos-neou-keramidiou/2026-10-04/game;12;2026-10-04 14:12;2026-10-04 14:48;2026-10-04 15:27;1;1;77;11;12
2026-10-04;2026-10-04;15:00;2026-10-04;13:00;Gamma Ethniki Grecia;Greece Gamma Ethniki;greece-gamma-ethniki;GGE;Ethnikos OFPF;Amfiali;62;22;16;1;1-0;2.22;23°C · pioggia 0% · vento 16 km/h;2.5;51.96;48.04;U;56;44;No;;;;;;;https://betimate.com/it/football-predictions/amfiali-vs-ethnikos-ofpf/2026-10-04/game;13;2026-10-04 14:12;2026-10-04 14:48;2026-10-04 15:27;1;1;61;23;16
2026-10-04;2026-10-04;15:00;2026-10-04;13:00;Gamma Ethniki Grecia;Greece Gamma Ethniki;greece-gamma-ethniki;GGE;Ialysos;Egaleo;43;23;34;1;1-0;2.74;24°C · pioggia 5% · vento 11 km/h;2.5;48.43;51.57;O;46;54;Si;;;;;;;https://betimate.com/it/football-predictions/ialysos-vs-egaleo/2026-10-04/game;13;2026-10-04 14:12;2026-10-04 14:48;2026-10-04 15:27;1;0;;;
2026-10-04;2026-10-04;15:00;2026-10-04;13:00;Gamma Ethniki Grecia;Greece Gamma Ethniki;greece-gamma-ethniki;GGE;Ilioupoli;Kyanos Astir Varis;41;24;35;1;1-0;2.58;23°C · pioggia 0% · vento 13 km/h;2.25;47.73;52.27;O;47;53;Si;;;;;;;https://betimate.com/it/football-predictions/kyanos-astir-varis-vs-ilioupoli/2026-10-04/game;12;2026-10-04 14:12;2026-10-04 14:48;2026-10-04 15:27;1;0;;;
2026-10-04;2026-10-04;15:00;2026-10-04;13:00;Gamma Ethniki Grecia;Greece Gamma Ethniki;greece-gamma-ethniki;GGE;Ilisiakos;Saronikos Anavyssou;41;26;33;1;1-0;2.26;;2;47.98;52.02;O;51;49;No;;;;;;;https://betimate.com/it/football-predictions/ilisiakos-vs-saronikos-anavyssou/2026-10-04/game;12;2026-10-04 14:12;2026-10-04 14:48;2026-10-04 15:27;1;1;40;27;33
2026-10-04;2026-10-04;15:00;2026-10-04;13:00;Gamma Ethniki Grecia;Greece Gamma Ethniki;greece-gamma-ethniki;GGE;Ionikos Nikaia;Diagoras;51;25;24;1;1-0;2.23;22°C · pioggia 0% · vento 16 km/h;2.25;50.25;49.75;U;52;48;No;;;;;;;https://betimate.com/it/football-predictions/diagoras-vs-ionikos-nikaia/2026-10-04/game;13;2026-10-04 14:12;2026-10-04 14:48;2026-10-04 15:27;1;1;50;26;24
2026-10-04;2026-10-04;15:00;2026-10-04;13:00;Gamma Ethniki Grecia;Greece Gamma Ethniki;greece-gamma-ethniki;GGE;Iraklis Larisas;Trikala;30;28;42;2;0-1;2.05;24°C · pioggia 0% · vento 5 km/h;2.25;51.61;48.39;U;53;47;No;;;;;;;https://betimate.com/it/football-predictions/trikala-vs-iraklis-larisas/2026-10-04/game;12;2026-10-04 14:12;2026-10-04 14:48;2026-10-04 15:27;1;0;;;
2026-10-04;2026-10-04;15:00;2026-10-04;13:00;Gamma Ethniki Grecia;Greece Gamma Ethniki;greece-gamma-ethniki;GGE;Kastoria;Makedonikos Siatistas;49;24;27;1;1-0;2.47;21°C · pioggia 0% · vento 6 km/h;2.25;48.51;51.49;O;49;51;Si;;;;;;;https://betimate.com/it/football-predictions/kastoria-vs-makedonikos-siatistas/2026-10-04/game;13;2026-10-04 14:12;2026-10-04 14:48;2026-10-04 15:27;1;0;;;
2026-10-04;2026-10-04;15:00;2026-10-04;13:00;Gamma Ethniki Grecia;Greece Gamma Ethniki;greece-gamma-ethniki;GGE;PAS Korinthos;AO Miltiadis;55;21;24;1;2-1;2.98;;2;42.5;57.5;O;45;55;Si;;;;;;;https://betimate.com/it/football-predictions/pas-korinthos-vs-ao-miltiadis/2026-10-04/game;13;2026-10-04 14:12;2026-10-04 14:48;2026-10-04 15:27;1;1;54;22;24
2026-10-04;2026-10-04;15:00;2026-10-04;13:00;Gamma Ethniki Grecia;Greece Gamma Ethniki;greece-gamma-ethniki;GGE;Panagriniakos;Panachaiki;37;24;39;2;0-1;2.61;;2.5;49.19;50.81;O;47;53;Si;;;;;;;https://betimate.com/it/football-predictions/panachaiki-vs-panagriniakos/2026-10-04/game;13;2026-10-04 14:12;2026-10-04 14:48;2026-10-04 15:27;1;1;36;25;39
2026-10-04;2026-10-04;15:00;2026-10-04;13:00;Gamma Ethniki Grecia;Greece Gamma Ethniki;greece-gamma-ethniki;GGE;Taminiakos Aliveriou;Fokikos;46;23;31;1;1-0;2.8;;2.75;49.57;50.43;O;46;54;Si;;;;;;;https://betimate.com/it/football-predictions/taminiakos-aliveriou-vs-fokikos/2026-10-04/game;12;2026-10-04 14:12;2026-10-04 14:48;2026-10-04 15:27;1;0;;;
2026-10-04;2026-10-04;15:00;2026-10-04;13:00;Gamma Ethniki Grecia;Greece Gamma Ethniki;greece-gamma-ethniki;GGE;Thiva;Kifissos;31;20;49;2;1-2;3.58;;3.5;49.48;50.52;O;39;61;Si;;;;;;;https://betimate.com/it/football-predictions/thiva-vs-kifissos/2026-10-04/game;13;2026-10-04 14:12;2026-10-04 14:48;2026-10-04 15:27;1;0;;;
2026-10-04;2026-10-04;15:00;2026-10-04;13:00;Gamma Ethniki Grecia;Greece Gamma Ethniki;greece-gamma-ethniki;GGE;Thyella Katsikas;Giannina;43;25;32;1;1-0;2.38;;2.25;49.09;50.91;O;49;51;Si;;;;;;;https://betimate.com/it/football-predictions/giannina-vs-thyella-katsikas/2026-10-04/game;13;2026-10-04 14:12;2026-10-04 14:48;2026-10-04 15:27;1;0;;;
2026-10-04;2026-10-04;15:00;2026-10-04;13:00;Gamma Ethniki Grecia;Greece Gamma Ethniki;greece-gamma-ethniki;GGE;Veria;AS Vatolakkos;63;21;16;1;1-0;2.6;24°C · pioggia 0% · vento 4 km/h;2.5;49.45;50.55;O;52;48;No;;;;;;;https://betimate.com/it/football-predictions/veria-vs-as-vatolakkos/2026-10-04/game;13;2026-10-04 14:12;2026-10-04 14:48;2026-10-04 15:27;1;0;;;
2026-10-04;2026-10-04;15:00;2026-10-04;13:00;III Liga polacca;Poland III Liga;poland-iii-liga;PlC;Hetman Zamosc;Chelmianka Chelm;24;22;54;2;0-1;2.87;;2.75;49.12;50.88;O;46;54;Si;;;;;;;https://betimate.com/it/football-predictions/hetman-zamosc-vs-chelmianka-chelm/2026-10-04/game;8;2026-10-04 14:12;2026-10-04 14:48;2026-10-04 15:27;1;0;;;
2026-10-04;2026-10-04;15:00;2026-10-04;13:00;IV Liga Polonia;Poland IV Liga;poland-iv-liga;PIL;Stal Rzeszow II;Izolator Boguchwala;46;20;34;1;2-1;3.82;;3.25;46.66;53.34;O;37;63;Si;;;;;;;https://betimate.com/it/football-predictions/izolator-boguchwala-vs-stal-rzeszow-ii/2026-10-04/game;5;2026-10-04 14:12;2026-10-04 14:48;2026-10-04 15:27;1;1;47;19;34
2026-10-04;2026-10-04;15:00;2026-10-04;13:00;Kakkonen finlandese - Gruppo C;Finland Kakkonen Group C;finland-kakkonen-group-c;FKGC;TP-47;FC Vaajakoski;46;21;33;1;2-1;3.3;13°C · pioggia 1% · vento 7 km/h;3.75;52.56;47.44;U;41;59;Si;;;;;;;https://betimate.com/it/football-predictions/tp-47-vs-fc-vaajakoski/2026-10-04/game;5;2026-10-04 14:12;2026-10-04 14:48;2026-10-04 15:27;1;0;;;
2026-10-04;2026-10-04;15:00;2026-10-04;13:00;Kolmonen finlandese;Finland Kolmonen;finland-kolmonen;FK;FC Futura;Atlantis II;93;4;3;1;4-0;5.85;14°C · pioggia 58% · vento 16 km/h;5.5;48.55;51.45;O;45;55;Si;;;;;;;https://betimate.com/it/football-predictions/fc-futura-vs-atlantis-ii/2026-10-04/game;8;2026-10-04 14:12;2026-10-04 14:48;2026-10-04 15:27;1;0;;;
2026-10-04;2026-10-04;15:00;2026-10-04;13:00;Kolmonen finlandese;Finland Kolmonen;finland-kolmonen;FK;FC Lahti II;Gnistan/Ogeli;59;17;24;1;2-1;4.13;;4;49.2;50.8;O;37;63;Si;;;;;;;https://betimate.com/it/football-predictions/gnistan-ogeli-vs-fc-lahti-ii/2026-10-04/game;8;2026-10-04 14:12;2026-10-04 14:48;2026-10-04 15:27;1;0;;;
2026-10-04;2026-10-04;15:00;2026-10-04;13:00;Kolmonen finlandese;Finland Kolmonen;finland-kolmonen;FK;JäPS/47;Sibbov;59;16;25;1;2-1;4.78;;4.5;48.47;51.53;O;32;68;Si;;;;;;;https://betimate.com/it/football-predictions/sibbov-vs-j-ps-47/2026-10-04/game;8;2026-10-04 14:12;2026-10-04 14:48;2026-10-04 15:27;1;0;;;
2026-10-04;2026-10-04;15:00;2026-10-04;13:00;Kolmonen finlandese;Finland Kolmonen;finland-kolmonen;FK;Ponnistus;MK United;43;19;38;1;2-1;4.25;;4;48.44;51.56;O;34;66;Si;;;;;;;https://betimate.com/it/football-predictions/ponnistus-vs-mk-united/2026-10-04/game;9;2026-10-04 14:12;2026-10-04 14:48;2026-10-04 14:48;1;0;;;
2026-10-04;2026-10-04;15:00;2026-10-04;13:00;Kolmonen finlandese;Finland Kolmonen;finland-kolmonen;FK;TiPS U21;TuPS;19;17;64;2;1-2;3.74;;3.5;48.7;51.3;O;41;59;Si;;;;;;;https://betimate.com/it/football-predictions/tups-vs-tips-u21/2026-10-04/game;8;2026-10-04 14:12;2026-10-04 14:48;2026-10-04 15:27;1;0;;;
2026-10-04;2026-10-04;15:00;2026-10-04;13:00;Kolmonen finlandese;Finland Kolmonen;finland-kolmonen;FK;ToTe/Tapio;RiPS;16;13;71;2;1-3;5.28;;5;48.49;51.51;O;33;67;Si;;;;;;;https://betimate.com/it/football-predictions/rips-vs-tote-tapio/2026-10-04/game;8;2026-10-04 14:12;2026-10-04 14:48;2026-10-04 15:27;1;0;;;
2026-10-04;2026-10-04;15:00;2026-10-04;13:00;Landesliga austriaca;Austria Landesliga;austria-landesliga;AL;SV Spittal/Drau;Lendorf;29;21;50;2;1-2;3.23;20°C · pioggia 0% · vento 3 km/h;3.25;50.13;49.87;U;42;58;Si;;;;;;;https://betimate.com/it/football-predictions/lendorf-vs-sv-spittal-drau/2026-10-04/game;10;2026-10-04 14:12;2026-10-04 14:48;2026-10-04 15:27;1;0;;;
2026-10-04;2026-10-04;15:00;2026-10-04;13:00;Ligue A Burundi;Burundi Premier League;burundi-premier-league;Bi1;Bumamuru;Flambeau Centre;28;28;44;2;0-1;2.25;28°C · pioggia 80% · vento 13 km/h;2;47.91;52.09;O;50;50;Si;;;;;;;https://betimate.com/it/football-predictions/bumamuru-vs-flambeau-centre/2026-10-04/game;13;2026-10-04 14:12;2026-10-04 14:48;2026-10-04 15:27;1;0;;;
2026-10-04;2026-10-04;15:00;2026-10-04;13:00;Ligue A Burundi;Burundi Premier League;burundi-premier-league;Bi1;Kayanza Utd;Inter Stars;38;26;36;1;1-0;2.69;26°C · pioggia 55% · vento 11 km/h;2.5;48.69;51.31;O;45;55;Si;;;;;;;https://betimate.com/it/football-predictions/inter-stars-vs-kayanza-utd/2026-10-04/game;13;2026-10-04 14:12;2026-10-04 14:48;2026-10-04 15:27;1;0;;;
2026-10-04;2026-10-04;15:00;2026-10-04;13:00;Ligue A Burundi;Burundi Premier League;burundi-premier-league;Bi1;Messager Ngozi;Panthere Noir FC;47;30;23;1;1-0;1.95;27°C · pioggia 57% · vento 12 km/h;1.75;48.44;51.56;O;55;45;No;;;;;;;https://betimate.com/it/football-predictions/messager-ngozi-vs-panthere-noir-fc/2026-10-04/game;13;2026-10-04 14:12;2026-10-04 14:48;2026-10-04 15:27;1;0;;;
2026-10-04;2026-10-04;15:00;2026-10-04;13:00;Ligue A Burundi;Burundi Premier League;burundi-premier-league;Bi1;Royal Vision 2026;Vital'O FC;38;26;36;1;1-0;2.67;;2.5;48.73;51.27;O;45;55;Si;;;;;;;https://betimate.com/it/football-predictions/vital-o-fc-vs-royal-vision-2026/2026-10-04/game;13;2026-10-04 14:12;2026-10-04 14:48;2026-10-04 15:27;1;0;;;
2026-10-04;2026-10-04;15:00;2026-10-04;13:00;National 2 francese;France National 2;france-national-2;FN2;Strasbourg II;Sochaux II;71;18;11;1;3-0;2.81;;3;60.09;39.91;U;56;44;No;;;;;;;https://betimate.com/it/football-predictions/sochaux-ii-vs-strasbourg-ii/2026-10-04/game;10;2026-10-04 14:12;2026-10-04 14:48;2026-10-04 15:27;1;1;41;21;38
2026-10-04;2026-10-04;15:00;2026-10-04;13:00;National 2 francese;France National 2;france-national-2;FN2;Toulouse II;Rodez II;22;56;22;X;0-0;0.7;;3;99.44;0.56;U;91;9;No;;;;;;;https://betimate.com/it/football-predictions/rodez-ii-vs-toulouse-ii/2026-10-04/game;9;2026-10-04 14:12;2026-10-04 14:48;2026-10-04 15:27;1;1;44;24;32
2026-10-04;2026-10-04;15:00;2026-10-04;13:00;National Division 1 Belgio;Belgium First Amateur Division;belgium-first-amateur-division;BFAD;RCS Onhaye;Charleroi II;56;20;24;1;2-1;3;;2.75;48.34;51.66;O;45;55;Si;;;;;;;https://betimate.com/it/football-predictions/rcs-onhaye-vs-charleroi-ii/2026-10-04/game;2;2026-10-04 14:12;2026-10-04 14:48;2026-10-04 15:27;1;0;;;
2026-10-04;2026-10-04;15:00;2026-10-04;13:00;National Division 1 Belgio;Belgium First Amateur Division;belgium-first-amateur-division;BFAD;RCS Onhaye;Sporting Charleroi U23;49;23;28;1;1-0;2.72;;2.75;50.19;49.81;U;47;53;Si;;;;;;;https://betimate.com/it/football-predictions/rcs-onhaye-vs-sporting-charleroi-u23/2026-10-04/game;9;2026-10-04 14:12;2026-10-04 14:48;2026-10-04 15:27;1;0;;;
2026-10-04;2026-10-04;15:00;2026-10-04;13:00;National Division 1 Belgio;Belgium First Amateur Division;belgium-first-amateur-division;BFAD;Royal Knokke;OH Leuven II;47;18;35;1;2-1;4.36;19°C · pioggia 0% · vento 10 km/h;3.25;43.85;56.15;O;33;67;Si;;;;;;;https://betimate.com/it/football-predictions/royal-knokke-vs-oh-leuven-ii/2026-10-04/game;2;2026-10-04 14:12;2026-10-04 14:48;2026-10-04 15:27;1;0;;;
2026-10-04;2026-10-04;15:00;2026-10-04;13:00;National Division 1 Belgio;Belgium First Amateur Division;belgium-first-amateur-division;BFAD;Tienen;KFC Merelbeke;45;25;30;1;1-0;2.47;22°C · pioggia 0% · vento 6 km/h;2.75;51.85;48.15;U;49;51;Si;;;;;;;https://betimate.com/it/football-predictions/tienen-vs-kfc-merelbeke/2026-10-04/game;2;2026-10-04 14:12;2026-10-04 14:48;2026-10-04 15:27;1;0;;;
2026-10-04;2026-10-04;15:00;2026-10-04;13:00;National League Premier Femminile;England National League Premier Women;england-national-league-premier-women;ENLP;Cheltenham Town (W);Hashtag United (W);32;18;50;2;1-2;3.5;;3.25;48.41;51.59;O;45;55;Si;;;;;;;https://betimate.com/it/football-predictions/cheltenham-town-w-vs-hashtag-united-w/2026-10-04/game;5;2026-10-04 14:12;2026-10-04 14:48;2026-10-04 15:27;1;0;;;
2026-10-04;2026-10-04;15:00;2026-10-04;13:00;National League Premier Femminile;England National League Premier Women;england-national-league-premier-women;ENLP;Fulham (W);Exeter (W);41;18;41;1;2-1;3.42;;3.25;48.84;51.16;O;45;55;Si;;;;;;;https://betimate.com/it/football-predictions/fulham-w-vs-exeter-w/2026-10-04/game;13;2026-10-04 14:12;2026-10-04 14:48;2026-10-04 15:27;1;0;;;
2026-10-04;2026-10-04;15:00;2026-10-04;13:00;National League Premier Femminile;England National League Premier Women;england-national-league-premier-women;ENLP;Loughborough Lightning (W);Norwich (W);26;19;55;2;1-2;3.11;;3;49.11;50.89;O;49;51;Si;;;;;;;https://betimate.com/it/football-predictions/norwich-w-vs-loughborough-lightning-w/2026-10-04/game;13;2026-10-04 14:12;2026-10-04 14:48;2026-10-04 15:27;1;0;;;
2026-10-04;2026-10-04;15:00;2026-10-04;13:00;National League Premier Femminile;England National League Premier Women;england-national-league-premier-women;ENLP;Middlesbrough (W);Peterborough (W);45;22;33;1;1-0;2.49;;3.25;55.17;44.83;U;54;46;No;;;;;;;https://betimate.com/it/football-predictions/peterborough-w-vs-middlesbrough-w/2026-10-04/game;5;2026-10-04 14:12;2026-10-04 14:48;2026-10-04 15:27;1;0;;;
2026-10-04;2026-10-04;15:00;2026-10-04;13:00;National League Premier Femminile;England National League Premier Women;england-national-league-premier-women;ENLP;Stoke (W);Huddersfield (W);64;16;20;1;2-1;3.18;;3;48.61;51.39;O;50;50;Si;;;;;;;https://betimate.com/it/football-predictions/stoke-w-vs-huddersfield-w/2026-10-04/game;13;2026-10-04 14:12;2026-10-04 14:48;2026-10-04 15:27;1;0;;;
2026-10-04;2026-10-04;15:00;2026-10-04;13:00;Oberliga Baden-Württemberg (Germania);Germany Oberliga Baden-Wuerttemberg;germany-oberliga-baden-wuerttemberg;De5;Karlsruher SC II;TSG Balingen;49;19;32;1;2-1;3.67;22°C · pioggia 0% · vento 8 km/h;3.5;49.04;50.96;O;38;62;Si;;;;;;;https://betimate.com/it/football-predictions/tsg-balingen-vs-karlsruher-sc-ii/2026-10-04/game;10;2026-10-04 14:12;2026-10-04 14:48;2026-10-04 15:27;1;0;;;
2026-10-04;2026-10-04;15:00;2026-10-04;13:00;Oberliga Hessen (Germania);Germany Oberliga Hessen;germany-oberliga-hessen;De5;FC Eddersheim;SV 1960 Hummetroth;62;17;21;1;2-1;4.16;21°C · pioggia 3% · vento 5 km/h;4;49.07;50.93;O;37;63;Si;;;;;;;https://betimate.com/it/football-predictions/fc-eddersheim-vs-sv-1960-hummetroth/2026-10-04/game;10;2026-10-04 14:12;2026-10-04 14:48;2026-10-04 15:27;1;0;;;
2026-10-04;2026-10-04;15:00;2026-10-04;13:00;Oberliga Hessen (Germania);Germany Oberliga Hessen;germany-oberliga-hessen;De5;Hanauer SC 1960;Rot-Weiss Hadamar;30;20;50;2;1-2;3.37;20°C · pioggia 0% · vento 4 km/h;3.25;49.29;50.71;O;41;59;Si;;;;;;;https://betimate.com/it/football-predictions/rot-weiss-hadamar-vs-hanauer-sc-1960/2026-10-04/game;10;2026-10-04 14:12;2026-10-04 14:48;2026-10-04 15:27;1;0;;;
2026-10-04;2026-10-04;15:00;2026-10-04;13:00;Oberliga Mittelrhein (Germania);Germany Oberliga Mittelrhein;germany-oberliga-mittelrhein;De5;FC Hennef 05;Fortuna Cologne II;36;20;44;2;1-2;3.64;21°C · pioggia 0% · vento 3 km/h;3.5;49.13;50.87;O;38;62;Si;;;;;;;https://betimate.com/it/football-predictions/fc-hennef-05-vs-fortuna-cologne-ii/2026-10-04/game;10;2026-10-04 14:12;2026-10-04 14:48;2026-10-04 15:27;1;0;;;
2026-10-04;2026-10-04;15:00;2026-10-04;13:00;Oberliga Mittelrhein (Germania);Germany Oberliga Mittelrhein;germany-oberliga-mittelrhein;De5;SSV Merten;Eintracht Hohkeppel;53;18;29;1;2-1;4.3;20°C · pioggia 0% · vento 5 km/h;4.25;49.6;50.4;O;34;66;Si;;;;;;;https://betimate.com/it/football-predictions/ssv-merten-vs-eintracht-hohkeppel/2026-10-04/game;10;2026-10-04 14:12;2026-10-04 14:48;2026-10-04 15:27;1;0;;;
2026-10-04;2026-10-04;15:00;2026-10-04;13:00;Oberliga Mittelrhein (Germania);Germany Oberliga Mittelrhein;germany-oberliga-mittelrhein;De5;SpVg Porz 1919;FC Wegberg-Beeck;14;13;73;2;1-3;4.77;21°C · pioggia 0% · vento 0 km/h;4.5;48.6;51.4;O;36;64;Si;;;;;;;https://betimate.com/it/football-predictions/fc-wegberg-beeck-vs-spvg-porz-1919/2026-10-04/game;10;2026-10-04 14:12;2026-10-04 14:48;2026-10-04 15:27;1;0;;;
2026-10-04;2026-10-04;15:00;2026-10-04;13:00;Oberliga Niederrhein (Germania);Germany Oberliga Niederrhein;germany-oberliga-niederrhein;De5;SpVg Schonnebeck;Fortuna Dusseldorf II;59;18;23;1;2-1;3.83;21°C · pioggia 0% · vento 2 km/h;3.75;49.42;50.58;O;39;61;Si;;;;;;;https://betimate.com/it/football-predictions/fortuna-dusseldorf-ii-vs-spvg-schonnebeck/2026-10-04/game;10;2026-10-04 14:12;2026-10-04 14:48;2026-10-04 15:27;1;0;;;
2026-10-04;2026-10-04;15:00;2026-10-04;13:00;Oberliga Niedersachsen (Germania);Germany Oberliga Niedersachsen;germany-oberliga-niedersachsen;De5;SC Hemmingen-Westerfeld;1. FC Germania Egestorf-Langreder;26;19;55;2;1-2;3.6;;3.5;49.41;50.59;O;40;60;Si;;;;;;;https://betimate.com/it/football-predictions/1-fc-germania-egestorf-langreder-vs-sc-hemmingen-westerfeld/2026-10-04/game;10;2026-10-04 14:12;2026-10-04 14:48;2026-10-04 15:27;1;0;;;
2026-10-04;2026-10-04;15:00;2026-10-04;13:00;Oberliga Niedersachsen (Germania);Germany Oberliga Niedersachsen;germany-oberliga-niedersachsen;De5;SSV Vorsfelde;Eintracht Braunschweig II;20;16;64;2;1-2;4.06;19°C · pioggia 0% · vento 9 km/h;4;49.65;50.35;O;38;62;Si;;;;;;;https://betimate.com/it/football-predictions/eintracht-braunschweig-ii-vs-ssv-vorsfelde/2026-10-04/game;10;2026-10-04 14:12;2026-10-04 14:48;2026-10-04 15:27;1;0;;;
2026-10-04;2026-10-04;15:00;2026-10-04;13:00;Oberliga Niedersachsen (Germania);Germany Oberliga Niedersachsen;germany-oberliga-niedersachsen;De5;SV Drochtersen-Assel II;Luneburger SK Hansa;28;21;51;2;1-2;3.25;;3;48.27;51.73;O;42;58;Si;;;;;;;https://betimate.com/it/football-predictions/luneburger-sk-hansa-vs-sv-drochtersen-assel-ii/2026-10-04/game;10;2026-10-04 14:12;2026-10-04 14:48;2026-10-04 15:27;1;0;;;
2026-10-04;2026-10-04;15:00;2026-10-04;13:00;Oberliga Niedersachsen (Germania);Germany Oberliga Niedersachsen;germany-oberliga-niedersachsen;De5;SV Vorwarts Nordhorn;SV Meppen II;41;21;38;1;2-1;3.69;;3.5;48.93;51.07;O;38;62;Si;;;;;;;https://betimate.com/it/football-predictions/sv-meppen-ii-vs-sv-vorwarts-nordhorn/2026-10-04/game;10;2026-10-04 14:12;2026-10-04 14:48;2026-10-04 15:27;1;0;;;
2026-10-04;2026-10-04;15:00;2026-10-04;13:00;Oberliga Niedersachsen (Germania);Germany Oberliga Niedersachsen;germany-oberliga-niedersachsen;De5;VfV Borussia 06 Hildesheim;SV Wilhelmshaven;37;24;39;2;0-1;2.7;19°C · pioggia 0% · vento 4 km/h;2.5;48.64;51.36;O;46;54;Si;;;;;;;https://betimate.com/it/football-predictions/vfv-borussia-06-hildesheim-vs-sv-wilhelmshaven/2026-10-04/game;10;2026-10-04 14:12;2026-10-04 14:48;2026-10-04 15:27;1;0;;;
2026-10-04;2026-10-04;15:00;2026-10-04;13:00;Oberliga Rheinland-Pfalz/Saar (Germania);Germany Oberliga Rheinland-Pfalz/Saar;germany-oberliga-rheinland-pfalz-saar;De5;SV Gonsenheim;Engers;47;20;33;1;2-1;3.58;20°C · pioggia 0% · vento 4 km/h;3.5;49.51;50.49;O;39;61;Si;;;;;;;https://betimate.com/it/football-predictions/sv-gonsenheim-vs-engers/2026-10-04/game;10;2026-10-04 14:12;2026-10-04 14:48;2026-10-04 15:27;1;0;;;
2026-10-04;2026-10-04;15:00;2026-10-04;13:00;Oberliga Rheinland-Pfalz/Saar (Germania);Germany Oberliga Rheinland-Pfalz/Saar;germany-oberliga-rheinland-pfalz-saar;De5;TSV 1881 Gau-Odernheim;TSV Schott Mainz;50;22;28;1;2-1;3.02;;2.75;48.15;51.85;O;44;56;Si;;;;;;;https://betimate.com/it/football-predictions/tsv-schott-mainz-vs-tsv-1881-gau-odernheim/2026-10-04/game;10;2026-10-04 14:12;2026-10-04 14:48;2026-10-04 15:27;1;0;;;
2026-10-04;2026-10-04;15:00;2026-10-04;13:00;Oberliga Westfalen (Germania);Germany Oberliga Westfalen;germany-oberliga-westfalen;De5;1. FC Gievenbeck;TuS Hiltrup;65;17;18;1;2-1;3.35;20°C · pioggia 0% · vento 3 km/h;3.25;49.45;50.55;O;44;56;Si;;;;;;;https://betimate.com/it/football-predictions/1-fc-gievenbeck-vs-tus-hiltrup/2026-10-04/game;10;2026-10-04 14:12;2026-10-04 14:48;2026-10-04 15:27;1;0;;;
2026-10-04;2026-10-04;15:00;2026-10-04;13:00;Oberliga Westfalen (Germania);Germany Oberliga Westfalen;germany-oberliga-westfalen;De5;SC Rot Weiss Maaslingen;Eintracht Rheine;51;20;29;1;2-1;3.37;;3.25;49.26;50.74;O;41;59;Si;;;;;;;https://betimate.com/it/football-predictions/eintracht-rheine-vs-sc-rot-weiss-maaslingen/2026-10-04/game;10;2026-10-04 14:12;2026-10-04 14:48;2026-10-04 15:27;1;0;;;
2026-10-04;2026-10-04;15:00;2026-10-04;13:00;Oberliga Westfalen (Germania);Germany Oberliga Westfalen;germany-oberliga-westfalen;De5;SC Westfalia Kinderhaus;Arminia Bielefeld II;44;23;33;1;2-1;3.05;;3;49.76;50.24;O;43;57;Si;;;;;;;https://betimate.com/it/football-predictions/arminia-bielefeld-ii-vs-sc-westfalia-kinderhaus/2026-10-04/game;10;2026-10-04 14:12;2026-10-04 14:48;2026-10-04 15:27;1;0;;;
2026-10-04;2026-10-04;15:00;2026-10-04;13:00;Oberliga Westfalen (Germania);Germany Oberliga Westfalen;germany-oberliga-westfalen;De5;SV Schermbeck;TSG Sprockhovel;40;19;41;2;1-2;4.25;21°C · pioggia 0% · vento 1 km/h;4;48.44;51.56;O;34;66;Si;;;;;;;https://betimate.com/it/football-predictions/tsg-sprockhovel-vs-sv-schermbeck/2026-10-04/game;10;2026-10-04 14:12;2026-10-04 14:48;2026-10-04 15:27;1;0;;;
2026-10-04;2026-10-04;15:00;2026-10-04;13:00;Oberliga Westfalen (Germania);Germany Oberliga Westfalen;germany-oberliga-westfalen;De5;SpVgg Erkenschwick;SC Verl II;44;21;35;1;2-1;3.37;21°C · pioggia 0% · vento 3 km/h;3.25;49.28;50.72;O;40;60;Si;;;;;;;https://betimate.com/it/football-predictions/spvgg-erkenschwick-vs-sc-verl-ii/2026-10-04/game;10;2026-10-04 14:12;2026-10-04 14:48;2026-10-04 15:27;1;0;;;
2026-10-04;2026-10-04;15:00;2026-10-04;13:00;Prima Divisione Tanzania;Tanzania First Division;tanzania-first-division;TFD;B19 FC;Ken Gold FC;53;24;23;1;1-0;2.53;;2.5;49.8;50.2;O;50;50;Si;;;;;;;https://betimate.com/it/football-predictions/ken-gold-fc-vs-b19-fc/2026-10-04/game;13;2026-10-04 14:12;2026-10-04 14:48;2026-10-04 15:27;1;0;;;
2026-10-04;2026-10-04;15:00;2026-10-04;13:00;Prima Divisione Tanzania;Tanzania First Division;tanzania-first-division;TFD;Bandari Tanzania;KMC FC;36;21;43;2;1-2;3.33;;3.25;49.53;50.47;O;41;59;Si;;;;;;;https://betimate.com/it/football-predictions/kmc-fc-vs-bandari-tanzania/2026-10-04/game;13;2026-10-04 14:12;2026-10-04 14:48;2026-10-04 15:27;1;0;;;
2026-10-04;2026-10-04;15:00;2026-10-04;13:00;Regionalliga Sud Austria;Austria Regionalliga South;austria-regionalliga-south;ARS;WAC St Andra II;Austria Klagenfurt;23;21;56;2;0-1;2.87;21°C · pioggia 0% · vento 5 km/h;3;51.08;48.92;U;46;54;Si;;;;;;;https://betimate.com/it/football-predictions/austria-klagenfurt-vs-wac-st-andra-ii/2026-10-04/game;12;2026-10-04 14:12;2026-10-04 14:48;2026-10-04 15:27;1;0;;;
2026-10-04;2026-10-04;15:00;2026-10-04;13:00;Seconda Divisione Amatori VFV B Belgio;Belgium Second Amateur Division VFV B;belgium-second-amateur-division-vfv-b;BSAD;Rupel Boom FC;Sint-Truidense II;52;20;28;1;2-1;3.51;;3;46.55;53.45;O;40;60;Si;;;;;;;https://betimate.com/it/football-predictions/rupel-boom-fc-vs-sint-truidense-ii/2026-10-04/game;5;2026-10-04 14:12;2026-10-04 14:48;2026-10-04 15:27;1;0;;;
2026-10-04;2026-10-04;15:00;2026-10-04;13:00;Seconda Lega russa;Russia Division 2;russia-division-2;RD2;Baltika-Bfu Kaliningrad;Cosmos Dolgoprudny;56;20;24;1;2-1;3.16;17°C · pioggia 23% · vento 16 km/h;3;48.97;51.03;O;44;56;Si;;;;;;;https://betimate.com/it/football-predictions/baltika-bfu-kaliningrad-vs-cosmos-dolgoprudny/2026-10-04/game;13;2026-10-04 14:12;2026-10-04 14:48;2026-10-04 15:27;1;0;;;
2026-10-04;2026-10-04;15:00;2026-10-04;13:00;Seconda Lega russa;Russia Division 2;russia-division-2;RD2;FK Mashuk-KMV Pyatigorsk;Dinamo Kirov;34;32;34;1;1-0;1.71;14°C · pioggia 0% · vento 13 km/h;1.5;48.69;51.31;O;57;43;No;;;;;;;https://betimate.com/it/football-predictions/fk-mashuk-kmv-pyatigorsk-vs-dinamo-kirov/2026-10-04/game;12;2026-10-04 14:12;2026-10-04 14:48;2026-10-04 15:27;1;0;;;
2026-10-04;2026-10-04;15:00;2026-10-04;13:00;Seconda Lega russa;Russia Division 2;russia-division-2;RD2;Rubin Kazan II;FC Chelyabinsk 2;58;22;20;1;1-0;2.58;8°C · pioggia 0% · vento 15 km/h;2.5;49.51;50.49;O;50;50;Si;;;;;;;https://betimate.com/it/football-predictions/rubin-kazan-ii-vs-fc-chelyabinsk-2/2026-10-04/game;12;2026-10-04 14:12;2026-10-04 14:48;2026-10-04 15:27;1;0;;;
2026-10-04;2026-10-04;15:00;2026-10-04;13:00;Segunda División Uruguay;Uruguay Segunda;uruguay-segunda;US;Colon FC;Club Oriental;36;28;36;1;1-0;2.17;;2.25;50.81;49.19;U;52;48;No;;;;;;;https://betimate.com/it/football-predictions/colon-fc-vs-club-oriental/2026-10-04/game;5;2026-10-04 14:12;2026-10-04 14:48;2026-10-04 15:27;1;0;;;
2026-10-04;2026-10-04;15:00;2026-10-04;13:00;Serie A Femminile;Italy Serie A Women;italy-serie-a-women;ISAW;AC Milan (W);Juventus (W);20;19;61;2;0-1;2.66;24°C · pioggia 0% · vento 4 km/h;2.75;50.35;49.65;U;55;45;No;;;;;;;https://betimate.com/it/football-predictions/juventus-w-vs-ac-milan-w/2026-10-04/game;5;2026-10-04 14:12;2026-10-04 14:48;2026-10-04 15:27;1;0;;;
2026-10-04;2026-10-04;15:00;2026-10-04;13:00;Serie B Femminile Italia;Italy Serie B Women;italy-serie-b-women;ISBW;ASD Res Roma (W);Cesena (W);28;15;57;2;1-2;4.04;;4;49.63;50.37;O;41;59;Si;;;;;;;https://betimate.com/it/football-predictions/cesena-w-vs-asd-res-roma-w/2026-10-04/game;12;2026-10-04 14:12;2026-10-04 14:48;2026-10-04 15:27;1;0;;;
2026-10-04;2026-10-04;15:00;2026-10-04;13:00;Serie B Femminile Italia;Italy Serie B Women;italy-serie-b-women;ISBW;Frosinone (W);Brescia (W);46;23;31;1;1-0;2.29;;2.5;51.07;48.93;U;57;43;No;;;;;;;https://betimate.com/it/football-predictions/frosinone-w-vs-brescia-w/2026-10-04/game;5;2026-10-04 14:12;2026-10-04 14:48;2026-10-04 15:27;1;0;;;
2026-10-04;2026-10-04;15:00;2026-10-04;13:00;Serie B Femminile Italia;Italy Serie B Women;italy-serie-b-women;ISBW;Lumezzane (W);Arezzo (W);59;20;21;1;1-0;2.35;;2.25;49.13;50.87;O;58;42;No;;;;;;;https://betimate.com/it/football-predictions/lumezzane-w-vs-arezzo-w/2026-10-04/game;12;2026-10-04 14:12;2026-10-04 14:48;2026-10-04 15:27;1;0;;;
2026-10-04;2026-10-04;15:00;2026-10-04;13:00;Serie D (Italia);Italy Serie D;italy-serie-d;lt4;A.C. Crema 1908;Citta Di Varese;34;26;40;2;0-1;2.64;24°C · pioggia 0% · vento 4 km/h;2.5;49.38;50.62;O;47;53;Si;;;;;;;https://betimate.com/it/football-predictions/a-c-crema-1908-vs-citta-di-varese/2026-10-04/game;10;2026-10-04 14:12;2026-10-04 14:48;2026-10-04 15:27;1;0;;;
2026-10-04;2026-10-04;15:00;2026-10-04;13:00;Serie D (Italia);Italy Serie D;italy-serie-d;lt4;A.C.D. Sant'Angelo;USD Castellanzese;41;26;33;1;1-0;2.67;24°C · pioggia 0% · vento 1 km/h;2.5;49.05;50.95;O;46;54;Si;;;;;;;https://betimate.com/it/football-predictions/usd-castellanzese-vs-a-c-d-sant-angelo/2026-10-04/game;10;2026-10-04 14:12;2026-10-04 14:48;2026-10-04 15:27;1;0;;;
2026-10-04;2026-10-04;15:00;2026-10-04;13:00;Serie D (Italia);Italy Serie D;italy-serie-d;lt4;AC Mestre;Campodarsego;45;28;27;1;1-0;2.16;24°C · pioggia 0% · vento 8 km/h;2;48.87;51.13;O;52;48;No;;;;;;;https://betimate.com/it/football-predictions/campodarsego-vs-ac-mestre/2026-10-04/game;11;2026-10-04 14:12;2026-10-04 14:48;2026-10-04 15:27;1;0;;;
2026-10-04;2026-10-04;15:00;2026-10-04;13:00;Serie D (Italia);Italy Serie D;italy-serie-d;lt4;ASD Atletico Ascoli;FC Forsempronese;55;23;22;1;1-0;2.38;;2.5;50.77;49.23;U;51;49;No;;;;;;;https://betimate.com/it/football-predictions/asd-atletico-ascoli-vs-fc-forsempronese/2026-10-04/game;3;2026-10-04 14:12;2026-10-04 14:48;2026-10-04 15:27;1;1;55;24;21
2026-10-04;2026-10-04;15:00;2026-10-04;13:00;Serie D (Italia);Italy Serie D;italy-serie-d;lt4;ASD Brian Lignano;Luparense FC;39;26;35;1;1-0;2.77;;2.5;48.56;51.44;O;46;54;Si;;;;;;;https://betimate.com/it/football-predictions/luparense-fc-vs-asd-brian-lignano/2026-10-04/game;11;2026-10-04 14:12;2026-10-04 14:48;2026-10-04 15:27;1;0;;;
2026-10-04;2026-10-04;15:00;2026-10-04;13:00;Serie D (Italia);Italy Serie D;italy-serie-d;lt4;ASD Brusaporto;Pro Palazzo;33;28;39;2;0-1;2.37;23°C · pioggia 0% · vento 6 km/h;2.25;49.34;50.66;O;49;51;Si;;;;;;;https://betimate.com/it/football-predictions/asd-brusaporto-vs-pro-palazzo/2026-10-04/game;10;2026-10-04 14:12;2026-10-04 14:48;2026-10-04 15:27;1;0;;;
2026-10-04;2026-10-04;15:00;2026-10-04;13:00;Serie D (Italia);Italy Serie D;italy-serie-d;lt4;ASD Calcio Pavonese;AC Milan U23;11;16;73;2;1-2;3.06;;3;49.21;50.79;O;43;57;Si;;;;;;;https://betimate.com/it/football-predictions/ac-milan-u23-vs-asd-calcio-pavonese/2026-10-04/game;11;2026-10-04 14:12;2026-10-04 14:48;2026-10-04 14:48;1;0;;;
2026-10-04;2026-10-04;15:00;2026-10-04;13:00;Serie D (Italia);Italy Serie D;italy-serie-d;lt4;ASD Caldiero Terme;ASD Nibbiano e Valtidone;40;26;34;1;2-1;3.04;25°C · pioggia 0% · vento 6 km/h;2.75;48.19;51.81;O;43;57;Si;;;;;;;https://betimate.com/it/football-predictions/asd-caldiero-terme-vs-asd-nibbiano-e-valtidone/2026-10-04/game;11;2026-10-04 14:12;2026-10-04 14:48;2026-10-04 15:27;1;0;;;
2026-10-04;2026-10-04;15:00;2026-10-04;13:00;Serie D (Italia);Italy Serie D;italy-serie-d;lt4;ASD Grassina;Lucchese;21;23;56;2;0-1;2.81;27°C · pioggia 0% · vento 6 km/h;2.5;47.94;52.06;O;45;55;Si;;;;;;;https://betimate.com/it/football-predictions/lucchese-vs-asd-grassina/2026-10-04/game;11;2026-10-04 14:12;2026-10-04 14:48;2026-10-04 15:27;1;0;;;
2026-10-04;2026-10-04;15:00;2026-10-04;13:00;Serie D (Italia);Italy Serie D;italy-serie-d;lt4;ASD K-Sport Montecchio;Notaresco Calcio 1924;36;27;37;2;0-1;2.57;;2.25;47.97;52.03;O;47;53;Si;;;;;;;https://betimate.com/it/football-predictions/asd-k-sport-montecchio-vs-notaresco-calcio-1924/2026-10-04/game;3;2026-10-04 14:12;2026-10-04 14:48;2026-10-04 15:27;1;1;37;26;37
2026-10-04;2026-10-04;15:00;2026-10-04;13:00;Serie D (Italia);Italy Serie D;italy-serie-d;lt4;ASD Rondinella Marzocco;SCD Progresso Calcio;41;26;33;1;1-0;2.6;;2.25;47.87;52.13;O;48;52;Si;;;;;;;https://betimate.com/it/football-predictions/scd-progresso-calcio-vs-asd-rondinella-marzocco/2026-10-04/game;11;2026-10-04 14:12;2026-10-04 14:48;2026-10-04 15:27;1;0;;;
2026-10-04;2026-10-04;15:00;2026-10-04;13:00;Serie D (Italia);Italy Serie D;italy-serie-d;lt4;ASD Sasso Marconi;Scandicci;31;26;43;2;0-1;2.65;26°C · pioggia 0% · vento 9 km/h;2.25;47.41;52.59;O;47;53;Si;;;;;;;https://betimate.com/it/football-predictions/scandicci-vs-asd-sasso-marconi/2026-10-04/game;3;2026-10-04 14:12;2026-10-04 14:48;2026-10-04 15:27;1;0;;;
2026-10-04;2026-10-04;15:00;2026-10-04;13:00;Serie D (Italia);Italy Serie D;italy-serie-d;lt4;ASD Trastevere;Citta di Anagni;59;21;20;1;2-1;3.32;26°C · pioggia 0% · vento 9 km/h;2.5;45.05;54.95;O;41;59;Si;;;;;;;https://betimate.com/it/football-predictions/asd-trastevere-vs-citta-di-anagni/2026-10-04/game;3;2026-10-04 14:12;2026-10-04 14:48;2026-10-04 15:27;1;0;;;
2026-10-04;2026-10-04;15:00;2026-10-04;13:00;Serie D (Italia);Italy Serie D;italy-serie-d;lt4;ASD Varesina;Pro Patria;39;27;34;1;1-0;2.75;23°C · pioggia 0% · vento 6 km/h;2.5;48.6;51.4;O;46;54;Si;;;;;;;https://betimate.com/it/football-predictions/pro-patria-vs-asd-varesina/2026-10-04/game;3;2026-10-04 14:12;2026-10-04 14:48;2026-10-04 15:27;1;1;40;26;34
2026-10-04;2026-10-04;15:00;2026-10-04;13:00;Serie D (Italia);Italy Serie D;italy-serie-d;lt4;ASD Villa D'Alme;US Fiorenzuola;62;21;17;1;1-0;2.71;22°C · pioggia 0% · vento 8 km/h;2.25;46.99;53.01;O;50;50;Si;;;;;;;https://betimate.com/it/football-predictions/us-fiorenzuola-vs-asd-villa-d-alme/2026-10-04/game;10;2026-10-04 14:12;2026-10-04 14:48;2026-10-04 15:27;1;0;;;
2026-10-04;2026-10-04;15:00;2026-10-04;13:00;Serie D (Italia);Italy Serie D;italy-serie-d;lt4;Arconatese;Pro Sesto;17;20;63;2;1-2;3.16;24°C · pioggia 0% · vento 6 km/h;3;48.97;51.03;O;45;55;Si;;;;;;;https://betimate.com/it/football-predictions/pro-sesto-vs-arconatese/2026-10-04/game;10;2026-10-04 14:12;2026-10-04 14:48;2026-10-04 15:27;1;0;;;
2026-10-04;2026-10-04;15:00;2026-10-04;13:00;Serie D (Italia);Italy Serie D;italy-serie-d;lt4;Asti;ASD Millesimo Calcio;39;28;33;1;1-0;2.46;24°C · pioggia 0% · vento 5 km/h;2.25;48.7;51.3;O;48;52;Si;;;;;;;https://betimate.com/it/football-predictions/asti-vs-asd-millesimo-calcio/2026-10-04/game;11;2026-10-04 14:12;2026-10-04 14:48;2026-10-04 15:27;1;0;;;
2026-10-04;2026-10-04;15:00;2026-10-04;13:00;Serie D (Italia);Italy Serie D;italy-serie-d;lt4;Biellesse;ASDC Gozzano;60;21;19;1;1-0;2.64;;2.25;47.4;52.6;O;50;50;Si;;;;;;;https://betimate.com/it/football-predictions/asdc-gozzano-vs-biellesse/2026-10-04/game;3;2026-10-04 14:12;2026-10-04 14:48;2026-10-04 15:27;1;0;;;
2026-10-04;2026-10-04;15:00;2026-10-04;13:00;Serie D (Italia);Italy Serie D;italy-serie-d;lt4;Borgosesia;Sestri Levante;31;26;43;2;0-1;2.62;22°C · pioggia 0% · vento 8 km/h;2.25;47.62;52.38;O;47;53;Si;;;;;;;https://betimate.com/it/football-predictions/sestri-levante-vs-borgosesia/2026-10-04/game;3;2026-10-04 14:12;2026-10-04 14:48;2026-10-04 15:27;1;0;;;
2026-10-04;2026-10-04;15:00;2026-10-04;13:00;Serie D (Italia);Italy Serie D;italy-serie-d;lt4;Brindisi FC;Real Aversa 1925;37;27;36;1;1-0;2.73;24°C · pioggia 0% · vento 16 km/h;2.5;48.72;51.28;O;46;54;Si;;;;;;;https://betimate.com/it/football-predictions/real-aversa-1925-vs-brindisi-fc/2026-10-04/game;11;2026-10-04 14:12;2026-10-04 14:48;2026-10-04 15:27;1;0;;;
2026-10-04;2026-10-04;15:00;2026-10-04;13:00;Serie D (Italia);Italy Serie D;italy-serie-d;lt4;Calcio Avola 1949;ASD Ragusa;41;27;32;1;1-0;2.5;;2.25;48.81;51.19;O;50;50;Si;;;;;;;https://betimate.com/it/football-predictions/asd-ragusa-vs-calcio-avola-1949/2026-10-04/game;11;2026-10-04 14:12;2026-10-04 14:48;2026-10-04 15:27;1;0;;;
2026-10-04;2026-10-04;15:00;2026-10-04;13:00;Serie D (Italia);Italy Serie D;italy-serie-d;lt4;Celle Varazze FBC;Chisola;34;27;39;2;0-1;2.59;;2.25;47.8;52.2;O;47;53;Si;;;;;;;https://betimate.com/it/football-predictions/chisola-vs-celle-varazze-fbc/2026-10-04/game;11;2026-10-04 14:12;2026-10-04 14:48;2026-10-04 15:27;1;1;35;26;39
2026-10-04;2026-10-04;15:00;2026-10-04;13:00;Serie D (Italia);Italy Serie D;italy-serie-d;lt4;Certosa Vigor Campagnano;ASD Aranova;61;22;17;1;1-0;2.52;;2.5;49.78;50.22;O;50;50;Si;;;;;;;https://betimate.com/it/football-predictions/asd-aranova-vs-certosa-vigor-campagnano/2026-10-04/game;11;2026-10-04 14:12;2026-10-04 14:48;2026-10-04 15:27;1;0;;;
2026-10-04;2026-10-04;15:00;2026-10-04;13:00;Serie D (Italia);Italy Serie D;italy-serie-d;lt4;Clodiense;Sandona 1922;55;25;20;1;1-0;2.4;22°C · pioggia 0% · vento 8 km/h;2.25;49.08;50.92;O;51;49;No;;;;;;;https://betimate.com/it/football-predictions/clodiense-vs-sandona-1922/2026-10-04/game;11;2026-10-04 14:12;2026-10-04 14:48;2026-10-04 15:27;1;0;;;
2026-10-04;2026-10-04;15:00;2026-10-04;13:00;Serie D (Italia);Italy Serie D;italy-serie-d;lt4;Club Milano;AC Leon Monza Brianza;41;27;32;1;1-0;2.58;;2.25;47.88;52.12;O;47;53;Si;;;;;;;https://betimate.com/it/football-predictions/ac-leon-monza-brianza-vs-club-milano/2026-10-04/game;3;2026-10-04 14:12;2026-10-04 14:48;2026-10-04 15:27;1;0;;;
2026-10-04;2026-10-04;15:00;2026-10-04;13:00;Serie D (Italia);Italy Serie D;italy-serie-d;lt4;Correggese;Pavia;42;29;29;1;1-0;2.2;27°C · pioggia 0% · vento 5 km/h;2.25;50.83;49.17;U;53;47;No;;;;;;;https://betimate.com/it/football-predictions/correggese-vs-pavia/2026-10-04/game;3;2026-10-04 14:12;2026-10-04 14:48;2026-10-04 15:27;1;0;;;
2026-10-04;2026-10-04;15:00;2026-10-04;13:00;Serie D (Italia);Italy Serie D;italy-serie-d;lt4;Derthona;Alessandria;41;27;32;1;1-0;2.61;22°C · pioggia 0% · vento 7 km/h;2.25;47.68;52.32;O;47;53;Si;;;;;;;https://betimate.com/it/football-predictions/alessandria-vs-derthona/2026-10-04/game;3;2026-10-04 14:12;2026-10-04 14:48;2026-10-04 15:27;1;0;;;
2026-10-04;2026-10-04;15:00;2026-10-04;13:00;Serie D (Italia);Italy Serie D;italy-serie-d;lt4;Este;FCD Conegliano;40;30;30;1;1-0;1.9;26°C · pioggia 0% · vento 1 km/h;2.25;53.05;46.95;U;55;45;No;;;;;;;https://betimate.com/it/football-predictions/este-vs-fcd-conegliano/2026-10-04/game;11;2026-10-04 14:12;2026-10-04 14:48;2026-10-04 15:27;1;0;;;
2026-10-04;2026-10-04;15:00;2026-10-04;13:00;Serie D (Italia);Italy Serie D;italy-serie-d;lt4;Fidelis Andria;Real Forio 2014;49;23;28;1;2-1;3.68;24°C · pioggia 0% · vento 11 km/h;2.25;41.27;58.73;O;38;62;Si;;;;;;;https://betimate.com/it/football-predictions/fidelis-andria-vs-real-forio-2014/2026-10-04/game;11;2026-10-04 14:12;2026-10-04 14:48;2026-10-04 15:27;1;0;;;
2026-10-04;2026-10-04;15:00;2026-10-04;13:00;Serie D (Italia);Italy Serie D;italy-serie-d;lt4;Foligno;ASD Angelana 1930;48;25;27;1;1-0;2.66;26°C · pioggia 0% · vento 9 km/h;2.5;49.15;50.85;O;47;53;Si;;;;;;;https://betimate.com/it/football-predictions/foligno-vs-asd-angelana-1930/2026-10-04/game;11;2026-10-04 14:12;2026-10-04 14:48;2026-10-04 15:27;1;0;;;
2026-10-04;2026-10-04;15:00;2026-10-04;13:00;Serie D (Italia);Italy Serie D;italy-serie-d;lt4;GSD Ghiviborgo VDS;ASD Tau Calcio Altopascio;30;25;45;2;1-2;3.05;27°C · pioggia 0% · vento 8 km/h;2.5;46.8;53.2;O;43;57;Si;;;;;;;https://betimate.com/it/football-predictions/asd-tau-calcio-altopascio-vs-gsd-ghiviborgo-vds/2026-10-04/game;3;2026-10-04 14:12;2026-10-04 14:48;2026-10-04 15:27;1;0;;;
2026-10-04;2026-10-04;15:00;2026-10-04;13:00;Serie D (Italia);Italy Serie D;italy-serie-d;lt4;GSD Lascaris;ASD Imperia;45;26;29;1;1-0;2.26;;2.25;49.97;50.03;O;51;49;No;;;;;;;https://betimate.com/it/football-predictions/asd-imperia-vs-gsd-lascaris/2026-10-04/game;11;2026-10-04 14:12;2026-10-04 14:48;2026-10-04 15:27;1;1;46;25;29
2026-10-04;2026-10-04;15:00;2026-10-04;13:00;Serie D (Italia);Italy Serie D;italy-serie-d;lt4;Gelbison;US Venafro;65;20;15;1;2-0;2.93;22°C · pioggia 0% · vento 11 km/h;2.75;48.72;51.28;O;47;53;Si;;;;;;;https://betimate.com/it/football-predictions/gelbison-vs-us-venafro/2026-10-04/game;11;2026-10-04 14:12;2026-10-04 14:48;2026-10-04 15:27;1;0;;;
2026-10-04;2026-10-04;15:00;2026-10-04;13:00;Serie D (Italia);Italy Serie D;italy-serie-d;lt4;Gladiator;SS Turris Calcio;23;24;53;2;0-1;2.87;27°C · pioggia 0% · vento 13 km/h;2.5;47.9;52.1;O;46;54;Si;;;;;;;https://betimate.com/it/football-predictions/gladiator-vs-ss-turris-calcio/2026-10-04/game;11;2026-10-04 14:12;2026-10-04 14:48;2026-10-04 15:27;1;0;;;
2026-10-04;2026-10-04;15:00;2026-10-04;13:00;Serie D (Italia);Italy Serie D;italy-serie-d;lt4;Igea Virtus;Nissa FC;39;25;36;1;2-1;3.3;;2.25;43.52;56.48;O;41;59;Si;;;;;;;https://betimate.com/it/football-predictions/igea-virtus-vs-nissa-fc/2026-10-04/game;3;2026-10-04 14:12;2026-10-04 14:48;2026-10-04 15:27;1;0;;;
2026-10-04;2026-10-04;15:00;2026-10-04;13:00;Serie D (Italia);Italy Serie D;italy-serie-d;lt4;Ischia;Ebolitana;41;26;33;1;1-0;2.69;24°C · pioggia 0% · vento 9 km/h;2.5;48.93;51.07;O;46;54;Si;;;;;;;https://betimate.com/it/football-predictions/ebolitana-vs-ischia/2026-10-04/game;11;2026-10-04 14:12;2026-10-04 14:48;2026-10-04 15:27;1;1;41;27;32
2026-10-04;2026-10-04;15:00;2026-10-04;13:00;Serie D (Italia);Italy Serie D;italy-serie-d;lt4;Legnago Salus;Bassano;43;26;31;1;1-0;2.66;25°C · pioggia 0% · vento 2 km/h;2.25;47.41;52.59;O;47;53;Si;;;;;;;https://betimate.com/it/football-predictions/bassano-vs-legnago-salus/2026-10-04/game;3;2026-10-04 14:12;2026-10-04 14:48;2026-10-04 15:27;1;0;;;
2026-10-04;2026-10-04;15:00;2026-10-04;13:00;Serie D (Italia);Italy Serie D;italy-serie-d;lt4;Ligorna;ACSD Saluzzo;60;21;19;1;2-1;3.19;26°C · pioggia 0% · vento 7 km/h;2.5;46.05;53.95;O;45;55;Si;;;;;;;https://betimate.com/it/football-predictions/ligorna-vs-acsd-saluzzo/2026-10-04/game;3;2026-10-04 14:12;2026-10-04 14:48;2026-10-04 15:27;1;0;;;
2026-10-04;2026-10-04;15:00;2026-10-04;13:00;Serie D (Italia);Italy Serie D;italy-serie-d;lt4;Melfi;Nocerina;24;26;50;2;0-1;2.33;23°C · pioggia 0% · vento 9 km/h;2.25;49.42;50.58;O;50;50;Si;;;;;;;https://betimate.com/it/football-predictions/melfi-vs-nocerina/2026-10-04/game;11;2026-10-04 14:12;2026-10-04 14:48;2026-10-04 15:27;1;0;;;
2026-10-04;2026-10-04;15:00;2026-10-04;13:00;Serie D (Italia);Italy Serie D;italy-serie-d;lt4;Milazzo;Siracusa;29;28;43;2;0-1;2.25;;2.25;50.18;49.82;U;51;49;No;;;;;;;https://betimate.com/it/football-predictions/siracusa-vs-milazzo/2026-10-04/game;12;2026-10-04 14:12;2026-10-04 14:48;2026-10-04 14:48;1;0;;;
2026-10-04;2026-10-04;15:00;2026-10-04;13:00;Serie D (Italia);Italy Serie D;italy-serie-d;lt4;Modica;Enna Calcio;54;23;23;1;1-0;2.55;;2.5;49.63;50.37;O;49;51;Si;;;;;;;https://betimate.com/it/football-predictions/enna-calcio-vs-modica/2026-10-04/game;11;2026-10-04 14:12;2026-10-04 14:48;2026-10-04 15:27;1;0;;;
2026-10-04;2026-10-04;15:00;2026-10-04;13:00;Serie D (Italia);Italy Serie D;italy-serie-d;lt4;Oltrepò;Lentigione;23;25;52;2;0-1;2.46;;2.25;48.59;51.41;O;49;51;Si;;;;;;;https://betimate.com/it/football-predictions/lentigione-vs-oltrepo/2026-10-04/game;10;2026-10-04 14:12;2026-10-04 14:48;2026-10-04 15:27;1;0;;;
2026-10-04;2026-10-04;15:00;2026-10-04;13:00;Serie D (Italia);Italy Serie D;italy-serie-d;lt4;Piacenza;Scanzorosciate;52;25;23;1;1-0;2.57;24°C · pioggia 0% · vento 6 km/h;2.5;49.73;50.27;O;49;51;Si;;;;;;;https://betimate.com/it/football-predictions/piacenza-vs-scanzorosciate/2026-10-04/game;10;2026-10-04 14:12;2026-10-04 14:48;2026-10-04 15:27;1;0;;;
2026-10-04;2026-10-04;15:00;2026-10-04;13:00;Serie D (Italia);Italy Serie D;italy-serie-d;lt4;Polisportiva Pietralunghese;L'Aquila;25;26;49;2;0-1;2.45;;2.5;50.36;49.64;U;49;51;Si;;;;;;;https://betimate.com/it/football-predictions/l-aquila-vs-polisportiva-pietralunghese/2026-10-04/game;3;2026-10-04 14:12;2026-10-04 14:48;2026-10-04 15:27;1;0;;;
2026-10-04;2026-10-04;15:00;2026-10-04;13:00;Serie D (Italia);Italy Serie D;italy-serie-d;lt4;Pontedera;Cittadella Vis Modena;32;24;44;2;0-1;2.62;28°C · pioggia 0% · vento 5 km/h;2.5;49.15;50.85;O;47;53;Si;;;;;;;https://betimate.com/it/football-predictions/pontedera-vs-cittadella-vis-modena/2026-10-04/game;10;2026-10-04 14:12;2026-10-04 14:48;2026-10-04 15:27;1;0;;;
2026-10-04;2026-10-04;15:00;2026-10-04;13:00;Serie D (Italia);Italy Serie D;italy-serie-d;lt4;Recanatese;Maceratese;42;25;33;1;2-1;2.97;23°C · pioggia 0% · vento 9 km/h;2.25;45.44;54.56;O;44;56;Si;;;;;;;https://betimate.com/it/football-predictions/maceratese-vs-recanatese/2026-10-04/game;10;2026-10-04 14:12;2026-10-04 14:48;2026-10-04 15:27;1;0;;;
2026-10-04;2026-10-04;15:00;2026-10-04;13:00;Serie D (Italia);Italy Serie D;italy-serie-d;lt4;Robur Siena;ASD Seravezza Calcio;45;22;33;1;2-1;3.05;26°C · pioggia 0% · vento 1 km/h;2.5;46.63;53.37;O;43;57;Si;;;;;;;https://betimate.com/it/football-predictions/robur-siena-vs-asd-seravezza-calcio/2026-10-04/game;3;2026-10-04 14:12;2026-10-04 14:48;2026-10-04 15:27;1;1;46;22;32
2026-10-04;2026-10-04;15:00;2026-10-04;13:00;Serie D (Italia);Italy Serie D;italy-serie-d;lt4;Rovato Vertovese SSD;Real Calepina FC;40;26;34;1;1-0;2.78;;2.5;48.46;51.54;O;46;54;Si;;;;;;;https://betimate.com/it/football-predictions/real-calepina-fc-vs-rovato-vertovese-ssd/2026-10-04/game;3;2026-10-04 14:12;2026-10-04 14:48;2026-10-04 15:27;1;0;;;
2026-10-04;2026-10-04;15:00;2026-10-04;13:00;Serie D (Italia);Italy Serie D;italy-serie-d;lt4;San Donato Tavarnelle;Mezzolara;46;28;26;1;1-0;2.07;26°C · pioggia 0% · vento 5 km/h;2.25;51.59;48.41;U;53;47;No;;;;;;;https://betimate.com/it/football-predictions/san-donato-tavarnelle-vs-mezzolara/2026-10-04/game;3;2026-10-04 14:12;2026-10-04 14:48;2026-10-04 15:27;1;1;46;29;25
2026-10-04;2026-10-04;15:00;2026-10-04;13:00;Serie D (Italia);Italy Serie D;italy-serie-d;lt4;Sanremese;AC Bra;53;26;21;1;1-0;2.35;26°C · pioggia 0% · vento 21 km/h;2.25;49.52;50.48;O;52;48;No;;;;;;;https://betimate.com/it/football-predictions/ac-bra-vs-sanremese/2026-10-04/game;11;2026-10-04 14:12;2026-10-04 14:48;2026-10-04 15:27;1;0;;;
2026-10-04;2026-10-04;15:00;2026-10-04;13:00;Serie D (Italia);Italy Serie D;italy-serie-d;lt4;Santegidiese;Giulianova Calcio 1924;35;28;37;2;0-1;2.29;;2.25;49.94;50.06;O;50;50;Si;;;;;;;https://betimate.com/it/football-predictions/giulianova-calcio-1924-vs-santegidiese/2026-10-04/game;10;2026-10-04 14:12;2026-10-04 14:48;2026-10-04 15:27;1;0;;;
2026-10-04;2026-10-04;15:00;2026-10-04;13:00;Serie D (Italia);Italy Serie D;italy-serie-d;lt4;Solbiatese Calcio 1911;Tropical Coriano;39;29;32;1;1-0;2.03;;1.75;48.11;51.89;O;54;46;No;;;;;;;https://betimate.com/it/football-predictions/tropical-coriano-vs-solbiatese-calcio-1911/2026-10-04/game;11;2026-10-04 14:12;2026-10-04 14:48;2026-10-04 14:48;1;0;;;
2026-10-04;2026-10-04;15:00;2026-10-04;13:00;Serie D (Italia);Italy Serie D;italy-serie-d;lt4;Teramo;Vigor Senigallia;57;22;21;1;2-1;3.19;23°C · pioggia 0% · vento 10 km/h;2.75;47.36;52.64;O;44;56;Si;;;;;;;https://betimate.com/it/football-predictions/teramo-vs-vigor-senigallia/2026-10-04/game;3;2026-10-04 14:12;2026-10-04 14:48;2026-10-04 15:27;1;0;;;
2026-10-04;2026-10-04;15:00;2026-10-04;13:00;Serie D (Italia);Italy Serie D;italy-serie-d;lt4;Termoli;Lanciano;38;28;34;1;1-0;2.27;23°C · pioggia 0% · vento 10 km/h;2;48.03;51.97;O;51;49;No;;;;;;;https://betimate.com/it/football-predictions/termoli-vs-lanciano/2026-10-04/game;10;2026-10-04 14:12;2026-10-04 14:48;2026-10-04 15:27;1;0;;;
2026-10-04;2026-10-04;15:00;2026-10-04;13:00;Serie D (Italia);Italy Serie D;italy-serie-d;lt4;Ternana;Aquila 1902 Montevarchi;51;26;23;1;1-0;2.07;27°C · pioggia 0% · vento 10 km/h;2;49.67;50.33;O;54;46;No;;;;;;;https://betimate.com/it/football-predictions/ternana-vs-aquila-1902-montevarchi/2026-10-04/game;11;2026-10-04 14:12;2026-10-04 14:48;2026-10-04 15:27;1;0;;;
2026-10-04;2026-10-04;15:00;2026-10-04;13:00;Serie D (Italia);Italy Serie D;italy-serie-d;lt4;U.S. Ancona;ASD Sporting Trestina;56;24;20;1;1-0;2.5;23°C · pioggia 0% · vento 8 km/h;2.25;48.66;51.34;O;52;48;No;;;;;;;https://betimate.com/it/football-predictions/asd-sporting-trestina-vs-u-s-ancona/2026-10-04/game;11;2026-10-04 14:12;2026-10-04 14:48;2026-10-04 15:27;1;1;56;25;19
2026-10-04;2026-10-04;15:00;2026-10-04;13:00;Serie D (Italia);Italy Serie D;italy-serie-d;lt4;US Palmese 1914;AC Nardo;38;27;35;1;1-0;2.45;27°C · pioggia 0% · vento 10 km/h;2.25;48.75;51.25;O;49;51;Si;;;;;;;https://betimate.com/it/football-predictions/ac-nardo-vs-us-palmese-1914/2026-10-04/game;11;2026-10-04 14:12;2026-10-04 14:48;2026-10-04 15:27;1;0;;;
2026-10-04;2026-10-04;15:00;2026-10-04;13:00;Serie D (Italia);Italy Serie D;italy-serie-d;lt4;USD Casatese;Pistoiese;29;26;45;2;0-1;2.54;23°C · pioggia 0% · vento 6 km/h;2.5;49.85;50.15;O;48;52;Si;;;;;;;https://betimate.com/it/football-predictions/pistoiese-vs-usd-casatese/2026-10-04/game;10;2026-10-04 14:12;2026-10-04 14:48;2026-10-04 15:27;1;0;;;
2026-10-04;2026-10-04;15:00;2026-10-04;13:00;Serie D (Italia);Italy Serie D;italy-serie-d;lt4;USD Fezzanese;Valenzana;40;27;33;1;1-0;2.77;26°C · pioggia 0% · vento 7 km/h;2.25;47.12;52.88;O;47;53;Si;;;;;;;https://betimate.com/it/football-predictions/valenzana-vs-usd-fezzanese/2026-10-04/game;3;2026-10-04 14:12;2026-10-04 14:48;2026-10-04 15:27;1;1;41;26;33
2026-10-04;2026-10-04;15:00;2026-10-04;13:00;Serie D (Italia);Italy Serie D;italy-serie-d;lt4;USD Latte Dolce;Sarrabus Ogliastra;48;21;31;1;2-1;3.36;29°C · pioggia 0% · vento 8 km/h;2.5;44.89;55.11;O;41;59;Si;;;;;;;https://betimate.com/it/football-predictions/usd-latte-dolce-vs-sarrabus-ogliastra/2026-10-04/game;3;2026-10-04 14:12;2026-10-04 14:48;2026-10-04 15:27;1;1;49;20;31
2026-10-04;2026-10-04;15:00;2026-10-04;13:00;Serie D (Italia);Italy Serie D;italy-serie-d;lt4;Unipomezia;Atletico Lodigiani;54;23;23;1;2-1;3.06;;2.75;48.37;51.63;O;46;54;Si;;;;;;;https://betimate.com/it/football-predictions/unipomezia-vs-atletico-lodigiani/2026-10-04/game;11;2026-10-04 14:12;2026-10-04 14:48;2026-10-04 15:27;1;0;;;
2026-10-04;2026-10-04;15:00;2026-10-04;13:00;Serie D (Italia);Italy Serie D;italy-serie-d;lt4;Vibonese;ASD Digiesse Praiatortora;49;25;26;1;1-0;2.53;23°C · pioggia 0% · vento 12 km/h;2.25;48.15;51.85;O;48;52;Si;;;;;;;https://betimate.com/it/football-predictions/vibonese-vs-asd-digiesse-praiatortora/2026-10-04/game;11;2026-10-04 14:12;2026-10-04 14:48;2026-10-04 15:27;1;0;;;
2026-10-04;2026-10-04;15:00;2026-10-04;13:00;Serie D (Italia);Italy Serie D;italy-serie-d;lt4;Vigor Lamezia;ASD Castrumfavara;50;24;26;1;2-1;2.95;25°C · pioggia 0% · vento 16 km/h;2.5;47.49;52.51;O;45;55;Si;;;;;;;https://betimate.com/it/football-predictions/asd-castrumfavara-vs-vigor-lamezia/2026-10-04/game;3;2026-10-04 14:12;2026-10-04 14:48;2026-10-04 15:27;1;1;50;25;25
2026-10-04;2026-10-04;15:00;2026-10-04;13:00;Serie D (Italia);Italy Serie D;italy-serie-d;lt4;Virtus Ciserano Bergamo;Virtus Verona;37;29;34;1;1-0;2.07;22°C · pioggia 0% · vento 8 km/h;2;49.77;50.23;O;53;47;No;;;;;;;https://betimate.com/it/football-predictions/virtus-verona-vs-virtus-ciserano-bergamo/2026-10-04/game;10;2026-10-04 14:12;2026-10-04 14:48;2026-10-04 15:27;1;1;37;30;33
2026-10-04;2026-10-04;15:00;2026-10-04;13:00;Serie D (Italia);Italy Serie D;italy-serie-d;lt4;Virtus Flaminia;Gavorrano;51;22;27;1;2-1;3.13;26°C · pioggia 0% · vento 4 km/h;3;49.11;50.89;O;43;57;Si;;;;;;;https://betimate.com/it/football-predictions/gavorrano-vs-virtus-flaminia/2026-10-04/game;11;2026-10-04 14:12;2026-10-04 14:48;2026-10-04 15:27;1;1;52;21;27
2026-10-04;2026-10-04;15:00;2026-10-04;13:00;Super League Grecia Femminile;Greece Super League Women;greece-super-league-women;GSLW;PAOK Salonika (W);Agia Paraskevi (W);83;11;6;1;2-0;2.84;25°C · pioggia 0% · vento 10 km/h;3.25;52.57;47.43;U;65;35;No;;;;;;;https://betimate.com/it/football-predictions/paok-salonika-w-vs-agia-paraskevi-w/2026-10-04/game;4;2026-10-04 14:12;2026-10-04 14:48;2026-10-04 15:27;1;0;;;
2026-10-04;2026-10-04;15:00;2026-10-04;13:00;Super League Zambia;Zambia Super League;zambia-super-league;ZSL;Green Buffaloes;Chirundu United;41;32;27;1;1-0;1.76;29°C · pioggia 0% · vento 5 km/h;1.75;49.99;50.01;O;57;43;No;;;;;;;https://betimate.com/it/football-predictions/green-buffaloes-vs-chirundu-united/2026-10-04/game;13;2026-10-04 14:12;2026-10-04 14:48;2026-10-04 15:27;1;0;;;
2026-10-04;2026-10-04;15:00;2026-10-04;13:00;Super League Zambia;Zambia Super League;zambia-super-league;ZSL;Makeni All Stars;Kansanshi Dynamos;35;32;33;1;1-0;1.77;;1.5;48.05;51.95;O;57;43;No;;;;;;;https://betimate.com/it/football-predictions/kansanshi-dynamos-vs-makeni-all-stars/2026-10-04/game;5;2026-10-04 14:12;2026-10-04 14:48;2026-10-04 15:27;1;0;;;
2026-10-04;2026-10-04;15:00;2026-10-04;13:00;Super League Zambia;Zambia Super League;zambia-super-league;ZSL;Mutondo Stars;Red Arrows FC;23;34;43;2;0-1;1.74;30°C · pioggia 32% · vento 3 km/h;1.75;50.18;49.82;U;58;42;No;;;;;;;https://betimate.com/it/football-predictions/red-arrows-fc-vs-mutondo-stars/2026-10-04/game;5;2026-10-04 14:12;2026-10-04 14:48;2026-10-04 15:27;1;0;;;
2026-10-04;2026-10-04;15:00;2026-10-04;13:00;Toppserien Femminile Norvegia;Norway Toppserien Women;norway-toppserien-women;NTW;SK Brann (W);Fortuna Aalesund (W);72;14;14;1;2-0;3.07;12°C · pioggia 100% · vento 36 km/h;3.25;51.03;48.97;U;55;45;No;;;;;;;https://betimate.com/it/football-predictions/sk-brann-w-vs-fortuna-aalesund-w/2026-10-04/game;12;2026-10-04 14:12;2026-10-04 14:48;2026-10-04 15:27;1;0;;;
2026-10-04;2026-10-04;15:00;2026-10-04;13:00;Treta Liga Bulgaria;Bulgaria Third League;bulgaria-third-league;BTL;Benkovski Isperih;Ludogorets Razgrad III;20;20;60;2;0-1;2.91;;2.75;48.96;51.04;O;47;53;Si;;;;;;;https://betimate.com/it/football-predictions/ludogorets-razgrad-iii-vs-benkovski-isperih/2026-10-04/game;12;2026-10-04 14:12;2026-10-04 14:48;2026-10-04 15:27;1;0;;;
2026-10-04;2026-10-04;15:00;2026-10-04;13:00;Treta Liga Bulgaria;Bulgaria Third League;bulgaria-third-league;BTL;Botev Plovdiv II;Yambol 1915;28;20;52;2;1-2;3.4;23°C · pioggia 0% · vento 7 km/h;3.25;49.14;50.86;O;41;59;Si;;;;;;;https://betimate.com/it/football-predictions/yambol-1915-vs-botev-plovdiv-ii/2026-10-04/game;12;2026-10-04 14:12;2026-10-04 14:48;2026-10-04 15:27;1;0;;;
2026-10-04;2026-10-04;15:00;2026-10-04;13:00;Treta Liga Bulgaria;Bulgaria Third League;bulgaria-third-league;BTL;PFC Spartak Pleven II;Cherven Bryag;35;25;40;2;0-1;2.52;;2.5;49.79;50.21;O;48;52;Si;;;;;;;https://betimate.com/it/football-predictions/cherven-bryag-vs-pfc-spartak-pleven-ii/2026-10-04/game;13;2026-10-04 14:12;2026-10-04 14:48;2026-10-04 15:27;1;0;;;
2026-10-04;2026-10-04;15:00;2026-10-04;13:00;UEFA Nations League D;UEFA Nations League D;uefa-nations-league-d;UNLD;Azerbaigian;Lituania;34;29;37;2;0-1;2.07;17°C · pioggia 0% · vento 11 km/h;1.75;47.64;52.36;O;57;43;No;;;;;;;https://betimate.com/it/football-predictions/azerbaijan-vs-lithuania/2026-10-04/game;1;2026-10-04 14:12;2026-10-04 14:48;2026-10-04 15:27;1;0;;;
2026-10-04;2026-10-04;15:00;2026-10-04;13:00;Women's Championship inglese;England FA WSL 2;england-fa-wsl-2;EFW2;Bristol City (W);Southampton (W);45;23;32;1;1-0;2.81;18°C · pioggia 0% · vento 11 km/h;2.75;49.5;50.5;O;45;55;Si;;;;;;;https://betimate.com/it/football-predictions/southampton-w-vs-bristol-city-w/2026-10-04/game;5;2026-10-04 14:12;2026-10-04 14:48;2026-10-04 15:27;1;0;;;
2026-10-04;2026-10-04;15:00;2026-10-04;13:00;Women's Championship inglese;England FA WSL 2;england-fa-wsl-2;EFW2;Nottm Forest (W);Burnley (W);23;24;53;2;0-1;2.41;;3;54.83;45.17;U;51;49;No;;;;;;;https://betimate.com/it/football-predictions/burnley-w-vs-nottm-forest-w/2026-10-04/game;5;2026-10-04 14:12;2026-10-04 14:48;2026-10-04 15:27;1;0;;;
2026-10-04;2026-10-04;15:00;2026-10-04;13:00;Women's Championship inglese;England FA WSL 2;england-fa-wsl-2;EFW2;Sheff Utd (W);Ipswich Town (W);18;19;63;2;0-2;3.08;18°C · pioggia 0% · vento 9 km/h;2.75;47.89;52.11;O;46;54;Si;;;;;;;https://betimate.com/it/football-predictions/sheff-utd-w-vs-ipswich-town-w/2026-10-04/game;12;2026-10-04 14:12;2026-10-04 14:48;2026-10-04 15:27;1;0;;;
2026-10-04;2026-10-04;15:00;2026-10-04;13:00;Women's Championship inglese;England FA WSL 2;england-fa-wsl-2;EFW2;Sunderland (W);Leicester (W);73;16;11;1;2-0;3.04;16°C · pioggia 0% · vento 25 km/h;2.75;48.21;51.79;O;51;49;No;;;;;;;https://betimate.com/it/football-predictions/leicester-w-vs-sunderland-w/2026-10-04/game;5;2026-10-04 14:12;2026-10-04 14:48;2026-10-04 15:27;1;0;;;
2026-10-04;2026-10-04;15:00;2026-10-04;13:00;Women's Championship inglese;England FA WSL 2;england-fa-wsl-2;EFW2;Wolverhampton (W);Watford (W);31;21;48;2;1-2;3.32;;3;47.86;52.14;O;41;59;Si;;;;;;;https://betimate.com/it/football-predictions/wolverhampton-w-vs-watford-w/2026-10-04/game;5;2026-10-04 14:12;2026-10-04 14:48;2026-10-04 15:27;1;0;;;
2026-10-04;2026-10-04;15:00;2026-10-04;13:00;Women's Super League inglese;England Super League Women;england-super-league-women;ESLW;Aston Villa (W);Crystal Palace (W);58;17;25;1;2-1;3.21;17°C · pioggia 0% · vento 10 km/h;3;48.4;51.6;O;48;52;Si;;;;;;;https://betimate.com/it/football-predictions/aston-villa-w-vs-crystal-palace-w/2026-10-04/game;5;2026-10-04 14:12;2026-10-04 14:48;2026-10-04 15:27;1;0;;;
2026-10-04;2026-10-04;15:00;2026-10-04;13:00;Women's Super League inglese;England Super League Women;england-super-league-women;ESLW;Brighton (W);Charlton (W);53;22;25;1;1-0;2.28;19°C · pioggia 0% · vento 11 km/h;3.25;56.86;43.14;U;58;42;No;;;;;;;https://betimate.com/it/football-predictions/brighton-w-vs-charlton-w/2026-10-04/game;5;2026-10-04 14:12;2026-10-04 14:48;2026-10-04 15:27;1;0;;;
2026-10-04;2026-10-04;15:00;2026-10-04;13:00;Women's Super League inglese;England Super League Women;england-super-league-women;ESLW;Everton (W);Birmingham (W);35;22;43;2;0-1;2.57;15°C · pioggia 0% · vento 14 km/h;2.75;50.95;49.05;U;53;47;No;;;;;;;https://betimate.com/it/football-predictions/everton-w-vs-birmingham-w/2026-10-04/game;5;2026-10-04 14:12;2026-10-04 14:48;2026-10-04 15:27;1;0;;;
2026-10-04;2026-10-04;15:00;2026-10-04;13:00;Women's Super League inglese;England Super League Women;england-super-league-women;ESLW;Tottenham (W);London City Lionesses (W);47;22;31;1;1-0;2.44;20°C · pioggia 0% · vento 10 km/h;2.75;51.86;48.14;U;55;45;No;;;;;;;https://betimate.com/it/football-predictions/london-city-lionesses-w-vs-tottenham-w/2026-10-04/game;5;2026-10-04 14:12;2026-10-04 14:48;2026-10-04 15:27;1;0;;;
2026-10-04;2026-10-04;15:00;2026-10-04;13:00;Women's Super League inglese;England Super League Women;england-super-league-women;ESLW;West Ham (W);Chelsea (W);12;15;73;2;0-2;2.86;20°C · pioggia 0% · vento 9 km/h;3.5;53.64;46.36;U;57;43;No;;;;;;;https://betimate.com/it/football-predictions/west-ham-w-vs-chelsea-w/2026-10-04/game;5;2026-10-04 14:12;2026-10-04 14:48;2026-10-04 15:27;1;0;;;
2026-10-04;2026-10-04;15:10;2026-10-04;13:10;Campionato Riserve emiratense;UAE Reserve League;uae-reserve-league;URL;Sharjah SCC U23;Al Wahda Abu Dhabi U23;51;21;28;1;1-0;2.64;;2.75;50.52;49.48;U;48;52;Si;;;;;;;https://betimate.com/it/football-predictions/sharjah-scc-u23-vs-al-wahda-abu-dhabi-u23/2026-10-04/game;1;2026-10-04 14:12;2026-10-04 14:48;2026-10-04 15:27;1;0;;;
2026-10-04;2026-10-04;15:10;2026-10-04;13:10;Premier League Femminile scozzese;Scotland Premier League Women;scotland-premier-league-women;SPLW;Hibernian (W);Hearts (W);49;18;33;1;2-1;3.19;15°C · pioggia 1% · vento 24 km/h;2.75;46.9;53.1;O;47;53;Si;;;;;;;https://betimate.com/it/football-predictions/hibernian-w-vs-hearts-w/2026-10-04/game;5;2026-10-04 14:12;2026-10-04 14:48;2026-10-04 15:27;1;0;;;
2026-10-04;2026-10-04;15:30;2026-10-04;13:30;3. SNL Slovenia;Slovenia 3. SNL;slovenia-3-snl;;NK Carda;NK Podvinci;64;16;20;1;2-1;3.98;;3.25;45.88;54.12;O;39;61;Si;;;;;;;https://betimate.com/it/football-predictions/nk-podvinci-vs-nk-carda/2026-10-04/game;2;2026-10-04 14:12;2026-10-04 15:27;2026-10-04 15:27;1;0;;;
2026-10-04;2026-10-04;15:30;2026-10-04;13:30;3. SNL Slovenia;Slovenia 3. SNL;slovenia-3-snl;;NK Fama Vipava;NK Litija;23;20;57;2;1-2;3.38;;3.25;49.23;50.77;O;42;58;Si;;;;;;;https://betimate.com/it/football-predictions/nk-fama-vipava-vs-nk-litija/2026-10-04/game;9;2026-10-04 14:12;2026-10-04 15:27;2026-10-04 15:27;1;0;;;
2026-10-04;2026-10-04;15:30;2026-10-04;13:30;Amichevoli europee;Europe Friendlies;europe-friendlies;EF;Hamburg;FC Copenhagen;42;24;34;1;2-1;3.58;17°C · pioggia 0% · vento 7 km/h;3;46.36;53.64;O;39;61;Si;;;;;;;https://betimate.com/it/football-predictions/fc-copenhagen-vs-hamburg/2026-10-04/game;2;2026-10-04 14:12;2026-10-04 15:27;2026-10-04 15:27;1;0;;;
2026-10-04;2026-10-04;15:30;2026-10-04;13:30;Campionato Femminile sloveno;Slovenia League Women;slovenia-league-women;SLW;Maribor Malecnik (W);ZNK Ljubljana (W);4;7;89;2;0-3;4.44;;4.25;48.81;51.19;O;54;46;No;;;;;;;https://betimate.com/it/football-predictions/znk-ljubljana-w-vs-maribor-malecnik-w/2026-10-04/game;3;2026-10-04 14:12;2026-10-04 15:27;2026-10-04 15:27;1;0;;;
2026-10-04;2026-10-04;15:30;2026-10-04;13:30;Campionato Femminile sloveno;Slovenia League Women;slovenia-league-women;SLW;ZN Maribor (W);ZNK Ljubljana (W);1;3;96;2;0-4;5.65;;5.5;49.24;50.76;O;56;44;No;;;;;;;https://betimate.com/it/football-predictions/znk-ljubljana-w-vs-zn-maribor-w/2026-10-04/game;11;2026-10-04 14:12;2026-10-04 15:27;2026-10-04 15:27;1;0;;;
2026-10-04;2026-10-04;15:30;2026-10-04;13:30;Croazia - 3. NL;Croatia 3.NL;croatia-3-nl;C3;Jadran Kastel Sucurac;NK Imotski;47;24;29;1;1-0;2.55;;3.25;54.77;45.23;U;48;52;Si;;;;;;;https://betimate.com/it/football-predictions/nk-imotski-vs-jadran-kastel-sucurac/2026-10-04/game;5;2026-10-04 14:12;2026-10-04 15:27;2026-10-04 15:27;1;0;;;
2026-10-04;2026-10-04;15:30;2026-10-04;13:30;Croazia - 3. NL;Croatia 3.NL;croatia-3-nl;C3;NK Gosk Kastel Gomilica;NK Vodice;38;28;34;1;1-0;2.08;;3;57.74;42.26;U;53;47;No;;;;;;;https://betimate.com/it/football-predictions/nk-vodice-vs-nk-gosk-kastel-gomilica/2026-10-04/game;14;2026-10-04 14:12;2026-10-04 15:27;2026-10-04 15:27;1;0;;;
2026-10-04;2026-10-04;15:30;2026-10-04;13:30;Croazia - 3. NL;Croatia 3.NL;croatia-3-nl;C3;NK Neretvanac Opuzen;Hajduk Split II;43;22;35;1;2-1;3.04;;3;49.78;50.22;O;43;57;Si;;;;;;;https://betimate.com/it/football-predictions/hajduk-split-ii-vs-nk-neretvanac-opuzen/2026-10-04/game;14;2026-10-04 14:12;2026-10-04 15:27;2026-10-04 15:27;1;0;;;
2026-10-04;2026-10-04;15:30;2026-10-04;13:30;Division 3 Gruppo 2 Norvegia;Norway Division 3 Group 2;norway-division-3-group-2;;Spjelkavik;Ranheim 2;68;13;19;1;3-1;5.49;11°C · pioggia 93% · vento 33 km/h;4.25;43.9;56.1;O;30;70;Si;;;;;;;https://betimate.com/it/football-predictions/spjelkavik-vs-ranheim-2/2026-10-04/game;5;2026-10-04 14:12;2026-10-04 15:27;2026-10-04 15:27;1;0;;;
2026-10-04;2026-10-04;15:30;2026-10-04;13:30;Eccellenza Italia;Italy Eccellenza;italy-eccellenza;IE;ASD Savignanese;Vis Novafeltria;44;24;32;1;1-0;2.43;;2;46.61;53.39;O;49;51;Si;;;;;;;https://betimate.com/it/football-predictions/asd-savignanese-vs-vis-novafeltria/2026-10-04/game;5;2026-10-04 14:12;2026-10-04 15:27;2026-10-04 15:27;1;0;;;
2026-10-04;2026-10-04;15:30;2026-10-04;13:30;Eccellenza Italia;Italy Eccellenza;italy-eccellenza;IE;Apice Calcio 1964;ASD Sanseverinese;41;28;31;1;1-0;2.02;;2.25;51.86;48.14;U;54;46;No;;;;;;;https://betimate.com/it/football-predictions/apice-calcio-1964-vs-asd-sanseverinese/2026-10-04/game;5;2026-10-04 14:12;2026-10-04 15:27;2026-10-04 15:27;1;0;;;
2026-10-04;2026-10-04;15:30;2026-10-04;13:30;III Liga polacca;Poland III Liga;poland-iii-liga;PlC;AKS 1947 Busko-Zdroj;Wisla Krakow II;31;22;47;2;1-2;3.2;;3;48.65;51.35;O;42;58;Si;;;;;;;https://betimate.com/it/football-predictions/wisla-krakow-ii-vs-aks-1947-busko-zdroj/2026-10-04/game;1;2026-10-04 14:12;2026-10-04 15:27;2026-10-04 15:27;1;0;;;
2026-10-04;2026-10-04;15:30;2026-10-04;13:30;Landesliga austriaca;Austria Landesliga;austria-landesliga;AL;SK Pama;SC Rust;34;19;47;2;1-2;3.96;;3.75;48.71;51.29;O;36;64;Si;;;;;;;https://betimate.com/it/football-predictions/sc-rust-vs-sk-pama/2026-10-04/game;11;2026-10-04 14:12;2026-10-04 15:27;2026-10-04 15:27;1;0;;;
2026-10-04;2026-10-04;15:30;2026-10-04;13:30;Oberliga Hessen (Germania);Germany Oberliga Hessen;germany-oberliga-hessen;De5;Hessen Kassel II;Baunatal;33;24;43;2;0-1;2.73;;2.5;48.48;51.52;O;46;54;Si;;;;;;;https://betimate.com/it/football-predictions/baunatal-vs-hessen-kassel-ii/2026-10-04/game;11;2026-10-04 14:12;2026-10-04 15:27;2026-10-04 15:27;1;0;;;
2026-10-04;2026-10-04;15:30;2026-10-04;13:30;Oberliga Mittelrhein (Germania);Germany Oberliga Mittelrhein;germany-oberliga-mittelrhein;De5;Chlodwig Zulpich;SSV Bornheim;43;17;40;1;3-2;5.14;;5;49.11;50.89;O;28;72;Si;;;;;;;https://betimate.com/it/football-predictions/chlodwig-zulpich-vs-ssv-bornheim/2026-10-04/game;11;2026-10-04 14:12;2026-10-04 15:27;2026-10-04 15:27;1;0;;;
2026-10-04;2026-10-04;15:30;2026-10-04;13:30;Oberliga Mittelrhein (Germania);Germany Oberliga Mittelrhein;germany-oberliga-mittelrhein;De5;Siegburger SV 04;Borussia Lindenthal-Hohenlind;57;18;25;1;2-1;3.89;21°C · pioggia 0% · vento 2 km/h;3.75;49.15;50.85;O;38;62;Si;;;;;;;https://betimate.com/it/football-predictions/siegburger-sv-04-vs-borussia-lindenthal-hohenlind/2026-10-04/game;11;2026-10-04 14:12;2026-10-04 15:27;2026-10-04 15:27;1;0;;;
2026-10-04;2026-10-04;15:30;2026-10-04;13:30;Oberliga Mittelrhein (Germania);Germany Oberliga Mittelrhein;germany-oberliga-mittelrhein;De5;SpVg Frechen 20;VfL Vichttal;32;17;51;2;2-3;5;21°C · pioggia 0% · vento 4 km/h;4.75;48.55;51.45;O;29;71;Si;;;;;;;https://betimate.com/it/football-predictions/vfl-vichttal-vs-spvg-frechen-20/2026-10-04/game;11;2026-10-04 14:12;2026-10-04 15:27;2026-10-04 15:27;1;0;;;
2026-10-04;2026-10-04;15:30;2026-10-04;13:30;Oberliga Niederrhein (Germania);Germany Oberliga Niederrhein;germany-oberliga-niederrhein;De5;FC Buderich 02;Holzheimer SG;57;16;27;1;2-1;4.54;21°C · pioggia 0% · vento 4 km/h;4.5;49.61;50.39;O;33;67;Si;;;;;;;https://betimate.com/it/football-predictions/holzheimer-sg-vs-fc-buderich-02/2026-10-04/game;11;2026-10-04 14:12;2026-10-04 15:27;2026-10-04 15:27;1;0;;;
2026-10-04;2026-10-04;15:30;2026-10-04;13:30;Oberliga Niederrhein (Germania);Germany Oberliga Niederrhein;germany-oberliga-niederrhein;De5;Spvg. Solingen-Wald;TSV Meerbusch;46;21;33;1;2-1;3.38;;3.25;49.17;50.83;O;40;60;Si;;;;;;;https://betimate.com/it/football-predictions/tsv-meerbusch-vs-spvg-solingen-wald/2026-10-04/game;11;2026-10-04 14:12;2026-10-04 15:27;2026-10-04 15:27;1;0;;;
2026-10-04;2026-10-04;15:30;2026-10-04;13:30;Oberliga Westfalen (Germania);Germany Oberliga Westfalen;germany-oberliga-westfalen;De5;DJK TuS Hordel;SpVgg Vreden 1921;54;18;28;1;2-1;4.01;;3.75;48.43;51.57;O;37;63;Si;;;;;;;https://betimate.com/it/football-predictions/djk-tus-hordel-vs-spvgg-vreden-1921/2026-10-04/game;11;2026-10-04 14:12;2026-10-04 15:27;2026-10-04 15:27;1;0;;;
2026-10-04;2026-10-04;15:30;2026-10-04;13:30;Oberliga Westfalen (Germania);Germany Oberliga Westfalen;germany-oberliga-westfalen;De5;TuS Ennepetal;ASC 09 Dortmund;15;14;71;2;1-3;4.31;19°C · pioggia 0% · vento 4 km/h;4.25;49.61;50.39;O;39;61;Si;;;;;;;https://betimate.com/it/football-predictions/asc-09-dortmund-vs-tus-ennepetal/2026-10-04/game;11;2026-10-04 14:12;2026-10-04 15:27;2026-10-04 15:27;1;0;;;
2026-10-04;2026-10-04;15:30;2026-10-04;13:30;Serie D (Italia);Italy Serie D;italy-serie-d;lt4;Cynthialbalonga;Anzio Calcio 1924;50;23;27;1;1-0;2.82;22°C · pioggia 0% · vento 13 km/h;2.75;49.46;50.54;O;46;54;Si;;;;;;;https://betimate.com/it/football-predictions/anzio-calcio-1924-vs-cynthialbalonga/2026-10-04/game;11;2026-10-04 14:12;2026-10-04 15:27;2026-10-04 15:27;1;0;;;
2026-10-04;2026-10-04;15:30;2026-10-04;13:30;Serie D (Italia);Italy Serie D;italy-serie-d;lt4;FBC Gravina;Virtus Francavilla;47;24;29;1;2-1;3.01;24°C · pioggia 0% · vento 9 km/h;2.75;48.53;51.47;O;44;56;Si;;;;;;;https://betimate.com/it/football-predictions/fbc-gravina-vs-virtus-francavilla/2026-10-04/game;11;2026-10-04 14:12;2026-10-04 15:27;2026-10-04 15:27;1;0;;;
2026-10-04;2026-10-04;15:30;2026-10-04;13:30;Serie D (Italia);Italy Serie D;italy-serie-d;lt4;Manfredonia;Bisceglie 1913;37;26;37;1;1-0;2.74;23°C · pioggia 0% · vento 14 km/h;2.5;48.68;51.32;O;46;54;Si;;;;;;;https://betimate.com/it/football-predictions/bisceglie-1913-vs-manfredonia/2026-10-04/game;11;2026-10-04 14:12;2026-10-04 15:27;2026-10-04 15:27;1;0;;;
2026-10-04;2026-10-04;15:30;2026-10-04;13:30;Serie D (Italia);Italy Serie D;italy-serie-d;lt4;Martina;FC Francavilla;56;24;20;1;1-0;2.66;21°C · pioggia 0% · vento 15 km/h;2.5;49.16;50.84;O;49;51;Si;;;;;;;https://betimate.com/it/football-predictions/fc-francavilla-vs-martina/2026-10-04/game;3;2026-10-04 14:12;2026-10-04 15:27;2026-10-04 15:27;1;0;;;
2026-10-04;2026-10-04;15:30;2026-10-04;13:30;Serie D (Italia);Italy Serie D;italy-serie-d;lt4;Sarnese;Paganese;43;25;32;1;2-1;2.98;;2.5;47.24;52.76;O;44;56;Si;;;;;;;https://betimate.com/it/football-predictions/paganese-vs-sarnese/2026-10-04/game;3;2026-10-04 14:12;2026-10-04 15:27;2026-10-04 15:27;1;0;;;
2026-10-04;2026-10-04;15:30;2026-10-04;13:30;Serie D (Italia);Italy Serie D;italy-serie-d;lt4;Trapani;Reggina;14;21;65;2;0-2;2.68;24°C · pioggia 0% · vento 9 km/h;2.5;49.25;50.75;O;53;47;No;;;;;;;https://betimate.com/it/football-predictions/reggina-vs-trapani/2026-10-04/game;11;2026-10-04 14:12;2026-10-04 15:27;2026-10-04 15:27;1;0;;;
2026-10-04;2026-10-04;15:30;2026-10-04;13:30;Serie D (Italia);Italy Serie D;italy-serie-d;lt4;Virtus Bolzano;Calvi Noale;16;19;65;2;1-2;3.3;25°C · pioggia 0% · vento 5 km/h;2.5;45.01;54.99;O;42;58;Si;;;;;;;https://betimate.com/it/football-predictions/calvi-noale-vs-virtus-bolzano/2026-10-04/game;3;2026-10-04 14:12;2026-10-04 15:27;2026-10-04 15:27;1;0;;;
2026-10-04;2026-10-04;15:30;2026-10-04;13:30;Srpska Liga Serbia;Serbia Srpska Liga;serbia-srpska-liga;SSL;Dinamo Pancevo;FK Kabel Novi Sad;35;22;43;2;1-2;2.99;;2.75;48.34;51.66;O;43;57;Si;;;;;;;https://betimate.com/it/football-predictions/dinamo-pancevo-vs-fk-kabel-novi-sad/2026-10-04/game;10;2026-10-04 14:12;2026-10-04 15:27;2026-10-04 15:27;1;0;;;
2026-10-04;2026-10-04;15:30;2026-10-04;13:30;Srpska Liga Serbia;Serbia Srpska Liga;serbia-srpska-liga;SSL;FK Radjevac Krupanj;FK Buducnost Krusik;37;26;37;1;1-0;2.25;;2;48.03;51.97;O;51;49;No;;;;;;;https://betimate.com/it/football-predictions/fk-buducnost-krusik-vs-fk-radjevac-krupanj/2026-10-04/game;10;2026-10-04 14:12;2026-10-04 15:27;2026-10-04 15:27;1;0;;;
2026-10-04;2026-10-04;15:30;2026-10-04;13:30;Srpska Liga Serbia;Serbia Srpska Liga;serbia-srpska-liga;SSL;FK Sloboda Donji Tovarnik;FK Indija;49;20;31;1;2-1;3.56;;3.5;49.57;50.43;O;39;61;Si;;;;;;;https://betimate.com/it/football-predictions/fk-indija-vs-fk-sloboda-donji-tovarnik/2026-10-04/game;10;2026-10-04 14:12;2026-10-04 15:27;2026-10-04 15:27;1;0;;;
2026-10-04;2026-10-04;15:30;2026-10-04;13:30;Srpska Liga Serbia;Serbia Srpska Liga;serbia-srpska-liga;SSL;FK Sumadija Kragujevac;FK Takovo;44;30;26;1;1-0;1.76;;1.5;48.31;51.69;O;57;43;No;;;;;;;https://betimate.com/it/football-predictions/fk-sumadija-kragujevac-vs-fk-takovo/2026-10-04/game;10;2026-10-04 14:12;2026-10-04 15:27;2026-10-04 15:27;1;0;;;
2026-10-04;2026-10-04;15:30;2026-10-04;13:30;Srpska Liga Serbia;Serbia Srpska Liga;serbia-srpska-liga;SSL;Zeleznicar Lajkovac;FK Napredak Markovac;46;26;28;1;1-0;2.18;;2;48.65;51.35;O;52;48;No;;;;;;;https://betimate.com/it/football-predictions/zeleznicar-lajkovac-vs-fk-napredak-markovac/2026-10-04/game;10;2026-10-04 14:12;2026-10-04 15:27;2026-10-04 15:27;1;0;;;
2026-10-04;2026-10-04;15:45;2026-10-04;13:45;Oberliga Mittelrhein (Germania);Germany Oberliga Mittelrhein;germany-oberliga-mittelrhein;De5;FSV Neunkirchen-Seelscheid;FC Hurth;49;23;28;1;1-0;2.72;;2.5;48.62;51.38;O;47;53;Si;;;;;;;https://betimate.com/it/football-predictions/fc-hurth-vs-fsv-neunkirchen-seelscheid/2026-10-04/game;11;2026-10-04 14:12;2026-10-04 15:27;2026-10-04 15:27;1;0;;;
2026-10-04;2026-10-04;16:00;2026-10-04;14:00;1. Liga Classic svizzera;Switzerland 1.Liga Classic;switzerland-1-liga-classic;;Winterthur II;St Gallen II;44;20;36;1;2-1;3.73;;3.5;48.69;51.31;O;37;63;Si;;;;;;;https://betimate.com/it/football-predictions/st-gallen-ii-vs-winterthur-ii/2026-10-04/game;5;2026-10-04 14:12;2026-10-04 15:27;2026-10-04 15:27;1;0;;;
2026-10-04;2026-10-04;16:00;2026-10-04;14:00;2. Liga ceca femminile;Czechia Div 2 Women;czechia-div-2-women;;SK Artis Brno (W);Sigma Olomouc (W);64;14;22;1;2-1;4.37;;3.5;45.49;54.51;O;40;60;Si;;;;;;;https://betimate.com/it/football-predictions/sigma-olomouc-w-vs-sk-artis-brno-w/2026-10-04/game;6;2026-10-04 14:12;2026-10-04 15:27;2026-10-04 15:27;1;0;;;
2026-10-04;2026-10-04;16:00;2026-10-04;14:00;2. SNL Slovenia;Slovenia 2. SNL;slovenia-2-snl;Si2;ND Ilirija Ljubljana;ND Beltinci;27;25;48;2;0-1;2.92;21°C · pioggia 0% · vento 1 km/h;2.5;47.81;52.19;O;46;54;Si;;;;;;;https://betimate.com/it/football-predictions/nd-ilirija-ljubljana-vs-nd-beltinci/2026-10-04/game;2;2026-10-04 14:12;2026-10-04 15:27;2026-10-04 15:27;1;0;;;
2026-10-04;2026-10-04;16:00;2026-10-04;14:00;2. divisjon Gruppo 1 (Norvegia);Norway Division 2 Group 1;norway-division-2-group-1;;Brattvåg;Sotra;45;20;35;1;2-1;3.72;11°C · pioggia 93% · vento 31 km/h;3;45.2;54.8;O;38;62;Si;;;;;;;https://betimate.com/it/football-predictions/sotra-vs-brattv-g/2026-10-04/game;5;2026-10-04 14:12;2026-10-04 15:27;2026-10-04 15:27;1;0;;;
2026-10-04;2026-10-04;16:00;2026-10-04;14:00;3. Liga ceca;Czechia 3. Liga;czechia-3-liga;;Benatky Nad Jizerou;MFK Chrudim;67;17;16;1;2-0;3.18;19°C · pioggia 0% · vento 4 km/h;2.75;47.29;52.71;O;47;53;Si;;;;;;;https://betimate.com/it/football-predictions/benatky-nad-jizerou-vs-mfk-chrudim/2026-10-04/game;5;2026-10-04 14:12;2026-10-04 15:27;2026-10-04 15:27;1;0;;;
2026-10-04;2026-10-04;16:00;2026-10-04;14:00;3. Liga ceca;Czechia 3. Liga;czechia-3-liga;;SK Sokol Brozany;SK Sokol Zapy;16;17;67;2;0-2;3.38;20°C · pioggia 0% · vento 3 km/h;3;47.54;52.46;O;45;55;Si;;;;;;;https://betimate.com/it/football-predictions/sk-sokol-zapy-vs-sk-sokol-brozany/2026-10-04/game;5;2026-10-04 14:12;2026-10-04 15:27;2026-10-04 15:27;1;0;;;
2026-10-04;2026-10-04;16:00;2026-10-04;14:00;3. Liga ceca;Czechia 3. Liga;czechia-3-liga;;Slavia Prague U20;Povltavska FA;41;22;37;1;2-1;3.08;;3;49.51;50.49;O;43;57;Si;;;;;;;https://betimate.com/it/football-predictions/povltavska-fa-vs-slavia-prague-u20/2026-10-04/game;5;2026-10-04 14:12;2026-10-04 15:27;2026-10-04 15:27;1;0;;;
2026-10-04;2026-10-04;16:00;2026-10-04;14:00;3. Liga ceca;Czechia 3. Liga;czechia-3-liga;;Varnsdorf;Slovan Liberec B;50;19;31;1;2-1;4.1;18°C · pioggia 0% · vento 8 km/h;3.5;46.83;53.17;O;35;65;Si;;;;;;;https://betimate.com/it/football-predictions/varnsdorf-vs-slovan-liberec-b/2026-10-04/game;5;2026-10-04 14:12;2026-10-04 15:27;2026-10-04 15:27;1;0;;;
2026-10-04;2026-10-04;16:00;2026-10-04;14:00;3. Liga ceca;Czechia 3. Liga;czechia-3-liga;;Zenit Caslav;Velke Hamry;55;21;24;1;2-1;3.08;18°C · pioggia 0% · vento 8 km/h;3;49.58;50.42;O;44;56;Si;;;;;;;https://betimate.com/it/football-predictions/velke-hamry-vs-zenit-caslav/2026-10-04/game;5;2026-10-04 14:12;2026-10-04 15:27;2026-10-04 15:27;1;0;;;
2026-10-04;2026-10-04;16:00;2026-10-04;14:00;4. Liga ceca;Czechia 4. Liga;czechia-4-liga;;Sokol Hostoun;SK Rapid Psary;55;19;26;1;2-1;3.51;19°C · pioggia 0% · vento 6 km/h;3.25;48.49;51.51;O;40;60;Si;;;;;;;https://betimate.com/it/football-predictions/sokol-hostoun-vs-sk-rapid-psary/2026-10-04/game;6;2026-10-04 14:12;2026-10-04 15:27;2026-10-04 15:27;1;0;;;
2026-10-04;2026-10-04;16:00;2026-10-04;14:00;4. Liga ceca;Czechia 4. Liga;czechia-4-liga;;Spartak Police Nad Metuji;Letohrad;64;16;20;1;2-1;4.31;;3.5;45.85;54.15;O;37;63;Si;;;;;;;https://betimate.com/it/football-predictions/letohrad-vs-spartak-police-nad-metuji/2026-10-04/game;6;2026-10-04 14:12;2026-10-04 15:27;2026-10-04 15:27;1;0;;;
2026-10-04;2026-10-04;16:00;2026-10-04;14:00;4. Liga ceca;Czechia 4. Liga;czechia-4-liga;;Turnov;MFK Chrudim B;77;12;11;1;3-1;5.16;;4.25;45.49;54.51;O;36;64;Si;;;;;;;https://betimate.com/it/football-predictions/mfk-chrudim-b-vs-turnov/2026-10-04/game;14;2026-10-04 14:12;2026-10-04 15:27;2026-10-04 15:27;1;0;;;
2026-10-04;2026-10-04;16:00;2026-10-04;14:00;4. Liga ceca;Czechia 4. Liga;czechia-4-liga;;Usti N Orlici;SK Sparta Kolin;53;22;25;1;2-1;2.92;19°C · pioggia 0% · vento 7 km/h;3;50.64;49.36;U;45;55;Si;;;;;;;https://betimate.com/it/football-predictions/usti-n-orlici-vs-sk-sparta-kolin/2026-10-04/game;6;2026-10-04 14:12;2026-10-04 15:27;2026-10-04 15:27;1;0;;;
2026-10-04;2026-10-04;16:00;2026-10-04;14:00;Amichevoli Russia;Other Match;other-match;Ru3;SV Telfs;SV Vols;51;22;27;1;2-1;2.9;24°C · pioggia 3% · vento 7 km/h;2.75;48.96;51.04;O;45;55;Si;;;;;;;https://betimate.com/it/football-predictions/sv-telfs-vs-sv-vols/2026-10-04/game;14;2026-10-04 14:12;2026-10-04 15:27;2026-10-04 15:27;1;0;;;
2026-10-04;2026-10-04;16:00;2026-10-04;14:00;Amichevoli europee;Europe Friendlies;europe-friendlies;EF;Enosis Paralimni;Anorthosis Famagusta;44;24;32;1;1-0;2.73;;2.75;50.13;49.87;U;46;54;Si;;;;;;;https://betimate.com/it/football-predictions/anorthosis-famagusta-vs-enosis-paralimni/2026-10-04/game;2;2026-10-04 15:27;2026-10-04 15:27;2026-10-04 15:27;1;0;;;
2026-10-04;2026-10-04;16:00;2026-10-04;14:00;Amichevoli europee;Europe Friendlies;europe-friendlies;EF;Ludogorets Razgrad;Cherno More Varna;70;18;12;1;2-0;2.89;21°C · pioggia 0% · vento 9 km/h;3;50.55;49.45;U;48;52;Si;;;;;;;https://betimate.com/it/football-predictions/ludogorets-razgrad-vs-cherno-more-varna/2026-10-04/game;2;2026-10-04 14:12;2026-10-04 15:27;2026-10-04 15:27;1;0;;;
2026-10-04;2026-10-04;16:00;2026-10-04;14:00;Amichevoli internazionali;International Match;international-match;IM;Kirghizistan;Libano;42;27;31;1;1-0;2.25;;2;48.1;51.9;O;55;45;No;;;;;;;https://betimate.com/it/football-predictions/lebanon-vs-kyrgyzstan/2026-10-04/game;1;2026-10-04 14:12;2026-10-04 15:27;2026-10-04 15:27;1;0;;;
2026-10-04;2026-10-04;16:00;2026-10-04;14:00;Belgio - Seconda Divisione Amatori VFV A;Belgium Second Amateur Division VFV A;belgium-second-amateur-division-vfv-a;BSAD;Voorde Appelterre;Torhout;40;22;38;1;2-1;3.28;;2.75;46.54;53.46;O;41;59;Si;;;;;;;https://betimate.com/it/football-predictions/torhout-vs-voorde-appelterre/2026-10-04/game;14;2026-10-04 14:12;2026-10-04 15:27;2026-10-04 15:27;1;0;;;
2026-10-04;2026-10-04;16:00;2026-10-04;14:00;Bundesliga Femminile Germania;Germany Bundesliga Women;germany-bundesliga-women;GBW;VfB Stuttgart (W);Union Berlin (W);32;17;51;2;1-2;3.49;20°C · pioggia 0% · vento 6 km/h;3.25;48.45;51.55;O;45;55;Si;;;;;;;https://betimate.com/it/football-predictions/union-berlin-w-vs-vfb-stuttgart-w/2026-10-04/game;5;2026-10-04 14:12;2026-10-04 15:27;2026-10-04 15:27;1;0;;;
2026-10-04;2026-10-04;16:00;2026-10-04;14:00;Campeonato de Portugal;Portugal Campeonato Nacional;portugal-campeonato-nacional;Pt3;Juventude Desportiva Lajense;Juventude de Evora;28;20;52;2;1-2;3.65;;2.5;43.44;56.56;O;39;61;Si;;;;;;;https://betimate.com/it/football-predictions/juventude-desportiva-lajense-vs-juventude-de-evora/2026-10-04/game;9;2026-10-04 14:12;2026-10-04 15:27;2026-10-04 15:27;1;0;;;
2026-10-04;2026-10-04;16:00;2026-10-04;14:00;Campionato Femminile sloveno;Slovenia League Women;slovenia-league-women;SLW;Olimpija Ljubljana (W);ZNK Krim (W);95;3;2;1;4-0;5.85;;4.5;43.96;56.04;O;51;49;No;;;;;;;https://betimate.com/it/football-predictions/znk-krim-w-vs-olimpija-ljubljana-w/2026-10-04/game;11;2026-10-04 14:12;2026-10-04 15:27;2026-10-04 15:27;1;0;;;
2026-10-04;2026-10-04;16:00;2026-10-04;14:00;Coppa di Croazia;Croatia Cup;croatia-cup;HrC;Vukovar 91;Dinamo Zagreb;2;6;92;2;0-4;5.2;25°C · pioggia 0% · vento 7 km/h;3.75;42.05;57.95;O;45;55;Si;;;;;;;https://betimate.com/it/football-predictions/dinamo-zagreb-vs-vukovar-91/2026-10-04/game;2;2026-10-04 14:12;2026-10-04 15:27;2026-10-04 15:27;1;0;;;
2026-10-04;2026-10-04;16:00;2026-10-04;14:00;Croazia - 3. NL;Croatia 3.NL;croatia-3-nl;C3;NK Bistra;NK Vrapce;39;23;38;1;1-0;2.72;;3;52.26;47.74;U;46;54;Si;;;;;;;https://betimate.com/it/football-predictions/nk-vrapce-vs-nk-bistra/2026-10-04/game;6;2026-10-04 14:12;2026-10-04 15:27;2026-10-04 15:27;1;0;;;
2026-10-04;2026-10-04;16:00;2026-10-04;14:00;Croazia - 3. NL;Croatia 3.NL;croatia-3-nl;C3;NK Tomislav Cerna;NK Vardarac;35;25;40;2;0-1;2.41;;3;54.68;45.32;U;49;51;Si;;;;;;;https://betimate.com/it/football-predictions/nk-vardarac-vs-nk-tomislav-cerna/2026-10-04/game;6;2026-10-04 14:12;2026-10-04 15:27;2026-10-04 15:27;1;0;;;
2026-10-04;2026-10-04;16:00;2026-10-04;14:00;Division 2 Norra Götaland svedese;Sweden 2.div Norra Götaland;sweden-2-div-norra-g-taland;;IF Karlstad II;IK Tord;38;24;38;1;1-0;2.66;;2.75;50.5;49.5;U;46;54;Si;;;;;;;https://betimate.com/it/football-predictions/ik-tord-vs-if-karlstad-ii/2026-10-04/game;6;2026-10-04 14:12;2026-10-04 15:27;2026-10-04 15:27;1;0;;;
2026-10-04;2026-10-04;16:00;2026-10-04;14:00;Division 2 Södra Svealand svedese;Sweden 2.div Södra Svealand;sweden-2-div-s-dra-svealand;;Örebro Syrianska IF;IFK Haninge;44;21;35;1;2-1;3.36;16°C · pioggia 0% · vento 17 km/h;3.5;50.68;49.32;U;40;60;Si;;;;;;;https://betimate.com/it/football-predictions/rebro-syrianska-if-vs-ifk-haninge/2026-10-04/game;6;2026-10-04 14:12;2026-10-04 15:27;2026-10-04 15:27;1;0;;;
2026-10-04;2026-10-04;16:00;2026-10-04;14:00;Division 2 norvegese - Gruppo 2;Norway Division 2 Group 2;norway-division-2-group-2;;Trygg/Lade;Junkeren;34;22;44;2;1-2;3.04;11°C · pioggia 57% · vento 9 km/h;3.5;52.58;47.42;U;43;57;Si;;;;;;;https://betimate.com/it/football-predictions/trygg-lade-vs-junkeren/2026-10-04/game;5;2026-10-04 14:12;2026-10-04 15:27;2026-10-04 15:27;1;0;;;
2026-10-04;2026-10-04;16:00;2026-10-04;14:00;Division 3 norvegese - Gruppo 5;Norway Division 3 Group 5;norway-division-3-group-5;;Harstad;Skedsmo;48;21;31;1;2-1;3.33;10°C · pioggia 71% · vento 15 km/h;4;54.37;45.63;U;41;59;Si;;;;;;;https://betimate.com/it/football-predictions/skedsmo-vs-harstad/2026-10-04/game;5;2026-10-04 14:12;2026-10-04 15:27;2026-10-04 15:27;1;0;;;
2026-10-04;2026-10-04;16:00;2026-10-04;14:00;División de Honor Juvenil (Spagna);Spain Youth League;spain-youth-league;SYL;Athletic Bilbao U19;CD Betono U19;70;17;13;1;1-0;2.52;;3.5;56.05;43.95;U;57;43;No;;;;;;;https://betimate.com/it/football-predictions/athletic-bilbao-u19-vs-cd-betono-u19/2026-10-04/game;3;2026-10-04 14:12;2026-10-04 15:27;2026-10-04 15:27;1;0;;;
2026-10-04;2026-10-04;16:00;2026-10-04;14:00;División de Honor Juvenil (Spagna);Spain Youth League;spain-youth-league;SYL;Getafe U19;Trival Valderas U19;66;16;18;1;2-0;3.1;;3.25;51.02;48.98;U;47;53;Si;;;;;;;https://betimate.com/it/football-predictions/getafe-u19-vs-trival-valderas-u19/2026-10-04/game;3;2026-10-04 14:12;2026-10-04 15:27;2026-10-04 15:27;1;0;;;
2026-10-04;2026-10-04;16:00;2026-10-04;14:00;División de Honor Juvenil (Spagna);Spain Youth League;spain-youth-league;SYL;Sabadell U19;Barcelona U19;13;11;76;2;1-3;4.35;;3.5;45.76;54.24;O;41;59;Si;;;;;;;https://betimate.com/it/football-predictions/barcelona-u19-vs-sabadell-u19/2026-10-04/game;3;2026-10-04 14:12;2026-10-04 15:27;2026-10-04 15:27;1;0;;;
2026-10-04;2026-10-04;16:00;2026-10-04;14:00;Druga Liga montenegrina;Montenegro Druga Liga;montenegro-druga-liga;Me2;FK Zeta Golubovci;FK Grbalj Radanovici;41;23;36;1;2-1;2.83;;2.25;46.04;53.96;O;45;55;Si;;;;;;;https://betimate.com/it/football-predictions/fk-grbalj-radanovici-vs-fk-zeta-golubovci/2026-10-04/game;14;2026-10-04 14:12;2026-10-04 15:27;2026-10-04 15:27;1;0;;;
2026-10-04;2026-10-04;16:00;2026-10-04;14:00;IV Liga Polonia;Poland IV Liga;poland-iv-liga;PIL;Granica Ketrzyn;Sokol Ostroda;39;18;43;2;1-2;4.51;;3.5;44.86;55.14;O;32;68;Si;;;;;;;https://betimate.com/it/football-predictions/sokol-ostroda-vs-granica-ketrzyn/2026-10-04/game;6;2026-10-04 14:12;2026-10-04 15:27;2026-10-04 15:27;1;0;;;
2026-10-04;2026-10-04;16:00;2026-10-04;14:00;Interkretsserie U19 norvegese;Norway Interkretsserie U19;norway-interkretsserie-u19;NIU;Ullern U19;KFUM U19;27;14;59;2;2-3;5.16;;4.75;47.76;52.24;O;29;71;Si;;;;;;;https://betimate.com/it/football-predictions/ullern-u19-vs-kfum-u19/2026-10-04/game;14;2026-10-04 14:12;2026-10-04 15:27;2026-10-04 15:27;1;0;;;
2026-10-04;2026-10-04;16:00;2026-10-04;14:00;Kansallinen Liiga Femminile Finlandia;Finland Kansallinen Liiga Women;finland-kansallinen-liiga-women;FKLW;JyPK (W);HJS (W);26;13;61;2;2-3;5.09;12°C · pioggia 88% · vento 15 km/h;5;49.28;50.72;O;34;66;Si;;;;;;;https://betimate.com/it/football-predictions/jypk-w-vs-hjs-w/2026-10-04/game;14;2026-10-04 14:12;2026-10-04 15:27;2026-10-04 15:27;1;0;;;
2026-10-04;2026-10-04;16:00;2026-10-04;14:00;Landesliga austriaca;Austria Landesliga;austria-landesliga;AL;FC Andelsbuch;FC Hard;40;24;36;1;1-0;2.82;21°C · pioggia 0% · vento 9 km/h;2.75;49.46;50.54;O;45;55;Si;;;;;;;https://betimate.com/it/football-predictions/fc-hard-vs-fc-andelsbuch/2026-10-04/game;11;2026-10-04 14:12;2026-10-04 15:27;2026-10-04 15:27;1;0;;;
2026-10-04;2026-10-04;16:00;2026-10-04;14:00;Landesliga austriaca;Austria Landesliga;austria-landesliga;AL;FC Nenzing;FC Rotenberg;30;20;50;2;1-2;3.32;;3.25;49.6;50.4;O;41;59;Si;;;;;;;https://betimate.com/it/football-predictions/fc-nenzing-vs-fc-rotenberg/2026-10-04/game;11;2026-10-04 14:12;2026-10-04 15:27;2026-10-04 15:27;1;0;;;
2026-10-04;2026-10-04;16:00;2026-10-04;14:00;Landesliga austriaca;Austria Landesliga;austria-landesliga;AL;Seekirchen II;SV Strasswalchen;46;18;36;1;2-1;4.23;;3.75;47.29;52.71;O;34;66;Si;;;;;;;https://betimate.com/it/football-predictions/sv-strasswalchen-vs-seekirchen-ii/2026-10-04/game;11;2026-10-04 14:12;2026-10-04 15:27;2026-10-04 15:27;1;0;;;
2026-10-04;2026-10-04;16:00;2026-10-04;14:00;Landesliga austriaca;Austria Landesliga;austria-landesliga;AL;TSU Bramberg;ATSV Salzburg;79;10;11;1;4-1;5.46;;5.25;48.96;51.04;O;35;65;Si;;;;;;;https://betimate.com/it/football-predictions/tsu-bramberg-vs-atsv-salzburg/2026-10-04/game;11;2026-10-04 14:12;2026-10-04 15:27;2026-10-04 15:27;1;0;;;
2026-10-04;2026-10-04;16:00;2026-10-04;14:00;Liga Premier Messico;Mexico Primera Premier;mexico-primera-premier;MPP;Los Cabos United;Cordobes Futbol Club;42;25;33;1;1-0;2.42;25°C · pioggia 89% · vento 28 km/h;2.5;50.42;49.58;U;49;51;Si;;;;;;;https://betimate.com/it/football-predictions/los-cabos-united-vs-cordobes-futbol-club/2026-10-04/game;5;2026-10-04 14:12;2026-10-04 15:27;2026-10-04 15:27;1;0;;;
2026-10-04;2026-10-04;16:00;2026-10-04;14:00;Portugal Cup Women;Portugal Cup Women;portugal-cup-women;PCW;Academica (W);Academico Viseu (W);66;14;20;1;2-1;4.07;;3.5;46.99;53.01;O;43;57;Si;;;;;;;https://betimate.com/it/football-predictions/academico-viseu-w-vs-academica-w/2026-10-04/game;15;2026-10-04 14:12;2026-10-04 15:27;2026-10-04 15:27;1;0;;;
2026-10-04;2026-10-04;16:00;2026-10-04;14:00;Portugal Cup Women;Portugal Cup Women;portugal-cup-women;PCW;Amora (W);Guia (W);45;16;39;1;2-1;4.38;;3.5;45.47;54.53;O;37;63;Si;;;;;;;https://betimate.com/it/football-predictions/guia-w-vs-amora-w/2026-10-04/game;14;2026-10-04 14:12;2026-10-04 15:27;2026-10-04 15:27;1;0;;;
2026-10-04;2026-10-04;16:00;2026-10-04;14:00;Portugal Cup Women;Portugal Cup Women;portugal-cup-women;PCW;EFF Setubal (W);Barreirense (W);68;13;19;1;3-1;4.75;;5.25;52.23;47.77;U;38;62;Si;;;;;;;https://betimate.com/it/football-predictions/eff-setubal-w-vs-barreirense-w/2026-10-04/game;14;2026-10-04 14:12;2026-10-04 15:27;2026-10-04 15:27;1;0;;;
2026-10-04;2026-10-04;16:00;2026-10-04;14:00;Portugal Cup Women;Portugal Cup Women;portugal-cup-women;PCW;FC Romariz (W);GD Aldeia Nova (W);26;19;55;2;1-2;2.97;;3;50.09;49.91;U;50;50;Si;;;;;;;https://betimate.com/it/football-predictions/fc-romariz-w-vs-gd-aldeia-nova-w/2026-10-04/game;6;2026-10-04 14:12;2026-10-04 15:27;2026-10-04 15:27;1;0;;;
2026-10-04;2026-10-04;16:00;2026-10-04;14:00;Portugal Cup Women;Portugal Cup Women;portugal-cup-women;PCW;Penafiel (W);FC Tirsense (W);81;9;10;1;3-1;4.99;;3.75;43.49;56.51;O;42;58;Si;;;;;;;https://betimate.com/it/football-predictions/fc-tirsense-w-vs-penafiel-w/2026-10-04/game;6;2026-10-04 14:12;2026-10-04 15:27;2026-10-04 15:27;1;0;;;
2026-10-04;2026-10-04;16:00;2026-10-04;14:00;Portugal Cup Women;Portugal Cup Women;portugal-cup-women;PCW;SC Castelo Maia (W);Pacos Ferreira (W);35;16;49;2;1-2;3.95;;3.75;48.68;51.32;O;40;60;Si;;;;;;;https://betimate.com/it/football-predictions/sc-castelo-maia-w-vs-pacos-ferreira-w/2026-10-04/game;14;2026-10-04 14:12;2026-10-04 15:27;2026-10-04 15:27;1;0;;;
2026-10-04;2026-10-04;16:00;2026-10-04;14:00;Portugal Cup Women;Portugal Cup Women;portugal-cup-women;PCW;SC Castelo Maia (W);FC Pacos Ferreira Women;81;8;11;1;4-1;6.43;;5.5;45.97;54.03;O;33;67;Si;;;;;;;https://betimate.com/it/football-predictions/fc-pacos-ferreira-women-vs-sc-castelo-maia-w/2026-10-04/game;14;2026-10-04 14:12;2026-10-04 15:27;2026-10-04 15:27;1;0;;;
2026-10-04;2026-10-04;16:00;2026-10-04;14:00;Portugal League Cup Women;Portugal League Cup Women;portugal-league-cup-women;PLCW;Rio Ave (W);Maritimo (W);69;17;14;1;1-0;2.52;;3.5;55.89;44.11;U;60;40;No;;;;;;;https://betimate.com/it/football-predictions/maritimo-w-vs-rio-ave-w/2026-10-04/game;6;2026-10-04 14:12;2026-10-04 15:27;2026-10-04 15:27;1;0;;;
2026-10-04;2026-10-04;16:00;2026-10-04;14:00;Premiership Irlanda del Nord;Northern Ireland Premier;northern-ireland-premier;NIP;Bangor FC;Coleraine;11;16;73;2;0-2;3.45;18°C · pioggia 1% · vento 21 km/h;3.25;48.66;51.34;O;45;55;Si;;;;;;;https://betimate.com/it/football-predictions/coleraine-vs-bangor-fc/2026-10-04/game;6;2026-10-04 14:12;2026-10-04 15:27;2026-10-04 15:27;1;0;;;
2026-10-04;2026-10-04;16:00;2026-10-04;14:00;Prima Lega Femminile Croazia;Croatia First League Women;croatia-first-league-women;CFLW;HNK Gorica (W);ZNK Osijek (W);11;11;78;2;0-2;3.87;;4;50.69;49.31;U;50;50;Si;;;;;;;https://betimate.com/it/football-predictions/hnk-gorica-w-vs-znk-osijek-w/2026-10-04/game;6;2026-10-04 14:12;2026-10-04 15:27;2026-10-04 15:27;1;0;;;
2026-10-04;2026-10-04;16:00;2026-10-04;14:00;Promotion League svizzera;Switzerland 1.Liga Promotion;switzerland-1-liga-promotion;;AC Bellinzona;FC Zurich II;32;22;46;2;1-2;3.11;23°C · pioggia 0% · vento 11 km/h;3;49.24;50.76;O;43;57;Si;;;;;;;https://betimate.com/it/football-predictions/fc-zurich-ii-vs-ac-bellinzona/2026-10-04/game;5;2026-10-04 14:12;2026-10-04 15:27;2026-10-04 15:27;1;0;;;
2026-10-04;2026-10-04;16:00;2026-10-04;14:00;Promotion d'Honneur Lussemburgo;Luxembourg Promotion D’Honneur;luxembourg-promotion-d-honneur;LPDH;FC Berdenia Berbourg;SC Bettembourg;40;21;39;1;2-1;3.27;21°C · pioggia 3% · vento 5 km/h;3;48.15;51.85;O;41;59;Si;;;;;;;https://betimate.com/it/football-predictions/sc-bettembourg-vs-fc-berdenia-berbourg/2026-10-04/game;14;2026-10-04 14:12;2026-10-04 15:27;2026-10-04 15:27;1;0;;;
2026-10-04;2026-10-04;16:00;2026-10-04;14:00;Promotion d'Honneur Lussemburgo;Luxembourg Promotion D’Honneur;luxembourg-promotion-d-honneur;LPDH;FC Luxemburg City;FC Mondercange;72;13;15;1;3-1;4.48;20°C · pioggia 15% · vento 5 km/h;3.25;43.34;56.66;O;38;62;Si;;;;;;;https://betimate.com/it/football-predictions/fc-mondercange-vs-fc-luxemburg-city/2026-10-04/game;6;2026-10-04 14:12;2026-10-04 15:27;2026-10-04 15:27;1;0;;;
2026-10-04;2026-10-04;16:00;2026-10-04;14:00;Promotion d'Honneur Lussemburgo;Luxembourg Promotion D’Honneur;luxembourg-promotion-d-honneur;LPDH;FC Marisca Mersch;Avenir Beggen;49;21;30;1;2-1;3.29;21°C · pioggia 4% · vento 4 km/h;2.75;46.53;53.47;O;42;58;Si;;;;;;;https://betimate.com/it/football-predictions/avenir-beggen-vs-fc-marisca-mersch/2026-10-04/game;6;2026-10-04 14:12;2026-10-04 15:27;2026-10-04 15:27;1;0;;;
2026-10-04;2026-10-04;16:00;2026-10-04;14:00;Promotion d'Honneur Lussemburgo;Luxembourg Promotion D’Honneur;luxembourg-promotion-d-honneur;LPDH;FC Rodange;UT Petange;59;19;22;1;2-1;3.28;21°C · pioggia 13% · vento 4 km/h;3.25;49.88;50.12;O;43;57;Si;;;;;;;https://betimate.com/it/football-predictions/ut-petange-vs-fc-rodange/2026-10-04/game;14;2026-10-04 14:12;2026-10-04 15:27;2026-10-04 15:27;1;0;;;
2026-10-04;2026-10-04;16:00;2026-10-04;14:00;Promotion d'Honneur Lussemburgo;Luxembourg Promotion D’Honneur;luxembourg-promotion-d-honneur;LPDH;FC The Belval Belvaux;FC Mamer 32;45;22;33;1;2-1;3.18;;2.75;47.23;52.77;O;42;58;Si;;;;;;;https://betimate.com/it/football-predictions/fc-mamer-32-vs-fc-the-belval-belvaux/2026-10-04/game;6;2026-10-04 14:12;2026-10-04 15:27;2026-10-04 15:27;1;0;;;
2026-10-04;2026-10-04;16:00;2026-10-04;14:00;Promotion d'Honneur Lussemburgo;Luxembourg Promotion D’Honneur;luxembourg-promotion-d-honneur;LPDH;Jeunesse Canach;Lorentzweiler;49;20;31;1;2-1;3.53;21°C · pioggia 15% · vento 3 km/h;3.25;48.36;51.64;O;39;61;Si;;;;;;;https://betimate.com/it/football-predictions/jeunesse-canach-vs-lorentzweiler/2026-10-04/game;14;2026-10-04 14:12;2026-10-04 15:27;2026-10-04 15:27;1;0;;;
2026-10-04;2026-10-04;16:00;2026-10-04;14:00;Promotion d'Honneur Lussemburgo;Luxembourg Promotion D’Honneur;luxembourg-promotion-d-honneur;LPDH;US Feulen;CS Fola Esch;40;23;37;1;2-1;2.91;;3;50.74;49.26;U;44;56;Si;;;;;;;https://betimate.com/it/football-predictions/cs-fola-esch-vs-us-feulen/2026-10-04/game;6;2026-10-04 14:12;2026-10-04 15:27;2026-10-04 15:27;1;0;;;
2026-10-04;2026-10-04;16:00;2026-10-04;14:00;Promotion d'Honneur Lussemburgo;Luxembourg Promotion D’Honneur;luxembourg-promotion-d-honneur;LPDH;Union Remich/Bous;Koeppchen Wormeldange;50;23;27;1;1-0;2.76;21°C · pioggia 15% · vento 4 km/h;2.75;49.92;50.08;O;47;53;Si;;;;;;;https://betimate.com/it/football-predictions/koeppchen-wormeldange-vs-union-remich-bous/2026-10-04/game;6;2026-10-04 14:12;2026-10-04 15:27;2026-10-04 15:27;1;0;;;
2026-10-04;2026-10-04;16:00;2026-10-04;14:00;Prva Liga Serbia;Serbia Prva Liga;serbia-prva-liga;Rs2;Javor Ivanjica;Borac Cacak;44;25;31;1;1-0;2.82;21°C · pioggia 0% · vento 9 km/h;2.25;46.29;53.71;O;45;55;Si;;;;;;;https://betimate.com/it/football-predictions/javor-ivanjica-vs-borac-cacak/2026-10-04/game;2;2026-10-04 14:12;2026-10-04 15:27;2026-10-04 15:27;1;0;;;
2026-10-04;2026-10-04;16:00;2026-10-04;14:00;Seconda Lega russa;Russia Division 2;russia-division-2;RD2;FK Ryazan;Avangard Kursk;67;19;14;1;2-0;2.76;9°C · pioggia 0% · vento 4 km/h;2.5;48.47;51.53;O;51;49;No;;;;;;;https://betimate.com/it/football-predictions/avangard-kursk-vs-fk-ryazan/2026-10-04/game;14;2026-10-04 14:12;2026-10-04 15:27;2026-10-04 15:27;1;0;;;
2026-10-04;2026-10-04;16:00;2026-10-04;14:00;Seconda Lega russa;Russia Division 2;russia-division-2;RD2;Rodina-2;FK Kaluga;52;24;24;1;1-0;2.37;11°C · pioggia 0% · vento 2 km/h;2.25;49.24;50.76;O;51;49;No;;;;;;;https://betimate.com/it/football-predictions/fk-kaluga-vs-rodina-2/2026-10-04/game;14;2026-10-04 14:12;2026-10-04 15:27;2026-10-04 15:27;1;0;;;
2026-10-04;2026-10-04;16:00;2026-10-04;14:00;Serie B Femminile Italia;Italy Serie B Women;italy-serie-b-women;ISBW;Verona (W);ASD Moncalieri Calcio 1953 (W);27;24;49;2;0-1;2.08;25°C · pioggia 0% · vento 6 km/h;2;49.33;50.67;O;60;40;No;;;;;;;https://betimate.com/it/football-predictions/verona-w-vs-asd-moncalieri-calcio-1953-w/2026-10-04/game;14;2026-10-04 14:12;2026-10-04 15:27;2026-10-04 15:27;1;0;;;
2026-10-04;2026-10-04;16:00;2026-10-04;14:00;Serie B Femminile Italia;Italy Serie B Women;italy-serie-b-women;ISBW;Verona (W);Moncalieri (W);30;20;50;2;0-1;2.7;;2.5;48.45;51.55;O;52;48;No;;;;;;;https://betimate.com/it/football-predictions/verona-w-vs-moncalieri-w/2026-10-04/game;14;2026-10-04 14:12;2026-10-04 15:27;2026-10-04 15:27;1;0;;;
2026-10-04;2026-10-04;16:00;2026-10-04;14:00;Serie D (Italia);Italy Serie D;italy-serie-d;lt4;ASD Licata;Sambiase;31;27;42;2;0-1;2.38;24°C · pioggia 0% · vento 12 km/h;2.25;49.2;50.8;O;49;51;Si;;;;;;;https://betimate.com/it/football-predictions/asd-licata-vs-sambiase/2026-10-04/game;11;2026-10-04 14:12;2026-10-04 15:27;2026-10-04 15:27;1;0;;;
2026-10-04;2026-10-04;16:00;2026-10-04;14:00;Serie D (Italia);Italy Serie D;italy-serie-d;lt4;Budoni;Monastir Kosmoto;39;24;37;1;1-0;2.64;26°C · pioggia 0% · vento 21 km/h;2.5;49.04;50.96;O;47;53;Si;;;;;;;https://betimate.com/it/football-predictions/budoni-vs-monastir-kosmoto/2026-10-04/game;11;2026-10-04 14:12;2026-10-04 15:27;2026-10-04 15:27;1;0;;;
2026-10-04;2026-10-04;16:00;2026-10-04;14:00;Southern League Division One;England Southern League Div One;england-southern-league-div-one;ESLD;Aylesbury United;Marlow;72;13;15;1;3-1;5.03;;3.25;40.73;59.27;O;34;66;Si;;;;;;;https://betimate.com/it/football-predictions/marlow-vs-aylesbury-united/2026-10-04/game;6;2026-10-04 14:12;2026-10-04 15:27;2026-10-04 15:27;1;0;;;
2026-10-04;2026-10-04;16:00;2026-10-04;14:00;Spain Copa del Rey;Spain Copa del Rey;spain-copa-del-rey;SCdR;CD San Jose de Soria;Cented Academy;47;21;32;1;2-1;3.06;;2.5;46.59;53.41;O;43;57;Si;;;;;;;https://betimate.com/it/football-predictions/cd-san-jose-de-soria-vs-cented-academy/2026-10-04/game;15;2026-10-04 14:12;2026-10-04 15:27;2026-10-04 15:27;1;0;;;
2026-10-04;2026-10-04;16:00;2026-10-04;14:00;Spain Copa del Rey;Spain Copa del Rey;spain-copa-del-rey;SCdR;Noja;Ribadesella CF;16;18;66;2;0-2;3.19;23°C · pioggia 0% · vento 15 km/h;3;48.81;51.19;O;46;54;Si;;;;;;;https://betimate.com/it/football-predictions/noja-vs-ribadesella-cf/2026-10-04/game;14;2026-10-04 14:12;2026-10-04 15:27;2026-10-04 15:27;1;0;;;
2026-10-04;2026-10-04;16:00;2026-10-04;14:00;Spain Copa del Rey;Spain Copa del Rey;spain-copa-del-rey;SCdR;Noja;Ribadesella;15;16;69;2;1-2;3.53;;2.5;44.19;55.81;O;44;56;Si;;;;;;;https://betimate.com/it/football-predictions/noja-vs-ribadesella/2026-10-04/game;14;2026-10-04 14:12;2026-10-04 15:27;2026-10-04 15:27;1;0;;;
2026-10-04;2026-10-04;16:00;2026-10-04;14:00;Spain Copa del Rey;Spain Copa del Rey;spain-copa-del-rey;SCdR;Prat;CF San Rafael;60;18;22;1;2-1;3.75;22°C · pioggia 58% · vento 12 km/h;3.5;48.65;51.35;O;40;60;Si;;;;;;;https://betimate.com/it/football-predictions/prat-vs-cf-san-rafael/2026-10-04/game;14;2026-10-04 14:12;2026-10-04 15:27;2026-10-04 15:27;1;0;;;
2026-10-04;2026-10-04;16:00;2026-10-04;14:00;Tercera Gruppo 6 spagnola;Spain Tercera Group 6;spain-tercera-group-6;Es5;Levante B;Crevillente;63;20;17;1;1-0;2.86;23°C · pioggia 10% · vento 9 km/h;2.5;47.81;52.19;O;48;52;Si;;;;;;;https://betimate.com/it/football-predictions/crevillente-vs-levante-b/2026-10-04/game;2;2026-10-04 14:12;2026-10-04 15:27;2026-10-04 15:27;1;0;;;
2026-10-04;2026-10-04;16:00;2026-10-04;14:00;Torneo Federal A Argentina;Argentina Torneo A;argentina-torneo-a;Ar3;Cipolletti;Sol de America de Formosa;49;27;24;1;1-0;1.96;17°C · pioggia 0% · vento 17 km/h;2.25;52.38;47.62;U;55;45;No;;;;;;;https://betimate.com/it/football-predictions/sol-de-america-de-formosa-vs-cipolletti/2026-10-04/game;2;2026-10-04 14:12;2026-10-04 15:27;2026-10-04 15:27;1;0;;;
2026-10-04;2026-10-04;16:00;2026-10-04;14:00;Tunisia League 2;Tunisia League 2;tunisia-league-2;Tn2;AS Kasserine;Olympique Du Kef;57;25;18;1;1-0;2.1;24°C · pioggia 0% · vento 12 km/h;2;49.47;50.53;O;56;44;No;;;;;;;https://betimate.com/it/football-predictions/as-kasserine-vs-olympique-du-kef/2026-10-04/game;14;2026-10-04 14:12;2026-10-04 15:27;2026-10-04 15:27;1;0;;;
2026-10-04;2026-10-04;16:00;2026-10-04;14:00;Tunisia League 2;Tunisia League 2;tunisia-league-2;Tn2;BS Bouhajla;AS Soliman;52;27;21;1;1-0;1.84;;1.75;49.46;50.54;O;58;42;No;;;;;;;https://betimate.com/it/football-predictions/bs-bouhajla-vs-as-soliman/2026-10-04/game;14;2026-10-04 14:12;2026-10-04 15:27;2026-10-04 15:27;1;0;;;
2026-10-04;2026-10-04;16:00;2026-10-04;14:00;Tunisia League 2;Tunisia League 2;tunisia-league-2;Tn2;CS Korba;EGS Gafsa;52;26;22;1;1-0;2;27°C · pioggia 0% · vento 20 km/h;2;50.3;49.7;U;55;45;No;;;;;;;https://betimate.com/it/football-predictions/egs-gafsa-vs-cs-korba/2026-10-04/game;6;2026-10-04 14:12;2026-10-04 15:27;2026-10-04 15:27;1;0;;;
2026-10-04;2026-10-04;16:00;2026-10-04;14:00;Tunisia League 2;Tunisia League 2;tunisia-league-2;Tn2;CS Redeyef;ES Bouchamma;40;25;35;1;1-0;2.58;;2.5;49.4;50.6;O;47;53;Si;;;;;;;https://betimate.com/it/football-predictions/cs-redeyef-vs-es-bouchamma/2026-10-04/game;14;2026-10-04 14:12;2026-10-04 15:27;2026-10-04 15:27;1;0;;;
2026-10-04;2026-10-04;16:00;2026-10-04;14:00;Tunisia League 2;Tunisia League 2;tunisia-league-2;Tn2;Jendouba Sport;AS Ariana;61;21;18;1;1-0;2.5;31°C · pioggia 5% · vento 2 km/h;2.25;48.37;51.63;O;52;48;No;;;;;;;https://betimate.com/it/football-predictions/as-ariana-vs-jendouba-sport/2026-10-04/game;14;2026-10-04 14:12;2026-10-04 15:27;2026-10-04 15:27;1;0;;;
2026-10-04;2026-10-04;16:00;2026-10-04;14:00;Tunisia League 2;Tunisia League 2;tunisia-league-2;Tn2;Kalaa Sport;JS Kairouanaise;47;23;30;1;1-0;2.68;28°C · pioggia 0% · vento 12 km/h;2.25;47.06;52.94;O;47;53;Si;;;;;;;https://betimate.com/it/football-predictions/js-kairouanaise-vs-kalaa-sport/2026-10-04/game;6;2026-10-04 14:12;2026-10-04 15:27;2026-10-04 15:27;1;0;;;
2026-10-04;2026-10-04;16:00;2026-10-04;14:00;Tunisia League 2;Tunisia League 2;tunisia-league-2;Tn2;Stade Gabesien;Moknine;65;20;15;1;1-0;2.53;27°C · pioggia 0% · vento 17 km/h;2.25;48.14;51.86;O;53;47;No;;;;;;;https://betimate.com/it/football-predictions/stade-gabesien-vs-moknine/2026-10-04/game;6;2026-10-04 14:12;2026-10-04 15:27;2026-10-04 15:27;1;0;;;
2026-10-04;2026-10-04;16:00;2026-10-04;14:00;Tunisia League 2;Tunisia League 2;tunisia-league-2;Tn2;US Ksour Essef;Club Olympique Medenine;56;21;23;1;1-0;2.88;;2.25;45.78;54.22;O;46;54;Si;;;;;;;https://betimate.com/it/football-predictions/club-olympique-medenine-vs-us-ksour-essef/2026-10-04/game;14;2026-10-04 14:12;2026-10-04 15:27;2026-10-04 15:27;1;0;;;
2026-10-04;2026-10-04;16:00;2026-10-04;14:00;U19 International;U19 International;u19-international;UI;Azerbaigian U19;Rep Of Ireland U19;4;7;89;2;0-4;4.89;;3;39.33;60.67;O;52;48;No;;;;;;;https://betimate.com/it/football-predictions/rep-of-ireland-u19-vs-azerbaijan-u19/2026-10-04/game;14;2026-10-04 14:12;2026-10-04 15:27;2026-10-04 15:27;1;0;;;
2026-10-04;2026-10-04;16:00;2026-10-04;14:00;Women's Premier League 2 Scozia;Scotland Women Premier League 2;scotland-women-premier-league-2;SWPL;Falkirk (W);Renfrew FC (W);63;16;21;1;2-1;3.38;;3.25;49.13;50.87;O;48;52;Si;;;;;;;https://betimate.com/it/football-predictions/falkirk-w-vs-renfrew-fc-w/2026-10-04/game;14;2026-10-04 14:12;2026-10-04 15:27;2026-10-04 15:27;1;0;;;
2026-10-04;2026-10-04;16:00;2026-10-04;14:00;Women's Premier League 2 Scozia;Scotland Women Premier League 2;scotland-women-premier-league-2;SWPL;Kilmarnock (W);Gartcairn FC (W);79;11;10;1;2-0;3.82;;3.75;49.41;50.59;O;50;50;Si;;;;;;;https://betimate.com/it/football-predictions/gartcairn-fc-w-vs-kilmarnock-w/2026-10-04/game;14;2026-10-04 14:12;2026-10-04 15:27;2026-10-04 15:27;1;0;;;
2026-10-04;2026-10-04;16:00;2026-10-04;14:00;Úrvalsdeild femminile islandese;Iceland Premier League Women;iceland-premier-league-women;IPLW;Breidablik (W);Throttur Reykjavik (W);64;16;20;1;2-1;3.43;9°C · pioggia 60% · vento 15 km/h;3.75;51.7;48.3;U;48;52;Si;;;;;;;https://betimate.com/it/football-predictions/throttur-reykjavik-w-vs-breidablik-w/2026-10-04/game;6;2026-10-04 14:12;2026-10-04 15:27;2026-10-04 15:27;1;0;;;
2026-10-04;2026-10-04;16:00;2026-10-04;14:00;Úrvalsdeild femminile islandese;Iceland Premier League Women;iceland-premier-league-women;IPLW;FH Hafnarfjordur (W);IBV Vestmannaeyjar (W);60;15;25;1;2-1;4.02;8°C · pioggia 60% · vento 16 km/h;4;49.75;50.25;O;42;58;Si;;;;;;;https://betimate.com/it/football-predictions/fh-hafnarfjordur-w-vs-ibv-vestmannaeyjar-w/2026-10-04/game;6;2026-10-04 14:12;2026-10-04 15:27;2026-10-04 15:27;1;0;;;
2026-10-04;2026-10-04;16:05;2026-10-04;14:05;Regional League Spagna;Spain Regional League;spain-regional-league;SRL;CF Martorell;FC Argentona;47;23;30;1;1-0;2.77;;2.5;48.22;51.78;O;46;54;Si;;;;;;;https://betimate.com/it/football-predictions/cf-martorell-vs-fc-argentona/2026-10-04/game;6;2026-10-04 14:12;2026-10-04 15:27;2026-10-04 15:27;1;0;;;
2026-10-04;2026-10-04;16:15;2026-10-04;14:15;Segunda División spagnola;Spain Segunda;spain-segunda;Es2;Sporting Gijon;Celta Fortuna;55;25;20;1;1-0;2.81;23°C · pioggia 3% · vento 4 km/h;2.5;48.01;51.99;O;46;54;Si;;;;;;;https://betimate.com/it/football-predictions/sporting-gijon-vs-celta-fortuna/2026-10-04/game;8;2026-10-04 14:12;2026-10-04 15:27;2026-10-04 15:27;1;0;;;
2026-10-04;2026-10-04;16:30;2026-10-04;14:30;Azadegan League Iran;Iran Div 1;iran-div-1;ID1;Shenavar Sazi Qeshm;Mes Soongoun Varzaghan;38;32;30;1;1-0;1.55;;1.5;49.96;50.04;O;60;40;No;;;;;;;https://betimate.com/it/football-predictions/mes-soongoun-varzaghan-vs-shenavar-sazi-qeshm/2026-10-04/game;15;2026-10-04 14:12;2026-10-04 15:27;2026-10-04 15:27;1;0;;;
2026-10-04;2026-10-04;16:30;2026-10-04;14:30;Croazia - 3. NL;Croatia 3.NL;croatia-3-nl;C3;NK Zadar;NK Omis;76;14;10;1;2-0;3.57;;3;46.35;53.65;O;47;53;Si;;;;;;;https://betimate.com/it/football-predictions/nk-zadar-vs-nk-omis/2026-10-04/game;6;2026-10-04 14:12;2026-10-04 15:27;2026-10-04 15:27;1;0;;;
2026-10-04;2026-10-04;16:30;2026-10-04;14:30;Primera Federación - Gruppo 1 Spagna;Spain Primera Division RFEF Group 1;spain-primera-division-rfef-group-1;SPDR;Ponferradina;Mirandes;44;28;28;1;1-0;2.21;24°C · pioggia 3% · vento 2 km/h;2.25;50.72;49.28;U;53;47;No;;;;;;;https://betimate.com/it/football-predictions/mirandes-vs-ponferradina/2026-10-04/game;6;2026-10-04 14:12;2026-10-04 15:27;2026-10-04 15:27;1;0;;;
2026-10-04;2026-10-04;16:30;2026-10-04;14:30;Primera Federación - Gruppo 1 Spagna;Spain Primera Division RFEF Group 1;spain-primera-division-rfef-group-1;SPDR;Zamora CF;CD Coria;41;27;32;1;1-0;2.5;23°C · pioggia 0% · vento 6 km/h;2.5;50.11;49.89;U;48;52;Si;;;;;;;https://betimate.com/it/football-predictions/zamora-cf-vs-cd-coria/2026-10-04/game;6;2026-10-04 14:12;2026-10-04 15:27;2026-10-04 15:27;1;0;;;
2026-10-04;2026-10-04;16:30;2026-10-04;14:30;Tercera Gruppo 7 spagnola;Spain Tercera Group 7;spain-tercera-group-7;Es5;CD Galapagar;AD Cala Pozuelo;47;22;31;1;2-1;3.13;18°C · pioggia 53% · vento 2 km/h;2.5;46.19;53.81;O;43;57;Si;;;;;;;https://betimate.com/it/football-predictions/cd-galapagar-vs-ad-cala-pozuelo/2026-10-04/game;2;2026-10-04 14:12;2026-10-04 15:27;2026-10-04 15:27;1;0;;;
2026-10-04;2026-10-04;16:30;2026-10-04;14:30;Tercera RFEF Gruppo 17 Spagna;Spain Tercera Group 17;spain-tercera-group-17;Es5;CDJ Tamarite;Brea;41;24;35;1;1-0;2.63;;2.5;49.13;50.87;O;47;53;Si;;;;;;;https://betimate.com/it/football-predictions/cdj-tamarite-vs-brea/2026-10-04/game;10;2026-10-04 14:12;2026-10-04 15:27;2026-10-04 15:27;1;0;;;
2026-10-04;2026-10-04;16:30;2026-10-04;14:30;UAE President’s Cup;UAE President’s Cup;uae-president-s-cup;UPsC;Al Arabi Umm Al Quwain;Al Urooba;43;25;32;1;1-0;2.33;33°C · pioggia 0% · vento 11 km/h;2.5;51.01;48.99;U;50;50;Si;;;;;;;https://betimate.com/it/football-predictions/al-arabi-umm-al-quwain-vs-al-urooba/2026-10-04/game;15;2026-10-04 14:12;2026-10-04 15:27;2026-10-04 15:27;1;0;;;
2026-10-04;2026-10-04;16:30;2026-10-04;14:30;UAE President’s Cup;UAE President’s Cup;uae-president-s-cup;UPsC;Al Fujairah;Dubba Al Husun;28;21;51;2;1-2;3.26;35°C · pioggia 0% · vento 19 km/h;3;48.27;51.73;O;42;58;Si;;;;;;;https://betimate.com/it/football-predictions/al-fujairah-vs-dubba-al-husun/2026-10-04/game;6;2026-10-04 14:12;2026-10-04 15:27;2026-10-04 15:27;1;0;;;
2026-10-04;2026-10-04;16:30;2026-10-04;14:30;Women's Premier League 2 Scozia;Scotland Women Premier League 2;scotland-women-premier-league-2;SWPL;Dundee Utd (W);Boroughmuir Thistle (W);13;17;70;2;0-1;2.67;15°C · pioggia 12% · vento 26 km/h;2.5;48.69;51.31;O;58;42;No;;;;;;;https://betimate.com/it/football-predictions/dundee-utd-w-vs-boroughmuir-thistle-w/2026-10-04/game;15;2026-10-04 14:12;2026-10-04 15:27;2026-10-04 15:27;1;0;;;
2026-10-04;2026-10-04;16:45;2026-10-04;14:45;División de Honor Juvenil (Spagna);Spain Youth League;spain-youth-league;SYL;Valladolid U19;Leioa U19;64;16;20;1;2-1;3.63;;3.25;47.8;52.2;O;42;58;Si;;;;;;;https://betimate.com/it/football-predictions/valladolid-u19-vs-leioa-u19/2026-10-04/game;11;2026-10-04 14:12;2026-10-04 15:27;2026-10-04 15:27;1;0;;;
2026-10-04;2026-10-04;16:45;2026-10-04;14:45;Eredivisie Femminile Paesi Bassi;Netherlands Eredivisie Women;netherlands-eredivisie-women;NEW;ADO Den Haag (W);PSV (W);5;7;88;2;0-3;4.35;19°C · pioggia 12% · vento 7 km/h;3.5;45.61;54.39;O;53;47;No;;;;;;;https://betimate.com/it/football-predictions/psv-w-vs-ado-den-haag-w/2026-10-04/game;6;2026-10-04 14:12;2026-10-04 15:27;2026-10-04 15:27;1;0;;;
2026-10-04;2026-10-04;16:45;2026-10-04;14:45;Eredivisie Femminile Paesi Bassi;Netherlands Eredivisie Women;netherlands-eredivisie-women;NEW;De Graafschap (W);VV Alkmaar (W);49;18;33;1;2-1;3.34;;3;47.51;52.49;O;46;54;Si;;;;;;;https://betimate.com/it/football-predictions/vv-alkmaar-w-vs-de-graafschap-w/2026-10-04/game;15;2026-10-04 14:12;2026-10-04 15:27;2026-10-04 15:27;1;0;;;
2026-10-04;2026-10-04;16:45;2026-10-04;14:45;Eredivisie Femminile Paesi Bassi;Netherlands Eredivisie Women;netherlands-eredivisie-women;NEW;Feyenoord (W);Ajax (W);24;17;59;2;1-2;3.39;20°C · pioggia 12% · vento 5 km/h;3;47.15;52.85;O;47;53;Si;;;;;;;https://betimate.com/it/football-predictions/feyenoord-w-vs-ajax-w/2026-10-04/game;6;2026-10-04 14:12;2026-10-04 15:27;2026-10-04 15:27;1;0;;;
2026-10-04;2026-10-04;16:45;2026-10-04;14:45;Eredivisie Femminile Paesi Bassi;Netherlands Eredivisie Women;netherlands-eredivisie-women;NEW;PEC Zwolle (W);Heerenveen (W);45;18;37;1;2-1;3.62;20°C · pioggia 2% · vento 8 km/h;3.25;47.73;52.27;O;43;57;Si;;;;;;;https://betimate.com/it/football-predictions/pec-zwolle-w-vs-heerenveen-w/2026-10-04/game;6;2026-10-04 14:12;2026-10-04 15:27;2026-10-04 15:27;1;0;;;
2026-10-04;2026-10-04;17:00;2026-10-04;15:00;2. divisjon Gruppo 1 (Norvegia);Norway Division 2 Group 1;norway-division-2-group-1;;Lysekloster;Jerv;21;20;59;2;1-2;3.21;12°C · pioggia 100% · vento 21 km/h;3.5;51.6;48.4;U;44;56;Si;;;;;;;https://betimate.com/it/football-predictions/lysekloster-vs-jerv/2026-10-04/game;6;2026-10-04 14:12;2026-10-04 15:27;2026-10-04 15:27;1;0;;;
2026-10-04;2026-10-04;17:00;2026-10-04;15:00;2. divisjon Gruppo 1 (Norvegia);Norway Division 2 Group 1;norway-division-2-group-1;;Mjondalen;Træff;45;20;35;1;2-1;3.52;14°C · pioggia 0% · vento 3 km/h;3.5;49.85;50.15;O;39;61;Si;;;;;;;https://betimate.com/it/football-predictions/mjondalen-vs-tr-ff/2026-10-04/game;15;2026-10-04 14:12;2026-10-04 15:27;2026-10-04 15:27;1;0;;;
2026-10-04;2026-10-04;17:00;2026-10-04;15:00;Azadegan League Iran;Iran Div 1;iran-div-1;ID1;Naft Masjed Soleyman FC;FC Fard;32;33;35;2;0-1;1.61;34°C · pioggia 0% · vento 12 km/h;1.5;49.47;50.53;O;59;41;No;;;;;;;https://betimate.com/it/football-predictions/fc-fard-vs-naft-masjed-soleyman-fc/2026-10-04/game;15;2026-10-04 14:12;2026-10-04 15:27;2026-10-04 15:27;1;0;;;
2026-10-04;2026-10-04;17:00;2026-10-04;15:00;Benin Ligue 1;Benin Ligue 1;benin-ligue-1;BL1;Sobemap;Hodio FC;42;26;32;1;1-0;2.25;;2;48.01;51.99;O;51;49;No;;;;;;;https://betimate.com/it/football-predictions/hodio-fc-vs-sobemap/2026-10-04/game;7;2026-10-04 14:12;2026-10-04 15:27;2026-10-04 15:27;1;0;;;
2026-10-04;2026-10-04;17:00;2026-10-04;15:00;Botola 2 marocchina;Morocco GNF 2;morocco-gnf-2;Ma2;JS Soualem;JS Massira;39;25;36;1;1-0;2.33;26°C · pioggia 0% · vento 15 km/h;1.75;45.68;54.32;O;50;50;Si;;;;;;;https://betimate.com/it/football-predictions/js-soualem-vs-js-massira/2026-10-04/game;8;2026-10-04 14:12;2026-10-04 15:27;2026-10-04 15:27;1;0;;;
2026-10-04;2026-10-04;17:00;2026-10-04;15:00;Campionato Femminile Polonia;Poland League Women;poland-league-women;PLW;Lech Poznan UAM II (W);Unia Lublin (W);57;16;27;1;2-1;3.76;;3.5;48.51;51.49;O;43;57;Si;;;;;;;https://betimate.com/it/football-predictions/unia-lublin-w-vs-lech-poznan-uam-ii-w/2026-10-04/game;15;2026-10-04 14:12;2026-10-04 15:27;2026-10-04 15:27;1;0;;;
2026-10-04;2026-10-04;17:00;2026-10-04;15:00;División de Honor Juvenil (Spagna);Spain Youth League;spain-youth-league;SYL;CD Mosquito U19;CD Utrera U19;62;18;20;1;2-0;2.93;;3;50.59;49.41;U;48;52;Si;;;;;;;https://betimate.com/it/football-predictions/cd-mosquito-u19-vs-cd-utrera-u19/2026-10-04/game;12;2026-10-04 14:12;2026-10-04 15:27;2026-10-04 15:27;1;0;;;
2026-10-04;2026-10-04;17:00;2026-10-04;15:00;División de Honor Juvenil (Spagna);Spain Youth League;spain-youth-league;SYL;Cartagena FC U19;Kelme CF U19;56;21;23;1;1-0;2.59;;2.75;50.98;49.02;U;50;50;Si;;;;;;;https://betimate.com/it/football-predictions/kelme-cf-u19-vs-cartagena-fc-u19/2026-10-04/game;3;2026-10-04 14:12;2026-10-04 15:27;2026-10-04 15:27;1;0;;;
2026-10-04;2026-10-04;17:00;2026-10-04;15:00;División de Honor Juvenil (Spagna);Spain Youth League;spain-youth-league;SYL;Girona U19;CD Oberena U19;69;15;16;1;2-1;3.62;;3;45.91;54.09;O;44;56;Si;;;;;;;https://betimate.com/it/football-predictions/girona-u19-vs-cd-oberena-u19/2026-10-04/game;12;2026-10-04 14:12;2026-10-04 15:27;2026-10-04 15:27;1;0;;;
2026-10-04;2026-10-04;17:00;2026-10-04;15:00;División de Honor Juvenil (Spagna);Spain Youth League;spain-youth-league;SYL;Rayo Ciudad Alcobendas CF U19;Real Madrid U19;14;16;70;2;0-2;2.89;;3.25;52.45;47.55;U;52;48;No;;;;;;;https://betimate.com/it/football-predictions/real-madrid-u19-vs-rayo-ciudad-alcobendas-cf-u19/2026-10-04/game;3;2026-10-04 14:12;2026-10-04 15:27;2026-10-04 15:27;1;0;;;
2026-10-04;2026-10-04;17:00;2026-10-04;15:00;División de Honor Juvenil (Spagna);Spain Youth League;spain-youth-league;SYL;Sporting Atletico U19;Marbella FC U19;61;16;23;1;2-1;3.91;;3.75;49.01;50.99;O;38;62;Si;;;;;;;https://betimate.com/it/football-predictions/sporting-atletico-u19-vs-marbella-fc-u19/2026-10-04/game;12;2026-10-04 14:12;2026-10-04 15:27;2026-10-04 15:27;1;0;;;
2026-10-04;2026-10-04;17:00;2026-10-04;15:00;División de Honor Juvenil (Spagna);Spain Youth League;spain-youth-league;SYL;Torrent CF U19;Mallorca U19;40;20;40;1;2-1;3.1;;2.75;47.53;52.47;O;42;58;Si;;;;;;;https://betimate.com/it/football-predictions/mallorca-u19-vs-torrent-cf-u19/2026-10-04/game;12;2026-10-04 14:12;2026-10-04 15:27;2026-10-04 15:27;1;0;;;
2026-10-04;2026-10-04;17:00;2026-10-04;15:00;División de Honor Juvenil (Spagna);Spain Youth League;spain-youth-league;SYL;UD Tomares U19;Cadiz U19;46;22;32;1;1-0;2.56;;2.75;51.07;48.93;U;48;52;Si;;;;;;;https://betimate.com/it/football-predictions/ud-tomares-u19-vs-cadiz-u19/2026-10-04/game;3;2026-10-04 14:12;2026-10-04 15:27;2026-10-04 15:27;1;0;;;
2026-10-04;2026-10-04;17:00;2026-10-04;15:00;Erovnuli Liga georgiana;Georgia Erovnuli Liga;georgia-erovnuli-liga;Ge1;FC Iberia 1999;Dinamo Tbilisi;42;27;31;1;1-0;2.64;14°C · pioggia 0% · vento 8 km/h;2.5;49.02;50.98;O;45;55;Si;;;;;;;https://betimate.com/it/football-predictions/dinamo-tbilisi-vs-fc-iberia-1999/2026-10-04/game;1;2026-10-04 14:12;2026-10-04 15:27;2026-10-04 15:27;1;0;;;
2026-10-04;2026-10-04;17:00;2026-10-04;15:00;Ettan Norra Svezia;Sweden 1.div Norra;sweden-1-div-norra;Se3;Umea FC;Hammarby TFF;19;21;60;2;0-1;2.79;13°C · pioggia 0% · vento 9 km/h;2.75;49.74;50.26;O;48;52;Si;;;;;;;https://betimate.com/it/football-predictions/umea-fc-vs-hammarby-tff/2026-10-04/game;2;2026-10-04 14:12;2026-10-04 15:27;2026-10-04 15:27;1;0;;;
2026-10-04;2026-10-04;17:00;2026-10-04;15:00;Francia - Division 2 Femminile;France Division 2 Women;france-division-2-women;;Caen (W);St Etienne (W);9;11;80;2;0-2;3.25;;3;48.18;51.82;O;57;43;No;;;;;;;https://betimate.com/it/football-predictions/st-etienne-w-vs-caen-w/2026-10-04/game;15;2026-10-04 14:12;2026-10-04 15:27;2026-10-04 15:27;1;0;;;
2026-10-04;2026-10-04;17:00;2026-10-04;15:00;II Liga polacca;Poland II Liga;poland-ii-liga;Pl2;Gornik Leczna;Chojniczanka Chojnice;43;22;35;1;2-1;2.96;20°C · pioggia 0% · vento 12 km/h;3;50.34;49.66;U;44;56;Si;;;;;;;https://betimate.com/it/football-predictions/chojniczanka-chojnice-vs-gornik-leczna/2026-10-04/game;1;2026-10-04 14:12;2026-10-04 15:27;2026-10-04 15:27;1;0;;;
2026-10-04;2026-10-04;17:00;2026-10-04;15:00;IV Liga Polonia;Poland IV Liga;poland-iv-liga;PIL;Limanovia Limanowa;Kalwarianka Kalwaria Zebrzydowska;37;24;39;2;0-1;2.58;;3;53.35;46.65;U;47;53;Si;;;;;;;https://betimate.com/it/football-predictions/limanovia-limanowa-vs-kalwarianka-kalwaria-zebrzydowska/2026-10-04/game;7;2026-10-04 14:12;2026-10-04 15:27;2026-10-04 15:27;1;0;;;
2026-10-04;2026-10-04;17:00;2026-10-04;15:00;Polonia - Ekstraliga Femminile;Poland Ekstraliga Women;poland-ekstraliga-women;PEW;Legia Warsaw (W);UKS SMS Lodz (W);38;19;43;2;1-2;3.21;;3.25;50.14;49.86;U;47;53;Si;;;;;;;https://betimate.com/it/football-predictions/uks-sms-lodz-w-vs-legia-warsaw-w/2026-10-04/game;15;2026-10-04 14:12;2026-10-04 15:27;2026-10-04 15:27;1;0;;;
2026-10-04;2026-10-04;17:00;2026-10-04;15:00;Premier League Femminile scozzese;Scotland Premier League Women;scotland-premier-league-women;SPLW;Montrose LFC (W);Glasgow City (W);2;4;94;2;0-4;5.09;;5.5;51.64;48.36;U;56;44;No;;;;;;;https://betimate.com/it/football-predictions/glasgow-city-w-vs-montrose-lfc-w/2026-10-04/game;6;2026-10-04 14:12;2026-10-04 15:27;2026-10-04 15:27;1;0;;;
2026-10-04;2026-10-04;17:00;2026-10-04;15:00;Premier League Femminile scozzese;Scotland Premier League Women;scotland-premier-league-women;SPLW;Motherwell (W);Aberdeen (W);56;18;26;1;2-1;3.01;16°C · pioggia 10% · vento 19 km/h;3;49.8;50.2;O;50;50;Si;;;;;;;https://betimate.com/it/football-predictions/aberdeen-w-vs-motherwell-w/2026-10-04/game;15;2026-10-04 14:12;2026-10-04 15:27;2026-10-04 15:27;1;0;;;
2026-10-04;2026-10-04;17:00;2026-10-04;15:00;Premier League Femminile scozzese;Scotland Premier League Women;scotland-premier-league-women;SPLW;Partick Thistle (W);Rangers (W);6;9;85;2;0-3;3.67;16°C · pioggia 24% · vento 22 km/h;4;51.99;48.01;U;57;43;No;;;;;;;https://betimate.com/it/football-predictions/partick-thistle-w-vs-rangers-w/2026-10-04/game;6;2026-10-04 14:12;2026-10-04 15:27;2026-10-04 15:27;1;0;;;
2026-10-04;2026-10-04;17:00;2026-10-04;15:00;Premier League Nigeria;Nigeria Premier League;nigeria-premier-league;Ng1;Bendel Insurance;Barau FC;47;30;23;1;1-0;1.9;;1.75;48.7;51.3;O;56;44;No;;;;;;;https://betimate.com/it/football-predictions/bendel-insurance-vs-barau-fc/2026-10-04/game;15;2026-10-04 14:12;2026-10-04 15:27;2026-10-04 15:27;1;0;;;
2026-10-04;2026-10-04;17:00;2026-10-04;15:00;Premier League Nigeria;Nigeria Premier League;nigeria-premier-league;Ng1;Doma United;Warri Wolves FC;60;25;15;1;1-0;2.28;;2.25;49.77;50.23;O;53;47;No;;;;;;;https://betimate.com/it/football-predictions/warri-wolves-fc-vs-doma-united/2026-10-04/game;15;2026-10-04 14:12;2026-10-04 15:27;2026-10-04 15:27;1;0;;;
2026-10-04;2026-10-04;17:00;2026-10-04;15:00;Premier League Nigeria;Nigeria Premier League;nigeria-premier-league;Ng1;Enugu Rangers;Abia Warriors;71;21;8;1;1-0;2.3;27°C · pioggia 82% · vento 8 km/h;2.25;49.67;50.33;O;59;41;No;;;;;;;https://betimate.com/it/football-predictions/abia-warriors-vs-enugu-rangers/2026-10-04/game;15;2026-10-04 14:12;2026-10-04 15:27;2026-10-04 15:27;1;0;;;
2026-10-04;2026-10-04;17:00;2026-10-04;15:00;Premier League Nigeria;Nigeria Premier League;nigeria-premier-league;Ng1;Enyimba;Plateau United;55;26;19;1;1-0;2.31;26°C · pioggia 100% · vento 3 km/h;2;47.33;52.67;O;52;48;No;;;;;;;https://betimate.com/it/football-predictions/enyimba-vs-plateau-united/2026-10-04/game;7;2026-10-04 14:12;2026-10-04 15:27;2026-10-04 15:27;1;0;;;
2026-10-04;2026-10-04;17:00;2026-10-04;15:00;Premier League Nigeria;Nigeria Premier League;nigeria-premier-league;Ng1;Inter Lagos;Katsina Utd;49;30;21;1;1-0;1.82;;2;51.79;48.21;U;57;43;No;;;;;;;https://betimate.com/it/football-predictions/katsina-utd-vs-inter-lagos/2026-10-04/game;7;2026-10-04 14:12;2026-10-04 15:27;2026-10-04 15:27;1;0;;;
2026-10-04;2026-10-04;17:00;2026-10-04;15:00;Premier League Nigeria;Nigeria Premier League;nigeria-premier-league;Ng1;Kwara United;Ranchers Bees;56;26;18;1;1-0;2.23;27°C · pioggia 65% · vento 7 km/h;2;48.09;51.91;O;53;47;No;;;;;;;https://betimate.com/it/football-predictions/kwara-united-vs-ranchers-bees/2026-10-04/game;15;2026-10-04 14:12;2026-10-04 15:27;2026-10-04 15:27;1;0;;;
2026-10-04;2026-10-04;17:00;2026-10-04;15:00;Premier League Nigeria;Nigeria Premier League;nigeria-premier-league;Ng1;Niger Tornadoes;Kun Khalifat FC;60;24;16;1;1-0;2.29;30°C · pioggia 39% · vento 6 km/h;2.25;49.74;50.26;O;54;46;No;;;;;;;https://betimate.com/it/football-predictions/niger-tornadoes-vs-kun-khalifat-fc/2026-10-04/game;15;2026-10-04 14:12;2026-10-04 15:27;2026-10-04 15:27;1;0;;;
2026-10-04;2026-10-04;17:00;2026-10-04;15:00;Premier League Nigeria;Nigeria Premier League;nigeria-premier-league;Ng1;Rivers United;Ikorodu City FC;69;20;11;1;1-0;2.47;29°C · pioggia 96% · vento 8 km/h;2.25;48.31;51.69;O;55;45;No;;;;;;;https://betimate.com/it/football-predictions/rivers-united-vs-ikorodu-city-fc/2026-10-04/game;7;2026-10-04 14:12;2026-10-04 15:27;2026-10-04 15:27;1;0;;;
2026-10-04;2026-10-04;17:00;2026-10-04;15:00;Premier League Nigeria;Nigeria Premier League;nigeria-premier-league;Ng1;Shooting Stars;Nasarawa United;60;25;15;1;1-0;2.34;25°C · pioggia 94% · vento 8 km/h;2;47.16;52.84;O;53;47;No;;;;;;;https://betimate.com/it/football-predictions/shooting-stars-vs-nasarawa-united/2026-10-04/game;7;2026-10-04 14:12;2026-10-04 15:27;2026-10-04 15:27;1;0;;;
2026-10-04;2026-10-04;17:00;2026-10-04;15:00;Premier League ghanese;Ghana Premier League;ghana-premier-league;Gh1;Aduana Stars;Swedru All Blacks Utd;51;32;17;1;1-0;1.67;26°C · pioggia 92% · vento 5 km/h;2;53.79;46.21;U;61;39;No;;;;;;;https://betimate.com/it/football-predictions/aduana-stars-vs-swedru-all-blacks-utd/2026-10-04/game;6;2026-10-04 14:12;2026-10-04 15:27;2026-10-04 15:27;1;0;;;
2026-10-04;2026-10-04;17:00;2026-10-04;15:00;Premier League ghanese;Ghana Premier League;ghana-premier-league;Gh1;Basake Holy Stars FC;Berekum Chelsea;43;31;26;1;1-0;2.07;;2;49.68;50.32;O;53;47;No;;;;;;;https://betimate.com/it/football-predictions/berekum-chelsea-vs-basake-holy-stars-fc/2026-10-04/game;15;2026-10-04 14:12;2026-10-04 15:27;2026-10-04 15:27;1;0;;;
2026-10-04;2026-10-04;17:00;2026-10-04;15:00;Premier League ghanese;Ghana Premier League;ghana-premier-league;Gh1;Debibi United;Medeama SC;38;27;35;1;1-0;2.63;;2;44.78;55.22;O;46;54;Si;;;;;;;https://betimate.com/it/football-predictions/medeama-sc-vs-debibi-united/2026-10-04/game;6;2026-10-04 14:12;2026-10-04 15:27;2026-10-04 15:27;1;0;;;
2026-10-04;2026-10-04;17:00;2026-10-04;15:00;Premier League ghanese;Ghana Premier League;ghana-premier-league;Gh1;Heart of Lions;Ashanti Gold;55;27;18;1;1-0;2.11;28°C · pioggia 98% · vento 11 km/h;2;48.96;51.04;O;53;47;No;;;;;;;https://betimate.com/it/football-predictions/ashanti-gold-vs-heart-of-lions/2026-10-04/game;15;2026-10-04 14:12;2026-10-04 15:27;2026-10-04 15:27;1;0;;;
2026-10-04;2026-10-04;17:00;2026-10-04;15:00;Premier League ghanese;Ghana Premier League;ghana-premier-league;Gh1;Port City FC Ghana;Bechem FC;58;27;15;1;1-0;2.13;;2.25;51.64;48.36;U;59;41;No;;;;;;;https://betimate.com/it/football-predictions/bechem-fc-vs-port-city-fc-ghana/2026-10-04/game;15;2026-10-04 14:12;2026-10-04 15:27;2026-10-04 15:27;1;0;;;
2026-10-04;2026-10-04;17:00;2026-10-04;15:00;Premier League ghanese;Ghana Premier League;ghana-premier-league;Gh1;Samartex;Young Apostles;61;26;13;1;1-0;2.11;26°C · pioggia 100% · vento 10 km/h;2;49.47;50.53;O;58;42;No;;;;;;;https://betimate.com/it/football-predictions/samartex-vs-young-apostles/2026-10-04/game;15;2026-10-04 14:12;2026-10-04 15:27;2026-10-04 15:27;1;0;;;
2026-10-04;2026-10-04;17:00;2026-10-04;15:00;Primera Federación - Gruppo 1 Spagna;Spain Primera Division RFEF Group 1;spain-primera-division-rfef-group-1;SPDR;Real Unión;Ourense;56;22;22;1;2-1;3.12;;3;49.27;50.73;O;44;56;Si;;;;;;;https://betimate.com/it/football-predictions/real-union-vs-ourense/2026-10-04/game;15;2026-10-04 14:12;2026-10-04 15:27;2026-10-04 15:27;1;0;;;
2026-10-04;2026-10-04;17:00;2026-10-04;15:00;Regional League Spagna;Spain Regional League;spain-regional-league;SRL;Manlleu;UE Rubi;50;21;29;1;2-1;3.13;;2.75;47.53;52.47;O;43;57;Si;;;;;;;https://betimate.com/it/football-predictions/manlleu-vs-ue-rubi/2026-10-04/game;7;2026-10-04 14:12;2026-10-04 15:27;2026-10-04 15:27;1;0;;;
2026-10-04;2026-10-04;17:00;2026-10-04;15:00;Regional League Spagna;Spain Regional League;spain-regional-league;SRL;UD Viladecans;UE Valls;54;21;25;1;2-1;3.03;;2.75;48.1;51.9;O;44;56;Si;;;;;;;https://betimate.com/it/football-predictions/ud-viladecans-vs-ue-valls/2026-10-04/game;7;2026-10-04 14:12;2026-10-04 15:27;2026-10-04 15:27;1;0;;;
2026-10-04;2026-10-04;17:00;2026-10-04;15:00;Seconda Lega russa;Russia Division 2;russia-division-2;RD2;FC Irkutsk 2020;FC Cherepovets;51;23;26;1;1-0;2.78;;2.75;49.74;50.26;O;46;54;Si;;;;;;;https://betimate.com/it/football-predictions/fc-cherepovets-vs-fc-irkutsk-2020/2026-10-04/game;15;2026-10-04 14:12;2026-10-04 15:27;2026-10-04 15:27;1;0;;;
2026-10-04;2026-10-04;17:00;2026-10-04;15:00;Segunda División Cile;Chile Segunda;chile-segunda;CS;Brujas de Salamanca;Deportes Linares;35;30;35;1;1-0;1.75;;2;52.73;47.27;U;57;43;No;;;;;;;https://betimate.com/it/football-predictions/deportes-linares-vs-brujas-de-salamanca/2026-10-04/game;3;2026-10-04 14:12;2026-10-04 15:27;2026-10-04 15:27;1;0;;;
2026-10-04;2026-10-04;17:00;2026-10-04;15:00;Segunda División Guatemala;Guatemala Segunda Division;guatemala-segunda-division;GSD;CF USAC;Champs Academy II;81;11;8;1;3-0;4.17;;3.5;46.66;53.34;O;45;55;Si;;;;;;;https://betimate.com/it/football-predictions/cf-usac-vs-champs-academy-ii/2026-10-04/game;15;2026-10-04 14:12;2026-10-04 15:27;2026-10-04 15:27;1;0;;;
2026-10-04;2026-10-04;17:00;2026-10-04;15:00;Segunda División costaricana femminile;Costa Rica Segunda Division Women;costa-rica-segunda-division-women;CRSD;ADU UCR (W);CCDR San Pablo (W);47;18;35;1;2-1;3.43;;3.5;50.25;49.75;U;45;55;Si;;;;;;;https://betimate.com/it/football-predictions/ccdr-san-pablo-w-vs-adu-ucr-w/2026-10-04/game;15;2026-10-04 14:12;2026-10-04 15:27;2026-10-04 15:27;1;0;;;
2026-10-04;2026-10-04;17:00;2026-10-04;15:00;Serie D (Italia);Italy Serie D;italy-serie-d;lt4;Città di Gela;SSD Athletic Club Palermo;39;25;36;1;2-1;3.04;;2.75;48.22;51.78;O;43;57;Si;;;;;;;https://betimate.com/it/football-predictions/ssd-athletic-club-palermo-vs-citta-di-gela/2026-10-04/game;12;2026-10-04 14:12;2026-10-04 15:27;2026-10-04 15:27;1;0;;;
2026-10-04;2026-10-04;17:00;2026-10-04;15:00;Spagna - Primera Federación Femminile;Spain Primera Federacion Women;spain-primera-federacion-women;SPFW;Barcelona II (W);Alhama CF (W);74;12;14;1;2-1;3.99;;3;43.46;56.54;O;47;53;Si;;;;;;;https://betimate.com/it/football-predictions/alhama-cf-w-vs-barcelona-ii-w/2026-10-04/game;15;2026-10-04 14:12;2026-10-04 15:27;2026-10-04 15:27;1;0;;;
2026-10-04;2026-10-04;17:00;2026-10-04;15:00;Spagna - Segunda Federación Gruppo 1;Spain Segunda Division RFEF Group 1;spain-segunda-division-rfef-group-1;SSDR;Bergantinos;Coruxo;44;26;30;1;1-0;2.75;18°C · pioggia 8% · vento 15 km/h;2.25;46.83;53.17;O;46;54;Si;;;;;;;https://betimate.com/it/football-predictions/bergantinos-vs-coruxo/2026-10-04/game;6;2026-10-04 14:12;2026-10-04 15:27;2026-10-04 15:27;1;0;;;
2026-10-04;2026-10-04;17:00;2026-10-04;15:00;Spagna - Segunda Federación Gruppo 1;Spain Segunda Division RFEF Group 1;spain-segunda-division-rfef-group-1;SSDR;Compostela;Real Oviedo B;33;26;41;2;1-2;2.9;21°C · pioggia 3% · vento 18 km/h;2.25;45.88;54.12;O;45;55;Si;;;;;;;https://betimate.com/it/football-predictions/real-oviedo-b-vs-compostela/2026-10-04/game;6;2026-10-04 14:12;2026-10-04 15:27;2026-10-04 15:27;1;0;;;
2026-10-04;2026-10-04;17:00;2026-10-04;15:00;Spagna - Segunda Federación Gruppo 1;Spain Segunda Division RFEF Group 1;spain-segunda-division-rfef-group-1;SSDR;Gernika;Sestao River;41;25;34;1;2-1;3.14;24°C · pioggia 3% · vento 9 km/h;2;41.77;58.23;O;43;57;Si;;;;;;;https://betimate.com/it/football-predictions/sestao-river-vs-gernika/2026-10-04/game;6;2026-10-04 14:12;2026-10-04 15:27;2026-10-04 15:27;1;0;;;
2026-10-04;2026-10-04;17:00;2026-10-04;15:00;Spagna - Segunda Federación Gruppo 1;Spain Segunda Division RFEF Group 1;spain-segunda-division-rfef-group-1;SSDR;Ourense;Arosa;62;20;18;1;2-1;3.6;26°C · pioggia 0% · vento 4 km/h;2.5;44.01;55.99;O;42;58;Si;;;;;;;https://betimate.com/it/football-predictions/arosa-vs-ourense/2026-10-04/game;6;2026-10-04 14:12;2026-10-04 15:27;2026-10-04 15:27;1;0;;;
2026-10-04;2026-10-04;17:00;2026-10-04;15:00;Spagna - Segunda Federación Gruppo 2;Spain Segunda Division RFEF Group 2;spain-segunda-division-rfef-group-2;SSDR;Arnedo;CD Ebro;37;27;36;1;1-0;2.63;23°C · pioggia 23% · vento 7 km/h;2.5;49.4;50.6;O;47;53;Si;;;;;;;https://betimate.com/it/football-predictions/arnedo-vs-cd-ebro/2026-10-04/game;6;2026-10-04 14:12;2026-10-04 15:27;2026-10-04 15:27;1;0;;;
2026-10-04;2026-10-04;17:00;2026-10-04;15:00;Spagna - Segunda Federación Gruppo 2;Spain Segunda Division RFEF Group 2;spain-segunda-division-rfef-group-2;SSDR;Osasuna B;CF Calamocha;65;21;14;1;1-0;2.69;25°C · pioggia 3% · vento 3 km/h;2.5;49.05;50.95;O;52;48;No;;;;;;;https://betimate.com/it/football-predictions/osasuna-b-vs-cf-calamocha/2026-10-04/game;6;2026-10-04 14:12;2026-10-04 15:27;2026-10-04 15:27;1;0;;;
2026-10-04;2026-10-04;17:00;2026-10-04;15:00;Spagna - Segunda Federación Gruppo 2;Spain Segunda Division RFEF Group 2;spain-segunda-division-rfef-group-2;SSDR;Osasuna B;Castellon B;39;28;33;1;1-0;2.43;;2.25;48.94;51.06;O;49;51;Si;;;;;;;https://betimate.com/it/football-predictions/osasuna-b-vs-castellon-b/2026-10-04/game;15;2026-10-04 14:12;2026-10-04 15:27;2026-10-04 15:27;1;0;;;
2026-10-04;2026-10-04;17:00;2026-10-04;15:00;Spagna - Segunda Federación Gruppo 2;Spain Segunda Division RFEF Group 2;spain-segunda-division-rfef-group-2;SSDR;Reus FC Reddis;CE Manresa;47;26;27;1;1-0;2.34;;2.25;49.48;50.52;O;50;50;Si;;;;;;;https://betimate.com/it/football-predictions/ce-manresa-vs-reus-fc-reddis/2026-10-04/game;7;2026-10-04 14:12;2026-10-04 15:27;2026-10-04 15:27;1;0;;;
2026-10-04;2026-10-04;17:00;2026-10-04;15:00;Spagna - Segunda Federación Gruppo 2;Spain Segunda Division RFEF Group 2;spain-segunda-division-rfef-group-2;SSDR;UD Barbastro;Utebo;39;28;33;1;1-0;2.32;23°C · pioggia 8% · vento 10 km/h;2.25;49.8;50.2;O;50;50;Si;;;;;;;https://betimate.com/it/football-predictions/utebo-vs-ud-barbastro/2026-10-04/game;6;2026-10-04 14:12;2026-10-04 15:27;2026-10-04 15:27;1;0;;;
2026-10-04;2026-10-04;17:00;2026-10-04;15:00;Spagna - Segunda Federación Gruppo 2;Spain Segunda Division RFEF Group 2;spain-segunda-division-rfef-group-2;SSDR;UD Logrones B;UE Olot;19;25;56;2;0-1;2.21;24°C · pioggia 0% · vento 9 km/h;2.25;50.47;49.53;U;54;46;No;;;;;;;https://betimate.com/it/football-predictions/ud-logrones-b-vs-ue-olot/2026-10-04/game;6;2026-10-04 14:12;2026-10-04 15:27;2026-10-04 15:27;1;0;;;
2026-10-04;2026-10-04;17:00;2026-10-04;15:00;Spagna - Segunda Federación Gruppo 4;Spain Segunda Division RFEF Group 4;spain-segunda-division-rfef-group-4;SSDR;Ciudad Lucena;CD Atletico Paso;34;27;39;2;0-1;2.5;;2.25;48.42;51.58;O;48;52;Si;;;;;;;https://betimate.com/it/football-predictions/ciudad-lucena-vs-cd-atletico-paso/2026-10-04/game;15;2026-10-04 14:12;2026-10-04 15:27;2026-10-04 15:27;1;0;;;
2026-10-04;2026-10-04;17:00;2026-10-04;15:00;Spagna - Segunda Federación Gruppo 4;Spain Segunda Division RFEF Group 4;spain-segunda-division-rfef-group-4;SSDR;Marbella FC;Betis Deportivo;29;23;48;2;1-2;3.33;23°C · pioggia 30% · vento 8 km/h;2.5;45.27;54.73;O;40;60;Si;;;;;;;https://betimate.com/it/football-predictions/marbella-fc-vs-betis-deportivo/2026-10-04/game;6;2026-10-04 14:12;2026-10-04 15:27;2026-10-04 15:27;1;0;;;
2026-10-04;2026-10-04;17:00;2026-10-04;15:00;Spagna - Segunda Federación Gruppo 5;Spain Segunda Division RFEF Group 5;spain-segunda-division-rfef-group-5;SSDR;Atletico Madrid C;Conquense;40;26;34;1;2-1;2.91;;2.5;47.84;52.16;O;45;55;Si;;;;;;;https://betimate.com/it/football-predictions/conquense-vs-atletico-madrid-c/2026-10-04/game;6;2026-10-04 14:12;2026-10-04 15:27;2026-10-04 15:27;1;0;;;
2026-10-04;2026-10-04;17:00;2026-10-04;15:00;Spagna - Segunda Federación Gruppo 5;Spain Segunda Division RFEF Group 5;spain-segunda-division-rfef-group-5;SSDR;Atletico Tordesillas;Salamanca CF UDS;14;17;69;2;1-2;3.59;22°C · pioggia 0% · vento 1 km/h;2.5;43.88;56.12;O;43;57;Si;;;;;;;https://betimate.com/it/football-predictions/atletico-tordesillas-vs-salamanca-cf-uds/2026-10-04/game;6;2026-10-04 14:12;2026-10-04 15:27;2026-10-04 15:27;1;0;;;
2026-10-04;2026-10-04;17:00;2026-10-04;15:00;Spagna - Segunda Federación Gruppo 5;Spain Segunda Division RFEF Group 5;spain-segunda-division-rfef-group-5;SSDR;CF Calamocha;Real Madrid C;27;26;47;2;0-1;2.51;;2.25;48.42;51.58;O;48;52;Si;;;;;;;https://betimate.com/it/football-predictions/cf-calamocha-vs-real-madrid-c/2026-10-04/game;15;2026-10-04 14:12;2026-10-04 15:27;2026-10-04 15:27;1;0;;;
2026-10-04;2026-10-04;17:00;2026-10-04;15:00;Spain Tercera Federacion Women;Spain Tercera Federacion Women;spain-tercera-federacion-women;STFW;CD Delicias (W);El Gancho (W);49;19;32;1;2-1;3.11;;3.25;50.78;49.22;U;48;52;Si;;;;;;;https://betimate.com/it/football-predictions/el-gancho-w-vs-cd-delicias-w/2026-10-04/game;15;2026-10-04 14:12;2026-10-04 15:27;2026-10-04 15:27;1;0;;;
2026-10-04;2026-10-04;17:00;2026-10-04;15:00;Super League 2 Grecia;Greece Super League 2;greece-super-league-2;GSL2;Nestos Chrisoupolis;Marko;28;29;43;2;0-1;1.89;;2.5;54.3;45.7;U;55;45;No;;;;;;;https://betimate.com/it/football-predictions/marko-vs-nestos-chrisoupolis/2026-10-04/game;15;2026-10-04 14:12;2026-10-04 15:27;2026-10-04 15:27;1;0;;;
2026-10-04;2026-10-04;17:00;2026-10-04;15:00;Super League 2 Grecia;Greece Super League 2;greece-super-league-2;GSL2;Olympiacos B;Athens Kallithea;41;24;35;1;1-0;2.61;;2.5;49.18;50.82;O;47;53;Si;;;;;;;https://betimate.com/it/football-predictions/athens-kallithea-vs-olympiacos-b/2026-10-04/game;15;2026-10-04 14:12;2026-10-04 15:27;2026-10-04 15:27;1;0;;;
2026-10-04;2026-10-04;17:00;2026-10-04;15:00;Super League Femminile Belgio;Belgium Super League Women;belgium-super-league-women;BSLW;OH Leuven (W);RAAL La Louviere (W);77;13;10;1;2-0;3.14;22°C · pioggia 0% · vento 4 km/h;3.5;51.9;48.1;U;56;44;No;;;;;;;https://betimate.com/it/football-predictions/oh-leuven-w-vs-raal-la-louviere-w/2026-10-04/game;15;2026-10-04 14:12;2026-10-04 15:27;2026-10-04 15:27;1;0;;;
2026-10-04;2026-10-04;17:00;2026-10-04;15:00;Tercera Gruppo 1 spagnola;Spain Tercera Group 1;spain-tercera-group-1;Es5;Gran Pena;Atletico Arteixo;48;21;31;1;2-1;3.33;26°C · pioggia 3% · vento 6 km/h;2.5;45.09;54.91;O;41;59;Si;;;;;;;https://betimate.com/it/football-predictions/atletico-arteixo-vs-gran-pena/2026-10-04/game;2;2026-10-04 14:12;2026-10-04 15:27;2026-10-04 15:27;1;0;;;
2026-10-04;2026-10-04;17:00;2026-10-04;15:00;Tercera Gruppo 1 spagnola;Spain Tercera Group 1;spain-tercera-group-1;Es5;Portonovo;Lalin;43;24;33;1;1-0;2.54;;2.5;49.66;50.34;O;48;52;Si;;;;;;;https://betimate.com/it/football-predictions/portonovo-vs-lalin/2026-10-04/game;9;2026-10-04 14:12;2026-10-04 15:27;2026-10-04 15:27;1;0;;;
2026-10-04;2026-10-04;17:00;2026-10-04;15:00;Tercera Gruppo 1 spagnola;Spain Tercera Group 1;spain-tercera-group-1;Es5;Somozas;SD Sarriana;34;26;40;2;0-1;2.31;18°C · pioggia 25% · vento 4 km/h;2.25;49.62;50.38;O;50;50;Si;;;;;;;https://betimate.com/it/football-predictions/somozas-vs-sd-sarriana/2026-10-04/game;9;2026-10-04 14:12;2026-10-04 15:27;2026-10-04 15:27;1;0;;;
2026-10-04;2026-10-04;17:00;2026-10-04;15:00;Tercera Gruppo 10 spagnola;Spain Tercera Group 10;spain-tercera-group-10;Es5;Atletico Onubense;Xerez Deportivo FC;45;25;30;1;1-0;2.35;;2.25;49.31;50.69;O;50;50;Si;;;;;;;https://betimate.com/it/football-predictions/xerez-deportivo-fc-vs-atletico-onubense/2026-10-04/game;9;2026-10-04 14:12;2026-10-04 15:27;2026-10-04 15:27;1;0;;;
2026-10-04;2026-10-04;17:00;2026-10-04;15:00;Tercera Gruppo 11 spagnola;Spain Tercera Group 11;spain-tercera-group-11;Es5;PE Sant Jordi;Inter Ibiza;47;23;30;1;1-0;2.77;27°C · pioggia 13% · vento 6 km/h;2.25;46.49;53.51;O;46;54;Si;;;;;;;https://betimate.com/it/football-predictions/pe-sant-jordi-vs-inter-ibiza/2026-10-04/game;2;2026-10-04 14:12;2026-10-04 15:27;2026-10-04 15:27;1;0;;;
2026-10-04;2026-10-04;17:00;2026-10-04;15:00;Tercera Gruppo 13 Spagna;Spain Tercera Group 13;spain-tercera-group-13;Es5;San Javier CF;UD Los Garres;34;24;42;2;0-1;2.62;;2.5;49.15;50.85;O;47;53;Si;;;;;;;https://betimate.com/it/football-predictions/ud-los-garres-vs-san-javier-cf/2026-10-04/game;9;2026-10-04 14:12;2026-10-04 15:27;2026-10-04 15:27;1;0;;;
2026-10-04;2026-10-04;17:00;2026-10-04;15:00;Tercera Gruppo 2 spagnola;Spain Tercera Group 2;spain-tercera-group-2;Es5;Andes CF;Gijon Industrial;45;23;32;1;1-0;2.75;;2.5;48.41;51.59;O;46;54;Si;;;;;;;https://betimate.com/it/football-predictions/gijon-industrial-vs-andes-cf/2026-10-04/game;9;2026-10-04 14:12;2026-10-04 15:27;2026-10-04 15:27;1;0;;;
2026-10-04;2026-10-04;17:00;2026-10-04;15:00;Tercera Gruppo 3 spagnola;Spain Tercera Group 3;spain-tercera-group-3;Es5;Castro;Tropezon;23;26;51;2;0-1;1.98;23°C · pioggia 8% · vento 11 km/h;2;50.5;49.5;U;55;45;No;;;;;;;https://betimate.com/it/football-predictions/castro-vs-tropezon/2026-10-04/game;2;2026-10-04 14:12;2026-10-04 15:27;2026-10-04 15:27;1;0;;;
2026-10-04;2026-10-04;17:00;2026-10-04;15:00;Tercera Gruppo 3 spagnola;Spain Tercera Group 3;spain-tercera-group-3;Es5;Selaya;Naval;41;26;33;1;1-0;2.26;24°C · pioggia 78% · vento 7 km/h;2.5;51.52;48.48;U;51;49;No;;;;;;;https://betimate.com/it/football-predictions/naval-vs-selaya/2026-10-04/game;2;2026-10-04 14:12;2026-10-04 15:27;2026-10-04 15:27;1;0;;;
2026-10-04;2026-10-04;17:00;2026-10-04;15:00;Tercera Gruppo 4 spagnola;Spain Tercera Group 4;spain-tercera-group-4;Es5;Amurrio;Leioa;40;23;37;1;2-1;2.87;;2.75;49.12;50.88;O;44;56;Si;;;;;;;https://betimate.com/it/football-predictions/leioa-vs-amurrio/2026-10-04/game;9;2026-10-04 14:12;2026-10-04 15:27;2026-10-04 15:27;1;0;;;
2026-10-04;2026-10-04;17:00;2026-10-04;15:00;Tercera Gruppo 5 spagnola;Spain Tercera Group 5;spain-tercera-group-5;Es5;Atletic Lleida;Pobla Mafumet;44;22;34;1;2-1;3;;2.75;48.3;51.7;O;43;57;Si;;;;;;;https://betimate.com/it/football-predictions/pobla-mafumet-vs-atletic-lleida/2026-10-04/game;9;2026-10-04 14:12;2026-10-04 15:27;2026-10-04 15:27;1;0;;;
2026-10-04;2026-10-04;17:00;2026-10-04;15:00;Tercera Gruppo 6 spagnola;Spain Tercera Group 6;spain-tercera-group-6;Es5;UD Vall De Uxo;Atzeneta;51;28;21;1;1-0;1.83;;2;51.88;48.12;U;57;43;No;;;;;;;https://betimate.com/it/football-predictions/atzeneta-vs-ud-vall-de-uxo/2026-10-04/game;2;2026-10-04 14:12;2026-10-04 15:27;2026-10-04 15:27;1;0;;;
2026-10-04;2026-10-04;17:00;2026-10-04;15:00;Tercera Gruppo 8 spagnola;Spain Tercera Group 8;spain-tercera-group-8;Es5;At. Bembibre;CD Virgen Del Camino;38;25;37;1;1-0;2.42;21°C · pioggia 0% · vento 7 km/h;2;46.63;53.37;O;49;51;Si;;;;;;;https://betimate.com/it/football-predictions/at-bembibre-vs-cd-virgen-del-camino/2026-10-04/game;9;2026-10-04 14:12;2026-10-04 15:27;2026-10-04 15:27;1;0;;;
2026-10-04;2026-10-04;17:00;2026-10-04;15:00;Tercera Gruppo 9 spagnola;Spain Tercera Group 9;spain-tercera-group-9;Es5;Cantoria 2017;Almeria B;40;26;34;1;1-0;2.33;;2.25;49.5;50.5;O;50;50;Si;;;;;;;https://betimate.com/it/football-predictions/almeria-b-vs-cantoria-2017/2026-10-04/game;9;2026-10-04 14:12;2026-10-04 15:27;2026-10-04 15:27;1;0;;;
2026-10-04;2026-10-04;17:00;2026-10-04;15:00;Tercera RFEF Gruppo 16 Spagna;Spain Tercera Group 16;spain-tercera-group-16;Es5;Agoncillo;CA Vianes;60;19;21;1;2-1;3.18;24°C · pioggia 3% · vento 9 km/h;2.75;47.28;52.72;O;44;56;Si;;;;;;;https://betimate.com/it/football-predictions/ca-vianes-vs-agoncillo/2026-10-04/game;2;2026-10-04 14:12;2026-10-04 15:27;2026-10-04 15:27;1;0;;;
2026-10-04;2026-10-04;17:00;2026-10-04;15:00;Tercera RFEF Gruppo 16 Spagna;Spain Tercera Group 16;spain-tercera-group-16;Es5;Alfaro;CD Calahorra;14;16;70;2;0-2;3.55;27°C · pioggia 0% · vento 10 km/h;3.25;48.28;51.72;O;44;56;Si;;;;;;;https://betimate.com/it/football-predictions/cd-calahorra-vs-alfaro/2026-10-04/game;9;2026-10-04 14:12;2026-10-04 15:27;2026-10-04 15:27;1;0;;;
2026-10-04;2026-10-04;17:00;2026-10-04;15:00;Tercera RFEF Gruppo 16 Spagna;Spain Tercera Group 16;spain-tercera-group-16;Es5;Haro Deportivo;Anguiano;45;24;31;1;1-0;2.56;22°C · pioggia 5% · vento 6 km/h;2.5;49.6;50.4;O;48;52;Si;;;;;;;https://betimate.com/it/football-predictions/haro-deportivo-vs-anguiano/2026-10-04/game;2;2026-10-04 14:12;2026-10-04 15:27;2026-10-04 15:27;1;0;;;
2026-10-04;2026-10-04;17:00;2026-10-04;15:00;Tercera RFEF Gruppo 16 Spagna;Spain Tercera Group 16;spain-tercera-group-16;Es5;Oyonesa;Varea;36;28;36;1;1-0;2.1;23°C · pioggia 0% · vento 10 km/h;2;49.42;50.58;O;52;48;No;;;;;;;https://betimate.com/it/football-predictions/varea-vs-oyonesa/2026-10-04/game;9;2026-10-04 14:12;2026-10-04 15:27;2026-10-04 15:27;1;0;;;
2026-10-04;2026-10-04;17:00;2026-10-04;15:00;Tercera RFEF Gruppo 16 Spagna;Spain Tercera Group 16;spain-tercera-group-16;Es5;Pradejón;Berceo;37;24;39;2;0-1;2.52;25°C · pioggia 0% · vento 8 km/h;2.5;49.77;50.23;O;48;52;Si;;;;;;;https://betimate.com/it/football-predictions/berceo-vs-pradejon/2026-10-04/game;9;2026-10-04 14:12;2026-10-04 15:27;2026-10-04 15:27;1;0;;;
2026-10-04;2026-10-04;17:00;2026-10-04;15:00;Tercera RFEF Gruppo 17 Spagna;Spain Tercera Group 17;spain-tercera-group-17;Es5;AD Almudevar;Illueca;52;23;25;1;1-0;2.63;23°C · pioggia 0% · vento 13 km/h;2.5;49.1;50.9;O;48;52;Si;;;;;;;https://betimate.com/it/football-predictions/illueca-vs-ad-almudevar/2026-10-04/game;10;2026-10-04 14:12;2026-10-04 15:27;2026-10-04 15:27;1;0;;;
2026-10-04;2026-10-04;17:00;2026-10-04;15:00;Tercera RFEF Gruppo 17 Spagna;Spain Tercera Group 17;spain-tercera-group-17;Es5;Andorra CF;Ejea;32;24;44;2;0-1;2.62;;2.5;49.17;50.83;O;47;53;Si;;;;;;;https://betimate.com/it/football-predictions/andorra-cf-vs-ejea/2026-10-04/game;10;2026-10-04 14:12;2026-10-04 15:27;2026-10-04 15:27;1;0;;;
2026-10-04;2026-10-04;17:00;2026-10-04;15:00;Tercera RFEF Gruppo 17 Spagna;Spain Tercera Group 17;spain-tercera-group-17;Es5;CD La Almunia;CD Cuarte;27;26;47;2;0-1;2.24;23°C · pioggia 3% · vento 10 km/h;2;48.13;51.87;O;52;48;No;;;;;;;https://betimate.com/it/football-predictions/cd-la-almunia-vs-cd-cuarte/2026-10-04/game;3;2026-10-04 14:12;2026-10-04 15:27;2026-10-04 15:27;1;0;;;
2026-10-04;2026-10-04;17:00;2026-10-04;15:00;Toppserien Femminile Norvegia;Norway Toppserien Women;norway-toppserien-women;NTW;Valerenga (W);Rosenborg (W);51;18;31;1;2-1;3.22;14°C · pioggia 10% · vento 19 km/h;3.25;50.12;49.88;U;47;53;Si;;;;;;;https://betimate.com/it/football-predictions/valerenga-w-vs-rosenborg-w/2026-10-04/game;6;2026-10-04 14:12;2026-10-04 15:27;2026-10-04 15:27;1;0;;;
2026-10-04;2026-10-04;17:00;2026-10-04;15:00;Torneo Regional Amateur Argentina;Argentina Torneo Regional Amateur;argentina-torneo-regional-amateur;ATRA;La Fraternidad;CD Somra;52;23;25;1;1-0;2.58;;2.5;49.46;50.54;O;49;51;Si;;;;;;;https://betimate.com/it/football-predictions/la-fraternidad-vs-cd-somra/2026-10-04/game;15;2026-10-04 14:12;2026-10-04 15:27;2026-10-04 15:27;1;0;;;
2026-10-04;2026-10-04;17:00;2026-10-04;15:00;Women's Premier League 2 Scozia;Scotland Women Premier League 2;scotland-women-premier-league-2;SWPL;Livingston (W);Hamilton (W);56;16;28;1;2-1;3.95;;3.75;48.71;51.29;O;41;59;Si;;;;;;;https://betimate.com/it/football-predictions/livingston-w-vs-hamilton-w/2026-10-04/game;15;2026-10-04 14:12;2026-10-04 15:27;2026-10-04 15:27;1;0;;;
2026-10-04;2026-10-04;17:00;2026-10-04;15:00;Women's Premier League 2 Scozia;Scotland Women Premier League 2;scotland-women-premier-league-2;SWPL;St Johnstone (W);Queens Park (W);17;12;71;2;1-2;4.39;;4.25;49.06;50.94;O;42;58;Si;;;;;;;https://betimate.com/it/football-predictions/st-johnstone-w-vs-queens-park-w/2026-10-04/game;15;2026-10-04 14:12;2026-10-04 15:27;2026-10-04 15:27;1;0;;;
2026-10-04;2026-10-04;17:15;2026-10-04;15:15;Super League Niger;Niger Super League;niger-super-league;NSL;AS ZAM;AS GNN;32;27;41;2;0-1;2.18;;2;48.66;51.34;O;52;48;No;;;;;;;https://betimate.com/it/football-predictions/as-gnn-vs-as-zam/2026-10-04/game;15;2026-10-04 14:12;2026-10-04 15:27;2026-10-04 15:27;1;0;;;
2026-10-04;2026-10-04;17:30;2026-10-04;15:30;Azadegan League Iran;Iran Div 1;iran-div-1;ID1;Naft Gachsaran;Foolad Khuzestan B;48;27;25;1;1-0;2.13;;2;49.09;50.91;O;52;48;No;;;;;;;https://betimate.com/it/football-predictions/naft-gachsaran-vs-foolad-khuzestan-b/2026-10-04/game;15;2026-10-04 14:12;2026-10-04 15:27;2026-10-04 15:27;1;0;;;
2026-10-04;2026-10-04;17:30;2026-10-04;15:30;Azadegan League Iran;Iran Div 1;iran-div-1;ID1;Shahin Bandar Ameri;SaiPa FC;29;29;42;2;0-1;2.04;;2;49.99;50.01;O;53;47;No;;;;;;;https://betimate.com/it/football-predictions/saipa-fc-vs-shahin-bandar-ameri/2026-10-04/game;15;2026-10-04 14:12;2026-10-04 15:27;2026-10-04 15:27;1;0;;;
2026-10-04;2026-10-04;17:30;2026-10-04;15:30;Burkina Faso League;Burkina Faso League;burkina-faso-league;Bf1;AS Maya;Cffeb;43;26;31;1;1-0;2.23;;1.75;46.39;53.61;O;51;49;No;;;;;;;https://betimate.com/it/football-predictions/cffeb-vs-as-maya/2026-10-04/game;16;2026-10-04 14:12;2026-10-04 15:27;2026-10-04 15:27;1;0;;;
2026-10-04;2026-10-04;17:30;2026-10-04;15:30;Burkina Faso League;Burkina Faso League;burkina-faso-league;Bf1;AS Maya Bobo Dioulasso;Cffeb;42;26;32;1;1-0;2.24;;2;48.19;51.81;O;51;49;No;;;;;;;https://betimate.com/it/football-predictions/cffeb-vs-as-maya-bobo-dioulasso/2026-10-04/game;16;2026-10-04 14:12;2026-10-04 15:27;2026-10-04 15:27;1;0;;;
2026-10-04;2026-10-04;17:30;2026-10-04;15:30;Burkina Faso League;Burkina Faso League;burkina-faso-league;Bf1;RC Kadiogo;US Forces Armees;26;29;45;2;0-1;1.88;;2;51.45;48.55;U;56;44;No;;;;;;;https://betimate.com/it/football-predictions/rc-kadiogo-vs-us-forces-armees/2026-10-04/game;16;2026-10-04 14:12;2026-10-04 15:27;2026-10-04 15:27;1;0;;;
2026-10-04;2026-10-04;17:30;2026-10-04;15:30;Burkina Faso League;Burkina Faso League;burkina-faso-league;Bf1;Sporting Cascades;FocuSport FC;45;24;31;1;1-0;2.63;;1.75;43.68;56.32;O;47;53;Si;;;;;;;https://betimate.com/it/football-predictions/sporting-cascades-vs-focusport-fc/2026-10-04/game;16;2026-10-04 14:12;2026-10-04 15:27;2026-10-04 15:27;1;0;;;
2026-10-04;2026-10-04;17:30;2026-10-04;15:30;Ivory Coast Ligue 2;Ivory Coast Ligue 2;ivory-coast-ligue-2;ICL2;Africa Sports;Leader SC de Marcory;32;33;35;2;0-1;1.53;;2;55.06;44.94;U;60;40;No;;;;;;;https://betimate.com/it/football-predictions/africa-sports-vs-leader-sc-de-marcory/2026-10-04/game;16;2026-10-04 14:12;2026-10-04 15:27;2026-10-04 15:27;1;0;;;
2026-10-04;2026-10-04;17:30;2026-10-04;15:30;Ivory Coast Premier Division;Ivory Coast Premier Division;ivory-coast-premier-division;ICPD;AFAD Djekanou;Societe Omnisports De L'Armee;41;31;28;1;1-0;2.09;27°C · pioggia 69% · vento 14 km/h;2;49.39;50.61;O;52;48;No;;;;;;;https://betimate.com/it/football-predictions/afad-djekanou-vs-societe-omnisports-de-l-armee/2026-10-04/game;15;2026-10-04 14:12;2026-10-04 15:27;2026-10-04 15:27;1;0;;;
2026-10-04;2026-10-04;17:30;2026-10-04;15:30;Ivory Coast Premier Division;Ivory Coast Premier Division;ivory-coast-premier-division;ICPD;ASEC Mimosas;Stella Club d'Adjame;50;31;19;1;1-0;1.95;27°C · pioggia 69% · vento 14 km/h;1.75;48.38;51.62;O;56;44;No;;;;;;;https://betimate.com/it/football-predictions/asec-mimosas-vs-stella-club-d-adjame/2026-10-04/game;16;2026-10-04 14:12;2026-10-04 15:27;2026-10-04 15:27;1;0;;;
2026-10-04;2026-10-04;17:30;2026-10-04;15:30;Ivory Coast Premier Division;Ivory Coast Premier Division;ivory-coast-premier-division;ICPD;US Tchologo;San-Pédro FC;29;29;42;2;0-1;2.22;;2;48.26;51.74;O;51;49;No;;;;;;;https://betimate.com/it/football-predictions/san-pedro-fc-vs-us-tchologo/2026-10-04/game;15;2026-10-04 14:12;2026-10-04 15:27;2026-10-04 15:27;1;0;;;
2026-10-04;2026-10-04;17:30;2026-10-04;15:30;Kansallinen Liiga Femminile Finlandia;Finland Kansallinen Liiga Women;finland-kansallinen-liiga-women;FKLW;HJK (W);HPS (W);67;15;18;1;2-0;3.18;13°C · pioggia 27% · vento 18 km/h;3.25;50.32;49.68;U;51;49;No;;;;;;;https://betimate.com/it/football-predictions/hjk-w-vs-hps-w/2026-10-04/game;15;2026-10-04 14:12;2026-10-04 15:27;2026-10-04 15:27;1;0;;;
2026-10-04;2026-10-04;17:30;2026-10-04;15:30;Polonia - Ekstraliga Femminile;Poland Ekstraliga Women;poland-ekstraliga-women;PEW;AZS UJ Krakow (W);Sleza Wroclaw (W);50;21;29;1;1-0;2.7;20°C · pioggia 0% · vento 6 km/h;2.5;48.42;51.58;O;53;47;No;;;;;;;https://betimate.com/it/football-predictions/azs-uj-krakow-w-vs-sleza-wroclaw-w/2026-10-04/game;15;2026-10-04 14:12;2026-10-04 15:27;2026-10-04 15:27;1;0;;;
2026-10-04;2026-10-04;17:30;2026-10-04;15:30;Polonia - Ekstraliga Femminile;Poland Ekstraliga Women;poland-ekstraliga-women;PEW;KS Uniwersytet Jagiellonski (W);Sleza Wroclaw (W);74;13;13;1;2-1;3.85;;2.75;43.17;56.83;O;48;52;Si;;;;;;;https://betimate.com/it/football-predictions/sleza-wroclaw-w-vs-ks-uniwersytet-jagiellonski-w/2026-10-04/game;16;2026-10-04 14:12;2026-10-04 15:27;2026-10-04 15:27;1;0;;;
2026-10-04;2026-10-04;17:30;2026-10-04;15:30;Portugal League Cup Women;Portugal League Cup Women;portugal-league-cup-women;PLCW;Racing Power (W);FC Porto (W);75;15;10;1;2-0;2.68;;2.5;48.69;51.31;O;61;39;No;;;;;;;https://betimate.com/it/football-predictions/racing-power-w-vs-fc-porto-w/2026-10-04/game;7;2026-10-04 14:12;2026-10-04 15:27;2026-10-04 15:27;1;0;;;
2026-10-04;2026-10-04;17:30;2026-10-04;15:30;Primera B Cile;Chile Primera B;chile-primera-b;Cl2;CD Antofagasta;Rangers de Talca;56;25;19;1;1-0;2.45;21°C · pioggia 0% · vento 16 km/h;2.5;50.93;49.07;U;54;46;No;;;;;;;https://betimate.com/it/football-predictions/cd-antofagasta-vs-rangers-de-talca/2026-10-04/game;3;2026-10-04 14:12;2026-10-04 15:27;2026-10-04 15:27;1;0;;;
2026-10-04;2026-10-04;17:30;2026-10-04;15:30;Regional League Spagna;Spain Regional League;spain-regional-league;SRL;UD Carrion;CF Almodovar;59;22;19;1;1-0;2.51;;2.5;49.98;50.02;O;51;49;No;;;;;;;https://betimate.com/it/football-predictions/ud-carrion-vs-cf-almodovar/2026-10-04/game;7;2026-10-04 14:12;2026-10-04 15:27;2026-10-04 15:27;1;0;;;
2026-10-04;2026-10-04;17:30;2026-10-04;15:30;Serie C Gruppo A Italia;Italy Serie C Group A;italy-serie-c-group-a;lt3;AC Dolomiti Bellunesi;Novara;35;31;34;1;1-0;2.13;20°C · pioggia 0% · vento 6 km/h;2;49.15;50.85;O;51;49;No;;;;;;;https://betimate.com/it/football-predictions/novara-vs-ac-dolomiti-bellunesi/2026-10-04/game;2;2026-10-04 14:12;2026-10-04 15:27;2026-10-04 15:27;1;0;;;
2026-10-04;2026-10-04;17:30;2026-10-04;15:30;Serie C Gruppo A Italia;Italy Serie C Group A;italy-serie-c-group-a;lt3;Juventus U23;Lumezzane;37;28;35;1;1-0;2.5;23°C · pioggia 0% · vento 3 km/h;2.5;49.94;50.06;O;47;53;Si;;;;;;;https://betimate.com/it/football-predictions/lumezzane-vs-juventus-u23/2026-10-04/game;9;2026-10-04 14:12;2026-10-04 15:27;2026-10-04 15:27;1;0;;;
2026-10-04;2026-10-04;17:30;2026-10-04;15:30;Serie C Gruppo B Italia;Italy Serie C Group B;italy-serie-c-group-b;lt3;AC Reggiana;Spezia;32;29;39;2;0-1;2.31;26°C · pioggia 0% · vento 5 km/h;2.5;51.23;48.77;U;49;51;Si;;;;;;;https://betimate.com/it/football-predictions/spezia-vs-ac-reggiana/2026-10-04/game;3;2026-10-04 14:12;2026-10-04 15:27;2026-10-04 15:27;1;0;;;
2026-10-04;2026-10-04;17:30;2026-10-04;15:30;Spagna - Primera Federación Gruppo 2;Spain Primera Division RFEF Group 2;spain-primera-division-rfef-group-2;SPDR;UE Sant Andreu;Antequera;52;25;23;1;1-0;2.53;;2.5;50.09;49.91;U;50;50;Si;;;;;;;https://betimate.com/it/football-predictions/ue-sant-andreu-vs-antequera/2026-10-04/game;7;2026-10-04 14:12;2026-10-04 15:27;2026-10-04 15:27;1;0;;;
2026-10-04;2026-10-04;17:30;2026-10-04;15:30;Spain Copa del Rey;Spain Copa del Rey;spain-copa-del-rey;SCdR;Sporting Alcazar;CP Talayuela;35;25;40;2;0-1;2.34;;2.75;52.83;47.17;U;50;50;Si;;;;;;;https://betimate.com/it/football-predictions/sporting-alcazar-vs-cp-talayuela/2026-10-04/game;7;2026-10-04 14:12;2026-10-04 15:27;2026-10-04 15:27;1;0;;;
2026-10-04;2026-10-04;17:30;2026-10-04;15:30;Tercera División Gruppo 18 (Spagna);Spain Tercera Group 18;spain-tercera-group-18;Es5;CD Quintanar del Rey;CD Villa;45;26;29;1;1-0;2.22;21°C · pioggia 43% · vento 9 km/h;2.5;51.78;48.22;U;52;48;No;;;;;;;https://betimate.com/it/football-predictions/cd-quintanar-del-rey-vs-cd-villa/2026-10-04/game;3;2026-10-04 14:12;2026-10-04 15:27;2026-10-04 15:27;1;0;;;
2026-10-04;2026-10-04;17:30;2026-10-04;15:30;Tercera Gruppo 1 spagnola;Spain Tercera Group 1;spain-tercera-group-1;Es5;CD Barco;Pontevedra B;33;25;42;2;0-1;2.53;24°C · pioggia 3% · vento 5 km/h;2.5;49.76;50.24;O;48;52;Si;;;;;;;https://betimate.com/it/football-predictions/cd-barco-vs-pontevedra-b/2026-10-04/game;9;2026-10-04 14:12;2026-10-04 15:27;2026-10-04 15:27;1;0;;;
2026-10-04;2026-10-04;17:30;2026-10-04;15:30;Tercera Gruppo 11 spagnola;Spain Tercera Group 11;spain-tercera-group-11;Es5;UE Porreres;Santanyi;54;23;23;1;1-0;2.42;;2.25;48.85;51.15;O;51;49;No;;;;;;;https://betimate.com/it/football-predictions/santanyi-vs-ue-porreres/2026-10-04/game;2;2026-10-04 14:12;2026-10-04 15:27;2026-10-04 15:27;1;0;;;
2026-10-04;2026-10-04;17:30;2026-10-04;15:30;Tercera Gruppo 13 Spagna;Spain Tercera Group 13;spain-tercera-group-13;Es5;Mazarron;SFC Minerva;52;25;23;1;1-0;2.33;24°C · pioggia 15% · vento 7 km/h;2.25;49.54;50.46;O;51;49;No;;;;;;;https://betimate.com/it/football-predictions/mazarron-vs-sfc-minerva/2026-10-04/game;9;2026-10-04 14:12;2026-10-04 15:27;2026-10-04 15:27;1;0;;;
2026-10-04;2026-10-04;17:30;2026-10-04;15:30;Tercera Gruppo 4 spagnola;Spain Tercera Group 4;spain-tercera-group-4;Es5;Real Union B;San Ignacio;43;23;34;1;2-1;2.92;;2.75;48.79;51.21;O;44;56;Si;;;;;;;https://betimate.com/it/football-predictions/san-ignacio-vs-real-union-b/2026-10-04/game;9;2026-10-04 14:12;2026-10-04 15:27;2026-10-04 15:27;1;0;;;
2026-10-04;2026-10-04;17:30;2026-10-04;15:30;Tercera RFEF Gruppo 16 Spagna;Spain Tercera Group 16;spain-tercera-group-16;Es5;FC La Calzada;Comillas;48;25;27;1;1-0;2.32;21°C · pioggia 8% · vento 8 km/h;2.5;51.12;48.88;U;51;49;No;;;;;;;https://betimate.com/it/football-predictions/fc-la-calzada-vs-comillas/2026-10-04/game;3;2026-10-04 14:12;2026-10-04 15:27;2026-10-04 15:27;1;0;;;
2026-10-04;2026-10-04;17:30;2026-10-04;15:30;Tercera RFEF Gruppo 16 Spagna;Spain Tercera Group 16;spain-tercera-group-16;Es5;San Marcial;River Ebro;58;20;22;1;1-0;2.92;;2.75;48.87;51.13;O;46;54;Si;;;;;;;https://betimate.com/it/football-predictions/san-marcial-vs-river-ebro/2026-10-04/game;9;2026-10-04 14:12;2026-10-04 15:27;2026-10-04 15:27;1;0;;;
2026-10-04;2026-10-04;17:30;2026-10-04;15:30;Tercera RFEF Gruppo 17 Spagna;Spain Tercera Group 17;spain-tercera-group-17;Es5;Caspe;Epila CF;37;31;32;1;1-0;1.68;26°C · pioggia 0% · vento 8 km/h;1.5;48.93;51.07;O;58;42;No;;;;;;;https://betimate.com/it/football-predictions/epila-cf-vs-caspe/2026-10-04/game;10;2026-10-04 14:12;2026-10-04 15:27;2026-10-04 15:27;1;0;;;
2026-10-04;2026-10-04;17:30;2026-10-04;15:30;Tercera RFEF Gruppo 17 Spagna;Spain Tercera Group 17;spain-tercera-group-17;Es5;Fraga;Real Zaragoza B;31;23;46;2;1-2;2.87;25°C · pioggia 3% · vento 7 km/h;2.75;49.08;50.92;O;45;55;Si;;;;;;;https://betimate.com/it/football-predictions/real-zaragoza-b-vs-fraga/2026-10-04/game;10;2026-10-04 14:12;2026-10-04 15:27;2026-10-04 15:27;1;0;;;
2026-10-04;2026-10-04;17:30;2026-10-04;15:30;Tercera RFEF Gruppo 17 Spagna;Spain Tercera Group 17;spain-tercera-group-17;Es5;Monzón;Huesca B;55;20;25;1;2-1;3.2;24°C · pioggia 3% · vento 13 km/h;3;48.7;51.3;O;43;57;Si;;;;;;;https://betimate.com/it/football-predictions/monzon-vs-huesca-b/2026-10-04/game;10;2026-10-04 14:12;2026-10-04 15:27;2026-10-04 15:27;1;0;;;
2026-10-04;2026-10-04;17:30;2026-10-04;15:30;Women's Super League inglese;England Super League Women;england-super-league-women;ESLW;Man City (W);Arsenal (W);48;21;31;1;1-0;2.66;17°C · pioggia 0% · vento 11 km/h;2.75;50.3;49.7;U;53;47;No;;;;;;;https://betimate.com/it/football-predictions/arsenal-w-vs-man-city-w/2026-10-04/game;7;2026-10-04 14:12;2026-10-04 15:27;2026-10-04 15:27;1;0;;;
2026-10-04;2026-10-04;18:00;2026-10-04;16:00;2. SNL Slovenia;Slovenia 2. SNL;slovenia-2-snl;Si2;NK Triglav Kranj;NK Jesenice;70;17;13;1;2-0;3.46;17°C · pioggia 0% · vento 4 km/h;3;47.73;52.27;O;49;51;Si;;;;;;;https://betimate.com/it/football-predictions/nk-triglav-kranj-vs-nk-jesenice/2026-10-04/game;2;2026-10-04 14:12;2026-10-04 15:27;2026-10-04 15:27;1;0;;;
2026-10-04;2026-10-04;18:00;2026-10-04;16:00;Bolivia - Liga Nacional U19;Bolivia Liga Nacional U19;bolivia-liga-nacional-u19;BLNU;Universitario de Vinto U19;ABB U19;47;20;33;1;2-1;3.17;;3.25;50.45;49.55;U;42;58;Si;;;;;;;https://betimate.com/it/football-predictions/universitario-de-vinto-u19-vs-abb-u19/2026-10-04/game;7;2026-10-04 14:12;2026-10-04 15:27;2026-10-04 15:27;1;0;;;
2026-10-04;2026-10-04;18:00;2026-10-04;16:00;Botola 2 marocchina;Morocco GNF 2;morocco-gnf-2;Ma2;KAC Kenitra;US Yacoub El Mansour;39;25;36;1;1-0;2.47;31°C · pioggia 0% · vento 17 km/h;2;46.28;53.72;O;48;52;Si;;;;;;;https://betimate.com/it/football-predictions/kac-kenitra-vs-us-yacoub-el-mansour/2026-10-04/game;1;2026-10-04 14:12;2026-10-04 15:27;2026-10-04 15:27;1;0;;;
2026-10-04;2026-10-04;18:00;2026-10-04;16:00;Botola 2 marocchina;Morocco GNF 2;morocco-gnf-2;Ma2;OC Safi;Club Jeunesse Ben Guerir;47;26;27;1;1-0;2.03;25°C · pioggia 3% · vento 9 km/h;1.75;47.87;52.13;O;54;46;No;;;;;;;https://betimate.com/it/football-predictions/oc-safi-vs-club-jeunesse-ben-guerir/2026-10-04/game;8;2026-10-04 14:12;2026-10-04 15:27;2026-10-04 15:27;1;0;;;
2026-10-04;2026-10-04;18:00;2026-10-04;16:00;Botola 2 marocchina;Morocco GNF 2;morocco-gnf-2;Ma2;SC Chabab Mohammedia;USM Oujda;29;25;46;2;0-1;2.32;25°C · pioggia 0% · vento 11 km/h;2;47.48;52.52;O;50;50;Si;;;;;;;https://betimate.com/it/football-predictions/usm-oujda-vs-sc-chabab-mohammedia/2026-10-04/game;1;2026-10-04 14:12;2026-10-04 15:27;2026-10-04 15:27;1;0;;;
2026-10-04;2026-10-04;18:00;2026-10-04;16:00;Clausura Uruguay;Uruguay Clausura;uruguay-clausura;UC;Boston River;Juventud De Las Piedras;36;28;36;1;1-0;2.44;21°C · pioggia 0% · vento 15 km/h;2.5;50.41;49.59;U;47;53;Si;;;;;;;https://betimate.com/it/football-predictions/juventud-de-las-piedras-vs-boston-river/2026-10-04/game;7;2026-10-04 14:12;2026-10-04 15:27;2026-10-04 15:27;1;0;;;
2026-10-04;2026-10-04;18:00;2026-10-04;16:00;División de Honor Juvenil (Spagna);Spain Youth League;spain-youth-league;SYL;Arenas de Armilla CyD U19;Granada U19;24;22;54;2;0-1;2.37;;2.75;52.51;47.49;U;52;48;No;;;;;;;https://betimate.com/it/football-predictions/granada-u19-vs-arenas-de-armilla-cyd-u19/2026-10-04/game;4;2026-10-04 14:12;2026-10-04 15:27;2026-10-04 15:27;1;0;;;
2026-10-04;2026-10-04;18:00;2026-10-04;16:00;División de Honor Juvenil (Spagna);Spain Youth League;spain-youth-league;SYL;Espanyol U19;UE Sant Andreu U19;84;9;7;1;3-0;4.09;;3.5;47.1;52.9;O;49;51;Si;;;;;;;https://betimate.com/it/football-predictions/espanyol-u19-vs-ue-sant-andreu-u19/2026-10-04/game;4;2026-10-04 14:12;2026-10-04 15:27;2026-10-04 15:27;1;0;;;
2026-10-04;2026-10-04;18:00;2026-10-04;16:00;División de Honor Juvenil (Spagna);Spain Youth League;spain-youth-league;SYL;Indautxu U19;CD Alaves U19;18;16;66;2;1-2;3.36;;3;47.54;52.46;O;45;55;Si;;;;;;;https://betimate.com/it/football-predictions/cd-alaves-u19-vs-indautxu-u19/2026-10-04/game;12;2026-10-04 14:12;2026-10-04 15:27;2026-10-04 15:27;1;0;;;
2026-10-04;2026-10-04;18:00;2026-10-04;16:00;División de Honor Juvenil (Spagna);Spain Youth League;spain-youth-league;SYL;Valencia U19;Patacona CF U19;74;15;11;1;2-0;2.85;;2.75;49.36;50.64;O;55;45;No;;;;;;;https://betimate.com/it/football-predictions/valencia-u19-vs-patacona-cf-u19/2026-10-04/game;12;2026-10-04 14:12;2026-10-04 15:27;2026-10-04 15:27;1;0;;;
2026-10-04;2026-10-04;18:00;2026-10-04;16:00;Messico - Liga MX U19 Femminile;Mexico Liga MX U19 Femenil;mexico-liga-mx-u19-femenil;MLMU;Atletico San Luis U19 (W);Tijuana U19 (W);43;15;42;1;2-1;4.78;;4.75;49.5;50.5;O;34;66;Si;;;;;;;https://betimate.com/it/football-predictions/atletico-san-luis-u19-w-vs-tijuana-u19-w/2026-10-04/game;16;2026-10-04 14:12;2026-10-04 15:27;2026-10-04 15:27;1;0;;;
2026-10-04;2026-10-04;18:00;2026-10-04;16:00;Messico - Liga TDP;Mexico Liga TDP;mexico-liga-tdp;MLT;Lobos ULM II;IFAC;57;21;22;1;2-1;3.05;;2.5;46.71;53.29;O;45;55;Si;;;;;;;https://betimate.com/it/football-predictions/ifac-vs-lobos-ulm-ii/2026-10-04/game;7;2026-10-04 14:12;2026-10-04 15:27;2026-10-04 15:27;1;0;;;
2026-10-04;2026-10-04;18:00;2026-10-04;16:00;Messico - Liga TDP;Mexico Liga TDP;mexico-liga-tdp;MLT;Mineros Zacatecas CDMX;CDC Dominguez Osos;39;21;40;2;1-2;3.27;;3;48.18;51.82;O;41;59;Si;;;;;;;https://betimate.com/it/football-predictions/cdc-dominguez-osos-vs-mineros-zacatecas-cdmx/2026-10-04/game;7;2026-10-04 14:12;2026-10-04 15:27;2026-10-04 15:27;1;0;;;
2026-10-04;2026-10-04;18:00;2026-10-04;16:00;NB III ungherese;Hungary NB III;hungary-nb-iii;HNI;Dorogi FC;Szombathelyi Mav Haladas VSE;44;23;33;1;1-0;2.74;22°C · pioggia 0% · vento 7 km/h;2.75;49.94;50.06;O;46;54;Si;;;;;;;https://betimate.com/it/football-predictions/dorogi-fc-vs-szombathelyi-mav-haladas-vse/2026-10-04/game;1;2026-10-04 14:12;2026-10-04 15:27;2026-10-04 15:27;1;0;;;
2026-10-04;2026-10-04;18:00;2026-10-04;16:00;Prva Liga Serbia;Serbia Prva Liga;serbia-prva-liga;Rs2;Jedinstvo UB;FK Dubocica;40;25;35;1;2-1;3.07;22°C · pioggia 0% · vento 9 km/h;2.5;46.71;53.29;O;43;57;Si;;;;;;;https://betimate.com/it/football-predictions/jedinstvo-ub-vs-fk-dubocica/2026-10-04/game;3;2026-10-04 14:12;2026-10-04 15:27;2026-10-04 15:27;1;0;;;
2026-10-04;2026-10-04;18:00;2026-10-04;16:00;Prva Liga Serbia;Serbia Prva Liga;serbia-prva-liga;Rs2;Spartak Subotica;FK Proleter 023;40;26;34;1;2-1;2.88;23°C · pioggia 0% · vento 6 km/h;2.75;49.35;50.65;O;45;55;Si;;;;;;;https://betimate.com/it/football-predictions/spartak-subotica-vs-fk-proleter-023/2026-10-04/game;3;2026-10-04 14:12;2026-10-04 15:27;2026-10-04 15:27;1;0;;;
2026-10-04;2026-10-04;18:00;2026-10-04;16:00;Regional League Spagna;Spain Regional League;spain-regional-league;SRL;Arcos;Coria CF;70;17;13;1;2-0;2.93;;2.5;47.45;52.55;O;51;49;No;;;;;;;https://betimate.com/it/football-predictions/coria-cf-vs-arcos/2026-10-04/game;7;2026-10-04 14:12;2026-10-04 15:27;2026-10-04 15:27;1;0;;;
2026-10-04;2026-10-04;18:00;2026-10-04;16:00;Regional League Spagna;Spain Regional League;spain-regional-league;SRL;Ardoi;At. Artajones;56;22;22;1;1-0;2.78;;2.75;49.79;50.21;O;47;53;Si;;;;;;;https://betimate.com/it/football-predictions/ardoi-vs-at-artajones/2026-10-04/game;7;2026-10-04 14:12;2026-10-04 15:27;2026-10-04 15:27;1;0;;;
2026-10-04;2026-10-04;18:00;2026-10-04;16:00;Regional League Spagna;Spain Regional League;spain-regional-league;SRL;Atletico Espeleno;UP Viso;43;25;32;1;1-0;2.43;;2.75;52.08;47.92;U;49;51;Si;;;;;;;https://betimate.com/it/football-predictions/atletico-espeleno-vs-up-viso/2026-10-04/game;7;2026-10-04 14:12;2026-10-04 15:27;2026-10-04 15:27;1;0;;;
2026-10-04;2026-10-04;18:00;2026-10-04;16:00;Segunda División Uruguay;Uruguay Segunda;uruguay-segunda;US;Atletico Fenix Montevideo;Uruguay Montevideo;53;25;22;1;1-0;2.64;15°C · pioggia 0% · vento 13 km/h;2.25;47.53;52.47;O;48;52;Si;;;;;;;https://betimate.com/it/football-predictions/atletico-fenix-montevideo-vs-uruguay-montevideo/2026-10-04/game;7;2026-10-04 14:12;2026-10-04 15:27;2026-10-04 15:27;1;0;;;
2026-10-04;2026-10-04;18:00;2026-10-04;16:00;Segunda División costaricana femminile;Costa Rica Segunda Division Women;costa-rica-segunda-division-women;CRSD;Morpho FC (W);AD Cofutpa (W);79;10;11;1;3-1;4.67;;4;46.03;53.97;O;44;56;Si;;;;;;;https://betimate.com/it/football-predictions/ad-cofutpa-w-vs-morpho-fc-w/2026-10-04/game;16;2026-10-04 14:12;2026-10-04 15:27;2026-10-04 15:27;1;0;;;
2026-10-04;2026-10-04;18:00;2026-10-04;16:00;Serie A Femminile;Italy Serie A Women;italy-serie-a-women;ISAW;Como (W);Inter Milan (W);21;20;59;2;0-1;2.41;23°C · pioggia 0% · vento 7 km/h;2.75;52.14;47.86;U;58;42;No;;;;;;;https://betimate.com/it/football-predictions/inter-milan-w-vs-como-w/2026-10-04/game;16;2026-10-04 14:12;2026-10-04 15:27;2026-10-04 15:27;1;0;;;
2026-10-04;2026-10-04;18:00;2026-10-04;16:00;Spagna - Segunda Federación Gruppo 2;Spain Segunda Division RFEF Group 2;spain-segunda-division-rfef-group-2;SSDR;Terrassa;Girona B;58;22;20;1;2-1;3.19;20°C · pioggia 60% · vento 8 km/h;2.25;44.15;55.85;O;45;55;Si;;;;;;;https://betimate.com/it/football-predictions/terrassa-vs-girona-b/2026-10-04/game;7;2026-10-04 14:12;2026-10-04 15:27;2026-10-04 15:27;1;0;;;
2026-10-04;2026-10-04;18:00;2026-10-04;16:00;Spagna - Segunda Federación Gruppo 2;Spain Segunda Division RFEF Group 2;spain-segunda-division-rfef-group-2;SSDR;Tudelano;Barcelona B;27;24;49;2;1-2;3.16;25°C · pioggia 0% · vento 13 km/h;2.5;46.55;53.45;O;43;57;Si;;;;;;;https://betimate.com/it/football-predictions/tudelano-vs-barcelona-b/2026-10-04/game;7;2026-10-04 14:12;2026-10-04 15:27;2026-10-04 15:27;1;0;;;
2026-10-04;2026-10-04;18:00;2026-10-04;16:00;Spagna - Segunda Federación Gruppo 3;Spain Segunda Division RFEF Group 3;spain-segunda-division-rfef-group-3;SSDR;Orihuela;Cieza;51;25;24;1;1-0;2.56;25°C · pioggia 15% · vento 8 km/h;2.25;48.21;51.79;O;50;50;Si;;;;;;;https://betimate.com/it/football-predictions/cieza-vs-orihuela/2026-10-04/game;7;2026-10-04 14:12;2026-10-04 15:27;2026-10-04 15:27;1;0;;;
2026-10-04;2026-10-04;18:00;2026-10-04;16:00;Spain Copa del Rey;Spain Copa del Rey;spain-copa-del-rey;SCdR;UE Tavernes;Maracena;41;23;36;1;2-1;2.86;;2.5;47.67;52.33;O;45;55;Si;;;;;;;https://betimate.com/it/football-predictions/maracena-vs-ue-tavernes/2026-10-04/game;7;2026-10-04 14:12;2026-10-04 15:27;2026-10-04 15:27;1;0;;;
2026-10-04;2026-10-04;18:00;2026-10-04;16:00;Tercera Gruppo 1 spagnola;Spain Tercera Group 1;spain-tercera-group-1;Es5;CD Estradense;CD Boiro;34;26;40;2;0-1;2.35;21°C · pioggia 0% · vento 16 km/h;2.25;49.34;50.66;O;50;50;Si;;;;;;;https://betimate.com/it/football-predictions/cd-boiro-vs-cd-estradense/2026-10-04/game;2;2026-10-04 14:12;2026-10-04 15:27;2026-10-04 15:27;1;0;;;
2026-10-04;2026-10-04;18:00;2026-10-04;16:00;Tercera Gruppo 10 spagnola;Spain Tercera Group 10;spain-tercera-group-10;Es5;CD Egabrense;Bollullos CF;62;18;20;1;2-1;3.62;;3.5;49.31;50.69;O;41;59;Si;;;;;;;https://betimate.com/it/football-predictions/bollullos-cf-vs-cd-egabrense/2026-10-04/game;9;2026-10-04 14:12;2026-10-04 15:27;2026-10-04 15:27;1;0;;;
2026-10-04;2026-10-04;18:00;2026-10-04;16:00;Tercera Gruppo 10 spagnola;Spain Tercera Group 10;spain-tercera-group-10;Es5;Chiclana;Sevilla C;47;25;28;1;1-0;2.39;;2.25;49.04;50.96;O;50;50;Si;;;;;;;https://betimate.com/it/football-predictions/sevilla-c-vs-chiclana/2026-10-04/game;2;2026-10-04 14:12;2026-10-04 15:27;2026-10-04 15:27;1;0;;;
2026-10-04;2026-10-04;18:00;2026-10-04;16:00;Tercera Gruppo 10 spagnola;Spain Tercera Group 10;spain-tercera-group-10;Es5;Pozoblanco;RB Linense;38;26;36;1;1-0;2.26;23°C · pioggia 43% · vento 8 km/h;2.25;49.97;50.03;O;51;49;No;;;;;;;https://betimate.com/it/football-predictions/rb-linense-vs-pozoblanco/2026-10-04/game;9;2026-10-04 14:12;2026-10-04 15:27;2026-10-04 15:27;1;0;;;
2026-10-04;2026-10-04;18:00;2026-10-04;16:00;Tercera Gruppo 11 spagnola;Spain Tercera Group 11;spain-tercera-group-11;Es5;CD Cardassar;Alcudia;52;21;27;1;2-1;2.9;26°C · pioggia 18% · vento 8 km/h;2.75;48.9;51.1;O;45;55;Si;;;;;;;https://betimate.com/it/football-predictions/alcudia-vs-cd-cardassar/2026-10-04/game;9;2026-10-04 14:12;2026-10-04 15:27;2026-10-04 15:27;1;0;;;
2026-10-04;2026-10-04;18:00;2026-10-04;16:00;Tercera Gruppo 13 Spagna;Spain Tercera Group 13;spain-tercera-group-13;Es5;Alcantarilla FC;Atletico Santa Cruz;31;26;43;2;0-1;2.2;25°C · pioggia 13% · vento 7 km/h;2.25;50.4;49.6;U;52;48;No;;;;;;;https://betimate.com/it/football-predictions/alcantarilla-fc-vs-atletico-santa-cruz/2026-10-04/game;2;2026-10-04 14:12;2026-10-04 15:27;2026-10-04 15:27;1;0;;;
2026-10-04;2026-10-04;18:00;2026-10-04;16:00;Tercera Gruppo 13 Spagna;Spain Tercera Group 13;spain-tercera-group-13;Es5;Cotillas CD;Bala Azul;33;22;45;2;1-2;2.87;;2.25;45.78;54.22;O;45;55;Si;;;;;;;https://betimate.com/it/football-predictions/bala-azul-vs-cotillas-cd/2026-10-04/game;9;2026-10-04 14:12;2026-10-04 15:27;2026-10-04 15:27;1;0;;;
2026-10-04;2026-10-04;18:00;2026-10-04;16:00;Tercera Gruppo 13 Spagna;Spain Tercera Group 13;spain-tercera-group-13;Es5;Deportivo Maritimo;Bullas Deportivo;34;25;41;2;0-1;2.45;;2.25;48.55;51.45;O;49;51;Si;;;;;;;https://betimate.com/it/football-predictions/deportivo-maritimo-vs-bullas-deportivo/2026-10-04/game;9;2026-10-04 14:12;2026-10-04 15:27;2026-10-04 15:27;1;0;;;
2026-10-04;2026-10-04;18:00;2026-10-04;16:00;Tercera Gruppo 13 Spagna;Spain Tercera Group 13;spain-tercera-group-13;Es5;El Palmar CF Estrella Grana;Bala Azul;30;23;47;2;0-1;2.62;;2.5;49.21;50.79;O;47;53;Si;;;;;;;https://betimate.com/it/football-predictions/el-palmar-cf-estrella-grana-vs-bala-azul/2026-10-04/game;9;2026-10-04 14:12;2026-10-04 15:27;2026-10-04 15:27;1;0;;;
2026-10-04;2026-10-04;18:00;2026-10-04;16:00;Tercera Gruppo 13 Spagna;Spain Tercera Group 13;spain-tercera-group-13;Es5;Olimpico Totana;UCAM Murcia CF B;42;23;35;1;1-0;2.65;23°C · pioggia 33% · vento 5 km/h;2.5;49;51;O;47;53;Si;;;;;;;https://betimate.com/it/football-predictions/ucam-murcia-cf-b-vs-olimpico-totana/2026-10-04/game;9;2026-10-04 14:12;2026-10-04 15:27;2026-10-04 15:27;1;0;;;
2026-10-04;2026-10-04;18:00;2026-10-04;16:00;Tercera Gruppo 14 Spagna;Spain Tercera Group 14;spain-tercera-group-14;Es5;AD Llerenense;Santa Amalia;53;26;21;1;1-0;2.05;24°C · pioggia 30% · vento 12 km/h;2;49.88;50.12;O;55;45;No;;;;;;;https://betimate.com/it/football-predictions/ad-llerenense-vs-santa-amalia/2026-10-04/game;9;2026-10-04 14:12;2026-10-04 15:27;2026-10-04 15:27;1;0;;;
2026-10-04;2026-10-04;18:00;2026-10-04;16:00;Tercera Gruppo 14 Spagna;Spain Tercera Group 14;spain-tercera-group-14;Es5;CD Quintana;Castuera;45;23;32;1;1-0;2.77;;2.5;48.25;51.75;O;46;54;Si;;;;;;;https://betimate.com/it/football-predictions/castuera-vs-cd-quintana/2026-10-04/game;9;2026-10-04 14:12;2026-10-04 15:27;2026-10-04 15:27;1;0;;;
2026-10-04;2026-10-04;18:00;2026-10-04;16:00;Tercera Gruppo 14 Spagna;Spain Tercera Group 14;spain-tercera-group-14;Es5;Jerez;Plasencia;55;21;24;1;2-1;3.1;25°C · pioggia 28% · vento 7 km/h;3;49.34;50.66;O;44;56;Si;;;;;;;https://betimate.com/it/football-predictions/jerez-vs-plasencia/2026-10-04/game;9;2026-10-04 14:12;2026-10-04 15:27;2026-10-04 15:27;1;0;;;
2026-10-04;2026-10-04;18:00;2026-10-04;16:00;Tercera Gruppo 14 Spagna;Spain Tercera Group 14;spain-tercera-group-14;Es5;SP Villafranca;CD Zafra;44;24;32;1;1-0;2.67;23°C · pioggia 35% · vento 10 km/h;2.5;48.81;51.19;O;47;53;Si;;;;;;;https://betimate.com/it/football-predictions/sp-villafranca-vs-cd-zafra/2026-10-04/game;9;2026-10-04 14:12;2026-10-04 15:27;2026-10-04 15:27;1;0;;;
2026-10-04;2026-10-04;18:00;2026-10-04;16:00;Tercera Gruppo 2 spagnola;Spain Tercera Group 2;spain-tercera-group-2;Es5;Andes CF;Llanes;45;24;31;1;1-0;2.69;;2.5;48.7;51.3;O;46;54;Si;;;;;;;https://betimate.com/it/football-predictions/llanes-vs-andes-cf/2026-10-04/game;9;2026-10-04 14:12;2026-10-04 15:27;2026-10-04 15:27;1;0;;;
2026-10-04;2026-10-04;18:00;2026-10-04;16:00;Tercera Gruppo 2 spagnola;Spain Tercera Group 2;spain-tercera-group-2;Es5;Covadonga;El San Martin;76;14;10;1;2-0;3.29;;3;48.22;51.78;O;50;50;Si;;;;;;;https://betimate.com/it/football-predictions/covadonga-vs-el-san-martin/2026-10-04/game;9;2026-10-04 14:12;2026-10-04 15:27;2026-10-04 15:27;1;0;;;
2026-10-04;2026-10-04;18:00;2026-10-04;16:00;Tercera Gruppo 2 spagnola;Spain Tercera Group 2;spain-tercera-group-2;Es5;UC Ceares;Mosconia;27;28;45;2;0-1;2;;1.75;48.2;51.8;O;54;46;No;;;;;;;https://betimate.com/it/football-predictions/mosconia-vs-uc-ceares/2026-10-04/game;9;2026-10-04 14:12;2026-10-04 15:27;2026-10-04 15:27;1;0;;;
2026-10-04;2026-10-04;18:00;2026-10-04;16:00;Tercera Gruppo 6 spagnola;Spain Tercera Group 6;spain-tercera-group-6;Es5;Atletico Saguntino;Utiel;59;22;19;1;1-0;2.45;24°C · pioggia 0% · vento 8 km/h;2.25;48.67;51.33;O;52;48;No;;;;;;;https://betimate.com/it/football-predictions/atletico-saguntino-vs-utiel/2026-10-04/game;2;2026-10-04 14:12;2026-10-04 15:27;2026-10-04 15:27;1;0;;;
2026-10-04;2026-10-04;18:00;2026-10-04;16:00;Tercera Gruppo 6 spagnola;Spain Tercera Group 6;spain-tercera-group-6;Es5;CD Bunol;Torrent C.F.;39;24;37;1;1-0;2.61;;2;45.14;54.86;O;47;53;Si;;;;;;;https://betimate.com/it/football-predictions/cd-bunol-vs-torrent-c-f/2026-10-04/game;2;2026-10-04 14:12;2026-10-04 15:27;2026-10-04 15:27;1;0;;;
2026-10-04;2026-10-04;18:00;2026-10-04;16:00;Tercera Gruppo 6 spagnola;Spain Tercera Group 6;spain-tercera-group-6;Es5;Ontinyent;Villarreal C;31;24;45;2;0-1;2.49;;2.25;48.32;51.68;O;48;52;Si;;;;;;;https://betimate.com/it/football-predictions/ontinyent-vs-villarreal-c/2026-10-04/game;2;2026-10-04 14:12;2026-10-04 15:27;2026-10-04 15:27;1;0;;;
2026-10-04;2026-10-04;18:00;2026-10-04;16:00;Tercera Gruppo 7 spagnola;Spain Tercera Group 7;spain-tercera-group-7;Es5;UD San Sebastián Reyes B;Real Aranjuez;54;20;26;1;2-1;3.19;;2.25;43.94;56.06;O;43;57;Si;;;;;;;https://betimate.com/it/football-predictions/real-aranjuez-vs-ud-san-sebastian-reyes-b/2026-10-04/game;2;2026-10-04 14:12;2026-10-04 15:27;2026-10-04 15:27;1;0;;;
2026-10-04;2026-10-04;18:00;2026-10-04;16:00;Tercera Gruppo 8 spagnola;Spain Tercera Group 8;spain-tercera-group-8;Es5;UD Santa Marta;Cultural Leonesa B;50;24;26;1;1-0;2.5;21°C · pioggia 10% · vento 4 km/h;2.25;48.25;51.75;O;49;51;Si;;;;;;;https://betimate.com/it/football-predictions/ud-santa-marta-vs-cultural-leonesa-b/2026-10-04/game;2;2026-10-04 14:12;2026-10-04 15:27;2026-10-04 15:27;1;0;;;
2026-10-04;2026-10-04;18:00;2026-10-04;16:00;Tercera RFEF Gruppo 15 Spagna;Spain Tercera Group 15;spain-tercera-group-15;Es5;AD San Juan;Mutilvera;57;24;19;1;1-0;2.18;26°C · pioggia 5% · vento 2 km/h;2;48.68;51.32;O;54;46;No;;;;;;;https://betimate.com/it/football-predictions/ad-san-juan-vs-mutilvera/2026-10-04/game;9;2026-10-04 14:12;2026-10-04 15:27;2026-10-04 15:27;1;0;;;
2026-10-04;2026-10-04;18:00;2026-10-04;16:00;Tercera RFEF Gruppo 15 Spagna;Spain Tercera Group 15;spain-tercera-group-15;Es5;Beti Kozkor KE;CD Beti Onak;56;23;21;1;1-0;2.51;24°C · pioggia 10% · vento 2 km/h;2.25;48.24;51.76;O;50;50;Si;;;;;;;https://betimate.com/it/football-predictions/beti-kozkor-ke-vs-cd-beti-onak/2026-10-04/game;9;2026-10-04 14:12;2026-10-04 15:27;2026-10-04 15:27;1;0;;;
2026-10-04;2026-10-04;18:00;2026-10-04;16:00;Tercera RFEF Gruppo 15 Spagna;Spain Tercera Group 15;spain-tercera-group-15;Es5;Bidezarra;Subiza;34;27;39;2;0-1;2.11;26°C · pioggia 3% · vento 5 km/h;2;49.23;50.77;O;52;48;No;;;;;;;https://betimate.com/it/football-predictions/subiza-vs-bidezarra/2026-10-04/game;9;2026-10-04 14:12;2026-10-04 15:27;2026-10-04 15:27;1;0;;;
2026-10-04;2026-10-04;18:00;2026-10-04;16:00;Tercera RFEF Gruppo 15 Spagna;Spain Tercera Group 15;spain-tercera-group-15;Es5;CD Cortes;UDC Txantrea;49;22;29;1;2-1;2.91;25°C · pioggia 0% · vento 13 km/h;2.75;48.91;51.09;O;45;55;Si;;;;;;;https://betimate.com/it/football-predictions/udc-txantrea-vs-cd-cortes/2026-10-04/game;9;2026-10-04 14:12;2026-10-04 15:27;2026-10-04 15:27;1;0;;;
2026-10-04;2026-10-04;18:00;2026-10-04;16:00;Tercera RFEF Gruppo 15 Spagna;Spain Tercera Group 15;spain-tercera-group-15;Es5;CF Gazte Berriak;Izarra;28;21;51;2;1-2;2.97;;2.75;48.52;51.48;O;44;56;Si;;;;;;;https://betimate.com/it/football-predictions/izarra-vs-cf-gazte-berriak/2026-10-04/game;9;2026-10-04 14:12;2026-10-04 15:27;2026-10-04 15:27;1;0;;;
2026-10-04;2026-10-04;18:00;2026-10-04;16:00;Tercera RFEF Gruppo 15 Spagna;Spain Tercera Group 15;spain-tercera-group-15;Es5;Cirbonero;Doneztebe FT;40;25;35;1;1-0;2.57;26°C · pioggia 5% · vento 2 km/h;2.5;49.47;50.53;O;47;53;Si;;;;;;;https://betimate.com/it/football-predictions/cirbonero-vs-doneztebe-ft/2026-10-04/game;9;2026-10-04 14:12;2026-10-04 15:27;2026-10-04 15:27;1;0;;;
2026-10-04;2026-10-04;18:00;2026-10-04;16:00;Tercera RFEF Gruppo 15 Spagna;Spain Tercera Group 15;spain-tercera-group-15;Es5;Cirbonero;Mutilvera;46;26;28;1;1-0;2.14;26°C · pioggia 5% · vento 2 km/h;2;49.05;50.95;O;53;47;No;;;;;;;https://betimate.com/it/football-predictions/mutilvera-vs-cirbonero/2026-10-04/game;9;2026-10-04 14:12;2026-10-04 15:27;2026-10-04 15:27;1;0;;;
2026-10-04;2026-10-04;18:00;2026-10-04;16:00;Turchia - 2. Lig Beyaz;Türkiye 2 Lig Beyaz;t-rkiye-2-lig-beyaz;;Elazigspor;Corluspor 1947;62;20;18;1;2-1;3.63;18°C · pioggia 0% · vento 5 km/h;3.5;49.41;50.59;O;42;58;Si;;;;;;;https://betimate.com/it/football-predictions/elazigspor-vs-corluspor-1947/2026-10-04/game;16;2026-10-04 14:12;2026-10-04 15:27;2026-10-04 15:27;1;0;;;
2026-10-04;2026-10-04;18:00;2026-10-04;16:00;Turchia - 2. Lig Kırmızı;Türkiye 2 Lig Kirmizi;t-rkiye-2-lig-kirmizi;;Ankaragucu;Inegolspor;63;20;17;1;2-0;3.25;16°C · pioggia 0% · vento 9 km/h;2.75;47.09;52.91;O;46;54;Si;;;;;;;https://betimate.com/it/football-predictions/inegolspor-vs-ankaragucu/2026-10-04/game;7;2026-10-04 14:12;2026-10-04 15:27;2026-10-04 15:27;1;0;;;
2026-10-04;2026-10-04;18:00;2026-10-04;16:00;UEFA Nations League B;UEFA Nations League B;uefa-nations-league-b;UNLB;Kosovo;Austria;25;24;51;2;0-1;2.72;19°C · pioggia 0% · vento 6 km/h;2.5;48.7;51.3;O;51;49;No;;;;;;;https://betimate.com/it/football-predictions/austria-vs-kosovo/2026-10-04/game;1;2026-10-04 14:12;2026-10-04 15:27;2026-10-04 15:27;1;0;;;
2026-10-04;2026-10-04;18:00;2026-10-04;16:00;UEFA Nations League D;UEFA Nations League D;uefa-nations-league-d;UNLD;Malta;Andorra;51;30;19;1;1-0;1.63;;1.75;51.31;48.69;U;65;35;No;;;;;;;https://betimate.com/it/football-predictions/malta-vs-andorra/2026-10-04/game;1;2026-10-04 14:12;2026-10-04 15:27;2026-10-04 15:27;1;0;;;
2026-10-04;2026-10-04;18:15;2026-10-04;16:15;Tercera Gruppo 5 spagnola;Spain Tercera Group 5;spain-tercera-group-5;Es5;UE Vilassar de Mar;CE Europa B;39;24;37;1;1-0;2.54;22°C · pioggia 33% · vento 15 km/h;2.25;47.95;52.05;O;48;52;Si;;;;;;;https://betimate.com/it/football-predictions/ue-vilassar-de-mar-vs-ce-europa-b/2026-10-04/game;2;2026-10-04 14:12;2026-10-04 15:27;2026-10-04 15:27;1;0;;;
2026-10-04;2026-10-04;18:15;2026-10-04;16:15;Tercera Gruppo 9 spagnola;Spain Tercera Group 9;spain-tercera-group-9;Es5;CD Malaga Juniors FC;FC Marbelli;35;25;40;2;0-1;2.38;25°C · pioggia 8% · vento 5 km/h;2.25;49.13;50.87;O;49;51;Si;;;;;;;https://betimate.com/it/football-predictions/fc-marbelli-vs-cd-malaga-juniors-fc/2026-10-04/game;9;2026-10-04 14:12;2026-10-04 15:27;2026-10-04 15:27;1;0;;;
2026-10-04;2026-10-04;18:30;2026-10-04;16:30;Bundesliga Femminile Germania;Germany Bundesliga Women;germany-bundesliga-women;GBW;Nurnberg (W);TSG 1899 Hoffenheim (W);28;16;56;2;1-2;3.86;18°C · pioggia 3% · vento 6 km/h;3.5;48.01;51.99;O;42;58;Si;;;;;;;https://betimate.com/it/football-predictions/tsg-1899-hoffenheim-w-vs-nurnberg-w/2026-10-04/game;7;2026-10-04 14:12;2026-10-04 15:27;2026-10-04 15:27;1;0;;;
2026-10-04;2026-10-04;18:30;2026-10-04;16:30;Campionato U19 serbo;Serbia U19 League;serbia-u19-league;SUL;Mladost Lucani U19;Spartak Subotica U19;63;16;21;1;2-1;3.63;;3.25;47.8;52.2;O;41;59;Si;;;;;;;https://betimate.com/it/football-predictions/spartak-subotica-u19-vs-mladost-lucani-u19/2026-10-04/game;4;2026-10-04 14:12;2026-10-04 15:27;2026-10-04 15:27;1;0;;;
2026-10-04;2026-10-04;18:30;2026-10-04;16:30;Liga Nacional Femminile Guatemala;Guatemala Liga Nacional Women;guatemala-liga-nacional-women;GLNW;Cobaneras FC (W);CDF USAC (W);30;16;54;2;1-2;3.79;;3.25;46.79;53.21;O;42;58;Si;;;;;;;https://betimate.com/it/football-predictions/cdf-usac-w-vs-cobaneras-fc-w/2026-10-04/game;7;2026-10-04 14:12;2026-10-04 15:27;2026-10-04 15:27;1;0;;;
2026-10-04;2026-10-04;18:30;2026-10-04;16:30;Regional League Spagna;Spain Regional League;spain-regional-league;SRL;Nuevo Caceres SF;Ciudad Plasencia;48;22;30;1;2-1;2.87;;2.75;49.16;50.84;O;45;55;Si;;;;;;;https://betimate.com/it/football-predictions/ciudad-plasencia-vs-nuevo-caceres-sf/2026-10-04/game;16;2026-10-04 14:12;2026-10-04 15:27;2026-10-04 15:27;1;0;;;
2026-10-04;2026-10-04;18:30;2026-10-04;16:30;Segunda División spagnola;Spain Segunda;spain-segunda;Es2;CD Castellon;AD Ceuta FC;77;15;8;1;2-0;3.58;24°C · pioggia 0% · vento 7 km/h;3.5;49.38;50.62;O;46;54;Si;;;;;;;https://betimate.com/it/football-predictions/ad-ceuta-fc-vs-cd-castellon/2026-10-04/game;2;2026-10-04 14:12;2026-10-04 15:27;2026-10-04 15:27;1;0;;;
2026-10-04;2026-10-04;18:30;2026-10-04;16:30;Segunda División spagnola;Spain Segunda;spain-segunda;Es2;Las Palmas;Valladolid;49;27;24;1;1-0;2.39;23°C · pioggia 24% · vento 14 km/h;2.25;49;51;O;49;51;Si;;;;;;;https://betimate.com/it/football-predictions/las-palmas-vs-valladolid/2026-10-04/game;1;2026-10-04 14:12;2026-10-04 15:27;2026-10-04 15:27;1;0;;;
2026-10-04;2026-10-04;18:30;2026-10-04;16:30;Spagna - Segunda Federación Gruppo 4;Spain Segunda Division RFEF Group 4;spain-segunda-division-rfef-group-4;SSDR;Club Atletico Central;Linares Deportivo;42;26;32;1;2-1;2.9;;2.25;46.05;53.95;O;45;55;Si;;;;;;;https://betimate.com/it/football-predictions/linares-deportivo-vs-club-atletico-central/2026-10-04/game;7;2026-10-04 14:12;2026-10-04 15:27;2026-10-04 15:27;1;0;;;
2026-10-04;2026-10-04;18:30;2026-10-04;16:30;Tercera Gruppo 10 spagnola;Spain Tercera Group 10;spain-tercera-group-10;Es5;Conil CF;Cordoba B;49;24;27;1;1-0;2.54;26°C · pioggia 5% · vento 18 km/h;2.5;49.7;50.3;O;49;51;Si;;;;;;;https://betimate.com/it/football-predictions/cordoba-b-vs-conil-cf/2026-10-04/game;9;2026-10-04 14:12;2026-10-04 15:27;2026-10-04 15:27;1;0;;;
2026-10-04;2026-10-04;18:30;2026-10-04;16:30;Tercera Gruppo 4 spagnola;Spain Tercera Group 4;spain-tercera-group-4;Es5;CD Derio;SD Beasain;52;23;25;1;1-0;2.6;;2.25;47.58;52.42;O;48;52;Si;;;;;;;https://betimate.com/it/football-predictions/sd-beasain-vs-cd-derio/2026-10-04/game;2;2026-10-04 14:12;2026-10-04 15:27;2026-10-04 15:27;1;0;;;
2026-10-04;2026-10-04;18:30;2026-10-04;16:30;Tercera Gruppo 9 spagnola;Spain Tercera Group 9;spain-tercera-group-9;Es5;Atletico Marbella;Ciudad Torredonjimeno;48;26;26;1;1-0;2.25;;2;48.09;51.91;O;52;48;No;;;;;;;https://betimate.com/it/football-predictions/ciudad-torredonjimeno-vs-atletico-marbella/2026-10-04/game;9;2026-10-04 14:12;2026-10-04 15:27;2026-10-04 15:27;1;0;;;
2026-10-04;2026-10-04;18:30;2026-10-04;16:30;Torneo Regional Amateur Argentina;Argentina Torneo Regional Amateur;argentina-torneo-regional-amateur;ATRA;Villa Belgrano;Atletico Casares FC;65;20;15;1;1-0;2.61;;2.25;47.67;52.33;O;52;48;No;;;;;;;https://betimate.com/it/football-predictions/villa-belgrano-vs-atletico-casares-fc/2026-10-04/game;7;2026-10-04 14:12;2026-10-04 15:27;2026-10-04 15:27;1;0;;;
2026-10-04;2026-10-04;18:45;2026-10-04;16:45;Primera Federación - Gruppo 1 Spagna;Spain Primera Division RFEF Group 1;spain-primera-division-rfef-group-1;SPDR;Merida;Cacereno;36;27;37;2;0-1;2.52;24°C · pioggia 3% · vento 12 km/h;2.5;50.12;49.88;U;48;52;Si;;;;;;;https://betimate.com/it/football-predictions/merida-vs-cacereno/2026-10-04/game;7;2026-10-04 14:12;2026-10-04 15:27;2026-10-04 15:27;1;0;;;
2026-10-04;2026-10-04;18:45;2026-10-04;16:45;Spagna - Primera Federación Gruppo 2;Spain Primera Division RFEF Group 2;spain-primera-division-rfef-group-2;SPDR;Algeciras CF;Rayo Majadahonda;41;27;32;1;1-0;2.5;23°C · pioggia 3% · vento 13 km/h;2.25;48.55;51.45;O;49;51;Si;;;;;;;https://betimate.com/it/football-predictions/rayo-majadahonda-vs-algeciras-cf/2026-10-04/game;7;2026-10-04 14:12;2026-10-04 15:27;2026-10-04 15:27;1;0;;;
2026-10-04;2026-10-04;19:00;2026-10-04;17:00;Campionato Riserve El Salvador;El Salvador Reserves League;el-salvador-reserves-league;ESRL;Internacional Santa Tecla Reserves;Fuerte San Francisco Reserves;64;16;20;1;2-1;3.69;;3.25;47.47;52.53;O;41;59;Si;;;;;;;https://betimate.com/it/football-predictions/fuerte-san-francisco-reserves-vs-internacional-santa-tecla-reserves/2026-10-04/game;16;2026-10-04 14:12;2026-10-04 15:27;2026-10-04 15:27;1;0;;;
2026-10-04;2026-10-04;19:00;2026-10-04;17:00;College Championship USA;USA College Championship;usa-college-championship;UCC;Howard Bison;Mercyhurst Lakers;39;23;38;1;1-0;2.76;18°C · pioggia 7% · vento 9 km/h;2.5;48.29;51.71;O;45;55;Si;;;;;;;https://betimate.com/it/football-predictions/howard-bison-vs-mercyhurst-lakers/2026-10-04/game;16;2026-10-04 14:12;2026-10-04 15:27;2026-10-04 15:27;1;0;;;
2026-10-04;2026-10-04;19:00;2026-10-04;17:00;College Championship USA;USA College Championship;usa-college-championship;UCC;Stonehill Skyhawks;Le Moyne Dolphins;36;24;40;2;0-1;2.55;17°C · pioggia 0% · vento 15 km/h;2.5;49.63;50.37;O;48;52;Si;;;;;;;https://betimate.com/it/football-predictions/stonehill-skyhawks-vs-le-moyne-dolphins/2026-10-04/game;16;2026-10-04 14:12;2026-10-04 15:27;2026-10-04 15:27;1;0;;;
2026-10-04;2026-10-04;19:00;2026-10-04;17:00;Liga F Spagna;Spain Primera Women;spain-primera-women;SPW;Barcelona (W);Real Madrid (W);85;8;7;1;3-0;4.27;21°C · pioggia 40% · vento 10 km/h;3.75;47.03;52.97;O;51;49;No;;;;;;;https://betimate.com/it/football-predictions/real-madrid-w-vs-barcelona-w/2026-10-04/game;7;2026-10-04 14:12;2026-10-04 15:27;2026-10-04 15:27;1;0;;;
2026-10-04;2026-10-04;19:00;2026-10-04;17:00;Ligue 1 Senegal;Senegal Premier League;senegal-premier-league;Sn1;ASC Jaraaf;Ajel de Rufisque;35;39;26;X;0-0;1.34;28°C · pioggia 96% · vento 12 km/h;1.25;49.58;50.42;O;64;36;No;;;;;;;https://betimate.com/it/football-predictions/asc-jaraaf-vs-ajel-de-rufisque/2026-10-04/game;16;2026-10-04 14:12;2026-10-04 15:27;2026-10-04 15:27;1;0;;;
2026-10-04;2026-10-04;19:00;2026-10-04;17:00;Ligue 1 Senegal;Senegal Premier League;senegal-premier-league;Sn1;Generation Foot;AS Pikine;47;32;21;1;1-0;1.81;28°C · pioggia 96% · vento 12 km/h;1.75;49.5;50.5;O;57;43;No;;;;;;;https://betimate.com/it/football-predictions/generation-foot-vs-as-pikine/2026-10-04/game;16;2026-10-04 14:12;2026-10-04 15:27;2026-10-04 15:27;1;0;;;
2026-10-04;2026-10-04;19:00;2026-10-04;17:00;Ligue 1 Senegal;Senegal Premier League;senegal-premier-league;Sn1;Guediawaye FC;AS Dakar Sacre Coeur;47;27;26;1;1-0;2.39;28°C · pioggia 96% · vento 12 km/h;2.25;49.03;50.97;O;49;51;Si;;;;;;;https://betimate.com/it/football-predictions/guediawaye-fc-vs-as-dakar-sacre-coeur/2026-10-04/game;16;2026-10-04 14:12;2026-10-04 15:27;2026-10-04 15:27;1;0;;;
2026-10-04;2026-10-04;19:00;2026-10-04;17:00;Ligue 1 Senegal;Senegal Premier League;senegal-premier-league;Sn1;US Goree;ASC Linguere;52;31;17;1;1-0;1.75;28°C · pioggia 96% · vento 12 km/h;1.5;48.21;51.79;O;60;40;No;;;;;;;https://betimate.com/it/football-predictions/us-goree-vs-asc-linguere/2026-10-04/game;16;2026-10-04 14:12;2026-10-04 15:27;2026-10-04 15:27;1;0;;;
2026-10-04;2026-10-04;19:00;2026-10-04;17:00;NWSL statunitense;USA NWSL Women;usa-nwsl-women;UNW;NJ/NY Gotham FC (W);Angel City FC (W);44;22;34;1;1-0;2.39;15°C · pioggia 11% · vento 9 km/h;2.75;52.26;47.74;U;55;45;No;;;;;;;https://betimate.com/it/football-predictions/angel-city-fc-w-vs-nj-ny-gotham-fc-w/2026-10-04/game;7;2026-10-04 14:12;2026-10-04 15:27;2026-10-04 15:27;1;0;;;
2026-10-04;2026-10-04;19:00;2026-10-04;17:00;Northern Super League canadese femminile;Canada Northern Super League Women;canada-northern-super-league-women;CNSL;AFC Toronto (W);Vancouver Rise FC (W);54;17;29;1;2-1;3.44;;3;46.81;53.19;O;46;54;Si;;;;;;;https://betimate.com/it/football-predictions/vancouver-rise-fc-w-vs-afc-toronto-w/2026-10-04/game;7;2026-10-04 14:12;2026-10-04 15:27;2026-10-04 15:27;1;0;;;
2026-10-04;2026-10-04;19:00;2026-10-04;17:00;Premiership femminile nordirlandese;Northern Ireland Premier League Women;northern-ireland-premier-league-women;NIPL;Cliftonville (W);Glentoran (W);63;16;21;1;2-1;3.32;;3.25;49.5;50.5;O;49;51;Si;;;;;;;https://betimate.com/it/football-predictions/cliftonville-w-vs-glentoran-w/2026-10-04/game;7;2026-10-04 14:12;2026-10-04 15:27;2026-10-04 15:27;1;0;;;
2026-10-04;2026-10-04;19:00;2026-10-04;17:00;Premiership femminile nordirlandese;Northern Ireland Premier League Women;northern-ireland-premier-league-women;NIPL;Crusaders Strikers (W);Derry City (W);34;16;50;2;1-2;4.24;;4;48.38;51.62;O;38;62;Si;;;;;;;https://betimate.com/it/football-predictions/crusaders-strikers-w-vs-derry-city-w/2026-10-04/game;7;2026-10-04 14:12;2026-10-04 15:27;2026-10-04 15:27;1;0;;;
2026-10-04;2026-10-04;19:00;2026-10-04;17:00;Premiership femminile nordirlandese;Northern Ireland Premier League Women;northern-ireland-premier-league-women;NIPL;Larne FC (W);Lisburn (W);30;18;52;2;1-2;3.35;;3.25;49.29;50.71;O;46;54;Si;;;;;;;https://betimate.com/it/football-predictions/larne-fc-w-vs-lisburn-w/2026-10-04/game;16;2026-10-04 14:12;2026-10-04 15:27;2026-10-04 15:27;1;0;;;
2026-10-04;2026-10-04;19:00;2026-10-04;17:00;Premiership femminile nordirlandese;Northern Ireland Premier League Women;northern-ireland-premier-league-women;NIPL;Lisburn Rangers (W);Linfield (W);15;12;73;2;1-3;4.92;;4;44.68;55.32;O;39;61;Si;;;;;;;https://betimate.com/it/football-predictions/linfield-w-vs-lisburn-rangers-w/2026-10-04/game;7;2026-10-04 14:12;2026-10-04 15:27;2026-10-04 15:27;1;0;;;
2026-10-04;2026-10-04;19:00;2026-10-04;17:00;Primera División guatemalteca;Guatemala Primera Division;guatemala-primera-division;Gt2;CD Achuapa;AFF Guatemala;53;26;21;1;1-0;2.09;24°C · pioggia 74% · vento 6 km/h;2.5;52.83;47.17;U;55;45;No;;;;;;;https://betimate.com/it/football-predictions/cd-achuapa-vs-aff-guatemala/2026-10-04/game;7;2026-10-04 14:12;2026-10-04 15:27;2026-10-04 15:27;1;0;;;
2026-10-04;2026-10-04;19:00;2026-10-04;17:00;Primera División guatemalteca;Guatemala Primera Division;guatemala-primera-division;Gt2;CS Deportivo Sacachispas;Champs Academy;76;16;8;1;2-0;2.75;;2.75;50.14;49.86;U;56;44;No;;;;;;;https://betimate.com/it/football-predictions/cs-deportivo-sacachispas-vs-champs-academy/2026-10-04/game;7;2026-10-04 14:12;2026-10-04 15:27;2026-10-04 15:27;1;0;;;
2026-10-04;2026-10-04;19:00;2026-10-04;17:00;Primera División guatemalteca;Guatemala Primera Division;guatemala-primera-division;Gt2;CSD Amatitlan;Coatepeque FC;49;25;26;1;1-0;2.36;;2;47.15;52.85;O;50;50;Si;;;;;;;https://betimate.com/it/football-predictions/csd-amatitlan-vs-coatepeque-fc/2026-10-04/game;7;2026-10-04 14:12;2026-10-04 15:27;2026-10-04 15:27;1;0;;;
2026-10-04;2026-10-04;19:00;2026-10-04;17:00;Primera División guatemalteca;Guatemala Primera Division;guatemala-primera-division;Gt2;Mictlán;CSD Chiquimulilla;62;19;19;1;2-0;3.07;27°C · pioggia 74% · vento 2 km/h;2.5;46.61;53.39;O;46;54;Si;;;;;;;https://betimate.com/it/football-predictions/mictlan-vs-csd-chiquimulilla/2026-10-04/game;7;2026-10-04 14:12;2026-10-04 15:27;2026-10-04 15:27;1;0;;;
2026-10-04;2026-10-04;19:00;2026-10-04;17:00;Primera División guatemalteca;Guatemala Primera Division;guatemala-primera-division;Gt2;Santa Lucia Cotzumalguapa;Aguacatan FC;51;23;26;1;1-0;2.58;27°C · pioggia 50% · vento 8 km/h;2.5;49.42;50.58;O;48;52;Si;;;;;;;https://betimate.com/it/football-predictions/aguacatan-fc-vs-santa-lucia-cotzumalguapa/2026-10-04/game;7;2026-10-04 14:12;2026-10-04 15:27;2026-10-04 15:27;1;0;;;
2026-10-04;2026-10-04;19:00;2026-10-04;17:00;Segunda División Costa Rica;Costa Rica Segunda;costa-rica-segunda;CRS;ADR Jicaral;AD Cofutpa;69;19;12;1;1-0;2.6;31°C · pioggia 54% · vento 4 km/h;3;53.33;46.67;U;54;46;No;;;;;;;https://betimate.com/it/football-predictions/adr-jicaral-vs-ad-cofutpa/2026-10-04/game;7;2026-10-04 14:12;2026-10-04 15:27;2026-10-04 15:27;1;0;;;
2026-10-04;2026-10-04;19:00;2026-10-04;17:00;Segunda División Costa Rica;Costa Rica Segunda;costa-rica-segunda;CRS;FC Aserri;Guadalupe FC;56;22;22;1;1-0;2.64;26°C · pioggia 21% · vento 7 km/h;2.5;49.11;50.89;O;49;51;Si;;;;;;;https://betimate.com/it/football-predictions/guadalupe-fc-vs-fc-aserri/2026-10-04/game;7;2026-10-04 14:12;2026-10-04 15:27;2026-10-04 15:27;1;0;;;
2026-10-04;2026-10-04;19:00;2026-10-04;17:00;Segunda División Costa Rica;Costa Rica Segunda;costa-rica-segunda;CRS;Santa Ana;Cariari Pococi;44;23;33;1;1-0;2.66;;2.5;48.89;51.11;O;47;53;Si;;;;;;;https://betimate.com/it/football-predictions/cariari-pococi-vs-santa-ana/2026-10-04/game;7;2026-10-04 14:12;2026-10-04 15:27;2026-10-04 15:27;1;0;;;
2026-10-04;2026-10-04;19:00;2026-10-04;17:00;Segunda División costaricana femminile;Costa Rica Segunda Division Women;costa-rica-segunda-division-women;CRSD;CODEA Alajuela (W);UNA (W);50;18;32;1;2-1;3.36;;3;47.38;52.62;O;46;54;Si;;;;;;;https://betimate.com/it/football-predictions/codea-alajuela-w-vs-una-w/2026-10-04/game;16;2026-10-04 14:12;2026-10-04 15:27;2026-10-04 15:27;1;0;;;
2026-10-04;2026-10-04;19:00;2026-10-04;17:00;Spagna - Segunda Federación Gruppo 4;Spain Segunda Division RFEF Group 4;spain-segunda-division-rfef-group-4;SSDR;Ciudad Lucena;Puente Genil;43;28;29;1;1-0;2.33;24°C · pioggia 8% · vento 13 km/h;2.25;49.76;50.24;O;51;49;No;;;;;;;https://betimate.com/it/football-predictions/ciudad-lucena-vs-puente-genil/2026-10-04/game;7;2026-10-04 14:12;2026-10-04 15:27;2026-10-04 15:27;1;0;;;
2026-10-04;2026-10-04;19:00;2026-10-04;17:00;Tercera Gruppo 10 spagnola;Spain Tercera Group 10;spain-tercera-group-10;Es5;CD San Roque de Lepe;Real Betis C;39;25;36;1;1-0;2.51;25°C · pioggia 0% · vento 11 km/h;2.25;48.2;51.8;O;48;52;Si;;;;;;;https://betimate.com/it/football-predictions/cd-san-roque-de-lepe-vs-real-betis-c/2026-10-04/game;9;2026-10-04 14:12;2026-10-04 15:27;2026-10-04 15:27;1;0;;;
2026-10-04;2026-10-04;19:00;2026-10-04;17:00;Tercera Gruppo 9 spagnola;Spain Tercera Group 9;spain-tercera-group-9;Es5;Atletico Porcuna CF;Churriana de la Vega CF;47;23;30;1;1-0;2.66;26°C · pioggia 35% · vento 11 km/h;2.5;48.94;51.06;O;47;53;Si;;;;;;;https://betimate.com/it/football-predictions/atletico-porcuna-cf-vs-churriana-de-la-vega-cf/2026-10-04/game;9;2026-10-04 14:12;2026-10-04 15:27;2026-10-04 15:27;1;0;;;
2026-10-04;2026-10-04;19:00;2026-10-04;17:00;Tercera RFEF Gruppo 16 Spagna;Spain Tercera Group 16;spain-tercera-group-16;Es5;Calasancio;Casalarreina CF;65;16;19;1;2-1;4.02;23°C · pioggia 3% · vento 10 km/h;2.75;42.49;57.51;O;39;61;Si;;;;;;;https://betimate.com/it/football-predictions/casalarreina-cf-vs-calasancio/2026-10-04/game;3;2026-10-04 14:12;2026-10-04 15:27;2026-10-04 15:27;1;0;;;
2026-10-04;2026-10-04;19:00;2026-10-04;17:00;Uruguay - Primera División Amateur;Uruguay Primera Division Amateur;uruguay-primera-division-amateur;UPDA;CA Bella Vista;CA Platense;71;17;12;1;2-0;2.77;;2.75;49.99;50.01;O;53;47;No;;;;;;;https://betimate.com/it/football-predictions/ca-bella-vista-vs-ca-platense/2026-10-04/game;7;2026-10-04 14:12;2026-10-04 15:27;2026-10-04 15:27;1;0;;;
2026-10-04;2026-10-04;19:30;2026-10-04;17:30;II Liga polacca;Poland II Liga;poland-ii-liga;Pl2;Zawisza Bydgoszcz;Olimpia Grudziadz;44;21;35;1;2-1;3.41;16°C · pioggia 0% · vento 5 km/h;2.75;45.82;54.18;O;40;60;Si;;;;;;;https://betimate.com/it/football-predictions/olimpia-grudziadz-vs-zawisza-bydgoszcz/2026-10-04/game;1;2026-10-04 14:12;2026-10-04 15:27;2026-10-04 15:27;1;0;;;
2026-10-04;2026-10-04;19:30;2026-10-04;17:30;Liga F Spagna;Spain Primera Women;spain-primera-women;SPW;Valencia (W);Real Sociedad (W);22;16;62;2;1-2;3.29;23°C · pioggia 5% · vento 5 km/h;2.75;46.29;53.71;O;49;51;Si;;;;;;;https://betimate.com/it/football-predictions/valencia-w-vs-real-sociedad-w/2026-10-04/game;7;2026-10-04 14:12;2026-10-04 15:27;2026-10-04 15:27;1;0;;;
2026-10-04;2026-10-04;19:30;2026-10-04;17:30;Tercera RFEF Gruppo 15 Spagna;Spain Tercera Group 15;spain-tercera-group-15;Es5;CF Gazte Berriak;Doneztebe FT;46;22;32;1;2-1;2.91;;2.5;47.43;52.57;O;44;56;Si;;;;;;;https://betimate.com/it/football-predictions/cf-gazte-berriak-vs-doneztebe-ft/2026-10-04/game;2;2026-10-04 14:12;2026-10-04 15:27;2026-10-04 15:27;1;0;;;
2026-10-04;2026-10-04;19:45;2026-10-04;17:45;Liga Bet Nord Israele;Israel Liga Bet North;israel-liga-bet-north;ILBN;Netanya Kolet;Hapoel Daliyat Al-Karmel;27;23;50;2;0-1;2.67;;3.75;56.82;43.18;U;47;53;Si;;;;;;;https://betimate.com/it/football-predictions/hapoel-daliyat-al-karmel-vs-netanya-kolet/2026-10-04/game;3;2026-10-04 14:12;2026-10-04 15:27;2026-10-04 15:27;1;0;;;
2026-10-04;2026-10-04;19:45;2026-10-04;17:45;Liga Profesional Argentina;Argentina Liga Profesional;argentina-liga-profesional;ALP;Huracan;CA Aldosivi;57;25;18;1;1-0;2.23;22°C · pioggia 0% · vento 3 km/h;2;47.95;52.05;O;53;47;No;;;;;;;https://betimate.com/it/football-predictions/ca-aldosivi-vs-huracan/2026-10-04/game;8;2026-10-04 14:12;2026-10-04 15:27;2026-10-04 15:27;1;0;;;
2026-10-04;2026-10-04;19:45;2026-10-04;17:45;Liga Profesional Argentina;Argentina Liga Profesional;argentina-liga-profesional;ALP;Sarmiento;River Plate;20;25;55;2;0-1;2.43;;2.25;48.57;51.43;O;49;51;Si;;;;;;;https://betimate.com/it/football-predictions/river-plate-vs-sarmiento/2026-10-04/game;16;2026-10-04 14:12;2026-10-04 15:27;2026-10-04 15:27;1;0;;;
2026-10-04;2026-10-04;20:00;2026-10-04;18:00;Amichevoli internazionali;International Match;international-match;IM;Egitto;Sudafrica;59;23;18;1;1-0;2.41;;2.25;49.03;50.97;O;56;44;No;;;;;;;https://betimate.com/it/football-predictions/egypt-vs-south-africa/2026-10-04/game;1;2026-10-04 14:12;2026-10-04 15:27;2026-10-04 15:27;1;0;;;
2026-10-04;2026-10-04;20:00;2026-10-04;18:00;Amichevoli internazionali;International Match;international-match;IM;Marocco;Mali;56;29;15;1;1-0;1.75;;2.5;55.71;44.29;U;65;35;No;;;;;;;https://betimate.com/it/football-predictions/morocco-vs-mali/2026-10-04/game;1;2026-10-04 14:12;2026-10-04 15:27;2026-10-04 15:27;1;0;;;
2026-10-04;2026-10-04;20:00;2026-10-04;18:00;Argentina - Torneo Promocional Amateur;Argentina Torneo Promocional Amateur;argentina-torneo-promocional-amateur;ATPA;Defensores de Glew;Uribelarrea FC;49;24;27;1;1-0;2.46;;2;46.36;53.64;O;49;51;Si;;;;;;;https://betimate.com/it/football-predictions/defensores-de-glew-vs-uribelarrea-fc/2026-10-04/game;8;2026-10-04 14:12;2026-10-04 15:27;2026-10-04 15:27;1;0;;;
2026-10-04;2026-10-04;20:00;2026-10-04;18:00;College Championship USA;USA College Championship;usa-college-championship;UCC;Chicago State;Fairleigh;9;12;79;2;0-2;3.57;20°C · pioggia 0% · vento 12 km/h;3.5;49.68;50.32;O;49;51;Si;;;;;;;https://betimate.com/it/football-predictions/fairleigh-vs-chicago-state/2026-10-04/game;16;2026-10-04 14:12;2026-10-04 15:27;2026-10-04 15:27;1;0;;;
2026-10-04;2026-10-04;20:00;2026-10-04;18:00;College Championship USA;USA College Championship;usa-college-championship;UCC;Lindenwood Lions;Houston Christian Huskies;58;22;20;1;1-0;2.41;22°C · pioggia 0% · vento 9 km/h;2.25;48.97;51.03;O;52;48;No;;;;;;;https://betimate.com/it/football-predictions/houston-christian-huskies-vs-lindenwood-lions/2026-10-04/game;16;2026-10-04 14:12;2026-10-04 15:27;2026-10-04 15:27;1;0;;;
2026-10-04;2026-10-04;20:00;2026-10-04;18:00;College Championship USA;USA College Championship;usa-college-championship;UCC;Michigan;Portland Pilots;32;24;44;2;0-1;2.6;19°C · pioggia 0% · vento 16 km/h;2.5;49.26;50.74;O;47;53;Si;;;;;;;https://betimate.com/it/football-predictions/michigan-vs-portland-pilots/2026-10-04/game;16;2026-10-04 14:12;2026-10-04 15:27;2026-10-04 15:27;1;0;;;
2026-10-04;2026-10-04;20:00;2026-10-04;18:00;College Championship USA;USA College Championship;usa-college-championship;UCC;Western Illinois Leathernecks;Southern Indiana Screaming Eagles;68;15;17;1;2-1;3.92;22°C · pioggia 0% · vento 12 km/h;3.75;49;51;O;41;59;Si;;;;;;;https://betimate.com/it/football-predictions/western-illinois-leathernecks-vs-southern-indiana-screaming-eagles/2026-10-04/game;16;2026-10-04 14:12;2026-10-04 15:27;2026-10-04 15:27;1;0;;;
2026-10-04;2026-10-04;20:00;2026-10-04;18:00;Ivory Coast Ligue 2;Ivory Coast Ligue 2;ivory-coast-ligue-2;ICL2;WAC d'Adjame;AGIR FC;35;31;34;1;1-0;1.69;;1.75;50.69;49.31;U;58;42;No;;;;;;;https://betimate.com/it/football-predictions/wac-d-adjame-vs-agir-fc/2026-10-04/game;16;2026-10-04 14:12;2026-10-04 15:27;2026-10-04 15:27;1;0;;;
2026-10-04;2026-10-04;20:00;2026-10-04;18:00;Liga de Expansión MX Messico;Mexico Liga de Expansion;mexico-liga-de-expansion;MLdE;Universidad Guadalajara;Dorados;66;19;15;1;2-0;3.2;25°C · pioggia 24% · vento 9 km/h;3;48.56;51.44;O;45;55;Si;;;;;;;https://betimate.com/it/football-predictions/universidad-guadalajara-vs-dorados/2026-10-04/game;16;2026-10-04 14:12;2026-10-04 15:27;2026-10-04 15:27;1;0;;;
2026-10-04;2026-10-04;20:00;2026-10-04;18:00;Messico - Liga TDP;Mexico Liga TDP;mexico-liga-tdp;MLT;D. Coatzacoalcos II;Club Deportivo Águila Azteca;29;22;49;2;1-2;3.04;;3;49.8;50.2;O;44;56;Si;;;;;;;https://betimate.com/it/football-predictions/club-deportivo-aguila-azteca-vs-d-coatzacoalcos-ii/2026-10-04/game;16;2026-10-04 14:12;2026-10-04 15:27;2026-10-04 15:27;1;0;;;
2026-10-04;2026-10-04;20:00;2026-10-04;18:00;Messico - Liga TDP;Mexico Liga TDP;mexico-liga-tdp;MLT;Pavones ADMC;Chapulineros de Oaxaca II;32;26;42;2;0-1;2.14;;2.75;54.37;45.63;U;52;48;No;;;;;;;https://betimate.com/it/football-predictions/pavones-admc-vs-chapulineros-de-oaxaca-ii/2026-10-04/game;8;2026-10-04 14:12;2026-10-04 15:27;2026-10-04 15:27;1;0;;;
2026-10-04;2026-10-04;20:00;2026-10-04;18:00;Primera B Cile;Chile Primera B;chile-primera-b;Cl2;Union San Felipe;Deportes Iquique;30;29;41;2;0-1;2.09;16°C · pioggia 51% · vento 10 km/h;2.5;52.88;47.12;U;53;47;No;;;;;;;https://betimate.com/it/football-predictions/deportes-iquique-vs-union-san-felipe/2026-10-04/game;3;2026-10-04 14:12;2026-10-04 15:27;2026-10-04 15:27;1;0;;;
2026-10-04;2026-10-04;20:00;2026-10-04;18:00;Primera B Metropolitana argentina;Argentina Primera B Metropolitana;argentina-primera-b-metropolitana;Ar3;Club Comunicaciones;CSD Flandria;47;28;25;1;1-0;1.86;24°C · pioggia 0% · vento 6 km/h;1.75;49.28;50.72;O;56;44;No;;;;;;;https://betimate.com/it/football-predictions/csd-flandria-vs-club-comunicaciones/2026-10-04/game;1;2026-10-04 14:12;2026-10-04 15:27;2026-10-04 15:27;1;0;;;
2026-10-04;2026-10-04;20:00;2026-10-04;18:00;Primera B Metropolitana argentina;Argentina Primera B Metropolitana;argentina-primera-b-metropolitana;Ar3;Sportivo Italiano;Talleres Remedios;38;31;31;1;1-0;1.69;23°C · pioggia 0% · vento 6 km/h;1.75;50.65;49.35;U;58;42;No;;;;;;;https://betimate.com/it/football-predictions/talleres-remedios-vs-sportivo-italiano/2026-10-04/game;1;2026-10-04 14:12;2026-10-04 15:27;2026-10-04 15:27;1;0;;;
2026-10-04;2026-10-04;20:00;2026-10-04;18:00;Primera C Metropolitana argentina;Argentina Primera C Metropolitana;argentina-primera-c-metropolitana;Ar4;CA Lugano;Argentino de Rosario;48;26;26;1;1-0;2.28;24°C · pioggia 0% · vento 8 km/h;2;47.87;52.13;O;51;49;No;;;;;;;https://betimate.com/it/football-predictions/argentino-de-rosario-vs-ca-lugano/2026-10-04/game;1;2026-10-04 14:12;2026-10-04 15:27;2026-10-04 15:27;1;0;;;
2026-10-04;2026-10-04;20:00;2026-10-04;18:00;Primera C Metropolitana argentina;Argentina Primera C Metropolitana;argentina-primera-c-metropolitana;Ar4;Central Cordoba de Rosario;Yupanqui;58;23;19;1;1-0;2.34;22°C · pioggia 0% · vento 11 km/h;2.25;49.47;50.53;O;53;47;No;;;;;;;https://betimate.com/it/football-predictions/yupanqui-vs-central-cordoba-de-rosario/2026-10-04/game;8;2026-10-04 14:12;2026-10-04 15:27;2026-10-04 15:27;1;0;;;
2026-10-04;2026-10-04;20:00;2026-10-04;18:00;Primera C Metropolitana argentina;Argentina Primera C Metropolitana;argentina-primera-c-metropolitana;Ar4;Puerto Nuevo;JJ Urquiza;37;31;32;1;1-0;1.63;23°C · pioggia 0% · vento 5 km/h;1.75;51.28;48.72;U;59;41;No;;;;;;;https://betimate.com/it/football-predictions/jj-urquiza-vs-puerto-nuevo/2026-10-04/game;1;2026-10-04 14:12;2026-10-04 15:27;2026-10-04 15:27;1;0;;;
2026-10-04;2026-10-04;20:00;2026-10-04;18:00;Primera C Metropolitana argentina;Argentina Primera C Metropolitana;argentina-primera-c-metropolitana;Ar4;Sacachispas;Estrella del Sur Alejandro Korn;41;28;31;1;1-0;1.99;24°C · pioggia 0% · vento 8 km/h;1.75;48.18;51.82;O;54;46;No;;;;;;;https://betimate.com/it/football-predictions/sacachispas-vs-estrella-del-sur-alejandro-korn/2026-10-04/game;1;2026-10-04 14:12;2026-10-04 15:27;2026-10-04 15:27;1;0;;;
2026-10-04;2026-10-04;20:00;2026-10-04;18:00;Primera División Femminile Cile;Chile Primera Division Women;chile-primera-division-women;CPDW;Colo Colo (W);Deportes Iquique (W);97;2;1;1;4-0;5.37;17°C · pioggia 6% · vento 9 km/h;4.75;46.97;53.03;O;63;37;No;;;;;;;https://betimate.com/it/football-predictions/deportes-iquique-w-vs-colo-colo-w/2026-10-04/game;8;2026-10-04 14:12;2026-10-04 15:27;2026-10-04 15:27;1;0;;;
2026-10-04;2026-10-04;20:00;2026-10-04;18:00;Primera Nacional argentina;Argentina Nacional B;argentina-nacional-b;Ar2;Agropecuario;Ferrocarril Midland;41;31;28;1;1-0;2.02;23°C · pioggia 2% · vento 6 km/h;2;50.05;49.95;U;53;47;No;;;;;;;https://betimate.com/it/football-predictions/ferrocarril-midland-vs-agropecuario/2026-10-04/game;1;2026-10-04 14:12;2026-10-04 15:27;2026-10-04 15:27;1;0;;;
2026-10-04;2026-10-04;20:00;2026-10-04;18:00;Uruguay - Primera División Amateur;Uruguay Primera Division Amateur;uruguay-primera-division-amateur;UPDA;IA Sud America;Salto FC;40;26;34;1;1-0;2.23;;2;48.22;51.78;O;51;49;No;;;;;;;https://betimate.com/it/football-predictions/ia-sud-america-vs-salto-fc/2026-10-04/game;16;2026-10-04 14:12;2026-10-04 15:27;2026-10-04 15:27;1;0;;;
2026-10-04;2026-10-04;20:18;2026-10-04;18:18;Primera División guatemalteca;Guatemala Primera Division;guatemala-primera-division;Gt2;Juventud Copalera;Deportivo Gomerano;52;23;25;1;1-0;2.65;;2.5;49.03;50.97;O;48;52;Si;;;;;;;https://betimate.com/it/football-predictions/juventud-copalera-vs-deportivo-gomerano/2026-10-04/game;16;2026-10-04 14:12;2026-10-04 15:27;2026-10-04 15:27;1;0;;;
2026-10-04;2026-10-04;20:30;2026-10-04;18:30;Coppa del Cile;Chile Cup;chile-cup;CC;O'Higgins;Deportes Concepcion;50;26;24;1;1-0;2.56;15°C · pioggia 30% · vento 6 km/h;2.25;47.66;52.34;O;47;53;Si;;;;;;;https://betimate.com/it/football-predictions/o-higgins-vs-deportes-concepcion/2026-10-04/game;8;2026-10-04 14:12;2026-10-04 15:27;2026-10-04 15:27;1;0;;;
2026-10-04;2026-10-04;20:30;2026-10-04;18:30;Munster Senior League irlandese;Republic of Ireland Munster Senior League;republic-of-ireland-munster-senior-league;RoIM;Midleton FC;Blarney United;45;23;32;1;2-1;2.89;;3;50.86;49.14;U;45;55;Si;;;;;;;https://betimate.com/it/football-predictions/midleton-fc-vs-blarney-united/2026-10-04/game;8;2026-10-04 14:12;2026-10-04 15:27;2026-10-04 15:27;1;0;;;
2026-10-04;2026-10-04;20:30;2026-10-04;18:30;Primera Nacional argentina;Argentina Nacional B;argentina-nacional-b;Ar2;CA San Telmo;Almirante Brown;34;36;30;X;0-0;1.57;23°C · pioggia 0% · vento 5 km/h;1.75;51.73;48.27;U;60;40;No;;;;;;;https://betimate.com/it/football-predictions/almirante-brown-vs-ca-san-telmo/2026-10-04/game;1;2026-10-04 14:12;2026-10-04 15:27;2026-10-04 15:27;1;0;;;
2026-10-04;2026-10-04;20:30;2026-10-04;18:30;Primera Nacional argentina;Argentina Nacional B;argentina-nacional-b;Ar2;Chacarita Juniors;Patronato Parana;42;33;25;1;1-0;1.81;24°C · pioggia 0% · vento 4 km/h;2;52.25;47.75;U;57;43;No;;;;;;;https://betimate.com/it/football-predictions/patronato-parana-vs-chacarita-juniors/2026-10-04/game;1;2026-10-04 14:12;2026-10-04 15:27;2026-10-04 15:27;1;0;;;
2026-10-04;2026-10-04;20:30;2026-10-04;18:30;Serie C Gruppo A Italia;Italy Serie C Group A;italy-serie-c-group-a;lt3;Alcione Milano;Trento;29;31;40;2;0-1;2.11;20°C · pioggia 0% · vento 3 km/h;2.5;52.85;47.15;U;52;48;No;;;;;;;https://betimate.com/it/football-predictions/trento-vs-alcione-milano/2026-10-04/game;2;2026-10-04 14:12;2026-10-04 15:27;2026-10-04 15:27;1;0;;;
2026-10-04;2026-10-04;20:30;2026-10-04;18:30;Serie C Gruppo B Italia;Italy Serie C Group B;italy-serie-c-group-b;lt3;US Latina Calcio;AS Ostia Mare;46;29;25;1;1-0;2.16;21°C · pioggia 0% · vento 6 km/h;2.5;52.25;47.75;U;51;49;No;;;;;;;https://betimate.com/it/football-predictions/as-ostia-mare-vs-us-latina-calcio/2026-10-04/game;3;2026-10-04 14:12;2026-10-04 15:27;2026-10-04 15:27;1;0;;;
2026-10-04;2026-10-04;20:30;2026-10-04;18:30;Serie C Gruppo C Italia;Italy Serie C Group C;italy-serie-c-group-c;lt3;Audace Cerignola;Team Altamura;55;26;19;1;1-0;2.45;18°C · pioggia 0% · vento 1 km/h;2.5;50.4;49.6;U;51;49;No;;;;;;;https://betimate.com/it/football-predictions/team-altamura-vs-audace-cerignola/2026-10-04/game;3;2026-10-04 14:12;2026-10-04 15:27;2026-10-04 15:27;1;0;;;
2026-10-04;2026-10-04;20:30;2026-10-04;18:30;Serie C Gruppo C Italia;Italy Serie C Group C;italy-serie-c-group-c;lt3;Potenza;AZ Picerno ASD;58;22;20;1;2-1;3.11;14°C · pioggia 0% · vento 4 km/h;2.5;46.32;53.68;O;43;57;Si;;;;;;;https://betimate.com/it/football-predictions/az-picerno-asd-vs-potenza/2026-10-04/game;3;2026-10-04 14:12;2026-10-04 15:27;2026-10-04 15:27;1;0;;;
2026-10-04;2026-10-04;20:30;2026-10-04;18:30;Serie C Gruppo C Italia;Italy Serie C Group C;italy-serie-c-group-c;lt3;Salernitana;Bari;42;29;29;1;1-0;2.3;19°C · pioggia 0% · vento 9 km/h;2.5;51.46;48.54;U;50;50;Si;;;;;;;https://betimate.com/it/football-predictions/bari-vs-salernitana/2026-10-04/game;3;2026-10-04 14:12;2026-10-04 15:27;2026-10-04 15:27;1;0;;;
2026-10-04;2026-10-04;20:30;2026-10-04;18:30;Torneo Federal A Argentina;Argentina Torneo A;argentina-torneo-a;Ar3;CA Alvarado;Defensores de Belgrano VR;58;25;17;1;1-0;2.06;18°C · pioggia 6% · vento 11 km/h;2;49.78;50.22;O;56;44;No;;;;;;;https://betimate.com/it/football-predictions/ca-alvarado-vs-defensores-de-belgrano-vr/2026-10-04/game;2;2026-10-04 14:12;2026-10-04 15:27;2026-10-04 15:27;1;0;;;
2026-10-04;2026-10-04;20:45;2026-10-04;18:45;UEFA Nations League A;UEFA Nations League A;uefa-nations-league-a;UNLA;Galles;Danimarca;23;23;54;2;0-1;2.74;16°C · pioggia 0% · vento 8 km/h;2.5;48.53;51.47;O;51;49;No;;;;;;;https://betimate.com/it/football-predictions/denmark-vs-wales/2026-10-04/game;1;2026-10-04 14:12;2026-10-04 15:27;2026-10-04 15:27;1;0;;;
2026-10-04;2026-10-04;20:45;2026-10-04;18:45;UEFA Nations League A;UEFA Nations League A;uefa-nations-league-a;UNLA;Grecia;Germania;25;25;50;2;0-1;2.56;17°C · pioggia 0% · vento 6 km/h;3;53.52;46.48;U;52;48;No;;;;;;;https://betimate.com/it/football-predictions/germany-vs-greece/2026-10-04/game;1;2026-10-04 14:12;2026-10-04 15:27;2026-10-04 15:27;1;0;;;
2026-10-04;2026-10-04;20:45;2026-10-04;18:45;UEFA Nations League A;UEFA Nations League A;uefa-nations-league-a;UNLA;Paesi Bassi;Serbia;74;15;11;1;2-0;3.32;17°C · pioggia 0% · vento 5 km/h;3.5;51.1;48.9;U;53;47;No;;;;;;;https://betimate.com/it/football-predictions/serbia-vs-netherlands/2026-10-04/game;1;2026-10-04 14:12;2026-10-04 15:27;2026-10-04 15:27;1;0;;;
2026-10-04;2026-10-04;20:45;2026-10-04;18:45;UEFA Nations League A;UEFA Nations League A;uefa-nations-league-a;UNLA;Portogallo;Norvegia;52;21;27;1;2-1;3.35;23°C · pioggia 0% · vento 2 km/h;3.25;49.37;50.63;O;45;55;Si;;;;;;;https://betimate.com/it/football-predictions/norway-vs-portugal/2026-10-04/game;1;2026-10-04 14:12;2026-10-04 15:27;2026-10-04 15:27;1;0;;;
2026-10-04;2026-10-04;20:45;2026-10-04;18:45;UEFA Nations League B;UEFA Nations League B;uefa-nations-league-b;UNLB;Repubblica d'Irlanda;Israele;55;24;21;1;1-0;2.58;15°C · pioggia 0% · vento 4 km/h;2.5;49.57;50.43;O;53;47;No;;;;;;;https://betimate.com/it/football-predictions/rep-of-ireland-vs-israel/2026-10-04/game;1;2026-10-04 14:12;2026-10-04 15:27;2026-10-04 15:27;1;0;;;
2026-10-04;2026-10-04;21:00;2026-10-04;19:00;Bolivia - Copa División Profesional;Bolivia Copa Division Profesional;bolivia-copa-division-profesional;BCDP;GV San Jose;Blooming;34;25;41;2;1-2;3.09;;3;49.58;50.42;O;43;57;Si;;;;;;;https://betimate.com/it/football-predictions/blooming-vs-gv-san-jose/2026-10-04/game;8;2026-10-04 14:12;2026-10-04 15:27;2026-10-04 15:27;1;0;;;
2026-10-04;2026-10-04;21:00;2026-10-04;19:00;CONCACAF Nations League;CONCACAF Nations League;concacaf-nations-league;CNL;Guyana;Dominica;88;8;4;1;3-0;3.98;;3.5;47.62;52.38;O;57;43;No;;;;;;;https://betimate.com/it/football-predictions/dominica-vs-guyana/2026-10-04/game;1;2026-10-04 14:12;2026-10-04 15:27;2026-10-04 15:27;1;0;;;
2026-10-04;2026-10-04;21:00;2026-10-04;19:00;Campeonato Mineiro brasiliano femminile;Brazil Campeonato Mineiro Women;brazil-campeonato-mineiro-women;BCMW;Venda Nova FC MG (W);Itabirito (W);2;2;96;2;0-4;5.68;;5.5;49.14;50.86;O;55;45;No;;;;;;;https://betimate.com/it/football-predictions/itabirito-w-vs-venda-nova-fc-mg-w/2026-10-04/game;17;2026-10-04 14:12;2026-10-04 15:27;2026-10-04 15:27;1;0;;;
2026-10-04;2026-10-04;21:00;2026-10-04;19:00;Campionato Riserve El Salvador;El Salvador Reserves League;el-salvador-reserves-league;ESRL;CD FAS Reserves;CD INCA Aruba Reserves;47;20;33;1;2-1;2.94;25°C · pioggia 85% · vento 9 km/h;2.75;48.53;51.47;O;44;56;Si;;;;;;;https://betimate.com/it/football-predictions/cd-fas-reserves-vs-cd-inca-aruba-reserves/2026-10-04/game;17;2026-10-04 14:12;2026-10-04 15:27;2026-10-04 15:27;1;0;;;
2026-10-04;2026-10-04;21:00;2026-10-04;19:00;Clausura Uruguay;Uruguay Clausura;uruguay-clausura;UC;Cerro;Montevideo Wanderers;34;30;36;2;0-1;2.28;19°C · pioggia 0% · vento 6 km/h;2.25;49.95;50.05;O;50;50;Si;;;;;;;https://betimate.com/it/football-predictions/cerro-vs-montevideo-wanderers/2026-10-04/game;8;2026-10-04 14:12;2026-10-04 15:27;2026-10-04 15:27;1;0;;;
2026-10-04;2026-10-04;21:00;2026-10-04;19:00;College Championship USA;USA College Championship;usa-college-championship;UCC;Air Force Falcons;Unlv Rebels;36;24;40;2;0-1;2.58;20°C · pioggia 0% · vento 26 km/h;2.5;49.44;50.56;O;47;53;Si;;;;;;;https://betimate.com/it/football-predictions/unlv-rebels-vs-air-force-falcons/2026-10-04/game;17;2026-10-04 14:12;2026-10-04 15:27;2026-10-04 15:27;1;0;;;
2026-10-04;2026-10-04;21:00;2026-10-04;19:00;Coppa USL Stati Uniti;USA USL Cup;usa-usl-cup;UUC;Hartford Athletic;Louisville City FC;37;27;36;1;1-0;2.46;17°C · pioggia 7% · vento 4 km/h;2.5;50.13;49.87;U;47;53;Si;;;;;;;https://betimate.com/it/football-predictions/louisville-city-fc-vs-hartford-athletic/2026-10-04/game;8;2026-10-04 14:12;2026-10-04 15:27;2026-10-04 15:27;1;0;;;
2026-10-04;2026-10-04;21:00;2026-10-04;19:00;Primera A Femminile Argentina;Argentina Championship Women;argentina-championship-women;ACW;Gimnasia LP (W);Banfield (W);32;21;47;2;0-1;2.54;;2.25;47.8;52.2;O;54;46;No;;;;;;;https://betimate.com/it/football-predictions/banfield-w-vs-gimnasia-lp-w/2026-10-04/game;9;2026-10-04 14:12;2026-10-04 15:27;2026-10-04 15:27;1;0;;;
2026-10-04;2026-10-04;21:00;2026-10-04;19:00;Primera A colombiana;Colombia Primera A;colombia-primera-a;Co1;Deportivo Pasto;Fortaleza CEIF;47;28;25;1;1-0;2.38;16°C · pioggia 75% · vento 3 km/h;2.25;49.14;50.86;O;49;51;Si;;;;;;;https://betimate.com/it/football-predictions/deportivo-pasto-vs-fortaleza-ceif/2026-10-04/game;1;2026-10-04 14:12;2026-10-04 15:27;2026-10-04 15:27;1;0;;;
2026-10-04;2026-10-04;21:00;2026-10-04;19:00;Primera B Femminile Argentina;Argentina Primera B Women;argentina-primera-b-women;APBW;Rosario Central (W);Platense (W);50;23;27;1;1-0;2.12;;2.25;50.85;49.15;U;59;41;No;;;;;;;https://betimate.com/it/football-predictions/platense-w-vs-rosario-central-w/2026-10-04/game;17;2026-10-04 14:12;2026-10-04 15:27;2026-10-04 15:27;1;0;;;
2026-10-04;2026-10-04;21:00;2026-10-04;19:00;Primera División Femminile Cile;Chile Primera Division Women;chile-primera-division-women;CPDW;Universidad Catolica (W);Union Espanola (W);66;18;16;1;1-0;2.42;;2.25;48.67;51.33;O;60;40;No;;;;;;;https://betimate.com/it/football-predictions/universidad-catolica-w-vs-union-espanola-w/2026-10-04/game;17;2026-10-04 14:12;2026-10-04 15:27;2026-10-04 15:27;1;0;;;
2026-10-04;2026-10-04;21:00;2026-10-04;19:00;Segunda División Cile;Chile Segunda;chile-segunda;CS;Colchagua CD;Provincial Osorno;41;27;32;1;1-0;2.15;;2.25;50.77;49.23;U;52;48;No;;;;;;;https://betimate.com/it/football-predictions/colchagua-cd-vs-provincial-osorno/2026-10-04/game;3;2026-10-04 14:12;2026-10-04 15:27;2026-10-04 15:27;1;0;;;
2026-10-04;2026-10-04;21:00;2026-10-04;19:00;Segunda División Uruguay;Uruguay Segunda;uruguay-segunda;US;Plaza Colonia;Cerrito;46;28;26;1;1-0;2.12;21°C · pioggia 0% · vento 4 km/h;2.25;51.28;48.72;U;53;47;No;;;;;;;https://betimate.com/it/football-predictions/plaza-colonia-vs-cerrito/2026-10-04/game;8;2026-10-04 14:12;2026-10-04 15:27;2026-10-04 15:27;1;0;;;
2026-10-04;2026-10-04;21:00;2026-10-04;19:00;Segunda División spagnola;Spain Segunda;spain-segunda;Es2;Girona;Mallorca;42;28;30;1;1-0;2.36;20°C · pioggia 45% · vento 8 km/h;2.5;50.87;49.13;U;49;51;Si;;;;;;;https://betimate.com/it/football-predictions/mallorca-vs-girona/2026-10-04/game;2;2026-10-04 14:12;2026-10-04 15:27;2026-10-04 15:27;1;0;;;
2026-10-04;2026-10-04;21:00;2026-10-04;19:00;Segunda División spagnola;Spain Segunda;spain-segunda;Es2;Sabadell;FC Andorra;51;26;23;1;1-0;2.67;20°C · pioggia 13% · vento 4 km/h;2.5;49.04;50.96;O;47;53;Si;;;;;;;https://betimate.com/it/football-predictions/sabadell-vs-fc-andorra/2026-10-04/game;2;2026-10-04 14:12;2026-10-04 15:27;2026-10-04 15:27;1;0;;;
2026-10-04;2026-10-04;21:00;2026-10-04;19:00;Segunda División venezuelana;Venezuela Segunda Division;venezuela-segunda-division;Ve2;Bolivar SC;Monagas II;34;25;41;2;1-2;3.26;;3;48.41;51.59;O;41;59;Si;;;;;;;https://betimate.com/it/football-predictions/bolivar-sc-vs-monagas-ii/2026-10-04/game;17;2026-10-04 14:12;2026-10-04 15:27;2026-10-04 15:27;1;0;;;
2026-10-04;2026-10-04;21:00;2026-10-04;19:00;Spagna - Primera Federación Gruppo 2;Spain Primera Division RFEF Group 2;spain-primera-division-rfef-group-2;SPDR;Aguilas;Villarreal B;29;26;45;2;0-1;2.63;;2.5;49.4;50.6;O;48;52;Si;;;;;;;https://betimate.com/it/football-predictions/villarreal-b-vs-aguilas/2026-10-04/game;16;2026-10-04 14:12;2026-10-04 15:27;2026-10-04 15:27;1;0;;;
2026-10-04;2026-10-04;21:00;2026-10-04;19:00;Spagna - Primera Federación Gruppo 2;Spain Primera Division RFEF Group 2;spain-primera-division-rfef-group-2;SPDR;Alcorcon;CE Europa;56;23;21;1;1-0;2.76;;2.5;48.58;51.42;O;48;52;Si;;;;;;;https://betimate.com/it/football-predictions/alcorcon-vs-ce-europa/2026-10-04/game;17;2026-10-04 14:12;2026-10-04 15:27;2026-10-04 15:27;1;0;;;
2026-10-04;2026-10-04;21:00;2026-10-04;19:00;Spagna - Primera Federación Gruppo 2;Spain Primera Division RFEF Group 2;spain-primera-division-rfef-group-2;SPDR;Algeciras CF;Gimnastic;45;26;29;1;1-0;2.7;;2.5;49.16;50.84;O;48;52;Si;;;;;;;https://betimate.com/it/football-predictions/gimnastic-vs-algeciras-cf/2026-10-04/game;17;2026-10-04 14:12;2026-10-04 15:27;2026-10-04 15:27;1;0;;;
2026-10-04;2026-10-04;21:00;2026-10-04;19:00;Spagna - Primera Federación Gruppo 2;Spain Primera Division RFEF Group 2;spain-primera-division-rfef-group-2;SPDR;FC Cartagena;Atletico Madrid B;32;24;44;2;0-1;2.6;;2.5;49.28;50.72;O;47;53;Si;;;;;;;https://betimate.com/it/football-predictions/atletico-madrid-b-vs-fc-cartagena/2026-10-04/game;16;2026-10-04 14:12;2026-10-04 15:27;2026-10-04 15:27;1;0;;;
2026-10-04;2026-10-04;21:00;2026-10-04;19:00;Spagna - Primera Federación Gruppo 2;Spain Primera Division RFEF Group 2;spain-primera-division-rfef-group-2;SPDR;Hercules;Antequera;44;26;30;1;1-0;2.51;;2.25;48.41;51.59;O;48;52;Si;;;;;;;https://betimate.com/it/football-predictions/antequera-vs-hercules/2026-10-04/game;16;2026-10-04 14:12;2026-10-04 15:27;2026-10-04 15:27;1;0;;;
2026-10-04;2026-10-04;21:00;2026-10-04;19:00;Spagna - Primera Federación Gruppo 2;Spain Primera Division RFEF Group 2;spain-primera-division-rfef-group-2;SPDR;Huesca;UD Ibiza;33;27;40;2;0-1;2.59;;2.5;49.61;50.39;O;47;53;Si;;;;;;;https://betimate.com/it/football-predictions/huesca-vs-ud-ibiza/2026-10-04/game;16;2026-10-04 14:12;2026-10-04 15:27;2026-10-04 15:27;1;0;;;
2026-10-04;2026-10-04;21:00;2026-10-04;19:00;Spagna - Primera Federación Gruppo 2;Spain Primera Division RFEF Group 2;spain-primera-division-rfef-group-2;SPDR;Juventud Torremolinos CF;Real Madrid B;18;20;62;2;1-2;3.12;;3;49.09;50.91;O;42;58;Si;;;;;;;https://betimate.com/it/football-predictions/real-madrid-b-vs-juventud-torremolinos-cf/2026-10-04/game;16;2026-10-04 14:12;2026-10-04 15:27;2026-10-04 15:27;1;0;;;
2026-10-04;2026-10-04;21:00;2026-10-04;19:00;Spagna - Primera Federación Gruppo 2;Spain Primera Division RFEF Group 2;spain-primera-division-rfef-group-2;SPDR;Rayo Majadahonda;UE Sant Andreu;33;27;40;2;0-1;2.34;;2.25;49.57;50.43;O;50;50;Si;;;;;;;https://betimate.com/it/football-predictions/rayo-majadahonda-vs-ue-sant-andreu/2026-10-04/game;16;2026-10-04 14:12;2026-10-04 15:27;2026-10-04 15:27;1;0;;;
2026-10-04;2026-10-04;21:00;2026-10-04;19:00;Spagna - Primera Federación Gruppo 2;Spain Primera Division RFEF Group 2;spain-primera-division-rfef-group-2;SPDR;Real Jaen;Real Zaragoza;30;27;43;2;0-1;2.48;;2.25;48.56;51.44;O;48;52;Si;;;;;;;https://betimate.com/it/football-predictions/real-zaragoza-vs-real-jaen/2026-10-04/game;16;2026-10-04 14:12;2026-10-04 15:27;2026-10-04 15:27;1;0;;;
2026-10-04;2026-10-04;21:00;2026-10-04;19:00;Spagna - Primera Federación Gruppo 2;Spain Primera Division RFEF Group 2;spain-primera-division-rfef-group-2;SPDR;Real Murcia;Teruel;53;27;20;1;1-0;1.94;;1.75;48.89;51.11;O;58;42;No;;;;;;;https://betimate.com/it/football-predictions/real-murcia-vs-teruel/2026-10-04/game;17;2026-10-04 14:12;2026-10-04 15:27;2026-10-04 15:27;1;0;;;
2026-10-04;2026-10-04;21:00;2026-10-04;19:00;Spagna - Primera Federación Gruppo 2;Spain Primera Division RFEF Group 2;spain-primera-division-rfef-group-2;SPDR;Real Zaragoza;Teruel;55;26;19;1;1-0;1.99;23°C · pioggia 0% · vento 3 km/h;2.5;53.49;46.51;U;56;44;No;;;;;;;https://betimate.com/it/football-predictions/real-zaragoza-vs-teruel/2026-10-04/game;8;2026-10-04 14:12;2026-10-04 15:27;2026-10-04 15:27;1;0;;;
2026-10-04;2026-10-04;21:00;2026-10-04;19:00;Tercera División cilena;Chile Tercera;chile-tercera;CT;Naval Talcahuano;CD Imperial Unido;65;17;18;1;2-1;3.9;;3;44.18;55.82;O;40;60;Si;;;;;;;https://betimate.com/it/football-predictions/cd-imperial-unido-vs-naval-talcahuano/2026-10-04/game;4;2026-10-04 14:12;2026-10-04 15:27;2026-10-04 15:27;1;0;;;
2026-10-04;2026-10-04;21:00;2026-10-04;19:00;Torneo Federal A Argentina;Argentina Torneo A;argentina-torneo-a;Ar3;San Martin Formosa;Sportivo y Biblioteca Atenas;62;22;16;1;1-0;2.29;26°C · pioggia 4% · vento 14 km/h;2;47.84;52.16;O;55;45;No;;;;;;;https://betimate.com/it/football-predictions/san-martin-formosa-vs-sportivo-y-biblioteca-atenas/2026-10-04/game;2;2026-10-04 14:12;2026-10-04 15:27;2026-10-04 15:27;1;0;;;
2026-10-04;2026-10-04;21:00;2026-10-04;19:00;Torneo Regional Amateur Argentina;Argentina Torneo Regional Amateur;argentina-torneo-regional-amateur;ATRA;Argentino Mendoza;Deportivo Montecaseros;49;25;26;1;1-0;2.26;;2.25;50.01;49.99;U;52;48;No;;;;;;;https://betimate.com/it/football-predictions/deportivo-montecaseros-vs-argentino-mendoza/2026-10-04/game;8;2026-10-04 14:12;2026-10-04 15:27;2026-10-04 15:27;1;0;;;
2026-10-04;2026-10-04;21:00;2026-10-04;19:00;Torneo Regional Amateur Argentina;Argentina Torneo Regional Amateur;argentina-torneo-regional-amateur;ATRA;Club Don Bosco Parana;Atletico Parana;45;28;27;1;1-0;2.03;;2;50.06;49.94;U;54;46;No;;;;;;;https://betimate.com/it/football-predictions/atletico-parana-vs-club-don-bosco-parana/2026-10-04/game;8;2026-10-04 14:12;2026-10-04 15:27;2026-10-04 15:27;1;0;;;
2026-10-04;2026-10-04;21:30;2026-10-04;19:30;Campionato Riserve El Salvador;El Salvador Reserves League;el-salvador-reserves-league;ESRL;AD Isidro Metapan Reserves;Atletico Balboa Reserves;81;10;9;1;3-0;4.12;28°C · pioggia 78% · vento 8 km/h;4;49.46;50.54;O;46;54;Si;;;;;;;https://betimate.com/it/football-predictions/ad-isidro-metapan-reserves-vs-atletico-balboa-reserves/2026-10-04/game;17;2026-10-04 14:12;2026-10-04 15:27;2026-10-04 15:27;1;0;;;
2026-10-04;2026-10-04;21:30;2026-10-04;19:30;Primera Nacional argentina;Argentina Nacional B;argentina-nacional-b;Ar2;Central Norte;Racing de Cordoba;43;32;25;1;1-0;1.89;21°C · pioggia 2% · vento 9 km/h;1.75;48.98;51.02;O;56;44;No;;;;;;;https://betimate.com/it/football-predictions/central-norte-vs-racing-de-cordoba/2026-10-04/game;1;2026-10-04 14:12;2026-10-04 15:27;2026-10-04 15:27;1;0;;;
2026-10-04;2026-10-04;21:30;2026-10-04;19:30;Segunda División venezuelana;Venezuela Segunda Division;venezuela-segunda-division;Ve2;Academia Puerto Cabello II;CD Lara;25;25;50;2;0-1;2.54;;2.25;48.26;51.74;O;49;51;Si;;;;;;;https://betimate.com/it/football-predictions/cd-lara-vs-academia-puerto-cabello-ii/2026-10-04/game;17;2026-10-04 14:12;2026-10-04 15:27;2026-10-04 15:27;1;0;;;
2026-10-04;2026-10-04;21:30;2026-10-04;19:30;Segunda División venezuelana;Venezuela Segunda Division;venezuela-segunda-division;Ve2;Atletico Avila;Dynamo Puerto FC;34;28;38;2;0-1;2.19;;2;48.63;51.37;O;51;49;No;;;;;;;https://betimate.com/it/football-predictions/dynamo-puerto-fc-vs-atletico-avila/2026-10-04/game;17;2026-10-04 14:12;2026-10-04 15:27;2026-10-04 15:27;1;0;;;
2026-10-04;2026-10-04;21:30;2026-10-04;19:30;Segunda División venezuelana;Venezuela Segunda Division;venezuela-segunda-division;Ve2;Mineros;Deportivo Miranda FC;34;27;39;2;0-1;2.6;26°C · pioggia 99% · vento 9 km/h;2.5;49.51;50.49;O;47;53;Si;;;;;;;https://betimate.com/it/football-predictions/mineros-vs-deportivo-miranda-fc/2026-10-04/game;17;2026-10-04 14:12;2026-10-04 15:27;2026-10-04 15:27;1;0;;;
2026-10-04;2026-10-04;21:30;2026-10-04;19:30;Segunda División venezuelana;Venezuela Segunda Division;venezuela-segunda-division;Ve2;Urena SC;Atletico Barinas;46;23;31;1;2-1;3.47;25°C · pioggia 13% · vento 12 km/h;3.25;48.87;51.13;O;40;60;Si;;;;;;;https://betimate.com/it/football-predictions/urena-sc-vs-atletico-barinas/2026-10-04/game;17;2026-10-04 14:12;2026-10-04 15:27;2026-10-04 15:27;1;0;;;
2026-10-04;2026-10-04;21:30;2026-10-04;19:30;Segunda División venezuelana;Venezuela Segunda Division;venezuela-segunda-division;Ve2;Zamora II;Yaracuyanos;39;26;35;1;2-1;2.93;;2.5;47.71;52.29;O;45;55;Si;;;;;;;https://betimate.com/it/football-predictions/zamora-ii-vs-yaracuyanos/2026-10-04/game;17;2026-10-04 14:12;2026-10-04 15:27;2026-10-04 15:27;1;0;;;
2026-10-04;2026-10-04;22:00;2026-10-04;20:00;CONCACAF Nations League;CONCACAF Nations League;concacaf-nations-league;CNL;Bahamas;Isole Vergini Americane;16;16;68;2;1-2;4.26;;3.5;46.12;53.88;O;42;58;Si;;;;;;;https://betimate.com/it/football-predictions/us-virgin-islands-vs-bahamas/2026-10-04/game;1;2026-10-04 14:12;2026-10-04 15:27;2026-10-04 15:27;1;0;;;
2026-10-04;2026-10-04;22:00;2026-10-04;20:00;CONCACAF Nations League;CONCACAF Nations League;concacaf-nations-league;CNL;Isole Turks e Caicos;Isole Vergini Britanniche;35;22;43;2;1-2;3.13;;2.75;47.54;52.46;O;46;54;Si;;;;;;;https://betimate.com/it/football-predictions/turks-caicos-islands-vs-british-virgin-islands/2026-10-04/game;1;2026-10-04 14:12;2026-10-04 15:27;2026-10-04 15:27;1;0;;;
2026-10-04;2026-10-04;22:00;2026-10-04;20:00;Canadian Premier League;Canada Premier League;canada-premier-league;CPL;Supra du Quebec;Pacific FC (CA);55;21;24;1;2-1;3.24;;3.25;49.8;50.2;O;40;60;Si;;;;;;;https://betimate.com/it/football-predictions/pacific-fc-ca-vs-supra-du-quebec/2026-10-04/game;4;2026-10-04 14:12;2026-10-04 15:27;2026-10-04 15:27;1;0;;;
2026-10-04;2026-10-04;22:00;2026-10-04;20:00;College Championship USA;USA College Championship;usa-college-championship;UCC;Eastern Illinois;SIU Edwardsville Cougars;45;24;31;1;1-0;2.5;24°C · pioggia 0% · vento 17 km/h;2.25;48.28;51.72;O;48;52;Si;;;;;;;https://betimate.com/it/football-predictions/eastern-illinois-vs-siu-edwardsville-cougars/2026-10-04/game;17;2026-10-04 14:12;2026-10-04 15:27;2026-10-04 15:27;1;0;;;
2026-10-04;2026-10-04;22:00;2026-10-04;20:00;Liga Profesional Argentina;Argentina Liga Profesional;argentina-liga-profesional;ALP;CA Talleres de Córdoba;Belgrano;35;30;35;1;1-0;2.15;22°C · pioggia 2% · vento 17 km/h;2;48.88;51.12;O;51;49;No;;;;;;;https://betimate.com/it/football-predictions/belgrano-vs-ca-talleres-de-cordoba/2026-10-04/game;8;2026-10-04 14:12;2026-10-04 15:27;2026-10-04 15:27;1;0;;;
2026-10-04;2026-10-04;22:00;2026-10-04;20:00;Liga Repubblica Dominicana;Dominican Republic Liga;dominican-republic-liga;DRL;Delfines Del Este;Cibao FC;35;30;35;1;1-0;1.73;;2.25;54.38;45.62;U;57;43;No;;;;;;;https://betimate.com/it/football-predictions/cibao-fc-vs-delfines-del-este/2026-10-04/game;17;2026-10-04 14:12;2026-10-04 15:27;2026-10-04 15:27;1;0;;;
2026-10-04;2026-10-04;22:00;2026-10-04;20:00;Liga Repubblica Dominicana;Dominican Republic Liga;dominican-republic-liga;DRL;Salcedo FC;Moca FC;57;25;18;1;1-0;2.05;;2.25;51.65;48.35;U;56;44;No;;;;;;;https://betimate.com/it/football-predictions/moca-fc-vs-salcedo-fc/2026-10-04/game;17;2026-10-04 14:12;2026-10-04 15:27;2026-10-04 15:27;1;0;;;
2026-10-04;2026-10-04;22:00;2026-10-04;20:00;NWSL statunitense;USA NWSL Women;usa-nwsl-women;UNW;Chicago Stars (W);Denver Summit FC (W);12;11;77;2;1-2;4.04;20°C · pioggia 0% · vento 15 km/h;3.25;45.4;54.6;O;47;53;Si;;;;;;;https://betimate.com/it/football-predictions/chicago-stars-w-vs-denver-summit-fc-w/2026-10-04/game;8;2026-10-04 14:12;2026-10-04 15:27;2026-10-04 15:27;1;0;;;
2026-10-04;2026-10-04;22:00;2026-10-04;20:00;Primera División Femminile Costa Rica;Costa Rica Primera Division Women;costa-rica-primera-division-women;CRPD;Cartagines (W);Municipal Pococi (W);70;15;15;1;2-0;3.29;;3.25;49.67;50.33;O;51;49;No;;;;;;;https://betimate.com/it/football-predictions/municipal-pococi-w-vs-cartagines-w/2026-10-04/game;17;2026-10-04 14:12;2026-10-04 15:27;2026-10-04 15:27;1;0;;;
2026-10-04;2026-10-04;22:00;2026-10-04;20:00;Primera Nacional argentina;Argentina Nacional B;argentina-nacional-b;Ar2;CA Chaco For Ever;Defensores de Belgrano;43;35;22;1;1-0;1.66;24°C · pioggia 0% · vento 15 km/h;1.75;50.98;49.02;U;60;40;No;;;;;;;https://betimate.com/it/football-predictions/defensores-de-belgrano-vs-ca-chaco-for-ever/2026-10-04/game;1;2026-10-04 14:12;2026-10-04 15:27;2026-10-04 15:27;1;0;;;
2026-10-04;2026-10-04;22:00;2026-10-04;20:00;Primera Nacional argentina;Argentina Nacional B;argentina-nacional-b;Ar2;CA Guemes;CA Colegiales;30;31;39;2;0-1;2.03;26°C · pioggia 0% · vento 12 km/h;2;50.07;49.93;U;53;47;No;;;;;;;https://betimate.com/it/football-predictions/ca-colegiales-vs-ca-guemes/2026-10-04/game;1;2026-10-04 14:12;2026-10-04 15:27;2026-10-04 15:27;1;0;;;
2026-10-04;2026-10-04;22:00;2026-10-04;20:00;Primera Nacional argentina;Argentina Nacional B;argentina-nacional-b;Ar2;San Martin SJ;Almagro;60;26;14;1;1-0;2.15;26°C · pioggia 0% · vento 6 km/h;2;49.13;50.87;O;57;43;No;;;;;;;https://betimate.com/it/football-predictions/almagro-vs-san-martin-sj/2026-10-04/game;1;2026-10-04 14:12;2026-10-04 15:27;2026-10-04 15:27;1;0;;;
2026-10-04;2026-10-04;22:00;2026-10-04;20:00;Segunda División Cile;Chile Segunda;chile-segunda;CS;General Velásquez;AC Colina;37;29;34;1;1-0;1.88;;2.25;53.02;46.98;U;55;45;No;;;;;;;https://betimate.com/it/football-predictions/ac-colina-vs-general-velasquez/2026-10-04/game;10;2026-10-04 14:12;2026-10-04 15:27;2026-10-04 15:27;1;0;;;
2026-10-04;2026-10-04;22:00;2026-10-04;20:00;Torneo Federal A Argentina;Argentina Torneo A;argentina-torneo-a;Ar3;Gimnasia Y Esgrima De Chivilcoy;Olimpo B Blanca;43;34;23;1;1-0;1.36;;1.5;51.56;48.44;U;63;37;No;;;;;;;https://betimate.com/it/football-predictions/olimpo-b-blanca-vs-gimnasia-y-esgrima-de-chivilcoy/2026-10-04/game;2;2026-10-04 14:12;2026-10-04 15:27;2026-10-04 15:27;1;0;;;
2026-10-04;2026-10-04;22:00;2026-10-04;20:00;Torneo Regional Amateur Argentina;Argentina Torneo Regional Amateur;argentina-torneo-regional-amateur;ATRA;CSD Los Perales;Gimnasia y Tiro de Yavi;49;25;26;1;1-0;2.43;;3;54.6;45.4;U;50;50;Si;;;;;;;https://betimate.com/it/football-predictions/csd-los-perales-vs-gimnasia-y-tiro-de-yavi/2026-10-04/game;17;2026-10-04 14:12;2026-10-04 15:27;2026-10-04 15:27;1;0;;;
2026-10-04;2026-10-04;22:30;2026-10-04;20:30;Premier League Giamaica;Jamaica Premier League;jamaica-premier-league;Jm;Montego Bay Utd;Dunbeholden FC;75;16;9;1;2-0;2.88;29°C · pioggia 88% · vento 8 km/h;2.75;48.81;51.19;O;51;49;No;;;;;;;https://betimate.com/it/football-predictions/montego-bay-utd-vs-dunbeholden-fc/2026-10-04/game;8;2026-10-04 14:12;2026-10-04 15:27;2026-10-04 15:27;1;0;;;
2026-10-04;2026-10-04;22:30;2026-10-04;20:30;Premier League Giamaica;Jamaica Premier League;jamaica-premier-league;Jm;Treasure Beach FC;Humble Lions;68;18;14;1;2-0;3.09;;2.75;47.57;52.43;O;46;54;Si;;;;;;;https://betimate.com/it/football-predictions/humble-lions-vs-treasure-beach-fc/2026-10-04/game;8;2026-10-04 14:12;2026-10-04 15:27;2026-10-04 15:27;1;0;;;
2026-10-04;2026-10-04;22:30;2026-10-04;20:30;Premier League Giamaica;Jamaica Premier League;jamaica-premier-league;Jm;Tru-Juice FC;Tivoli Gardens;72;20;8;1;2-0;2.42;;2.5;50.72;49.28;U;60;40;No;;;;;;;https://betimate.com/it/football-predictions/tivoli-gardens-vs-tru-juice-fc/2026-10-04/game;8;2026-10-04 14:12;2026-10-04 15:27;2026-10-04 15:27;1;0;;;
2026-10-04;2026-10-04;22:30;2026-10-04;20:30;Primera B Cile;Chile Primera B;chile-primera-b;Cl2;San Luis Quillota;Union Espanola;47;27;26;1;1-0;2.56;17°C · pioggia 0% · vento 5 km/h;2.75;51.75;48.25;U;50;50;Si;;;;;;;https://betimate.com/it/football-predictions/san-luis-quillota-vs-union-espanola/2026-10-04/game;3;2026-10-04 14:12;2026-10-04 15:27;2026-10-04 15:27;1;0;;;
2026-10-04;2026-10-04;22:30;2026-10-04;20:30;Primera Nacional argentina;Argentina Nacional B;argentina-nacional-b;Ar2;Atletico Rafaela;CA Atlanta;39;34;27;1;1-0;1.79;21°C · pioggia 0% · vento 10 km/h;1.75;49.69;50.31;O;56;44;No;;;;;;;https://betimate.com/it/football-predictions/atletico-rafaela-vs-ca-atlanta/2026-10-04/game;1;2026-10-04 14:12;2026-10-04 15:27;2026-10-04 15:27;1;0;;;
2026-10-04;2026-10-04;23:00;2026-10-04;21:00;LPF panamense;Panama LPF;panama-lpf;Pa1;Herrera FC;Alianza FC Panama;11;18;71;2;0-2;3.08;30°C · pioggia 12% · vento 9 km/h;2.5;46.25;53.75;O;47;53;Si;;;;;;;https://betimate.com/it/football-predictions/alianza-fc-panama-vs-herrera-fc/2026-10-04/game;8;2026-10-04 14:12;2026-10-04 15:27;2026-10-04 15:27;1;0;;;
2026-10-04;2026-10-04;23:00;2026-10-04;21:00;Liga de Ascenso Honduras;Honduras Liga de Ascenso;honduras-liga-de-ascenso;HLdA;CD Piratas;Eagles Sport;54;22;24;1;1-0;2.68;;2.5;48.79;51.21;O;48;52;Si;;;;;;;https://betimate.com/it/football-predictions/cd-piratas-vs-eagles-sport/2026-10-04/game;17;2026-10-04 14:12;2026-10-04 15:27;2026-10-04 15:27;1;0;;;
2026-10-04;2026-10-04;23:00;2026-10-04;21:00;Liga de Ascenso Honduras;Honduras Liga de Ascenso;honduras-liga-de-ascenso;HLdA;Municipal san Esteban;FC Santa Rosa La Masica;29;23;48;2;0-1;2.65;;2.5;49.01;50.99;O;47;53;Si;;;;;;;https://betimate.com/it/football-predictions/fc-santa-rosa-la-masica-vs-municipal-san-esteban/2026-10-04/game;17;2026-10-04 14:12;2026-10-04 15:27;2026-10-04 15:27;1;0;;;
2026-10-04;2026-10-04;23:00;2026-10-04;21:00;Messico - Liga TDP;Mexico Liga TDP;mexico-liga-tdp;MLT;Industriales de Altamira FC;Bombarderos de Tecamac FC;22;20;58;2;1-2;3.09;;2.75;47.78;52.22;O;45;55;Si;;;;;;;https://betimate.com/it/football-predictions/bombarderos-de-tecamac-fc-vs-industriales-de-altamira-fc/2026-10-04/game;8;2026-10-04 14:12;2026-10-04 15:27;2026-10-04 15:27;1;0;;;
2026-10-04;2026-10-04;23:00;2026-10-04;21:00;Messico - Liga TDP;Mexico Liga TDP;mexico-liga-tdp;MLT;Tlapa Mazatecochco;Licantropos;45;21;34;1;2-1;3.32;;3.25;49.59;50.41;O;41;59;Si;;;;;;;https://betimate.com/it/football-predictions/tlapa-mazatecochco-vs-licantropos/2026-10-04/game;8;2026-10-04 14:12;2026-10-04 15:27;2026-10-04 15:27;1;0;;;
2026-10-04;2026-10-04;23:00;2026-10-04;21:00;Nicaragua - Liga de Ascenso;Nicaragua Liga de Ascenso;nicaragua-liga-de-ascenso;NLdA;Matiguas FC;Real Madriz FC;68;18;14;1;2-0;2.77;;2.75;49.88;50.12;O;51;49;No;;;;;;;https://betimate.com/it/football-predictions/real-madriz-fc-vs-matiguas-fc/2026-10-04/game;17;2026-10-04 14:12;2026-10-04 15:27;2026-10-04 15:27;1;0;;;
2026-10-04;2026-10-04;23:00;2026-10-04;21:00;Primera B colombiana;Colombia Primera B;colombia-primera-b;Co2;Tigres FC;Internacional FC de Palmira;31;32;37;2;0-1;1.65;20°C · pioggia 92% · vento 4 km/h;2;53.79;46.21;U;58;42;No;;;;;;;https://betimate.com/it/football-predictions/tigres-fc-vs-internacional-fc-de-palmira/2026-10-04/game;1;2026-10-04 14:12;2026-10-04 15:27;2026-10-04 15:27;1;0;;;
2026-10-04;2026-10-04;23:00;2026-10-04;21:00;Primera División Apertura salvadoregna;El Salvador Apertura;el-salvador-apertura;Sv1;CD Platense Zacatecoluca;Municipal Limeno;29;28;43;2;0-1;2.45;24°C · pioggia 96% · vento 2 km/h;2.5;50.31;49.69;U;48;52;Si;;;;;;;https://betimate.com/it/football-predictions/municipal-limeno-vs-cd-platense-zacatecoluca/2026-10-04/game;8;2026-10-04 14:12;2026-10-04 15:27;2026-10-04 15:27;1;0;;;
2026-10-04;2026-10-04;23:00;2026-10-04;21:00;Primera División Femminile Costa Rica;Costa Rica Primera Division Women;costa-rica-primera-division-women;CRPD;Carrillo FF (W);Dimas Escazu (W);14;11;75;2;1-3;4.39;;4.25;49.01;50.99;O;43;57;Si;;;;;;;https://betimate.com/it/football-predictions/dimas-escazu-w-vs-carrillo-ff-w/2026-10-04/game;17;2026-10-04 14:12;2026-10-04 15:27;2026-10-04 15:27;1;0;;;
2026-10-04;2026-10-04;23:00;2026-10-04;21:00;Primera División guatemalteca;Guatemala Primera Division;guatemala-primera-division;Gt2;Deportivo Fraijanes;San Benito FC;62;18;20;1;2-1;3.24;;2.5;45.62;54.38;O;44;56;Si;;;;;;;https://betimate.com/it/football-predictions/san-benito-fc-vs-deportivo-fraijanes/2026-10-04/game;8;2026-10-04 14:12;2026-10-04 15:27;2026-10-04 15:27;1;0;;;
2026-10-04;2026-10-04;23:00;2026-10-04;21:00;Primera Nacional argentina;Argentina Nacional B;argentina-nacional-b;Ar2;Godoy Cruz;Los Andes;55;29;16;1;1-0;1.93;22°C · pioggia 0% · vento 8 km/h;1.75;48.8;51.2;O;59;41;No;;;;;;;https://betimate.com/it/football-predictions/los-andes-vs-godoy-cruz/2026-10-04/game;1;2026-10-04 14:12;2026-10-04 15:27;2026-10-04 15:27;1;0;;;
2026-10-04;2026-10-04;23:00;2026-10-04;21:00;USA - USL Super League Femminile;USA USL Super League Women;usa-usl-super-league-women;UUSL;Tampa Bay Sun (W);Lexington SC (W);19;18;63;2;0-1;2.65;;2.5;48.76;51.24;O;56;44;No;;;;;;;https://betimate.com/it/football-predictions/tampa-bay-sun-w-vs-lexington-sc-w/2026-10-04/game;8;2026-10-04 14:12;2026-10-04 15:27;2026-10-04 15:27;1;0;;;
2026-10-04;2026-10-04;23:00;2026-10-04;21:00;USL Championship;USA USL Championship;usa-usl-championship;UUC;Sporting Jax;Louisville City FC;15;19;66;2;1-2;3.6;29°C · pioggia 39% · vento 15 km/h;3.25;47.88;52.12;O;41;59;Si;;;;;;;https://betimate.com/it/football-predictions/louisville-city-fc-vs-sporting-jax/2026-10-04/game;17;2026-10-04 14:12;2026-10-04 15:27;2026-10-04 15:27;1;0;;;
2026-10-04;2026-10-04;23:05;2026-10-04;21:05;Primera A colombiana;Colombia Primera A;colombia-primera-a;Co1;Cucuta Deportivo;Deportivo Pereira;51;26;23;1;1-0;2.51;32°C · pioggia 37% · vento 14 km/h;2.5;49.85;50.15;O;48;52;Si;;;;;;;https://betimate.com/it/football-predictions/cucuta-deportivo-vs-deportivo-pereira/2026-10-04/game;1;2026-10-04 14:12;2026-10-04 15:27;2026-10-04 15:27;1;0;;;
2026-10-04;2026-10-04;23:05;2026-10-04;21:05;Primera A colombiana;Colombia Primera A;colombia-primera-a;Co1;Internacional de Bogota;Once Caldas;37;27;36;1;1-0;2.56;;2.5;49.61;50.39;O;46;54;Si;;;;;;;https://betimate.com/it/football-predictions/once-caldas-vs-internacional-de-bogota/2026-10-04/game;1;2026-10-04 14:12;2026-10-04 15:27;2026-10-04 15:27;1;0;;;
2026-10-04;2026-10-04;23:15;2026-10-04;21:15;Bolivia - Copa División Profesional;Bolivia Copa Division Profesional;bolivia-copa-division-profesional;BCDP;Guabira;Oriente Petrolero;36;24;40;2;1-2;3.49;27°C · pioggia 51% · vento 22 km/h;3;46.86;53.14;O;39;61;Si;;;;;;;https://betimate.com/it/football-predictions/guabira-vs-oriente-petrolero/2026-10-04/game;8;2026-10-04 14:12;2026-10-04 15:27;2026-10-04 15:27;1;0;;;
2026-10-04;2026-10-04;23:30;2026-10-04;21:30;Messico - Liga TDP;Mexico Liga TDP;mexico-liga-tdp;MLT;SK Sport Street Soccer FC;Ecatepec FC;70;15;15;1;2-1;4.06;;3.5;47.13;52.87;O;40;60;Si;;;;;;;https://betimate.com/it/football-predictions/sk-sport-street-soccer-fc-vs-ecatepec-fc/2026-10-04/game;8;2026-10-04 14:12;2026-10-04 15:27;2026-10-04 15:27;1;0;;;
2026-10-04;2026-10-04;23:30;2026-10-04;21:30;Primera Nacional argentina;Argentina Nacional B;argentina-nacional-b;Ar2;San Martin de Tucuman;Gimnasia y Tiro;44;32;24;1;1-0;1.93;19°C · pioggia 97% · vento 11 km/h;1.75;48.53;51.47;O;55;45;No;;;;;;;https://betimate.com/it/football-predictions/san-martin-de-tucuman-vs-gimnasia-y-tiro/2026-10-04/game;1;2026-10-04 14:12;2026-10-04 15:27;2026-10-04 15:27;1;0;;;
2026-10-04;2026-10-05;00:00;2026-10-04;22:00;CONCACAF Nations League;CONCACAF Nations League;concacaf-nations-league;CNL;Porto Rico;Isole Cayman;82;12;6;1;2-0;3.07;;3.75;54.29;45.71;U;61;39;No;;;;;;;https://betimate.com/it/football-predictions/puerto-rico-vs-cayman-islands/2026-10-04/game;1;2026-10-04 14:12;2026-10-04 15:27;2026-10-04 15:27;1;0;;;
2026-10-04;2026-10-05;00:00;2026-10-04;22:00;CONCACAF Nations League;CONCACAF Nations League;concacaf-nations-league;CNL;Trinidad e Tobago;Curaçao;21;19;60;2;1-2;3.62;27°C · pioggia 77% · vento 6 km/h;3;45.97;54.03;O;44;56;Si;;;;;;;https://betimate.com/it/football-predictions/trinidad-tobago-vs-curacao/2026-10-04/game;1;2026-10-04 14:12;2026-10-04 15:27;2026-10-04 15:27;1;0;;;
2026-10-04;2026-10-05;00:00;2026-10-04;22:00;College Championship USA;USA College Championship;usa-college-championship;UCC;Cal Poly Mustangs;California Baptist Lancers;36;24;40;2;0-1;2.63;31°C · pioggia 1% · vento 9 km/h;2.5;49.1;50.9;O;47;53;Si;;;;;;;https://betimate.com/it/football-predictions/california-baptist-lancers-vs-cal-poly-mustangs/2026-10-04/game;18;2026-10-04 14:12;2026-10-04 15:27;2026-10-04 15:27;1;0;;;
2026-10-04;2026-10-05;00:00;2026-10-04;22:00;College Championship USA;USA College Championship;usa-college-championship;UCC;Utah Tech;UC Davis Aggies;41;22;37;1;2-1;3.22;36°C · pioggia 0% · vento 3 km/h;3;48.49;51.51;O;41;59;Si;;;;;;;https://betimate.com/it/football-predictions/utah-tech-vs-uc-davis-aggies/2026-10-04/game;18;2026-10-04 14:12;2026-10-04 15:27;2026-10-04 15:27;1;0;;;
2026-10-04;2026-10-05;00:00;2026-10-04;22:00;Liga Premier Serie A Messico;Mexico Liga Premier A;mexico-liga-premier-a;MLPA;Real Apodaca FC;Vaqueros Reynosa;53;20;27;1;2-1;3.51;21°C · pioggia 89% · vento 12 km/h;3.25;48.46;51.54;O;40;60;Si;;;;;;;https://betimate.com/it/football-predictions/real-apodaca-fc-vs-vaqueros-reynosa/2026-10-04/game;18;2026-10-04 14:12;2026-10-04 15:27;2026-10-04 15:27;1;0;;;
2026-10-04;2026-10-05;00:00;2026-10-04;22:00;Liga de Ascenso Honduras;Honduras Liga de Ascenso;honduras-liga-de-ascenso;HLdA;Juventus FC Roatan;CA Boca Juniors Tocoa;43;26;31;1;1-0;2.34;;2.25;49.42;50.58;O;50;50;Si;;;;;;;https://betimate.com/it/football-predictions/ca-boca-juniors-tocoa-vs-juventus-fc-roatan/2026-10-04/game;18;2026-10-04 14:12;2026-10-04 15:27;2026-10-04 15:27;1;0;;;
2026-10-04;2026-10-05;00:00;2026-10-04;22:00;Messico - Liga TDP;Mexico Liga TDP;mexico-liga-tdp;MLT;Caudillos De Morelos FC;Atletico Sierra Hermosa;43;24;33;1;1-0;2.64;;3.5;55.13;44.87;U;47;53;Si;;;;;;;https://betimate.com/it/football-predictions/caudillos-de-morelos-fc-vs-atletico-sierra-hermosa/2026-10-04/game;8;2026-10-04 14:12;2026-10-04 15:27;2026-10-04 15:27;1;0;;;
2026-10-04;2026-10-05;00:00;2026-10-04;22:00;Premier League Giamaica;Jamaica Premier League;jamaica-premier-league;Jm;Molynes United FC;Racing United FC;35;26;39;2;0-1;2.45;29°C · pioggia 94% · vento 4 km/h;2.5;50.24;49.76;U;47;53;Si;;;;;;;https://betimate.com/it/football-predictions/molynes-united-fc-vs-racing-united-fc/2026-10-04/game;18;2026-10-04 14:12;2026-10-04 15:27;2026-10-04 15:27;1;0;;;
2026-10-04;2026-10-05;00:00;2026-10-04;22:00;Segunda División Uruguay;Uruguay Segunda;uruguay-segunda;US;La Luz;CA River Plate;31;28;41;2;0-1;2.22;16°C · pioggia 0% · vento 1 km/h;2;48.43;51.57;O;51;49;No;;;;;;;https://betimate.com/it/football-predictions/ca-river-plate-vs-la-luz/2026-10-04/game;8;2026-10-04 14:12;2026-10-04 15:27;2026-10-04 15:27;1;0;;;
2026-10-04;2026-10-05;00:00;2026-10-04;22:00;USL Championship;USA USL Championship;usa-usl-championship;UUC;New Mexico United;Phoenix Rising FC;50;25;25;1;1-0;2.84;25°C · pioggia 1% · vento 17 km/h;3;51.23;48.77;U;44;56;Si;;;;;;;https://betimate.com/it/football-predictions/phoenix-rising-fc-vs-new-mexico-united/2026-10-04/game;8;2026-10-04 14:12;2026-10-04 15:27;2026-10-04 15:27;1;0;;;
2026-10-04;2026-10-05;00:15;2026-10-04;22:15;Liga Profesional Argentina;Argentina Liga Profesional;argentina-liga-profesional;ALP;Argentinos Jrs;CA Tigre;47;30;23;1;1-0;2;18°C · pioggia 0% · vento 6 km/h;2;50.27;49.73;U;54;46;No;;;;;;;https://betimate.com/it/football-predictions/ca-tigre-vs-argentinos-jrs/2026-10-04/game;8;2026-10-04 14:12;2026-10-04 15:27;2026-10-04 15:27;1;0;;;
2026-10-04;2026-10-05;00:30;2026-10-04;22:30;Clausura Uruguay;Uruguay Clausura;uruguay-clausura;UC;Racing Club de Montevideo;Penarol;20;27;53;2;0-1;2.36;15°C · pioggia 0% · vento 3 km/h;2;47.02;52.98;O;51;49;No;;;;;;;https://betimate.com/it/football-predictions/racing-club-de-montevideo-vs-penarol/2026-10-04/game;8;2026-10-04 14:12;2026-10-04 15:27;2026-10-04 15:27;1;0;;;
2026-10-04;2026-10-05;01:00;2026-10-04;23:00;CONCACAF Nations League;CONCACAF Nations League;concacaf-nations-league;CNL;Aruba;Anguilla;91;7;2;1;3-0;4.18;;4.25;50.45;49.55;U;60;40;No;;;;;;;https://betimate.com/it/football-predictions/anguilla-vs-aruba/2026-10-04/game;1;2026-10-04 14:12;2026-10-04 15:27;2026-10-04 15:27;1;0;;;
2026-10-04;2026-10-05;01:00;2026-10-04;23:00;Liga MX Femenil Messico;Mexico Liga MX Femenil;mexico-liga-mx-femenil;MLMF;Chivas Guadalajara (W);Juarez FC (W);48;24;28;1;1-0;1.98;23°C · pioggia 88% · vento 3 km/h;2.5;53.33;46.67;U;61;39;No;;;;;;;https://betimate.com/it/football-predictions/juarez-fc-w-vs-chivas-guadalajara-w/2026-10-04/game;9;2026-10-04 14:12;2026-10-04 15:27;2026-10-04 15:27;1;0;;;
2026-10-04;2026-10-05;01:00;2026-10-04;23:00;Liga Nacional Guatemala;Guatemala Liga Nacional;guatemala-liga-nacional;Gt1;Guastatoya;Aurora;67;21;12;1;2-0;2.72;24°C · pioggia 91% · vento 5 km/h;2.5;48.64;51.36;O;51;49;No;;;;;;;https://betimate.com/it/football-predictions/aurora-vs-guastatoya/2026-10-04/game;8;2026-10-04 14:12;2026-10-04 15:27;2026-10-04 15:27;1;0;;;
2026-10-04;2026-10-05;01:00;2026-10-04;23:00;Liga Premier Serie A Messico;Mexico Liga Premier A;mexico-liga-premier-a;MLPA;FC Santiago;Guerreros de Autlán;68;17;15;1;2-1;3.49;;3.25;48.65;51.35;O;44;56;Si;;;;;;;https://betimate.com/it/football-predictions/fc-santiago-vs-guerreros-de-autlan/2026-10-04/game;18;2026-10-04 14:12;2026-10-04 15:27;2026-10-04 15:27;1;0;;;
2026-10-04;2026-10-05;01:00;2026-10-04;23:00;NWSL statunitense;USA NWSL Women;usa-nwsl-women;UNW;Houston Dash (W);Washington Spirit (W);30;21;49;2;0-1;2.43;25°C · pioggia 19% · vento 12 km/h;2.75;51.92;48.08;U;55;45;No;;;;;;;https://betimate.com/it/football-predictions/washington-spirit-w-vs-houston-dash-w/2026-10-04/game;8;2026-10-04 14:12;2026-10-04 15:27;2026-10-04 15:27;1;0;;;
2026-10-04;2026-10-05;01:00;2026-10-04;23:00;Primera División Apertura salvadoregna;El Salvador Apertura;el-salvador-apertura;Sv1;Internacional Santa Tecla;Fuerte San Francisco;64;23;13;1;1-0;2.32;;2.5;51.23;48.77;U;56;44;No;;;;;;;https://betimate.com/it/football-predictions/fuerte-san-francisco-vs-internacional-santa-tecla/2026-10-04/game;8;2026-10-04 14:12;2026-10-04 15:27;2026-10-04 15:27;1;0;;;
2026-10-04;2026-10-05;01:10;2026-10-04;23:10;Primera A colombiana;Colombia Primera A;colombia-primera-a;Co1;Atletico Bucaramanga;Junior;44;27;29;1;1-0;2.56;22°C · pioggia 21% · vento 4 km/h;2.5;49.55;50.45;O;46;54;Si;;;;;;;https://betimate.com/it/football-predictions/junior-vs-atletico-bucaramanga/2026-10-04/game;1;2026-10-04 14:12;2026-10-04 15:27;2026-10-04 15:27;1;0;;;
2026-10-04;2026-10-05;01:15;2026-10-04;23:15;LPF panamense;Panama LPF;panama-lpf;Pa1;CA Independiente de la Chorrera;CD Arabe Unido;31;29;40;2;0-1;2.42;28°C · pioggia 29% · vento 3 km/h;2;46.5;53.5;O;48;52;Si;;;;;;;https://betimate.com/it/football-predictions/cd-arabe-unido-vs-ca-independiente-de-la-chorrera/2026-10-04/game;8;2026-10-04 14:12;2026-10-04 15:27;2026-10-04 15:27;1;0;;;
2026-10-04;2026-10-05;01:30;2026-10-04;23:30;Bolivia - Copa División Profesional;Bolivia Copa Division Profesional;bolivia-copa-division-profesional;BCDP;Independiente Petrolero;Bolivar;20;20;60;2;1-2;3.78;15°C · pioggia 2% · vento 5 km/h;3.5;48.39;51.61;O;39;61;Si;;;;;;;https://betimate.com/it/football-predictions/bolivar-vs-independiente-petrolero/2026-10-04/game;8;2026-10-04 14:12;2026-10-04 15:27;2026-10-04 15:27;1;0;;;
2026-10-04;2026-10-05;01:30;2026-10-04;23:30;Liga de Ascenso Honduras;Honduras Liga de Ascenso;honduras-liga-de-ascenso;HLdA;Cruz Azul Opoa;CD Suyapa;60;18;22;1;2-1;3.83;;3.75;49.51;50.49;O;39;61;Si;;;;;;;https://betimate.com/it/football-predictions/cruz-azul-opoa-vs-cd-suyapa/2026-10-04/game;18;2026-10-04 14:12;2026-10-04 15:27;2026-10-04 15:27;1;0;;;
2026-10-04;2026-10-05;01:30;2026-10-04;23:30;Torneo Regional Amateur Argentina;Argentina Torneo Regional Amateur;argentina-torneo-regional-amateur;ATRA;Social Ascension;Academia Mascherano;50;24;26;1;1-0;2.38;;2.75;52.5;47.5;U;50;50;Si;;;;;;;https://betimate.com/it/football-predictions/academia-mascherano-vs-social-ascension/2026-10-04/game;18;2026-10-04 14:12;2026-10-04 15:27;2026-10-04 15:27;1;0;;;
2026-10-04;2026-10-05;01:30;2026-10-04;23:30;Uruguay - Primera División Amateur;Uruguay Primera Division Amateur;uruguay-primera-division-amateur;UPDA;Sportivo Bella Italia;Mar de Fondo;64;21;15;1;1-0;2.62;;2.25;47.56;52.44;O;52;48;No;;;;;;;https://betimate.com/it/football-predictions/mar-de-fondo-vs-sportivo-bella-italia/2026-10-04/game;8;2026-10-04 14:12;2026-10-04 15:27;2026-10-04 15:27;1;0;;;
2026-10-04;2026-10-05;02:00;2026-10-05;00:00;CONCACAF Nations League;CONCACAF Nations League;concacaf-nations-league;CNL;Costa Rica;Haiti;39;21;40;2;1-2;3.46;20°C · pioggia 94% · vento 5 km/h;2.75;45.56;54.44;O;43;57;Si;;;;;;;https://betimate.com/it/football-predictions/haiti-vs-costa-rica/2026-10-05/game;1;2026-10-04 14:12;2026-10-04 15:27;2026-10-04 15:27;1;0;;;
2026-10-05;2026-10-05;02:30;2026-10-05;00:30;Amichevoli per club;Club Friendly List;club-friendly-list;CFL;Chivas Guadalajara;Club America;36;26;38;2;0-1;2.66;;2.5;49.1;50.9;O;46;54;Si;;;;;;;https://betimate.com/it/football-predictions/chivas-guadalajara-vs-club-america/2026-10-05/game;2;2026-10-04 14:12;2026-10-04 15:27;2026-10-04 15:27;1;0;;;
2026-10-05;2026-10-05;02:30;2026-10-05;00:30;Liga Profesional Argentina;Argentina Liga Profesional;argentina-liga-profesional;ALP;Estudiantes Rio Cuarto;Racing Club;18;26;56;2;0-1;2.21;15°C · pioggia 12% · vento 20 km/h;2;48.05;51.95;O;52;48;No;;;;;;;https://betimate.com/it/football-predictions/racing-club-vs-estudiantes-rio-cuarto/2026-10-05/game;1;2026-10-04 14:12;2026-10-04 15:27;2026-10-04 15:27;1;0;;;
2026-10-05;2026-10-05;02:30;2026-10-05;00:30;Premier League Giamaica;Jamaica Premier League;jamaica-premier-league;Jm;Mount Pleasant FA;Cavalier;53;25;22;1;1-0;2.53;26°C · pioggia 24% · vento 4 km/h;2.25;47.83;52.17;O;48;52;Si;;;;;;;https://betimate.com/it/football-predictions/cavalier-vs-mount-pleasant-fa/2026-10-05/game;2;2026-10-04 14:12;2026-10-04 15:27;2026-10-04 15:27;1;0;;;
2026-10-05;2026-10-05;03:00;2026-10-05;01:00;Liga Nacional Guatemala;Guatemala Liga Nacional;guatemala-liga-nacional;Gt1;CSD Comunicaciones;Suchitepequez;71;18;11;1;2-0;2.91;19°C · pioggia 94% · vento 2 km/h;2.5;47.17;52.83;O;49;51;Si;;;;;;;https://betimate.com/it/football-predictions/csd-comunicaciones-vs-suchitepequez/2026-10-05/game;1;2026-10-04 14:12;2026-10-04 15:27;2026-10-04 15:27;1;0;;;
2026-10-05;2026-10-05;03:00;2026-10-05;01:00;Primera División Apertura salvadoregna;El Salvador Apertura;el-salvador-apertura;Sv1;CD FAS;CD INCA Aruba;71;18;11;1;2-0;3.07;22°C · pioggia 80% · vento 1 km/h;3;49.71;50.29;O;50;50;Si;;;;;;;https://betimate.com/it/football-predictions/cd-fas-vs-cd-inca-aruba/2026-10-05/game;2;2026-10-04 14:12;2026-10-04 15:27;2026-10-04 15:27;1;0;;;
2026-10-05;2026-10-05;03:06;2026-10-05;01:06;Liga MX Femenil Messico;Mexico Liga MX Femenil;mexico-liga-mx-femenil;MLMF;Pachuca (W);Toluca (W);65;14;21;1;2-1;4.01;14°C · pioggia 69% · vento 5 km/h;3.5;47.24;52.76;O;43;57;Si;;;;;;;https://betimate.com/it/football-predictions/pachuca-w-vs-toluca-w/2026-10-05/game;2;2026-10-04 14:12;2026-10-04 15:27;2026-10-04 15:27;1;0;;;
2026-10-05;2026-10-05;03:15;2026-10-05;01:15;Primera A colombiana;Colombia Primera A;colombia-primera-a;Co1;Llaneros;America de Cali;25;28;47;2;0-1;2.29;25°C · pioggia 7% · vento 2 km/h;2.25;49.79;50.21;O;50;50;Si;;;;;;;https://betimate.com/it/football-predictions/llaneros-vs-america-de-cali/2026-10-05/game;1;2026-10-04 14:12;2026-10-04 15:27;2026-10-04 15:27;1;0;;;
2026-10-05;2026-10-05;04:00;2026-10-05;02:00;CONCACAF Nations League;CONCACAF Nations League;concacaf-nations-league;CNL;Nicaragua;Repubblica Dominicana;27;21;52;2;1-2;3.15;24°C · pioggia 60% · vento 4 km/h;2.75;47.48;52.52;O;47;53;Si;;;;;;;https://betimate.com/it/football-predictions/dominican-republic-vs-nicaragua/2026-10-05/game;1;2026-10-04 14:12;2026-10-04 15:27;2026-10-04 15:27;1;0;;;
2026-10-05;2026-10-05;04:00;2026-10-05;02:00;College Championship USA;USA College Championship;usa-college-championship;UCC;Grand Canyon Antelopes;San Jose State;53;23;24;1;1-0;2.64;31°C · pioggia 0% · vento 11 km/h;2.5;49.11;50.89;O;48;52;Si;;;;;;;https://betimate.com/it/football-predictions/san-jose-state-vs-grand-canyon-antelopes/2026-10-05/game;2;2026-10-04 14:12;2026-10-04 15:27;2026-10-04 15:27;1;0;;;
2026-10-05;2026-10-05;04:00;2026-10-05;02:00;Primera División guatemalteca;Guatemala Primera Division;guatemala-primera-division;Gt2;Chichicasteco FC;Huehuetecos FC;38;27;35;1;1-0;2.16;;2;48.8;51.2;O;52;48;No;;;;;;;https://betimate.com/it/football-predictions/chichicasteco-fc-vs-huehuetecos-fc/2026-10-05/game;2;2026-10-04 14:12;2026-10-04 15:27;2026-10-04 15:27;1;0;;;
2026-10-05;2026-10-05;07:30;2026-10-05;05:30;Bangalore Super Division India;India Bangalore Super Division;india-bangalore-super-division;IBSD;South United;MEG;56;19;25;1;2-1;3.62;;4;52.4;47.6;U;40;60;Si;;;;;;;https://betimate.com/it/football-predictions/south-united-vs-meg/2026-10-05/game;2;2026-10-04 14:12;2026-10-04 15:27;2026-10-04 15:27;1;0;;;
2026-10-05;2026-10-05;08:30;2026-10-05;06:30;Amichevoli internazionali;International Match;international-match;IM;Ecuador;Panama;70;17;13;1;2-0;3.37;;3.25;49.4;50.6;O;50;50;Si;;;;;;;https://betimate.com/it/football-predictions/ecuador-vs-panama/2026-10-05/game;2;2026-10-04 14:12;2026-10-04 15:27;2026-10-04 15:27;1;0;;;
2026-10-05;2026-10-05;09:30;2026-10-05;07:30;Campionato U20 Cina;China U20 League;china-u20-league;CUL;Wuhan Three Towns U20;Shanghai Port U20;17;17;66;2;0-2;3.11;;3;49.33;50.67;O;47;53;Si;;;;;;;https://betimate.com/it/football-predictions/shanghai-port-u20-vs-wuhan-three-towns-u20/2026-10-05/game;3;2026-10-04 14:12;2026-10-04 15:27;2026-10-04 15:27;1;0;;;
2026-10-05;2026-10-05;10:00;2026-10-05;08:00;Bangalore Super Division India;India Bangalore Super Division;india-bangalore-super-division;IBSD;United Stars;Roots FC;36;25;39;2;0-1;2.43;;3;54.62;45.38;U;49;51;Si;;;;;;;https://betimate.com/it/football-predictions/united-stars-vs-roots-fc/2026-10-05/game;2;2026-10-04 14:12;2026-10-04 15:27;2026-10-04 15:27;1;0;;;
2026-10-05;2026-10-05;11:00;2026-10-05;09:00;Division 2;Kosovo Division 2;kosovo-division-2;KD2;TOP Football;KF Dardania;36;18;46;2;1-2;4.27;;3.75;47.03;52.97;O;34;66;Si;;;;;;;https://betimate.com/it/football-predictions/kf-dardania-vs-top-football/2026-10-05/game;3;2026-10-04 14:12;2026-10-04 15:27;2026-10-04 15:27;1;0;;;
2026-10-05;2026-10-05;11:00;2026-10-05;09:00;FIFA ASEAN Cup;FIFA ASEAN Cup;fifa-asean-cup;FAC;Malesia;Vietnam;34;24;42;2;0-1;2.74;;2.5;48.45;51.55;O;46;54;Si;;;;;;;https://betimate.com/it/football-predictions/malaysia-vs-vietnam/2026-10-05/game;1;2026-10-04 14:12;2026-10-04 15:27;2026-10-04 15:27;1;0;;;
2026-10-05;2026-10-05;12:30;2026-10-05;10:30;Amichevoli internazionali;International Match;international-match;IM;Giappone;Nuova Zelanda;83;9;8;1;4-1;5.47;;5.25;48.97;51.03;O;40;60;Si;;;;;;;https://betimate.com/it/football-predictions/japan-vs-new-zealand/2026-10-05/game;2;2026-10-04 14:12;2026-10-04 15:27;2026-10-04 15:27;1;0;;;
2026-10-05;2026-10-05;12:30;2026-10-05;10:30;Bangalore Super Division India;India Bangalore Super Division;india-bangalore-super-division;IBSD;Kodagu FC;Technico FF;88;7;5;1;4-0;5.02;;4;44.47;55.53;O;44;56;Si;;;;;;;https://betimate.com/it/football-predictions/kodagu-fc-vs-technico-ff/2026-10-05/game;2;2026-10-04 14:12;2026-10-04 15:27;2026-10-04 15:27;1;0;;;
2026-10-05;2026-10-05;12:30;2026-10-05;10:30;Gamma Ethniki Grecia;Greece Gamma Ethniki;greece-gamma-ethniki;GGE;Mykonos;Pannaxiakos;53;22;25;1;1-0;2.88;;2.75;49.11;50.89;O;46;54;Si;;;;;;;https://betimate.com/it/football-predictions/pannaxiakos-vs-mykonos/2026-10-05/game;3;2026-10-04 14:12;2026-10-04 15:27;2026-10-04 15:27;1;0;;;
2026-10-05;2026-10-05;13:00;2026-10-05;11:00;Campionato U20 Cina;China U20 League;china-u20-league;CUL;Shenzhen Peng City U20;Tianjin Jinmen Tigers U20;31;22;47;2;0-1;2.56;;3;53.39;46.61;U;48;52;Si;;;;;;;https://betimate.com/it/football-predictions/tianjin-jinmen-tigers-u20-vs-shenzhen-peng-city-u20/2026-10-05/game;3;2026-10-04 14:12;2026-10-04 15:27;2026-10-04 15:27;1;0;;;
2026-10-05;2026-10-05;13:00;2026-10-05;11:00;Division 3 norvegese - Gruppo 4;Norway Division 3 Group 4;norway-division-3-group-4;;Odd II;Viking 2;34;20;46;2;1-2;3.54;17°C · pioggia 6% · vento 17 km/h;3.25;48.3;51.7;O;39;61;Si;;;;;;;https://betimate.com/it/football-predictions/viking-2-vs-odd-ii/2026-10-05/game;3;2026-10-04 14:12;2026-10-04 15:27;2026-10-04 15:27;1;0;;;
2026-10-05;2026-10-05;13:00;2026-10-05;11:00;Super League 2 Grecia;Greece Super League 2;greece-super-league-2;GSL2;Zakynthos;Apollon Kalamarias;41;26;33;1;1-0;2.32;;2.25;49.56;50.44;O;50;50;Si;;;;;;;https://betimate.com/it/football-predictions/apollon-kalamarias-vs-zakynthos/2026-10-05/game;3;2026-10-04 14:48;2026-10-04 14:48;2026-10-04 14:48;1;0;;;
2026-10-05;2026-10-05;13:30;2026-10-05;11:30;Azadegan League Iran;Iran Div 1;iran-div-1;ID1;Niroye Zamini;Mes Kerman;28;35;37;2;0-1;1.31;;1.25;49.72;50.28;O;63;37;No;;;;;;;https://betimate.com/it/football-predictions/mes-kerman-vs-niroye-zamini/2026-10-05/game;3;2026-10-04 14:12;2026-10-04 15:27;2026-10-04 15:27;1;0;;;
2026-10-05;2026-10-05;13:30;2026-10-05;11:30;India IFA Shield;India IFA Shield;india-ifa-shield;IIS;East Bengal Club;Northeast United;50;21;29;1;2-1;3.15;;2.5;46.13;53.87;O;43;57;Si;;;;;;;https://betimate.com/it/football-predictions/east-bengal-club-vs-northeast-united/2026-10-05/game;3;2026-10-04 14:12;2026-10-04 15:27;2026-10-04 15:27;1;0;;;
2026-10-05;2026-10-05;13:45;2026-10-05;11:45;Super League 2 Grecia;Greece Super League 2;greece-super-league-2;GSL2;PAOK Salonika B;Hellas Syrou;38;24;38;1;1-0;2.69;24°C · pioggia 0% · vento 6 km/h;2;44.58;55.42;O;46;54;Si;;;;;;;https://betimate.com/it/football-predictions/paok-salonika-b-vs-hellas-syrou/2026-10-05/game;3;2026-10-04 14:12;2026-10-04 15:27;2026-10-04 15:27;1;0;;;
2026-10-05;2026-10-05;14:00;2026-10-05;12:00;Amichevoli Russia;Other Match;other-match;Ru3;Helsingborg U21;IFK Varnamo U21;72;15;13;1;2-0;3.58;19°C · pioggia 0% · vento 23 km/h;3.5;49.59;50.41;O;45;55;Si;;;;;;;https://betimate.com/it/football-predictions/helsingborg-u21-vs-ifk-varnamo-u21/2026-10-05/game;3;2026-10-04 14:12;2026-10-04 15:27;2026-10-04 15:27;1;0;;;
2026-10-05;2026-10-05;14:00;2026-10-05;12:00;Amichevoli internazionali;International Match;international-match;IM;Uganda;RD del Congo;25;26;49;2;0-1;2.24;;2;48.26;51.74;O;56;44;No;;;;;;;https://betimate.com/it/football-predictions/uganda-vs-congo-dr/2026-10-05/game;2;2026-10-04 14:12;2026-10-04 15:27;2026-10-04 15:27;1;0;;;
2026-10-05;2026-10-05;14:30;2026-10-05;12:30;Azadegan League Iran;Iran Div 1;iran-div-1;ID1;Besat Kermanshah;Palayesh Naft Bandar Abbas FC;25;34;41;2;0-1;1.36;;1.25;49.21;50.79;O;63;37;No;;;;;;;https://betimate.com/it/football-predictions/besat-kermanshah-vs-palayesh-naft-bandar-abbas-fc/2026-10-05/game;3;2026-10-04 14:12;2026-10-04 15:27;2026-10-04 15:27;1;0;;;
2026-10-05;2026-10-05;14:30;2026-10-05;12:30;Hong Kong - Campionato U22;Hong Kong U22 League;hong-kong-u22-league;HKUL;North District U22;Eastern Football Team U22;74;10;16;1;4-1;5.81;;4;40.46;59.54;O;30;70;Si;;;;;;;https://betimate.com/it/football-predictions/north-district-u22-vs-eastern-football-team-u22/2026-10-05/game;3;2026-10-04 14:12;2026-10-04 15:27;2026-10-04 15:27;1;0;;;
2026-10-05;2026-10-05;14:30;2026-10-05;12:30;Persha Liga Ucraina;Ukraine Persha Liga;ukraine-persha-liga;Ua1;FSC Feniks-Mariupol;Nyva Ternopil;51;26;23;1;1-0;2.38;18°C · pioggia 0% · vento 13 km/h;2.25;49.51;50.49;O;52;48;No;;;;;;;https://betimate.com/it/football-predictions/nyva-ternopil-vs-fsc-feniks-mariupol/2026-10-05/game;3;2026-10-04 14:12;2026-10-04 15:27;2026-10-04 15:27;1;0;;;
2026-10-05;2026-10-05;15:00;2026-10-05;13:00;Amichevoli Russia;Other Match;other-match;Ru3;Halmstads U21;Osters IF U21;70;16;14;1;2-0;3.39;17°C · pioggia 41% · vento 25 km/h;3.25;49.24;50.76;O;46;54;Si;;;;;;;https://betimate.com/it/football-predictions/halmstads-u21-vs-osters-if-u21/2026-10-05/game;3;2026-10-04 14:12;2026-10-04 15:27;2026-10-04 15:27;1;0;;;
2026-10-05;2026-10-05;15:00;2026-10-05;13:00;Campionato Riserve uruguaiano;Uruguay Reserve League;uruguay-reserve-league;URL;Montevideo Wanderers Reserves;Juventud De Las Piedras Reserves;47;21;32;1;2-1;2.98;;2.75;48.33;51.67;O;44;56;Si;;;;;;;https://betimate.com/it/football-predictions/montevideo-wanderers-reserves-vs-juventud-de-las-piedras-reserves/2026-10-05/game;3;2026-10-04 14:12;2026-10-04 15:27;2026-10-04 15:27;1;0;;;
2026-10-05;2026-10-05;15:00;2026-10-05;13:00;FIFA ASEAN Cup;FIFA ASEAN Cup;fifa-asean-cup;FAC;Indonesia;Thailandia;33;21;46;2;1-2;3.16;;2.5;46.04;53.96;O;42;58;Si;;;;;;;https://betimate.com/it/football-predictions/thailand-vs-indonesia/2026-10-05/game;1;2026-10-04 14:12;2026-10-04 15:27;2026-10-04 15:27;1;0;;;
2026-10-05;2026-10-05;15:00;2026-10-05;13:00;Inghilterra - Development League 2;England Development League 2;england-development-league-2;EDL2;Sheff Utd U21;Bolton U21;39;20;41;2;1-2;3.14;19°C · pioggia 1% · vento 17 km/h;3;48.92;51.08;O;42;58;Si;;;;;;;https://betimate.com/it/football-predictions/sheff-utd-u21-vs-bolton-u21/2026-10-05/game;1;2026-10-04 14:12;2026-10-04 15:27;2026-10-04 15:27;1;0;;;
2026-10-05;2026-10-05;15:00;2026-10-05;13:00;Prva Liga Serbia;Serbia Prva Liga;serbia-prva-liga;Rs2;Smederevo;FK Vozdovac;40;27;33;1;1-0;2.48;25°C · pioggia 0% · vento 4 km/h;2.25;48.54;51.46;O;48;52;Si;;;;;;;https://betimate.com/it/football-predictions/fk-vozdovac-vs-smederevo/2026-10-05/game;1;2026-10-04 14:12;2026-10-04 15:27;2026-10-04 15:27;1;0;;;
2026-10-05;2026-10-05;15:30;2026-10-05;13:30;Azadegan League Iran;Iran Div 1;iran-div-1;ID1;Havadar SC;Pars Jonoubi Jam;21;28;51;2;0-1;1.96;27°C · pioggia 0% · vento 21 km/h;1.75;48.37;51.63;O;54;46;No;;;;;;;https://betimate.com/it/football-predictions/pars-jonoubi-jam-vs-havadar-sc/2026-10-05/game;3;2026-10-04 14:12;2026-10-04 15:27;2026-10-04 15:27;1;0;;;
2026-10-05;2026-10-05;15:30;2026-10-05;13:30;Azadegan League Iran;Iran Div 1;iran-div-1;ID1;Mes Rafsanjan;Ario Eslamshahr;38;35;27;1;1-0;1.36;27°C · pioggia 0% · vento 21 km/h;1.25;49.16;50.84;O;62;38;No;;;;;;;https://betimate.com/it/football-predictions/mes-rafsanjan-vs-ario-eslamshahr/2026-10-05/game;3;2026-10-04 14:12;2026-10-04 15:27;2026-10-04 15:27;1;0;;;
2026-10-05;2026-10-05;16:00;2026-10-05;14:00;Jordan Youth League;Jordan Youth League;jordan-youth-league;JYL;Al-Baqa'a U20;Al Ahli Amman U20;43;21;36;1;2-1;2.87;;4;57.65;42.35;U;45;55;Si;;;;;;;https://betimate.com/it/football-predictions/al-ahli-amman-u20-vs-al-baqa-a-u20/2026-10-05/game;3;2026-10-04 14:12;2026-10-04 15:27;2026-10-04 15:27;1;0;;;
2026-10-05;2026-10-05;16:00;2026-10-05;14:00;Jordan Youth League;Jordan Youth League;jordan-youth-league;JYL;Al-Hussein SC U20;Al Faisaly Amman U20;45;21;34;1;2-1;2.9;;3;50.72;49.28;U;45;55;Si;;;;;;;https://betimate.com/it/football-predictions/al-faisaly-amman-u20-vs-al-hussein-sc-u20/2026-10-05/game;3;2026-10-04 14:12;2026-10-04 15:27;2026-10-04 15:27;1;0;;;
2026-10-05;2026-10-05;16:00;2026-10-05;14:00;Jordan Youth League;Jordan Youth League;jordan-youth-league;JYL;Al-Wehdat U20;Al-Jazeera U20;39;22;39;1;1-0;2.71;;3;52.16;47.84;U;46;54;Si;;;;;;;https://betimate.com/it/football-predictions/al-jazeera-u20-vs-al-wehdat-u20/2026-10-05/game;3;2026-10-04 14:12;2026-10-04 15:27;2026-10-04 15:27;1;0;;;
2026-10-05;2026-10-05;16:00;2026-10-05;14:00;Prva Liga Serbia;Serbia Prva Liga;serbia-prva-liga;Rs2;FK Napredak;Loznica;33;29;38;2;0-1;2.18;26°C · pioggia 0% · vento 7 km/h;2.25;50.84;49.16;U;52;48;No;;;;;;;https://betimate.com/it/football-predictions/loznica-vs-fk-napredak/2026-10-05/game;2;2026-10-04 14:12;2026-10-04 15:27;2026-10-04 15:27;1;0;;;
2026-10-05;2026-10-05;16:00;2026-10-05;14:00;Qualificazioni Olimpiche Femminili;Womens Olympic Qual;womens-olympic-qual;WOQ;Guinea (D);Camerun (D);9;10;81;2;0-3;4.22;;4;49.34;50.66;O;57;43;No;;;;;;;https://betimate.com/it/football-predictions/guinea-women-vs-cameroon-w/2026-10-05/game;3;2026-10-04 14:12;2026-10-04 15:27;2026-10-04 15:27;1;0;;;
2026-10-05;2026-10-05;16:15;2026-10-05;14:15;Campionato U19 Kosovo;Kosovo U19 League;kosovo-u19-league;KUL;KF 2 Korriku U19;KF Vushtrria U19;41;21;38;1;2-1;2.98;;4;56.83;43.17;U;44;56;Si;;;;;;;https://betimate.com/it/football-predictions/kf-2-korriku-u19-vs-kf-vushtrria-u19/2026-10-05/game;3;2026-10-04 14:12;2026-10-04 15:27;2026-10-04 15:27;1;0;;;
2026-10-05;2026-10-05;16:30;2026-10-05;14:30;Qualificazioni Campionato Europeo U21 UEFA;European U21 Championship Qual;european-u21-championship-qual;EUCQ;Montenegro U21;Armenia U21;67;19;14;1;1-0;2.47;;2.75;52.14;47.86;U;58;42;No;;;;;;;https://betimate.com/it/football-predictions/montenegro-u21-vs-armenia-u21/2026-10-05/game;1;2026-10-04 14:12;2026-10-04 15:27;2026-10-04 15:27;1;0;;;
2026-10-05;2026-10-05;17:00;2026-10-05;15:00;2. Liga Slovacchia;Slovakia 2. Liga;slovakia-2-liga;;FK Tatran Liptovsky Mikulas;STK Samorin;38;26;36;1;1-0;2.83;18°C · pioggia 2% · vento 9 km/h;3;51.58;48.42;U;45;55;Si;;;;;;;https://betimate.com/it/football-predictions/stk-samorin-vs-fk-tatran-liptovsky-mikulas/2026-10-05/game;1;2026-10-04 14:12;2026-10-04 15:27;2026-10-04 15:27;1;0;;;
2026-10-05;2026-10-05;17:00;2026-10-05;15:00;Amichevoli internazionali;International Match;international-match;IM;Mauritius;Sri Lanka;47;32;21;1;1-0;1.6;;1.5;49.58;50.42;O;64;36;No;;;;;;;https://betimate.com/it/football-predictions/sri-lanka-vs-mauritius/2026-10-05/game;2;2026-10-04 14:12;2026-10-04 15:27;2026-10-04 15:27;1;0;;;
2026-10-05;2026-10-05;17:00;2026-10-05;15:00;Ghana Division 1;Ghana Division 1;ghana-division-1;GD1;Dormaa Unity SC;Victory Club Warriors;51;21;28;1;2-1;3.15;;2.25;44.09;55.91;O;43;57;Si;;;;;;;https://betimate.com/it/football-predictions/dormaa-unity-sc-vs-victory-club-warriors/2026-10-05/game;3;2026-10-04 14:12;2026-10-04 15:27;2026-10-04 15:27;1;0;;;
2026-10-05;2026-10-05;17:30;2026-10-05;15:30;Burkina Faso League;Burkina Faso League;burkina-faso-league;Bf1;Sonabel;US Comoe;36;27;37;2;0-1;2.08;;1.75;47.52;52.48;O;53;47;No;;;;;;;https://betimate.com/it/football-predictions/sonabel-vs-us-comoe/2026-10-05/game;3;2026-10-04 14:12;2026-10-04 15:27;2026-10-04 15:27;1;0;;;
2026-10-05;2026-10-05;17:30;2026-10-05;15:30;Ivory Coast Premier Division;Ivory Coast Premier Division;ivory-coast-premier-division;ICPD;FC Mouna;Yamoussoukro FC;27;30;43;2;0-1;1.85;;2;51.85;48.15;U;57;43;No;;;;;;;https://betimate.com/it/football-predictions/fc-mouna-vs-yamoussoukro-fc/2026-10-05/game;3;2026-10-04 14:12;2026-10-04 15:27;2026-10-04 15:27;1;0;;;
2026-10-05;2026-10-05;17:30;2026-10-05;15:30;Ykkönen Femminile Finlandia;Finland Ykkonen Women;finland-ykkonen-women;FYW;TPS (W);PK Keski-Uusimaa (W);37;18;45;2;1-2;3.52;;3.75;51.12;48.88;U;44;56;Si;;;;;;;https://betimate.com/it/football-predictions/tps-w-vs-pk-keski-uusimaa-w/2026-10-05/game;3;2026-10-04 14:12;2026-10-04 15:27;2026-10-04 15:27;1;0;;;
2026-10-05;2026-10-05;18:00;2026-10-05;16:00;Division 3 norvegese - Gruppo 3;Norway Division 3 Group 3;norway-division-3-group-3;;Fana;Åsane Fotball 2;71;14;15;1;3-1;4.88;;4.25;46.75;53.25;O;35;65;Si;;;;;;;https://betimate.com/it/football-predictions/fana-vs-sane-fotball-2/2026-10-05/game;3;2026-10-04 14:12;2026-10-04 15:27;2026-10-04 15:27;1;0;;;
2026-10-05;2026-10-05;18:00;2026-10-05;16:00;Liga Bet Nord Israele;Israel Liga Bet North;israel-liga-bet-north;ILBN;Hapoel Kaukab;Hapoel Dir Hana;57;21;22;1;1-0;2.95;;3.25;51.97;48.03;U;46;54;Si;;;;;;;https://betimate.com/it/football-predictions/hapoel-kaukab-vs-hapoel-dir-hana/2026-10-05/game;2;2026-10-04 14:12;2026-10-04 15:27;2026-10-04 15:27;1;0;;;
2026-10-05;2026-10-05;18:00;2026-10-05;16:00;Liga U23 Portogallo;Portugal U23 League;portugal-u23-league;PUL;Torreense U23;Estoril U23;52;21;27;1;1-0;2.49;25°C · pioggia 30% · vento 10 km/h;2.75;51.54;48.46;U;50;50;Si;;;;;;;https://betimate.com/it/football-predictions/estoril-u23-vs-torreense-u23/2026-10-05/game;1;2026-10-04 14:12;2026-10-04 15:27;2026-10-04 15:27;1;0;;;
2026-10-05;2026-10-05;18:00;2026-10-05;16:00;Prva Liga Serbia;Serbia Prva Liga;serbia-prva-liga;Rs2;FK Backa Topola;FK Graficar Beograd;53;24;23;1;1-0;2.86;22°C · pioggia 0% · vento 4 km/h;3;51.23;48.77;U;46;54;Si;;;;;;;https://betimate.com/it/football-predictions/fk-backa-topola-vs-fk-graficar-beograd/2026-10-05/game;2;2026-10-04 14:12;2026-10-04 15:27;2026-10-04 15:27;1;0;;;
2026-10-05;2026-10-05;18:00;2026-10-05;16:00;Turchia - 2. Lig Beyaz;Türkiye 2 Lig Beyaz;t-rkiye-2-lig-beyaz;;Sanliurfaspor;Guzide Gebzespor;34;28;38;2;0-1;2.32;;2.75;53.07;46.93;U;50;50;Si;;;;;;;https://betimate.com/it/football-predictions/sanliurfaspor-vs-guzide-gebzespor/2026-10-05/game;3;2026-10-04 14:12;2026-10-04 15:27;2026-10-04 15:27;1;0;;;
2026-10-05;2026-10-05;18:00;2026-10-05;16:00;UEFA Nations League C;UEFA Nations League C;uefa-nations-league-c;UNLC;Cipro;Lettonia;50;25;25;1;1-0;2.29;23°C · pioggia 3% · vento 8 km/h;2.25;49.85;50.15;O;55;45;No;;;;;;;https://betimate.com/it/football-predictions/latvia-vs-cyprus/2026-10-05/game;1;2026-10-04 14:12;2026-10-04 15:27;2026-10-04 15:27;1;0;;;
2026-10-05;2026-10-05;18:15;2026-10-05;16:15;Qualificazioni Campionato Europeo U21 UEFA;European U21 Championship Qual;european-u21-championship-qual;EUCQ;Italia U21;Polonia U21;53;21;26;1;1-0;2.75;;2.5;48.35;51.65;O;50;50;Si;;;;;;;https://betimate.com/it/football-predictions/italy-u21-vs-poland-u21/2026-10-05/game;1;2026-10-04 14:12;2026-10-04 15:27;2026-10-04 15:27;1;0;;;
2026-10-05;2026-10-05;18:30;2026-10-05;16:30;Qualificazioni Campionato Europeo U21 UEFA;European U21 Championship Qual;european-u21-championship-qual;EUCQ;Svezia U21;Macedonia del Nord U21;61;19;20;1;1-0;2.86;;3;51.26;48.74;U;51;49;No;;;;;;;https://betimate.com/it/football-predictions/sweden-u21-vs-north-macedonia-u21/2026-10-05/game;1;2026-10-04 14:12;2026-10-04 15:27;2026-10-04 15:27;1;0;;;
2026-10-05;2026-10-05;19:00;2026-10-05;17:00;1. Division Norvegia;Norway Division 1;norway-division-1;No2;Moss;Kongsvinger;17;16;67;2;1-3;5.19;15°C · pioggia 15% · vento 37 km/h;4;43.74;56.26;O;33;67;Si;;;;;;;https://betimate.com/it/football-predictions/kongsvinger-vs-moss/2026-10-05/game;1;2026-10-04 14:12;2026-10-04 15:27;2026-10-04 15:27;1;0;;;
2026-10-05;2026-10-05;19:00;2026-10-05;17:00;Campionato Riserve uruguaiano;Uruguay Reserve League;uruguay-reserve-league;URL;Club Oriental Reserves;Central Espanol Reserves;25;19;56;2;1-2;3.14;;3;49.02;50.98;O;44;56;Si;;;;;;;https://betimate.com/it/football-predictions/central-espanol-reserves-vs-club-oriental-reserves/2026-10-05/game;3;2026-10-04 14:12;2026-10-04 15:27;2026-10-04 15:27;1;0;;;
2026-10-05;2026-10-05;19:00;2026-10-05;17:00;Campionato Riserve uruguaiano;Uruguay Reserve League;uruguay-reserve-league;URL;La Luz Reserves;Racing Club de Montevideo Reserves;55;18;27;1;2-1;3.49;;2.75;45.28;54.72;O;40;60;Si;;;;;;;https://betimate.com/it/football-predictions/racing-club-de-montevideo-reserves-vs-la-luz-reserves/2026-10-05/game;3;2026-10-04 14:12;2026-10-04 15:27;2026-10-04 15:27;1;0;;;
2026-10-05;2026-10-05;19:00;2026-10-05;17:00;Division 2 Norra Götaland svedese;Sweden 2.div Norra Götaland;sweden-2-div-norra-g-taland;;Herrestads AIF;Grebbestads IF;42;22;36;1;2-1;3.28;15°C · pioggia 48% · vento 34 km/h;3.25;49.79;50.21;O;41;59;Si;;;;;;;https://betimate.com/it/football-predictions/grebbestads-if-vs-herrestads-aif/2026-10-05/game;1;2026-10-04 14:12;2026-10-04 15:27;2026-10-04 15:27;1;0;;;
2026-10-05;2026-10-05;19:00;2026-10-05;17:00;Division 3 norvegese - Gruppo 6;Norway Division 3 Group 6;norway-division-3-group-6;;Lyn 1896 II;Rade IL;36;17;47;2;2-3;5.1;;4.25;45.59;54.41;O;29;71;Si;;;;;;;https://betimate.com/it/football-predictions/rade-il-vs-lyn-1896-ii/2026-10-05/game;3;2026-10-04 14:12;2026-10-04 15:27;2026-10-04 15:27;1;0;;;
2026-10-05;2026-10-05;19:00;2026-10-05;17:00;Senegal Ligue 2;Senegal Ligue 2;senegal-ligue-2;SL2;Teranga SC;SONACOS;37;29;34;1;1-0;1.93;;1.75;48.7;51.3;O;54;46;No;;;;;;;https://betimate.com/it/football-predictions/sonacos-vs-teranga-sc/2026-10-05/game;3;2026-10-04 14:12;2026-10-04 15:27;2026-10-04 15:27;1;0;;;
2026-10-05;2026-10-05;20:00;2026-10-05;18:00;CONCACAF Nations League;CONCACAF Nations League;concacaf-nations-league;CNL;Bermuda;Santa Lucia;39;19;42;2;1-2;4.54;;4.5;49.58;50.42;O;34;66;Si;;;;;;;https://betimate.com/it/football-predictions/bermuda-vs-saint-lucia/2026-10-05/game;1;2026-10-04 14:12;2026-10-04 15:27;2026-10-04 15:27;1;0;;;
2026-10-05;2026-10-05;20:00;2026-10-05;18:00;CONCACAF Nations League;CONCACAF Nations League;concacaf-nations-league;CNL;Guadalupa;Barbados;63;19;18;1;2-1;3.33;;3.25;49.62;50.38;O;48;52;Si;;;;;;;https://betimate.com/it/football-predictions/barbados-vs-guadeloupe/2026-10-05/game;1;2026-10-04 14:12;2026-10-04 15:27;2026-10-04 15:27;1;0;;;
2026-10-05;2026-10-05;20:00;2026-10-05;18:00;Campeonato Carioca B2 Brasile;Brazil Campeonato Carioca B2;brazil-campeonato-carioca-b2;BCCB;Barra Mansa;Cardoso Moreira;23;25;52;2;0-1;2.26;25°C · pioggia 75% · vento 9 km/h;2;48.07;51.93;O;52;48;No;;;;;;;https://betimate.com/it/football-predictions/barra-mansa-vs-cardoso-moreira/2026-10-05/game;4;2026-10-04 14:12;2026-10-04 15:27;2026-10-04 15:27;1;0;;;
2026-10-05;2026-10-05;20:00;2026-10-05;18:00;Campeonato Carioca B2 Brasile;Brazil Campeonato Carioca B2;brazil-campeonato-carioca-b2;BCCB;Campos RJ;Buzios;58;20;22;1;2-1;3.22;;3;48.59;51.41;O;44;56;Si;;;;;;;https://betimate.com/it/football-predictions/buzios-vs-campos-rj/2026-10-05/game;4;2026-10-04 14:12;2026-10-04 15:27;2026-10-04 15:27;1;0;;;
2026-10-05;2026-10-05;20:00;2026-10-05;18:00;Campeonato Carioca B2 Brasile;Brazil Campeonato Carioca B2;brazil-campeonato-carioca-b2;BCCB;Paraty;FC Rio de Janeiro;43;21;36;1;2-1;3.38;;3.25;49.16;50.84;O;40;60;Si;;;;;;;https://betimate.com/it/football-predictions/fc-rio-de-janeiro-vs-paraty/2026-10-05/game;3;2026-10-04 14:12;2026-10-04 15:27;2026-10-04 15:27;1;0;;;
2026-10-05;2026-10-05;20:00;2026-10-05;18:00;Campeonato Carioca B2 Brasile;Brazil Campeonato Carioca B2;brazil-campeonato-carioca-b2;BCCB;Serra Macaense;Santa Cruz RJ;42;26;32;1;1-0;2.33;29°C · pioggia 55% · vento 14 km/h;2.25;49.49;50.51;O;50;50;Si;;;;;;;https://betimate.com/it/football-predictions/serra-macaense-vs-santa-cruz-rj/2026-10-05/game;3;2026-10-04 14:12;2026-10-04 15:27;2026-10-04 15:27;1;0;;;
2026-10-05;2026-10-05;20:00;2026-10-05;18:00;Campionato Riserve uruguaiano;Uruguay Reserve League;uruguay-reserve-league;URL;Cerro Largo Reserves;Deportivo Maldonado Reserves;31;18;51;2;1-2;3.72;;3;45.14;54.86;O;38;62;Si;;;;;;;https://betimate.com/it/football-predictions/cerro-largo-reserves-vs-deportivo-maldonado-reserves/2026-10-05/game;4;2026-10-04 14:12;2026-10-04 15:27;2026-10-04 15:27;1;0;;;
2026-10-05;2026-10-05;20:00;2026-10-05;18:00;Campionato Riserve uruguaiano;Uruguay Reserve League;uruguay-reserve-league;URL;Club Atletico Progreso Reserves;Liverpool Montevideo Reserves;37;19;44;2;1-2;3.22;;3;48.37;51.63;O;41;59;Si;;;;;;;https://betimate.com/it/football-predictions/liverpool-montevideo-reserves-vs-club-atletico-progreso-reserves/2026-10-05/game;4;2026-10-04 14:12;2026-10-04 15:27;2026-10-04 15:27;1;0;;;
2026-10-05;2026-10-05;20:00;2026-10-05;18:00;Campionato Riserve uruguaiano;Uruguay Reserve League;uruguay-reserve-league;URL;Colon FC Reserves;Atletico River Plate Reserves;64;14;22;1;3-1;4.85;;3;38.76;61.24;O;32;68;Si;;;;;;;https://betimate.com/it/football-predictions/atletico-river-plate-reserves-vs-colon-fc-reserves/2026-10-05/game;4;2026-10-04 14:12;2026-10-04 15:27;2026-10-04 15:27;1;0;;;
2026-10-05;2026-10-05;20:00;2026-10-05;18:00;Campionato Riserve uruguaiano;Uruguay Reserve League;uruguay-reserve-league;URL;Defensor Sporting Reserves;Boston River Reserves;63;17;20;1;2-1;3.19;;2.75;47.11;52.89;O;46;54;Si;;;;;;;https://betimate.com/it/football-predictions/boston-river-reserves-vs-defensor-sporting-reserves/2026-10-05/game;4;2026-10-04 14:12;2026-10-04 15:27;2026-10-04 15:27;1;0;;;
2026-10-05;2026-10-05;20:00;2026-10-05;18:00;Primera B Metropolitana argentina;Argentina Primera B Metropolitana;argentina-primera-b-metropolitana;Ar3;UAI Urquiza;CA Ituzaingo;46;30;24;1;1-0;1.72;21°C · pioggia 0% · vento 10 km/h;2.25;54.53;45.47;U;58;42;No;;;;;;;https://betimate.com/it/football-predictions/uai-urquiza-vs-ca-ituzaingo/2026-10-05/game;1;2026-10-04 14:12;2026-10-04 15:27;2026-10-04 15:27;1;0;;;
2026-10-05;2026-10-05;20:00;2026-10-05;18:00;Primera C Metropolitana argentina;Argentina Primera C Metropolitana;argentina-primera-c-metropolitana;Ar4;Deportivo Paraguayo;Club Mercedes;30;30;40;2;0-1;1.78;22°C · pioggia 0% · vento 11 km/h;1.75;49.96;50.04;O;57;43;No;;;;;;;https://betimate.com/it/football-predictions/deportivo-paraguayo-vs-club-mercedes/2026-10-05/game;1;2026-10-04 14:12;2026-10-04 15:27;2026-10-04 15:27;1;0;;;
2026-10-05;2026-10-05;20:00;2026-10-05;18:00;Primera C Metropolitana argentina;Argentina Primera C Metropolitana;argentina-primera-c-metropolitana;Ar4;El Porvenir;Canuelas FC;29;29;42;2;0-1;1.88;21°C · pioggia 0% · vento 10 km/h;1.75;49.08;50.92;O;55;45;No;;;;;;;https://betimate.com/it/football-predictions/canuelas-fc-vs-el-porvenir/2026-10-05/game;1;2026-10-04 14:12;2026-10-04 15:27;2026-10-04 15:27;1;0;;;
2026-10-05;2026-10-05;20:00;2026-10-05;18:00;Primera C Metropolitana argentina;Argentina Primera C Metropolitana;argentina-primera-c-metropolitana;Ar4;Lujan;General Lamadrid;56;25;19;1;1-0;2.19;21°C · pioggia 0% · vento 9 km/h;2;48.62;51.38;O;54;46;No;;;;;;;https://betimate.com/it/football-predictions/lujan-vs-general-lamadrid/2026-10-05/game;1;2026-10-04 14:12;2026-10-04 15:27;2026-10-04 15:27;1;0;;;
2026-10-05;2026-10-05;20:00;2026-10-05;18:00;Primera C Metropolitana argentina;Argentina Primera C Metropolitana;argentina-primera-c-metropolitana;Ar4;Sportivo Barracas;Leones de Rosario;40;30;30;1;1-0;1.82;21°C · pioggia 0% · vento 10 km/h;1.75;49.58;50.42;O;56;44;No;;;;;;;https://betimate.com/it/football-predictions/sportivo-barracas-vs-leones-de-rosario/2026-10-05/game;2;2026-10-04 14:12;2026-10-04 15:27;2026-10-04 15:27;1;0;;;
2026-10-05;2026-10-05;20:30;2026-10-05;18:30;Segunda División spagnola;Spain Segunda;spain-segunda;Es2;Cordoba;Tenerife;45;26;29;1;1-0;2.69;26°C · pioggia 5% · vento 1 km/h;2.5;48.74;51.26;O;45;55;Si;;;;;;;https://betimate.com/it/football-predictions/cordoba-vs-tenerife/2026-10-05/game;1;2026-10-04 14:12;2026-10-04 15:27;2026-10-04 15:27;1;0;;;
2026-10-05;2026-10-05;20:45;2026-10-05;18:45;Amichevoli internazionali;International Match;international-match;IM;Liechtenstein;Gibilterra;26;32;42;2;0-1;1.63;;1.5;49.38;50.62;O;63;37;No;;;;;;;https://betimate.com/it/football-predictions/liechtenstein-vs-gibraltar/2026-10-05/game;2;2026-10-04 14:12;2026-10-04 15:27;2026-10-04 15:27;1;0;;;
2026-10-05;2026-10-05;20:45;2026-10-05;18:45;Isthmian Premier Division Inghilterra;England Isthmian Premier Division;england-isthmian-premier-division;EIPD;Carshalton Ath;Eastbourne Borough;50;19;31;1;2-1;3.65;19°C · pioggia 0% · vento 9 km/h;2.75;44.43;55.57;O;38;62;Si;;;;;;;https://betimate.com/it/football-predictions/eastbourne-borough-vs-carshalton-ath/2026-10-05/game;4;2026-10-04 14:12;2026-10-04 15:27;2026-10-04 15:27;1;0;;;
2026-10-05;2026-10-05;20:45;2026-10-05;18:45;UEFA Nations League A;UEFA Nations League A;uefa-nations-league-a;UNLA;Francia;Belgio;41;24;35;1;2-1;2.93;20°C · pioggia 0% · vento 5 km/h;3.25;52.08;47.92;U;48;52;Si;;;;;;;https://betimate.com/it/football-predictions/belgium-vs-france/2026-10-05/game;1;2026-10-04 14:12;2026-10-04 15:27;2026-10-04 15:27;1;0;;;
2026-10-05;2026-10-05;20:45;2026-10-05;18:45;UEFA Nations League A;UEFA Nations League A;uefa-nations-league-a;UNLA;Italia;Turchia;49;24;27;1;1-0;2.62;21°C · pioggia 8% · vento 5 km/h;3.25;54.24;45.76;U;51;49;No;;;;;;;https://betimate.com/it/football-predictions/italy-vs-t-rkiye/2026-10-05/game;1;2026-10-04 14:12;2026-10-04 15:27;2026-10-04 15:27;1;0;;;
2026-10-05;2026-10-05;20:45;2026-10-05;18:45;UEFA Nations League B;UEFA Nations League B;uefa-nations-league-b;UNLB;Bosnia-Erzegovina;Polonia;35;24;41;2;0-1;2.65;16°C · pioggia 0% · vento 3 km/h;2.5;49.06;50.94;O;50;50;Si;;;;;;;https://betimate.com/it/football-predictions/poland-vs-bosnia-herzegovina/2026-10-05/game;1;2026-10-04 14:12;2026-10-04 15:27;2026-10-04 15:27;1;0;;;
2026-10-05;2026-10-05;20:45;2026-10-05;18:45;UEFA Nations League B;UEFA Nations League B;uefa-nations-league-b;UNLB;Irlanda del Nord;Georgia;41;29;30;1;1-0;1.94;15°C · pioggia 25% · vento 13 km/h;2;50.94;49.06;U;59;41;No;;;;;;;https://betimate.com/it/football-predictions/northern-ireland-vs-georgia/2026-10-05/game;1;2026-10-04 14:12;2026-10-04 15:27;2026-10-04 15:27;1;0;;;
2026-10-05;2026-10-05;20:45;2026-10-05;18:45;UEFA Nations League B;UEFA Nations League B;uefa-nations-league-b;UNLB;Romania;Svezia;19;17;64;2;1-2;3.67;16°C · pioggia 0% · vento 1 km/h;2.75;44.5;55.5;O;45;55;Si;;;;;;;https://betimate.com/it/football-predictions/romania-vs-sweden/2026-10-05/game;1;2026-10-04 14:12;2026-10-04 15:27;2026-10-04 15:27;1;0;;;
2026-10-05;2026-10-05;20:45;2026-10-05;18:45;UEFA Nations League B;UEFA Nations League B;uefa-nations-league-b;UNLB;Ucraina;Ungheria;41;28;31;1;1-0;2.13;14°C · pioggia 0% · vento 3 km/h;2.25;51.14;48.86;U;56;44;No;;;;;;;https://betimate.com/it/football-predictions/ukraine-vs-hungary/2026-10-05/game;1;2026-10-04 14:12;2026-10-04 15:27;2026-10-04 15:27;1;0;;;
2026-10-05;2026-10-05;20:45;2026-10-05;18:45;UEFA Nations League C;UEFA Nations League C;uefa-nations-league-c;UNLC;Montenegro;Armenia;61;19;20;1;2-1;3.37;;2.75;46.22;53.78;O;47;53;Si;;;;;;;https://betimate.com/it/football-predictions/armenia-vs-montenegro/2026-10-05/game;1;2026-10-04 14:12;2026-10-04 15:27;2026-10-04 15:27;1;0;;;
2026-10-05;2026-10-05;21:00;2026-10-05;19:00;CONCACAF Nations League;CONCACAF Nations League;concacaf-nations-league;CNL;Guadalupa;Santa Lucia;66;18;16;1;2-1;3.48;15°C · pioggia 0% · vento 7 km/h;3;46.96;53.04;O;48;52;Si;;;;;;;https://betimate.com/it/football-predictions/guadeloupe-vs-saint-lucia/2026-10-05/game;1;2026-10-04 14:12;2026-10-04 15:27;2026-10-04 15:27;1;0;;;
2026-10-05;2026-10-05;21:30;2026-10-05;19:30;División Profesional paraguaiana;Paraguay Division Profesional;paraguay-division-profesional;Py1;Sportivo Trinidense;Sportivo Luqueno;56;25;19;1;1-0;2.57;22°C · pioggia 93% · vento 9 km/h;2.5;49.54;50.46;O;49;51;Si;;;;;;;https://betimate.com/it/football-predictions/sportivo-luqueno-vs-sportivo-trinidense/2026-10-05/game;1;2026-10-04 14:12;2026-10-04 15:27;2026-10-04 15:27;1;0;;;
2026-10-05;2026-10-05;21:45;2026-10-05;19:45;Liga Profesional Argentina;Argentina Liga Profesional;argentina-liga-profesional;ALP;Deportivo Riestra;Central Cordoba;44;31;25;1;1-0;1.9;19°C · pioggia 2% · vento 7 km/h;2;51.33;48.67;U;56;44;No;;;;;;;https://betimate.com/it/football-predictions/central-cordoba-vs-deportivo-riestra/2026-10-05/game;1;2026-10-04 14:12;2026-10-04 15:27;2026-10-04 15:27;1;0;;;
2026-10-05;2026-10-05;22:00;2026-10-05;20:00;División Intermedia paraguaiana;Paraguay Division Intermedia;paraguay-division-intermedia;PDI;12 de Junio de Villa Hayes;Sol de America;34;28;38;2;0-1;2;;2.25;52.02;47.98;U;54;46;No;;;;;;;https://betimate.com/it/football-predictions/sol-de-america-vs-12-de-junio-de-villa-hayes/2026-10-05/game;4;2026-10-04 14:12;2026-10-04 15:27;2026-10-04 15:27;1;0;;;
2026-10-05;2026-10-05;22:00;2026-10-05;20:00;Primera Nacional argentina;Argentina Nacional B;argentina-nacional-b;Ar2;Nueva Chicago;Deportivo Maipu;37;33;30;1;1-0;1.76;21°C · pioggia 2% · vento 8 km/h;1.75;50.08;49.92;U;57;43;No;;;;;;;https://betimate.com/it/football-predictions/nueva-chicago-vs-deportivo-maipu/2026-10-05/game;1;2026-10-04 14:12;2026-10-04 15:27;2026-10-04 15:27;1;0;;;
2026-10-05;2026-10-05;23:00;2026-10-05;21:00;CONCACAF Nations League;CONCACAF Nations League;concacaf-nations-league;CNL;Cuba;Saint Kitts e Nevis;69;16;15;1;2-1;4.05;28°C · pioggia 76% · vento 15 km/h;3.25;45.53;54.47;O;44;56;Si;;;;;;;https://betimate.com/it/football-predictions/cuba-vs-st-kitts-and-nevis/2026-10-05/game;1;2026-10-04 14:12;2026-10-04 15:27;2026-10-04 15:27;1;0;;;
2026-10-05;2026-10-06;00:00;2026-10-05;22:00;CONCACAF Nations League;CONCACAF Nations League;concacaf-nations-league;CNL;Martinica;El Salvador;44;30;26;1;1-0;1.85;25°C · pioggia 78% · vento 8 km/h;3.25;60.89;39.11;U;60;40;No;;;;;;;https://betimate.com/it/football-predictions/el-salvador-vs-martinique/2026-10-05/game;1;2026-10-04 14:12;2026-10-04 15:27;2026-10-04 15:27;1;0;;;
2026-10-05;2026-10-06;00:00;2026-10-05;22:00;División Profesional paraguaiana;Paraguay Division Profesional;paraguay-division-profesional;Py1;Cerro Porteno;2 de Mayo;63;24;13;1;1-0;2.4;21°C · pioggia 64% · vento 2 km/h;2.25;48.9;51.1;O;53;47;No;;;;;;;https://betimate.com/it/football-predictions/cerro-porteno-vs-2-de-mayo/2026-10-05/game;1;2026-10-04 14:12;2026-10-04 15:27;2026-10-04 15:27;1;0;;;
2026-10-05;2026-10-06;00:00;2026-10-05;22:00;Liga Profesional Argentina;Argentina Liga Profesional;argentina-liga-profesional;ALP;Estudiantes LP;Gimnasia Mendoza;54;26;20;1;1-0;2.21;16°C · pioggia 2% · vento 10 km/h;2.25;50.31;49.69;U;53;47;No;;;;;;;https://betimate.com/it/football-predictions/estudiantes-lp-vs-gimnasia-mendoza/2026-10-05/game;1;2026-10-04 14:12;2026-10-04 15:27;2026-10-04 15:27;1;0;;;
2026-10-05;2026-10-06;00:00;2026-10-05;22:00;Liga Profesional Argentina;Argentina Liga Profesional;argentina-liga-profesional;ALP;Velez Sarsfield;Platense;52;29;19;1;1-0;2.08;18°C · pioggia 2% · vento 8 km/h;1.75;47.39;52.61;O;54;46;No;;;;;;;https://betimate.com/it/football-predictions/platense-vs-velez-sarsfield/2026-10-05/game;1;2026-10-04 14:12;2026-10-04 15:27;2026-10-04 15:27;1;0;;;
2026-10-05;2026-10-06;00:00;2026-10-05;22:00;Primera B Metropolitana argentina;Argentina Primera B Metropolitana;argentina-primera-b-metropolitana;Ar3;Deportivo Merlo;CA Brown de Adrogue;37;29;34;1;1-0;1.85;18°C · pioggia 1% · vento 7 km/h;1.75;49.37;50.63;O;56;44;No;;;;;;;https://betimate.com/it/football-predictions/ca-brown-de-adrogue-vs-deportivo-merlo/2026-10-05/game;1;2026-10-04 14:12;2026-10-04 15:27;2026-10-04 15:27;1;0;;;
2026-10-05;2026-10-06;00:00;2026-10-05;22:00;Primera B colombiana;Colombia Primera B;colombia-primera-b;Co2;Bogota FC;Envigado FC;27;29;44;2;0-1;1.95;16°C · pioggia 100% · vento 4 km/h;2;50.78;49.22;U;55;45;No;;;;;;;https://betimate.com/it/football-predictions/bogota-fc-vs-envigado-fc/2026-10-05/game;1;2026-10-04 14:12;2026-10-04 15:27;2026-10-04 15:27;1;0;;;
2026-10-05;2026-10-06;00:05;2026-10-05;22:05;Premier League Giamaica;Jamaica Premier League;jamaica-premier-league;Jm;Chapelton Maroons FC;Waterhouse;21;25;54;2;0-1;2.41;;2.25;48.78;51.22;O;50;50;Si;;;;;;;https://betimate.com/it/football-predictions/waterhouse-vs-chapelton-maroons-fc/2026-10-05/game;4;2026-10-04 14:12;2026-10-04 15:27;2026-10-04 15:27;1;0;;;
2026-10-05;2026-10-06;00:30;2026-10-05;22:30;Campeonato Mineiro 2 Brasile;Brazil Campeonato Mineiro 2;brazil-campeonato-mineiro-2;BCM2;Nacional de Muriae;EC Nova Lavras MG;41;23;36;1;1-0;2.76;;2.5;48.33;51.67;O;46;54;Si;;;;;;;https://betimate.com/it/football-predictions/nacional-de-muriae-vs-ec-nova-lavras-mg/2026-10-05/game;4;2026-10-04 14:12;2026-10-04 15:27;2026-10-04 15:27;1;0;;;
2026-10-05;2026-10-06;00:30;2026-10-05;22:30;División Intermedia paraguaiana;Paraguay Division Intermedia;paraguay-division-intermedia;PDI;Fernando de la Mora;General Caballero JLM;35;23;42;2;1-2;2.96;21°C · pioggia 51% · vento 3 km/h;2.5;47.17;52.83;O;44;56;Si;;;;;;;https://betimate.com/it/football-predictions/fernando-de-la-mora-vs-general-caballero-jlm/2026-10-05/game;4;2026-10-04 14:12;2026-10-04 15:27;2026-10-04 15:27;1;0;;;
2026-10-05;2026-10-06;01:00;2026-10-05;23:00;Clausura Uruguay;Uruguay Clausura;uruguay-clausura;UC;Nacional De Football;Torque;41;25;34;1;2-1;3.15;14°C · pioggia 1% · vento 16 km/h;2.5;46;54;O;40;60;Si;;;;;;;https://betimate.com/it/football-predictions/nacional-de-football-vs-torque/2026-10-05/game;1;2026-10-04 14:12;2026-10-04 15:27;2026-10-04 15:27;1;0;;;
2026-10-05;2026-10-06;02:00;2026-10-06;00:00;CONCACAF Nations League;CONCACAF Nations League;concacaf-nations-league;CNL;Bermuda;Barbados;35;19;46;2;1-2;4.45;13°C · pioggia 0% · vento 5 km/h;4.25;48.82;51.18;O;35;65;Si;;;;;;;https://betimate.com/it/football-predictions/barbados-vs-bermuda/2026-10-06/game;1;2026-10-04 14:12;2026-10-04 15:27;2026-10-04 15:27;1;0;;;
2026-10-05;2026-10-06;02:00;2026-10-06;00:00;CONCACAF Nations League;CONCACAF Nations League;concacaf-nations-league;CNL;Grenada;Bonaire;51;23;26;1;2-1;3.02;26°C · pioggia 0% · vento 11 km/h;2.75;48.24;51.76;O;48;52;Si;;;;;;;https://betimate.com/it/football-predictions/grenada-vs-bonaire/2026-10-06/game;1;2026-10-04 14:12;2026-10-04 15:27;2026-10-04 15:27;1;0;;;
2026-10-05;2026-10-06;02:00;2026-10-06;00:00;CONCACAF Nations League;CONCACAF Nations League;concacaf-nations-league;CNL;Guatemala;Suriname;41;23;36;1;2-1;2.87;20°C · pioggia 88% · vento 5 km/h;2.5;47.71;52.29;O;48;52;Si;;;;;;;https://betimate.com/it/football-predictions/guatemala-vs-suriname/2026-10-06/game;1;2026-10-04 14:12;2026-10-04 15:27;2026-10-04 15:27;1;0;;;
2026-10-05;2026-10-06;02:00;2026-10-06;00:00;Nicaragua - Liga de Ascenso;Nicaragua Liga de Ascenso;nicaragua-liga-de-ascenso;NLdA;CD Junior de Managua;Tigres de Chinandega;25;24;51;2;0-1;2.45;26°C · pioggia 75% · vento 2 km/h;2.25;48.65;51.35;O;50;50;Si;;;;;;;https://betimate.com/it/football-predictions/cd-junior-de-managua-vs-tigres-de-chinandega/2026-10-06/game;4;2026-10-04 14:12;2026-10-04 15:27;2026-10-04 15:27;1;0;;;
2026-10-05;2026-10-06;02:00;2026-10-06;00:00;Primera A colombiana;Colombia Primera A;colombia-primera-a;Co1;Independiente Medellin;Independiente Santa Fe;44;28;28;1;1-0;2.45;20°C · pioggia 67% · vento 3 km/h;2.5;50.34;49.66;U;48;52;Si;;;;;;;https://betimate.com/it/football-predictions/independiente-medellin-vs-independiente-santa-fe/2026-10-06/game;1;2026-10-04 14:12;2026-10-04 15:27;2026-10-04 15:27;1;0;;;
2026-10-05;2026-10-06;02:15;2026-10-06;00:15;Liga Profesional Argentina;Argentina Liga Profesional;argentina-liga-profesional;ALP;Banfield;Rosario Central;22;27;51;2;0-1;2.32;16°C · pioggia 0% · vento 5 km/h;2.25;49.44;50.56;O;50;50;Si;;;;;;;https://betimate.com/it/football-predictions/banfield-vs-rosario-central/2026-10-06/game;1;2026-10-04 14:12;2026-10-04 15:27;2026-10-04 15:27;1;0;;;
2026-10-05;2026-10-06;02:30;2026-10-06;00:30;Primera B colombiana;Colombia Primera B;colombia-primera-b;Co2;Orsomarso;Deportes Quindio;29;32;39;2;0-1;1.67;22°C · pioggia 87% · vento 5 km/h;2;53.56;46.44;U;58;42;No;;;;;;;https://betimate.com/it/football-predictions/deportes-quindio-vs-orsomarso/2026-10-06/game;1;2026-10-04 14:12;2026-10-04 15:27;2026-10-04 15:27;1;0;;;
2026-10-05;2026-10-06;03:00;2026-10-06;01:00;LPF panamense;Panama LPF;panama-lpf;Pa1;Sporting San Miguelito;Union Cocle;51;28;21;1;1-0;2.19;27°C · pioggia 11% · vento 9 km/h;2.25;50.52;49.48;U;52;48;No;;;;;;;https://betimate.com/it/football-predictions/sporting-san-miguelito-vs-union-cocle/2026-10-06/game;1;2026-10-04 14:12;2026-10-04 15:27;2026-10-04 15:27;1;0;;;
2026-10-05;2026-10-06;03:00;2026-10-06;01:00;Premier League Giamaica;Jamaica Premier League;jamaica-premier-league;Jm;Arnett Gardens;Portmore United;42;25;33;1;1-0;2.73;27°C · pioggia 33% · vento 0 km/h;2.5;48.38;51.62;O;44;56;Si;;;;;;;https://betimate.com/it/football-predictions/arnett-gardens-vs-portmore-united/2026-10-06/game;4;2026-10-04 14:12;2026-10-04 15:27;2026-10-04 15:27;1;0;;;
2026-10-05;2026-10-06;04:00;2026-10-06;02:00;CONCACAF Nations League;CONCACAF Nations League;concacaf-nations-league;CNL;Honduras;Giamaica;40;27;33;1;1-0;2.29;21°C · pioggia 64% · vento 2 km/h;2.25;49.83;50.17;O;54;46;No;;;;;;;https://betimate.com/it/football-predictions/honduras-vs-jamaica/2026-10-06/game;1;2026-10-04 14:12;2026-10-04 15:27;2026-10-04 15:27;1;0;;;
2026-10-05;2026-10-06;04:05;2026-10-06;02:05;Liga Premier Messico;Mexico Primera Premier;mexico-primera-premier;MPP;Club Celaya FC;Jaguares de Chiapas FC;61;16;23;1;2-1;4.58;17°C · pioggia 77% · vento 2 km/h;2.75;39.58;60.42;O;34;66;Si;;;;;;;https://betimate.com/it/football-predictions/jaguares-de-chiapas-fc-vs-club-celaya-fc/2026-10-06/game;4;2026-10-04 14:12;2026-10-04 15:27;2026-10-04 15:27;1;0;;;
