DATA,ORA,PAESE,LEGA,TURNO,CASA,OSPITE,POS_CASA,POS_OSP,FORMA_CASA,FORMA_OSP,STATO,GOL_CASA,GOL_OSP,SEGNO,BEST_SCELTA,BEST_PROB,BEST_QUOTA,BEST_ESITO,BEST_MERCATO,P1,PX,P2,Q1,QX,Q2,DEVIG1,DEVIGX,DEVIG2,OVERROUND,P_1X,P_X2,P_12,Q_1X,Q_X2,Q_12,P_O15,P_U15,Q_O15,Q_U15,P_O25,P_U25,Q_O25,Q_U25,P_GG,P_NG,Q_GG,Q_NG,P_PRIMO_CASA,P_NESSUN_GOL,P_PRIMO_OSP,Q_PRIMO_CASA,Q_NESSUN_GOL,Q_PRIMO_OSP,P_O75C,P_U75C,Q_O75C,Q_U75C,P_O85C,P_U85C,Q_O85C,Q_U85C,P_O95C,P_U95C,Q_O95C,Q_U95C,P_O105C,P_U105C,Q_O105C,Q_U105C,ARBITRO,ARB_GIALLI,ARB_FALLI,FASE,CAMPO_NEUTRO,ID,LINK,P1_PRE,PX_PRE,P2_PRE,PRE_VISTA_IL,PROB_CAMBIATE
2026-10-06,22:30,Brazil,Serie B,Matchday 32,Sport Recife,São Bernardo,8,12,WLWLW,WDWWL,FT,2,1,1,Under 3.5,72,1.33,VINTA,total_goals,50,27,23,1.75,3.7,4.5,53.7,25.4,20.9,106.4,77,50,73,1.181,2.0,1.285,76,24,1.285,3.5,52,48,1.9,1.9,55,45,1.8,1.909,59,7,34,1.571,10.0,2.6,78,23,1.166,5.0,67,33,1.285,3.5,55,45,1.5,2.5,44,56,1.833,1.833,R. Rodrigues de Oliveira Junior,4.4,26.0,Regular Season,,34712795,https://www.footymetrics.com/fixtures/34712795-serie-b-sport-recife-sao-bernardo,,,,,
2026-10-06,23:30,Brazil,Serie B,Matchday 32,Goiás,Athletic Club,11,15,LLWWL,LDDWL,FT,2,1,1,Over 1.5,68,1.44,VINTA,total_goals,51,28,22,2.0,3.3,3.8,46.9,28.4,24.7,106.6,79,49,72,1.25,1.8,1.333,68,32,1.444,2.625,42,58,2.4,1.533,48,52,2.1,1.666,61,10,29,1.615,7.5,2.75,76,24,1.25,3.75,65,35,1.444,2.625,53,47,1.8,1.909,41,59,2.25,1.571,F. Rodrigues De Souza,3.6,23.8,Regular Season,,34712791,https://www.footymetrics.com/fixtures/34712791-serie-b-goias-athletic-club,,,,,
2026-10-06,23:00,World,Friendly International,Friendlies 1,Argentina,Benin,,,WWLWW,WDLDW,FT,3,0,1,NG,80,1.25,VINTA,btts,88,10,2,1.01,26.0,51.0,94.5,3.7,1.9,104.8,98,12,90,1.001,26.0,1.01,79,21,1.012,23.0,60,40,1.071,9.0,20,80,3.75,1.25,84,7,9,1.035,34.0,13.0,59,41,1.3,3.4,49,51,1.533,2.5,39,62,1.8,1.8,30,70,2.5,1.5,F. Vejar,4.11,19.33,Friendlies 1,SI,34913669,https://www.footymetrics.com/fixtures/34913669-friendly-international-argentina-benin,,,,,
2026-10-06,23:45,World,Friendly International,Friendlies 1,Colombia,Peru,,,LDDWD,LDLLW,FT,2,0,1,Under 3.5,80,1.22,VINTA,total_goals,65,23,12,1.333,4.5,7.0,67.3,19.9,12.8,111.5,88,36,77,1.1,3.0,1.166,66,34,1.363,3.0,40,60,2.15,1.666,36,65,2.625,1.444,,,,1.333,9.0,3.75,0,,1.533,2.375,0,,1.909,1.8,0,,2.5,1.5,0,,3.5,1.285,R. Vazquez,1.8,23.6,Friendlies 1,SI,34712815,https://www.footymetrics.com/fixtures/34712815-friendly-international-colombia-peru,,,,,
2026-10-07,22:30,Brazil,Serie A,Matchday 29,Bragantino,Mirassol,10,15,LLDLL,WDWLD,FT,1,1,X,Under 3.5,75,1.5,VINTA,total_goals,52,26,22,1.6,3.9,5.75,59.2,24.3,16.5,105.5,78,48,74,1.142,2.3,1.25,72,28,1.2,4.5,47,53,1.615,2.25,49,51,1.7,2.05,61,8,32,1.5,15.0,2.625,77,24,1.166,5.0,66,34,1.333,3.25,55,45,1.533,2.375,44,56,1.833,1.833,R. Claus,4.06,21.38,Regular Season,,34846891,https://www.footymetrics.com/fixtures/34846891-serie-a-bragantino-mirassol,,,,,
2026-10-07,22:30,Brazil,Serie A,Matchday 29,Internacional,Corinthians,17,16,LWLLL,LLLDL,FT,2,1,1,Under 3.5,81,1.17,VINTA,total_goals,44,29,28,2.5,2.9,3.25,38.0,32.8,29.2,105.3,73,56,72,1.333,1.5,1.4,65,35,1.533,2.5,39,61,2.7,1.444,45,55,2.1,1.666,55,11,34,2.0,5.5,2.3,74,27,1.25,3.75,62,38,1.5,2.5,50,50,1.8,1.909,38,62,2.25,1.571,F. Fernandes de Lima,5.44,29.19,Regular Season,,34846890,https://www.footymetrics.com/fixtures/34846890-serie-a-internacional-corinthians,,,,,
2026-10-07,22:30,Brazil,Serie A,Matchday 29,Remo,Grêmio,19,18,LLLLL,DLLLW,FT,1,1,X,Under 3.5,76,1.33,VINTA,total_goals,41,27,32,2.1,3.3,3.7,45.4,28.9,25.8,104.9,68,59,73,1.285,1.7,1.3,71,30,1.285,3.75,45,55,1.95,1.85,51,49,1.75,2.0,51,9,41,1.727,10.0,2.3,74,26,1.166,5.0,63,37,1.3,3.4,51,49,1.533,2.5,40,60,1.8,1.833,D. de Oliveira Lacerda,6.05,24.7,Regular Season,,34846889,https://www.footymetrics.com/fixtures/34846889-serie-a-remo-gremio,,,,,
2026-10-07,23:00,Brazil,Serie A,Matchday 29,Vitória,Chapecoense,12,20,LDWLL,DLWLW,FT,4,0,1,Under 3.5,71,1.4,PERSA,total_goals,52,25,23,1.5,4.2,6.5,63.0,22.5,14.5,105.9,77,48,75,1.111,2.5,1.222,76,25,1.25,4.0,52,48,1.8,2.0,54,46,1.8,1.95,61,7,33,1.5,11.0,2.875,73,27,1.2,4.333,62,38,1.4,2.75,50,50,1.666,2.1,38,62,2.0,1.727,E. Alves Batista,4.43,22.71,Regular Season,,34846895,https://www.footymetrics.com/fixtures/34846895-serie-a-vitoria-chapecoense,,,,,
2026-10-07,23:30,Brazil,Serie A,Matchday 29,Botafogo,Vasco da Gama,13,14,LWDDL,WWWDL,FT,1,2,2,Under 3.5,76,1.53,VINTA,total_goals,46,27,27,3.1,3.6,2.2,30.6,26.3,43.1,105.5,73,54,73,1.666,1.363,1.285,71,29,1.2,4.5,46,54,1.615,2.25,50,50,1.533,2.375,53,9,38,2.05,15.0,1.8,68,32,1.166,5.0,56,44,1.333,3.25,45,56,1.533,2.625,34,66,1.727,1.833,B. Arleu de Araujo,5.18,27.65,Regular Season,,34846896,https://www.footymetrics.com/fixtures/34846896-serie-a-botafogo-vasco-da-gama,,,,,
2026-10-07,00:35,Brazil,Serie B,Matchday 32,Ponte Preta,Juventude,20,1,LLWLL,WWLLW,FT,0,2,2,Under 3.5,83,1.25,VINTA,total_goals,21,29,51,10.0,4.75,1.333,9.4,19.8,70.7,106.1,49,79,72,3.25,1.071,1.166,62,38,1.333,3.25,35,65,2.05,1.75,42,58,2.625,1.444,35,13,52,3.75,10.0,1.333,73,27,1.285,3.5,61,39,1.5,2.5,48,52,1.833,1.833,36,64,2.375,1.533,A. Gomes Rabelo,4.5,29.33,Regular Season,,34712796,https://www.footymetrics.com/fixtures/34712796-serie-b-ponte-preta-juventude,,,,,
2026-10-07,22:30,Brazil,Serie B,Matchday 32,Avaí,Londrina,17,18,LLLDL,LLLWW,FT,2,1,1,Over 1.5,71,1.4,VINTA,total_goals,45,27,29,2.3,3.1,3.3,41.0,30.4,28.6,106.0,71,56,73,1.3,1.615,1.363,71,29,1.4,2.75,45,55,2.35,1.571,51,49,2.0,1.727,54,8,38,1.833,7.0,2.3,80,20,1.2,4.333,70,30,1.363,3.0,59,41,1.615,2.2,47,53,2.0,1.727,B. Mota Correia,5.84,33.27,Regular Season,,34712790,https://www.footymetrics.com/fixtures/34712790-serie-b-avai-londrina,,,,,
2026-10-07,22:30,Brazil,Serie B,Matchday 32,Operário PR,Botafogo SP,9,16,LDWDW,LWDLL,FT,1,2,2,Over 1.5,69,1.36,VINTA,total_goals,47,28,25,2.05,3.4,3.7,46.4,28.0,25.7,105.2,75,53,72,1.285,1.727,1.3,69,31,1.363,3.0,43,57,2.2,1.65,50,50,1.833,1.833,56,9,35,1.727,8.5,2.4,78,22,1.166,5.0,68,32,1.333,3.25,57,43,1.533,2.375,46,55,1.833,1.833,P. Belence Alves dos Prazeres Filho,5.07,27.25,Regular Season,,34712793,https://www.footymetrics.com/fixtures/34712793-serie-b-operario-pr-botafogo-sp,,,,,
2026-10-07,23:30,Brazil,Serie B,Matchday 32,América Mineiro,Fortaleza,19,4,LLLLW,DDWDW,FT,0,1,2,Over 1.5,68,1.33,PERSA,total_goals,32,29,39,4.2,3.3,1.9,22.3,28.4,49.3,106.7,61,69,71,1.909,1.222,1.333,68,32,1.333,3.25,42,58,2.1,1.7,49,52,1.833,1.833,49,10,42,2.5,8.5,1.666,76,25,1.2,4.333,65,35,1.363,3.0,53,47,1.615,2.2,42,58,2.0,1.727,R. Klein,5.47,30.32,Regular Season,,34712794,https://www.footymetrics.com/fixtures/34712794-serie-b-america-mineiro-fortaleza,,,,,
2026-10-07,23:30,Brazil,Serie B,Matchday 32,CRB,Atlético GO,7,6,LWLWL,WWLWW,FT,3,1,1,Under 3.5,76,1.4,PERSA,total_goals,49,29,23,1.8,3.75,4.0,51.8,24.9,23.3,107.2,78,52,71,1.222,1.95,1.25,72,28,1.222,4.0,47,53,1.727,2.075,51,49,1.666,2.1,57,9,34,1.615,13.0,2.375,78,22,1.2,4.5,68,32,1.363,3.0,57,43,1.615,2.2,46,54,2.0,1.727,Pierry Dias dos Santos,3.8,31.2,Regular Season,,34712788,https://www.footymetrics.com/fixtures/34712788-serie-b-crb-atletico-go,,,,,
2026-10-07,23:30,Brazil,Serie B,Matchday 32,Vila Nova,Cuiabá,2,10,WWWDW,WLWDW,FT,0,0,X,Over 1.5,70,1.44,PERSA,total_goals,56,26,18,2.2,2.9,3.7,42.5,32.2,25.3,107.0,82,44,74,1.25,1.666,1.4,70,30,1.444,2.625,45,55,2.5,1.5,46,54,2.1,1.666,59,9,32,1.8,6.5,2.5,75,25,1.25,3.75,65,35,1.444,2.625,54,46,1.8,1.909,43,57,2.25,1.571,M. Lima Barbosa,4.25,30.5,Regular Season,,34712787,https://www.footymetrics.com/fixtures/34712787-serie-b-vila-nova-cuiaba,,,,,
2026-10-07,16:00,Finland,Veikkausliiga,Championship Round,Gnistan,Inter Turku,4,2,DWDDW,WWLWL,FT,0,0,X,DC 12,75,1.22,PERSA,double-chance,30,25,45,4.5,3.75,1.65,20.3,24.4,55.4,109.5,55,70,75,2.1,1.181,1.222,79,21,1.181,4.5,57,43,1.615,2.25,59,41,1.615,2.2,41,5,54,2.5,13.0,1.533,73,27,1.25,3.75,62,38,1.444,2.625,51,50,1.8,1.909,39,61,2.25,1.571,P. Simani,4.0,21.44,Championship Round,,34846888,https://www.footymetrics.com/fixtures/34846888-veikkausliiga-gnistan-inter-turku,,,,,
2026-10-07,15:30,Ivory Coast,Ligue 1,Matchday 2,ISCA,Bouake,,,DDWLL,WDLLW,FT,1,0,1,,,,,,24,28,48,,,,,,,,52,76,72,,,,65,35,,,39,62,,,44,56,,,36,11,54,,,,54,47,,,41,59,,,30,70,,,21,79,,,,,,Regular Season,,36998881,https://www.footymetrics.com/fixtures/36998881-ligue-1-isca-bouake,,,,,
2026-10-07,00:30,United States,Major League Soccer,Matchday 27,Chicago,Vancouver,4,1,WLLDD,DWLWL,FT,3,1,1,Under 4.5,77,1.33,VINTA,total_goals,45,23,33,2.9,4.0,2.15,32.5,23.6,43.9,106.0,67,55,77,1.666,1.4,1.222,82,18,1.1,7.0,60,40,1.363,3.1,60,40,1.363,3.0,50,5,45,2.0,23.0,1.727,63,37,1.333,3.25,51,49,1.615,2.2,40,60,2.0,1.727,30,70,2.625,1.444,S. Boiko,3.5,20.21,Regular Season,,26517704,https://www.footymetrics.com/fixtures/26517704-major-league-soccer-chicago-fire-vancouver-whitecaps,,,,,
2026-10-07,00:00,World,Friendly International,Friendlies 1,United States,Canada,,,WWWLW,WWLWL,FT,1,0,1,Under 3.5,69,1.53,VINTA,total_goals,42,27,31,1.727,3.8,4.2,53.6,24.4,22.0,108.0,69,58,73,1.25,1.909,1.285,76,24,1.166,5.0,52,48,1.571,2.35,56,44,1.533,2.375,50,7,43,1.571,17.0,2.375,61,39,1.333,3.25,50,50,1.571,2.25,40,61,1.909,1.8,30,70,2.625,1.444,S. Madrigal,3.25,15.75,Friendlies 1,SI,34846885,https://www.footymetrics.com/fixtures/34846885-friendly-international-united-states-canada,,,,,
2026-10-07,02:30,World,Friendly International,Friendlies 1,Mexico,Chile,,,LDDLW,LLLLW,FT,0,2,2,Under 3.5,72,1.33,VINTA,total_goals,52,24,24,1.533,3.7,6.25,60.3,25.0,14.8,108.3,76,48,76,1.142,2.3,1.285,75,25,1.285,3.5,51,50,1.9,1.9,52,48,1.909,1.8,,,,1.5,11.0,2.75,0,,1.666,2.1,0,,2.1,1.666,0,,2.75,1.4,0,,4.0,1.222,F. Dujic,3.95,24.65,Friendlies 1,SI,34712797,https://www.footymetrics.com/fixtures/34712797-friendly-international-mexico-chile,,,,,
2026-10-08,00:30,Brazil,Serie A,Matchday 29,Cruzeiro,São Paulo,5,11,WLWLL,LWDLL,FT,2,0,1,Under 3.5,76,1.33,VINTA,total_goals,55,26,19,1.727,3.7,4.75,54.6,25.5,19.9,106.0,81,45,74,1.181,2.05,1.285,72,29,1.3,3.5,47,54,1.95,1.85,46,54,1.909,1.909,62,8,30,1.571,10.0,2.625,70,30,1.285,3.5,59,41,1.5,2.5,48,52,1.833,1.833,37,63,2.375,1.533,W. Pereira Sampaio,4.93,26.33,Regular Season,,34981219,https://www.footymetrics.com/fixtures/34981219-serie-a-cruzeiro-sao-paulo,,,,,
2026-10-08,22:30,Brazil,Serie A,Matchday 29,Santos,Flamengo,8,1,WWLWW,WDWWW,FT,2,2,X,Under 3.5,78,1.53,PERSA,total_goals,29,29,42,4.4,3.9,1.75,21.5,24.3,54.2,105.5,58,71,71,2.08,1.22,1.25,69,31,1.2,4.8,43,57,1.65,2.3,49,52,1.6,2.4,43,10,48,2.4,15.0,1.571,66,34,1.33,3.45,55,45,1.6,2.5,43,57,1.95,2.0,33,67,2.71,1.58,A. Daronco,5.35,26.82,Regular Season,,34981229,https://www.footymetrics.com/fixtures/34981229-serie-a-santos-flamengo,,,,,
2026-10-08,23:00,Brazil,Serie A,Matchday 29,Athletico PR,Atlético Mineiro,4,7,WDLDW,WDWWL,FT,2,2,X,Over 1.5,70,1.3,VINTA,total_goals,55,26,19,2.06,3.5,3.7,46.6,27.4,26.0,104.1,81,45,74,1.27,1.73,1.34,70,30,1.3,4.0,44,57,2.02,2.0,46,54,1.77,2.2,62,9,29,1.727,9.5,2.3,73,27,1.24,3.55,62,38,1.43,3.0,51,50,1.72,2.2,39,61,2.16,1.75,R. Abatti,4.87,30.33,Regular Season,,34981232,https://www.footymetrics.com/fixtures/34981232-serie-a-athletico-pr-atletico-mineiro,,,,,
2026-10-08,22:30,Brazil,Serie B,Matchday 32,Ceará,Criciúma,14,5,WDWDL,WWLLL,FT,1,0,1,Over 1.5,69,1.42,PERSA,total_goals,38,30,33,2.67,3.2,2.85,36.1,30.1,33.8,103.8,67,62,71,1.43,1.49,1.36,69,31,1.42,2.88,43,57,2.38,1.58,50,50,2.0,1.85,52,10,39,2.05,7.5,2.0,71,29,1.25,4.0,60,40,1.44,2.9,48,52,1.73,2.1,37,63,2.15,1.67,F. Mendes de Salles Nascimento Fillho,4.86,31.0,Regular Season,,34712792,https://www.footymetrics.com/fixtures/34712792-serie-b-ceara-criciuma,,,,,
2026-10-08,22:30,Brazil,Serie B,Matchday 32,Náutico,Novorizontino,13,3,DWLDL,WDLDW,FT,0,2,2,Under 3.5,73,1.44,VINTA,total_goals,40,28,32,4.5,3.75,1.77,21.1,25.3,53.6,105.4,68,61,72,2.0,1.2,1.27,74,26,1.23,4.0,50,50,1.76,2.08,56,44,1.7,2.1,52,7,41,2.5,13.0,1.571,79,21,1.16,4.3,69,31,1.29,3.6,59,41,1.49,2.55,48,52,1.83,1.98,S. Pereira Sampaio,3.88,28.38,Regular Season,,34712789,https://www.footymetrics.com/fixtures/34712789-serie-b-nautico-novorizontino,,,,,
2026-10-08,15:00,Finland,Veikkausliiga,Championship Round,HJK,VPS,3,6,DDWWL,LLWLW,FT,6,0,1,DC 12,77,1.22,VINTA,double-chance,53,23,25,1.533,3.9,5.25,59.3,23.3,17.3,109.9,75,47,77,1.142,2.5,1.222,81,19,1.181,4.5,59,41,1.615,2.25,59,41,1.75,2.0,59,5,36,1.444,13.0,2.75,72,28,1.285,3.5,60,40,1.5,2.5,48,52,1.833,1.833,37,63,2.375,1.533,O. Reitala,3.3,22.95,Championship Round,,34981225,https://www.footymetrics.com/fixtures/34981225-veikkausliiga-hjk-vps,,,,,
2026-10-08,16:00,Finland,Veikkausliiga,Championship Round,KuPS,Oulu,1,5,WDDLW,LLLDW,FT,0,1,2,Over 1.5,77,1.3,PERSA,total_goals,50,25,25,1.5,3.9,5.5,60.3,23.2,16.5,110.5,75,50,75,1.125,2.25,1.222,77,23,1.3,3.4,54,46,2.0,1.8,57,43,2.0,1.75,57,7,36,1.5,10.0,3.0,70,30,1.363,3.0,58,42,1.615,2.2,46,54,2.1,1.666,35,65,2.75,1.4,K. Joona,3.38,21.81,Championship Round,,34981227,https://www.footymetrics.com/fixtures/34981227-veikkausliiga-kups-oulu,,,,,
2026-10-08,12:30,Iran,Persian Gulf Pro League,Matchday 7,Aluminium Arak,Malavan,4,10,DWDWD,WLLLW,FT,1,1,X,Under 2.5,77,1.36,VINTA,total_goals,34,39,26,2.25,2.75,3.25,39.8,32.6,27.6,111.6,74,66,61,1.3,1.57,1.4,49,51,1.58,2.25,24,77,2.87,1.36,34,66,2.29,1.57,43,22,35,,,,39,61,,,28,72,,,20,81,,,13,87,,,,,,Regular Season,,34981221,https://www.footymetrics.com/fixtures/34981221-persian-gulf-pro-league-aluminium-arak-malavan,,,,,
2026-10-08,12:30,Iran,Persian Gulf Pro League,Matchday 8,Nassaji Mazandaran,Zob Ahan,8,12,DWWLD,LWDDL,FT,1,1,X,DC 1X,82,1.33,VINTA,double-chance,51,31,18,2.3,2.8,3.14,39.2,32.2,28.7,111.0,82,49,70,1.33,1.55,1.4,58,42,1.57,2.25,33,67,2.87,1.36,36,64,2.29,1.57,54,15,30,,,,58,42,,,46,54,,,35,65,,,26,74,,,,,,Regular Season,,34981220,https://www.footymetrics.com/fixtures/34981220-persian-gulf-pro-league-nassaji-mazandaran-zob-ahan,,,,,
2026-10-08,13:15,Iran,Persian Gulf Pro League,Matchday 8,Gol Gohar,Esteghlal Khuzestan,6,15,DWLLL,WLDDD,FT,3,0,1,Under 2.5,68,1.44,PERSA,total_goals,57,29,14,1.78,3.1,4.5,50.8,29.2,20.1,110.7,86,43,71,1.18,1.95,1.33,58,42,1.53,2.37,32,68,2.62,1.44,34,66,2.4,1.53,58,15,27,,,,46,54,,,35,66,,,25,75,,,18,82,,,,,,Regular Season,,35122905,https://www.footymetrics.com/fixtures/35122905-persian-gulf-pro-league-gol-gohar-esteghlal-khuzestan,,,,,
2026-10-08,13:30,Iran,Persian Gulf Pro League,Matchday 8,Tractor Sazi,Esteghlal,1,2,LLWDW,WWDDD,FT,1,1,X,DC X2,71,1.47,VINTA,double-chance,29,34,37,2.36,2.86,2.8,37.5,30.9,31.6,113.1,63,71,66,1.35,1.47,1.35,57,43,1.48,2.36,31,70,,,39,62,2.1,1.67,39,16,45,,,,58,42,,,45,55,,,33,67,,,23,77,,,,,,Regular Season,,34981222,https://www.footymetrics.com/fixtures/34981222-persian-gulf-pro-league-tractor-sazi-esteghlal,,,,,
2026-10-08,15:15,Iran,Persian Gulf Pro League,Matchday 7,Sepahan,Fajr Sepasi,3,13,WDWLL,LDDWD,FT,6,1,1,DC 12,75,1.28,VINTA,double-chance,65,25,10,1.62,3.4,5.0,55.5,26.5,18.0,111.1,90,35,75,1.14,2.2,1.28,59,41,1.44,2.6,33,67,2.4,1.54,33,67,2.37,1.6,67,13,20,,,,58,42,,,46,54,,,34,66,,,24,76,,,,,,Regular Season,,34981224,https://www.footymetrics.com/fixtures/34981224-persian-gulf-pro-league-sepahan-fajr-sepasi,,,,,
2026-10-08,15:30,Iran,Persian Gulf Pro League,Matchday 8,Foolad,Mes Shahr-e Babak,7,17,WLDWD,DLDDD,FT,2,1,1,Under 2.5,75,1.58,PERSA,total_goals,40,35,25,1.78,3.0,4.25,49.7,29.5,20.8,113.0,75,60,65,1.18,1.82,1.31,52,48,,,25,75,2.14,1.58,36,64,2.05,1.7,48,18,33,,,,47,53,,,36,64,,,26,74,,,19,82,,,,,,Regular Season,,34981226,https://www.footymetrics.com/fixtures/34981226-persian-gulf-pro-league-foolad-mes-shahr-e-babak,,,,,
2026-10-08,16:00,Morocco,Botola Pro,Matchday 3,UTS Rabat,RSB Berkane,2,,WWWWD,DWWLD,FT,0,0,X,Under 3.5,84,1.17,VINTA,total_goals,32,32,36,3.8,2.9,2.25,25.0,32.8,42.2,105.2,64,68,68,1.73,1.25,1.38,61,39,1.58,2.55,35,65,2.75,1.47,43,57,2.25,1.66,42,14,45,2.375,6.5,1.833,44,56,1.73,2.0,32,68,2.2,1.615,23,77,3.0,1.363,16,84,4.333,1.2,,,,Regular Season,,37624075,https://www.footymetrics.com/fixtures/37624075-botola-pro-uts-rabat-rsb-berkane,,,,,
2026-10-08,18:00,Morocco,Botola Pro,Matchday 3,CR Khemis Zemamra,Hassania Agadir,15,3,LLDDD,LWDLD,FT,2,5,2,Under 3.5,83,1.17,PERSA,total_goals,42,31,28,2.55,2.9,3.14,37.2,32.7,30.2,105.5,72,58,70,1.36,1.5,1.44,64,36,1.55,2.55,37,63,2.68,1.48,45,55,2.2,1.67,49,12,39,1.909,6.5,2.3,36,64,1.533,2.375,26,74,1.98,1.83,18,82,2.625,1.444,12,88,3.5,1.285,,,,Regular Season,,37624079,https://www.footymetrics.com/fixtures/37624079-botola-pro-cr-khemis-zemamra-hassania-agadir,,,,,
2026-10-08,18:00,Morocco,Botola Pro,Matchday 3,FAR Rabat,Widad Témara,,8,DLDDW,LW,FT,1,0,1,Under 3.5,84,1.28,VINTA,total_goals,50,30,20,1.44,3.9,9.0,65.4,24.1,10.5,106.2,80,50,70,1.08,3.0,1.27,63,38,1.34,3.4,37,63,2.08,1.78,41,59,2.38,1.6,56,14,30,1.4,9.0,3.5,56,44,1.5,2.5,44,56,1.85,1.95,33,67,2.375,1.533,24,76,3.4,1.3,,,,Regular Season,,37624078,https://www.footymetrics.com/fixtures/37624078-botola-pro-far-rabat-widad-temara,,,,,
2026-10-08,20:00,Morocco,Botola Pro,Matchday 3,Maghreb Fès,Raja Casablanca,1,,WWDWW,WWWDL,FT,0,0,X,Under 3.5,83,1.17,VINTA,total_goals,40,31,28,2.35,2.9,3.5,40.3,32.7,27.1,105.6,72,60,69,1.36,1.53,1.42,63,37,1.5,2.55,36,64,2.55,1.5,44,57,2.1,1.75,50,13,37,1.952,6.0,2.25,39,61,1.78,2.03,28,72,2.25,1.571,20,80,3.25,1.333,13,87,4.5,1.181,,,,Regular Season,,37624080,https://www.footymetrics.com/fixtures/37624080-botola-pro-maghreb-fes-raja-casablanca,,,,,
2026-10-08,14:45,Qatar,Stars League,Matchday 5,Al Shamal SC,Al Duhail,4,3,DDWDW,DDDWW,FT,0,4,2,DC 12,76,1.3,VINTA,double-chance,31,24,46,3.1,3.6,2.15,30.3,26.1,43.7,106.5,54,70,76,1.65,1.44,1.3,82,18,1.17,4.6,61,39,1.6,2.3,62,39,1.57,2.55,45,5,50,2.1,15.0,1.727,68,32,1.25,3.75,55,45,1.444,2.625,43,57,1.8,2.0,32,69,2.25,1.571,A. Al Jassim,4.84,21.79,Regular Season,,34981223,https://www.footymetrics.com/fixtures/34981223-stars-league-al-shamal-sc-al-duhail,,,,,
2026-10-08,17:00,Qatar,Stars League,Matchday 5,Al Wakrah,Al Gharafa,7,10,DLLDW,LDLLL,FT,3,2,1,DC 1X,81,1.67,VINTA,double-chance,62,20,19,2.8,3.75,2.4,34.3,25.6,40.0,104.0,81,38,80,1.67,1.48,1.25,85,15,1.13,5.5,66,34,1.47,2.63,61,39,1.4,2.75,67,4,30,1.833,17.0,2.0,77,23,1.29,3.5,67,33,1.5,2.5,57,43,1.88,1.93,46,54,2.375,1.533,M. Al Mazyed,4.15,24.61,Regular Season,,34981228,https://www.footymetrics.com/fixtures/34981228-stars-league-al-wakrah-al-gharafa,,,,,
2026-10-08,17:30,Romania,Superliga,Matchday 10,CFR Cluj,Universitatea Cluj,9,5,WLDWW,WWLLL,FT,1,3,2,Under 3.5,73,1.36,PERSA,total_goals,46,26,28,2.88,3.45,2.5,33.5,27.9,38.6,103.7,72,54,74,1.57,1.44,1.35,74,26,1.22,4.5,50,50,1.8,2.02,53,47,1.61,2.25,53,7,40,1.952,13.0,1.909,68,32,1.32,3.6,57,43,1.56,2.55,45,55,2.0,1.9,34,66,2.43,1.56,H. Mladinovici,3.43,20.28,Regular Season,,27094114,https://www.footymetrics.com/fixtures/27094114-superliga-cfr-cluj-universitatea-cluj,,,,,
2026-10-08,12:15,Vietnam,V-League,Matchday 3,Thể Công - Viettel,Hồng Lĩnh Hà Tĩnh,10,4,DLWWD,WLLDD,FT,1,3,2,Over 1.5,68,1.48,VINTA,total_goals,55,27,18,1.53,3.6,6.5,60.2,25.6,14.2,108.5,82,46,73,1.11,2.4,1.3,68,32,1.48,2.63,41,59,2.5,1.5,44,57,2.63,1.45,56,10,34,1.444,6.5,3.75,68,32,1.67,2.1,55,45,2.0,1.73,43,57,2.625,1.444,31,69,3.75,1.25,X. Mai,3.53,11.71,Regular Season,,35122903,https://www.footymetrics.com/fixtures/35122903-v-league-the-cong-viettel-hong-linh-ha-tinh,,,,,
2026-10-09,17:30,Argentina,Liga Profesional de Fútbol,Clausura,Aldosivi,Sarmiento,14,11,LWLWL,LDWLW,NS,,,,Over 1.5,69,1.44,,total_goals,46,27,26,2.63,3.15,3.0,36.9,30.8,32.3,103.1,74,54,73,1.43,1.47,1.38,69,31,1.44,2.75,44,57,2.4,1.57,48,52,2.0,1.77,53,10,38,2.0,6.5,2.2,68,32,1.37,3.25,56,44,1.63,2.4,44,57,2.02,1.9,32,68,2.6,1.5,L. Lobo Medina,4.92,22.96,Clausura,,35401393,https://www.footymetrics.com/fixtures/35401393-liga-profesional-de-futbol-aldosivi-sarmiento,46,27,26,2026-10-09,
2026-10-09,21:00,Argentina,Liga Profesional de Fútbol,Clausura,Gimnasia LP,Atlético Tucumán,6,13,DDDWW,LLLWD,NS,,,,Over 1.5,71,1.4,,total_goals,45,27,29,1.95,3.35,4.33,49.2,28.6,22.2,104.2,72,55,73,1.23,1.91,1.32,71,29,1.4,3.0,47,53,2.3,1.65,52,48,2.1,1.77,50,9,41,1.666,7.0,2.625,60,40,1.4,2.88,48,53,1.71,2.15,36,64,2.2,1.72,25,75,3.0,1.44,P. Dóvalo,4.19,24.57,Clausura,,35401395,https://www.footymetrics.com/fixtures/35401395-liga-profesional-de-futbol-gimnasia-la-plata-atletico-tucuman,45,27,29,2026-10-09,
2026-10-09,22:30,Argentina,Liga Profesional de Fútbol,Clausura,Instituto,Boca Juniors,9,2,WWWLW,WWDWW,NS,,,,Over 1.5,70,1.57,,total_goals,36,30,34,3.3,3.0,2.55,29.5,32.4,38.1,102.9,66,64,70,1.55,1.36,1.4,70,31,1.57,2.43,44,56,2.88,1.44,51,50,2.2,1.65,46,10,45,2.375,5.5,1.952,58,42,1.41,2.67,46,54,1.83,2.0,34,66,2.14,1.61,25,75,2.9,1.37,L. Rey Hilfer,4.71,26.08,Clausura,,35401399,https://www.footymetrics.com/fixtures/35401399-liga-profesional-de-futbol-instituto-boca-juniors,36,30,34,2026-10-09,
2026-10-09,18:00,Belgium,Challenger Pro League,Matchday 7,Dender,Club NXT U23,2,8,WWWWW,DDLWW,NS,,,,Under 4.5,81,1.25,,total_goals,43,26,31,1.46,4.33,5.5,62.4,21.0,16.6,109.8,69,57,74,1.11,2.7,1.18,78,22,1.14,5.4,57,43,1.48,2.5,59,41,1.65,2.23,56,6,38,1.4,19.0,2.875,67,33,1.3,3.4,55,45,1.68,2.02,43,57,2.08,1.64,32,68,2.65,1.4,K. Clerkx,4.51,28.34,Regular Season,,35122945,https://www.footymetrics.com/fixtures/35122945-challenger-pro-league-dender-club-nxt-u23,43,26,31,2026-10-09,
2026-10-09,18:00,Belgium,Challenger Pro League,Matchday 7,RSCA Futures U23,KAS Eupen,15,3,LLDLL,WWWLW,NS,,,,DC X2,80,1.29,,double-chance,20,23,57,3.95,3.9,1.83,24.0,24.3,51.7,105.6,43,80,77,1.92,1.29,1.25,82,18,1.14,5.5,61,39,1.48,2.63,56,44,1.46,2.63,36,5,59,2.3,19.0,1.615,72,28,1.25,3.75,61,39,1.444,2.625,49,51,1.78,2.2,38,62,1.89,1.78,,,,Regular Season,,35122944,https://www.footymetrics.com/fixtures/35122944-challenger-pro-league-rsca-futures-u23-kas-eupen,20,23,57,2026-10-09,
2026-10-09,18:45,Belgium,Pro League,Matchday 8,SK Beveren,Lommel SK,10,12,LWWLL,DLLWW,NS,,,,DC 1X,80,1.27,,double-chance,58,23,20,1.83,3.75,4.0,51.4,25.1,23.5,106.3,80,42,78,1.27,1.97,1.25,79,21,1.18,5.0,57,43,1.63,2.38,54,46,1.57,2.55,62,5,32,1.615,17.0,2.3,79,21,1.21,3.8,69,31,1.37,3.0,58,42,1.61,2.2,46,54,2.03,1.78,,,,Regular Season,,35122952,https://www.footymetrics.com/fixtures/35122952-pro-league-sk-beveren-lommel-sk,58,23,20,2026-10-09,
2026-10-09,00:30,Brazil,Serie A,Matchday 29,Fluminense,Coritiba,3,9,WLLWW,LDLWW,FT,4,0,1,Under 3.5,74,1.44,PERSA,total_goals,66,21,13,1.48,4.5,7.0,64.9,21.4,13.7,104.1,87,34,79,1.1,2.7,1.2,74,27,1.25,4.4,49,51,1.75,2.15,45,55,1.91,1.91,69,7,24,1.444,12.0,3.0,80,20,1.22,3.7,70,30,1.38,3.5,58,42,1.65,2.5,46,54,2.02,1.87,R. Pereira de Lima,4.32,27.05,Regular Season,,35122895,https://www.footymetrics.com/fixtures/35122895-serie-a-fluminense-coritiba,,,,,
2026-10-09,00:30,Brazil,Serie A,Matchday 29,Palmeiras,Bahia,2,6,DLWWD,LWWWW,FT,1,0,1,Under 3.5,71,1.53,VINTA,total_goals,59,23,18,1.57,4.4,5.75,61.4,21.9,16.8,103.8,83,41,77,1.14,2.43,1.2,76,24,1.2,4.8,52,48,1.63,2.32,51,49,1.7,2.2,64,6,30,1.5,17.0,2.625,80,20,1.17,4.6,71,29,1.33,3.6,61,39,1.57,2.55,50,50,1.95,2.0,B. da Silva Machado,3.57,22.29,Regular Season,,35122894,https://www.footymetrics.com/fixtures/35122894-serie-a-palmeiras-bahia,,,,,
2026-10-09,11:35,China,Super League,Matchday 27,Qingdao Hainiu,Beijing Guoan,16,2,LLLLL,WDDDW,FT,0,3,2,Under 4.5,79,1.33,VINTA,total_goals,24,24,52,6.5,5.0,1.42,14.5,18.9,66.6,105.8,48,76,76,2.88,1.13,1.17,80,20,1.08,8.0,58,43,1.33,3.4,58,43,1.56,2.5,33,6,61,2.625,23.0,1.444,76,24,1.2,4.333,65,35,1.363,3.0,54,46,1.61,2.2,43,57,2.0,1.75,D. Shan,4.18,26.27,Regular Season,,35263449,https://www.footymetrics.com/fixtures/35263449-super-league-qingdao-hainiu-beijing-guoan,,,,,
2026-10-09,11:35,China,Super League,Matchday 27,Shenzhen Peng City,Henan,11,12,DLDWL,DDDDL,FT,2,2,X,DC 12,75,1.3,PERSA,double-chance,34,25,41,2.43,3.55,2.71,38.7,26.5,34.7,106.2,59,66,75,1.44,1.54,1.3,78,22,1.18,4.5,55,45,1.62,2.3,59,42,1.56,2.5,42,6,52,2.0,15.0,1.8,76,24,1.2,4.333,66,34,1.45,2.55,54,46,1.75,2.1,43,57,2.29,1.73,Y. Zhang,4.38,25.88,Regular Season,,35122901,https://www.footymetrics.com/fixtures/35122901-super-league-shenzhen-peng-city-henan-songshan-longmen,,,,,
2026-10-09,12:00,China,Super League,Matchday 27,Zhejiang,Shanghai Port,9,7,WLWDL,WDWWD,FT,2,4,2,Under 4.5,70,1.5,PERSA,total_goals,40,24,36,2.7,4.1,2.33,35.5,23.4,41.1,104.3,64,60,76,1.62,1.5,1.25,86,14,1.07,9.0,68,32,1.25,3.8,69,31,1.29,3.6,55,4,42,1.833,26.0,1.833,77,23,1.222,4.0,67,34,1.4,2.75,55,45,1.73,2.29,44,56,1.9,1.8,X. He,4.83,26.0,Regular Season,,35122902,https://www.footymetrics.com/fixtures/35122902-super-league-zhejiang-shanghai-port,,,,,
2026-10-09,16:00,Croatia,1. HNL,Matchday 9,Gorica,Rudeš,9,10,WDLDL,DLLLW,NS,0,0,,Under 3.5,75,1.33,,total_goals,38,28,35,1.69,3.65,4.9,55.3,25.6,19.1,107.0,65,62,73,1.18,2.1,1.3,72,28,1.3,3.5,47,53,2.0,1.85,53,48,1.95,1.85,45,8,46,1.533,13.0,2.625,61,39,1.29,3.5,50,51,1.5,2.5,38,62,1.88,1.93,28,72,2.375,1.533,P. Kolarić,4.2,28.8,Regular Season,,35263409,https://www.footymetrics.com/fixtures/35263409-1.-hnl-gorica-rudes,38,28,35,2026-10-09,
2026-10-09,16:00,Czech Republic,Chance Liga,Matchday 10,Zlín,Slavia Praha,16,1,DLLLL,WWLWW,NS,0,0,,Under 4.5,75,1.2,,total_goals,14,20,66,10.0,5.5,1.3,9.5,17.3,73.2,105.1,34,86,80,3.5,1.08,1.18,80,21,1.18,4.8,59,41,1.6,2.33,48,53,2.05,1.73,26,6,68,3.6,15.0,1.3,76,24,1.25,3.75,66,34,1.33,3.0,55,45,1.73,2.2,44,56,2.05,1.7,M. Radina,4.23,25.01,Regular Season,,35122915,https://www.footymetrics.com/fixtures/35122915-chance-liga-zlin-slavia-praha,14,20,66,2026-10-09,
2026-10-09,16:00,Denmark,First Division,Matchday 10,Vejle Boldklub,Hvidovre,2,1,DDWDW,WDWWD,NS,0,0,,Under 4.5,76,1.3,,total_goals,34,26,40,1.73,3.9,4.25,54.0,24.0,22.0,107.0,60,66,74,1.22,2.05,1.25,82,18,1.11,6.5,62,39,1.4,2.75,63,37,1.45,2.75,47,5,48,1.533,19.0,2.4,72,29,1.2,4.333,60,40,1.36,3.0,49,51,1.62,2.2,38,63,2.0,1.73,M. Lykke,3.32,22.02,Regular Season,,35122916,https://www.footymetrics.com/fixtures/35122916-first-division-vejle-boldklub-hvidovre,34,26,40,2026-10-09,
2026-10-09,17:00,Denmark,First Division,Matchday 10,Akademisk Boldklub,Aarhus Fremad,8,4,WLLLD,LDWDD,NS,0,0,,DC 12,75,1.29,,double-chance,27,25,47,2.1,3.5,3.2,44.3,26.6,29.1,107.4,53,73,75,1.36,1.7,1.29,82,19,1.18,4.5,60,40,1.65,2.2,62,38,1.57,2.38,41,5,54,1.727,13.0,2.1,77,23,1.18,4.5,67,33,1.333,3.25,56,44,1.571,2.25,45,55,1.98,1.83,S. Aagerup,3.91,17.47,Regular Season,,35122925,https://www.footymetrics.com/fixtures/35122925-first-division-akademisk-boldklub-aarhus-fremad,27,25,47,2026-10-09,
2026-10-09,17:00,Denmark,Superliga,Matchday 10,Nordsjælland,Odense BK,4,9,LWDLW,DWLDD,NS,0,0,,Under 4.5,77,1.33,,total_goals,62,21,18,1.57,4.5,5.0,60.1,21.0,18.9,105.9,82,39,79,1.18,2.63,1.21,80,20,1.11,7.0,59,41,1.42,3.1,54,46,1.5,2.75,61,5,34,1.444,23.0,2.625,75,25,1.17,4.2,65,35,1.33,3.0,55,45,1.56,2.29,44,56,1.95,2.0,M. Krogh,3.6,29.2,Regular Season,,35122921,https://www.footymetrics.com/fixtures/35122921-superliga-nordsjaelland-odense-bk,62,21,18,2026-10-09,
2026-10-09,19:00,England,Championship,Matchday 9,West Ham,QPR,2,6,DLWWW,DDDLW,NS,,,,Under 4.5,81,1.25,,total_goals,42,26,32,1.44,5.0,6.5,66.2,19.1,14.7,104.8,68,58,74,1.13,2.75,1.18,79,22,1.14,5.5,56,44,1.5,2.63,59,41,1.67,2.25,55,6,39,1.444,17.0,2.75,77,23,1.2,4.0,66,34,1.36,3.2,55,45,1.6,2.29,43,57,2.03,1.8,R. Ricardo,4.75,22.89,Regular Season,,35122954,https://www.footymetrics.com/fixtures/35122954-championship-west-ham-united-queens-park-rangers,42,26,32,2026-10-09,
2026-10-09,18:45,England,Enterprise National League,Matchday 13,Sutton United,Boreham Wood,11,1,DLDDW,WWWWW,NS,,,,DC 12,78,1.29,,double-chance,21,22,58,4.5,3.7,1.75,20.9,25.4,53.7,106.4,43,80,78,2.1,1.25,1.29,83,18,1.25,4.0,62,38,1.8,2.0,58,42,1.75,2.05,32,5,63,2.375,12.0,1.666,71,30,1.3,4.0,59,41,1.4,2.75,48,52,1.95,1.85,37,63,2.1,1.666,M. Russell,2.87,7.68,Regular Season,,35122953,https://www.footymetrics.com/fixtures/35122953-enterprise-national-league-sutton-united-boreham-wood,21,22,58,2026-10-09,
2026-10-09,15:00,Finland,Veikkausliiga,Relegation Round,SJK,Lahti,10,7,WDDDL,DLWWW,NS,0,0,,DC 12,76,1.3,,double-chance,36,24,40,2.5,3.5,2.4,36.3,25.9,37.8,110.2,60,64,76,1.5,1.5,1.3,80,20,1.222,4.0,59,41,1.727,2.075,61,39,1.615,2.2,47,5,48,1.952,13.0,1.909,77,23,1.222,4.0,66,34,1.4,2.75,54,46,1.666,2.1,42,58,2.1,1.666,A. Hajizadeh,3.82,28.36,Relegation Round,,35122913,https://www.footymetrics.com/fixtures/35122913-veikkausliiga-sjk-lahti,36,24,40,2026-10-09,
2026-10-09,18:45,France,Ligue 1,Matchday 6,Lens,Lyon,15,2,LDWLL,WWDWD,NS,,,,Under 3.5,68,1.61,,total_goals,43,26,31,2.63,3.6,2.5,35.9,26.3,37.8,105.8,69,57,74,1.5,1.48,1.29,77,23,1.17,5.5,55,46,1.53,2.55,57,43,1.45,2.88,55,6,39,1.909,17.0,1.833,72,28,1.19,4.1,60,40,1.33,3.2,48,52,1.56,2.29,37,63,1.91,1.8,J. Stinat,3.8,24.35,Regular Season,,35122951,https://www.footymetrics.com/fixtures/35122951-ligue-1-lens-olympique-lyonnais,43,26,31,2026-10-09,
2026-10-09,18:00,France,Ligue 2,Matchday 8,Dunkerque,Annecy,12,7,LWDLL,LLWDL,NS,,,,DC 12,75,1.33,,double-chance,41,25,34,2.28,3.4,3.1,41.6,27.9,30.6,105.5,66,59,75,1.36,1.62,1.33,78,22,1.25,4.0,55,45,1.84,2.0,58,42,1.67,2.2,51,6,42,1.8,12.0,2.1,66,34,1.333,3.25,54,46,1.56,2.18,43,57,2.03,1.78,32,68,2.48,1.43,S. Chamel,1.0,6.78,Regular Season,,35122943,https://www.footymetrics.com/fixtures/35122943-ligue-2-dunkerque-annecy,41,25,34,2026-10-09,
2026-10-09,18:00,France,Ligue 2,Matchday 8,Montpellier,Grenoble,4,13,DWLDW,DWLWL,NS,,,,Under 3.5,69,1.3,,total_goals,51,24,25,1.57,3.9,5.8,59.8,24.1,16.2,106.6,75,49,76,1.15,2.3,1.25,77,23,1.29,3.65,54,46,1.95,1.88,55,45,1.95,1.8,61,6,33,1.5,9.0,2.875,67,33,1.333,3.25,55,45,1.52,2.25,44,56,2.0,1.79,33,67,2.33,1.5,P. Retail,1.45,7.36,Regular Season,,35122942,https://www.footymetrics.com/fixtures/35122942-ligue-2-montpellier-grenoble-foot-38,51,24,25,2026-10-09,
2026-10-09,18:00,France,Ligue 2,Matchday 8,Nancy,Guingamp,6,11,WLLWW,LWDDL,NS,,,,Over 1.5,79,1.25,,total_goals,37,26,37,2.04,3.6,3.3,45.8,25.9,28.3,107.1,63,63,74,1.31,1.8,1.3,79,22,1.25,4.0,56,44,1.85,2.04,60,40,1.7,2.2,48,6,47,1.666,11.0,2.3,62,38,1.42,2.5,49,51,1.93,1.91,37,63,2.23,1.54,26,74,3.5,1.285,G. Henry,2.64,8.64,Regular Season,,35122941,https://www.footymetrics.com/fixtures/35122941-ligue-2-nancy-guingamp,37,26,37,2026-10-09,
2026-10-09,18:00,France,Ligue 2,Matchday 8,Pau,Laval,10,18,WLDDL,DLLLD,NS,,,,Over 1.5,69,1.3,,total_goals,46,28,25,1.98,3.4,3.8,47.5,27.7,24.8,106.2,75,54,72,1.25,1.8,1.33,69,31,1.3,3.45,43,57,2.0,1.8,48,52,1.8,2.0,56,10,34,1.666,9.5,2.4,69,31,1.3,3.4,58,43,1.533,2.375,46,54,1.98,1.89,35,65,2.18,1.56,K. Abed,3.26,24.26,Regular Season,,35122940,https://www.footymetrics.com/fixtures/35122940-ligue-2-pau-laval,46,28,25,2026-10-09,
2026-10-09,18:00,France,Ligue 2,Matchday 8,Sochaux,Boulogne,8,17,DWDDW,LDDDD,NS,,,,Over 1.5,72,1.44,,total_goals,48,26,26,2.38,3.2,3.15,40.0,29.8,30.2,105.0,74,53,74,1.36,1.55,1.36,72,29,1.44,2.75,47,53,2.4,1.57,50,50,1.95,1.8,56,9,36,1.833,8.5,2.25,67,33,1.5,2.5,55,45,1.83,1.83,43,57,2.33,1.5,32,68,3.05,1.3,M. Leleu,3.25,28.27,Regular Season,,35122939,https://www.footymetrics.com/fixtures/35122939-ligue-2-sochaux-boulogne,48,26,26,2026-10-09,
2026-10-09,16:30,Germany,2. Bundesliga,Matchday 7,Eintracht Braunschweig,Holstein Kiel,15,16,LDLLL,DLDLW,NS,0,0,,Under 3.5,69,1.67,,total_goals,35,26,39,2.75,3.75,2.3,34.1,25.0,40.8,106.5,61,65,74,1.62,1.44,1.27,77,23,1.14,5.5,54,46,1.47,2.7,57,43,1.44,2.88,46,6,48,1.952,21.0,1.8,80,20,1.17,5.0,69,31,1.28,3.6,58,42,1.5,2.55,46,54,1.9,1.93,E. Weisbach,4.68,24.86,Regular Season,,35122917,https://www.footymetrics.com/fixtures/35122917-2.-bundesliga-eintracht-braunschweig-holstein-kiel,35,26,39,2026-10-09,
2026-10-09,16:30,Germany,2. Bundesliga,Matchday 7,Heidenheim,Kaiserslautern,3,5,DWWWL,WLWWW,NS,0,0,,DC 12,76,1.29,,double-chance,48,24,28,2.0,3.9,3.55,48.2,24.7,27.1,103.8,72,52,76,1.29,1.91,1.29,83,17,1.17,5.5,62,38,1.57,2.55,62,38,1.57,2.88,51,5,44,1.615,17.0,2.3,75,26,1.17,5.0,64,36,1.3,3.2,53,47,1.5,2.4,42,58,1.93,1.9,F. Lechner,4.52,23.71,Regular Season,,35122918,https://www.footymetrics.com/fixtures/35122918-2.-bundesliga-fc-heidenheim-kaiserslautern,48,24,28,2026-10-09,
2026-10-09,18:30,Germany,Bundesliga,Matchday 5,Dortmund,Werder Bremen,1,8,WWWWW,WDWLW,NS,,,,Under 4.5,77,1.36,,total_goals,65,20,14,1.33,5.5,8.0,71.0,17.2,11.8,105.9,86,35,80,1.08,3.25,1.14,77,23,1.11,6.5,55,45,1.4,3.2,49,51,1.75,2.2,66,7,27,1.363,23.0,3.0,76,24,1.33,3.6,65,35,1.57,2.55,54,46,2.0,1.9,43,57,2.63,1.56,C. Dingert,4.12,23.22,Regular Season,,35122949,https://www.footymetrics.com/fixtures/35122949-bundesliga-borussia-dortmund-werder-bremen,65,20,14,2026-10-09,
2026-10-09,13:15,Iran,Persian Gulf Pro League,Matchday 7,Chadormalu SC,Kheybar Khorramabad,11,14,WWDLL,LWDLD,FT,2,2,X,DC 1X,69,1.35,VINTA,double-chance,33,36,31,2.36,2.8,2.86,37.5,31.6,30.9,113.1,69,67,64,1.35,1.47,1.35,53,47,1.54,2.22,26,74,,,36,64,2.29,1.56,43,18,39,,,,48,52,,,36,64,,,26,74,,,19,82,,,,,,Regular Season,,35122904,https://www.footymetrics.com/fixtures/35122904-persian-gulf-pro-league-chadormalu-sc-kheybar-khorramabad,,,,,
2026-10-09,13:30,Iran,Persian Gulf Pro League,Matchday 7,Persepolis,Sanat Naft,5,18,WDWLW,LLDDL,FT,3,1,1,Under 2.5,69,1.7,PERSA,total_goals,62,27,11,1.27,4.25,9.5,69.8,20.9,9.3,112.8,89,38,73,1.05,3.0,1.14,58,42,,,31,69,1.95,1.7,32,68,2.71,1.4,62,15,23,,,,46,54,,,35,66,,,25,75,,,17,83,,,,,,Regular Season,,35122906,https://www.footymetrics.com/fixtures/35122906-persian-gulf-pro-league-persepolis-sanat-naft,,,,,
2026-10-09,18:30,Italy,Serie B,Matchday 6,Avellino,Sampdoria,8,17,LDWWL,WLLLD,NS,,,,Under 3.5,79,1.33,,total_goals,44,29,28,2.7,3.2,2.75,35.4,29.9,34.7,104.7,73,56,71,1.44,1.44,1.36,68,32,1.3,3.75,42,58,2.02,1.9,48,52,1.74,2.2,51,10,40,1.952,10.0,1.952,63,37,1.45,2.7,51,49,1.83,2.05,39,61,2.4,1.65,28,72,3.25,1.33,J. Sacchi,5.08,31.44,Regular Season,,35122950,https://www.footymetrics.com/fixtures/35122950-serie-b-avellino-sampdoria,44,29,28,2026-10-09,
2026-10-09,10:00,Japan,J1 League,Matchday 9,Kashima Antlers,Gamba Osaka,6,17,DWLLL,LWLLD,FT,2,0,1,DC 12,77,1.25,VINTA,double-chance,56,23,21,1.63,4.0,5.0,57.7,23.5,18.8,106.3,79,44,77,1.2,2.2,1.25,79,22,1.2,4.7,56,45,1.68,2.3,55,45,1.7,2.2,63,6,32,1.533,17.0,2.5,77,23,1.25,3.75,67,33,1.444,2.625,55,45,1.73,2.0,43,57,2.14,1.58,T. Mikuriya,2.6,24.6,Regular Season,,35122900,https://www.footymetrics.com/fixtures/35122900-j1-league-kashima-antlers-gamba-osaka,,,,,
2026-10-09,10:00,Japan,J1 League,Matchday 9,Kashiwa Reysol,Vissel Kobe,1,2,WLWLL,WWWWW,FT,4,2,1,Over 1.5,79,1.24,VINTA,total_goals,40,26,35,2.28,3.35,3.1,41.4,28.2,30.4,106.0,65,61,74,1.36,1.67,1.33,79,21,1.24,4.0,56,44,1.82,2.05,59,41,1.65,2.25,53,6,41,1.8,12.0,2.1,74,26,1.5,2.5,63,37,1.9,2.07,51,49,2.04,1.65,40,60,2.63,1.4,K. Fukushima,2.6,22.2,Regular Season,,35122899,https://www.footymetrics.com/fixtures/35122899-j1-league-kashiwa-reysol-vissel-kobe,,,,,
2026-10-09,20:00,Morocco,Botola Pro,Matchday 3,Moghreb Tétouan,FUS Rabat,,,DDLLW,LLLDW,NS,,,,Under 3.5,82,1.13,,total_goals,29,31,40,3.9,3.0,2.1,24.1,31.3,44.7,106.6,60,71,69,1.68,1.33,1.4,64,36,1.53,2.55,38,62,2.7,1.44,45,55,2.25,1.62,39,12,49,2.2,6.0,2.05,30,70,1.571,2.25,21,79,2.0,1.73,15,85,2.625,1.444,11,90,3.75,1.25,,,,Regular Season,,37629760,https://www.footymetrics.com/fixtures/37629760-botola-pro-moghreb-tetouan-fus-rabat,29,31,40,2026-10-09,
2026-10-09,18:00,Netherlands,Eerste Divisie,Matchday 10,Almere City,FC Eindhoven,2,13,WLWWL,DLWWD,NS,,,,Under 4.5,71,1.4,,total_goals,55,21,24,1.36,5.25,7.0,68.8,17.8,13.4,106.9,76,45,79,1.13,3.1,1.17,84,16,1.08,8.0,66,34,1.33,3.45,62,38,1.5,2.55,60,4,37,1.4,26.0,2.75,82,18,1.13,6.0,74,26,1.23,3.6,64,36,1.4,2.65,54,46,1.73,2.07,S. Teuben,4.33,27.0,Regular Season,,35122938,https://www.footymetrics.com/fixtures/35122938-eerste-divisie-almere-city-fc-eindhoven,55,21,24,2026-10-09,
2026-10-09,18:00,Netherlands,Eerste Divisie,Matchday 10,De Graafschap,Jong FC Utrecht,19,20,DWLWL,LWWDL,NS,,,,Under 4.5,72,1.36,,total_goals,48,22,30,1.67,4.33,4.33,56.5,21.8,21.8,106.1,71,52,78,1.22,2.3,1.2,85,15,1.1,8.0,67,33,1.33,3.6,66,35,1.4,3.2,56,4,41,1.5,29.0,2.5,75,25,1.17,5.0,64,36,1.29,3.2,53,47,1.47,2.45,42,58,1.9,1.94,J. Kuipers,3.65,25.22,Regular Season,,35122936,https://www.footymetrics.com/fixtures/35122936-eerste-divisie-de-graafschap-jong-fc-utrecht,48,22,30,2026-10-09,
2026-10-09,18:00,Netherlands,Eerste Divisie,Matchday 10,FC Dordrecht,FC Emmen,18,4,DWLLL,DWLLW,NS,,,,Under 4.5,72,1.25,,total_goals,41,24,35,2.88,3.8,2.2,32.6,24.7,42.7,106.5,65,59,76,1.67,1.4,1.25,86,15,1.14,6.0,67,33,1.5,2.75,67,34,1.45,2.85,48,4,48,2.0,21.0,1.8,83,17,1.17,5.0,73,27,1.3,3.1,62,38,1.52,2.3,50,50,1.85,1.95,C. Ruperti,2.8,20.0,Regular Season,,35122937,https://www.footymetrics.com/fixtures/35122937-eerste-divisie-fc-dordrecht-fc-emmen,41,24,35,2026-10-09,
2026-10-09,18:00,Netherlands,Eerste Divisie,Matchday 10,FC Volendam,Vitesse,11,8,LWLWL,DLWLW,NS,,,,Under 4.5,72,1.36,,total_goals,45,23,31,2.4,4.0,2.7,40.2,24.1,35.7,103.7,69,55,77,1.5,1.57,1.25,85,15,1.1,7.0,66,34,1.38,3.1,65,35,1.4,3.2,52,4,45,1.833,21.0,1.909,79,21,1.2,4.333,69,31,1.28,3.2,58,42,1.48,2.4,46,54,2.0,1.91,R. Sturm,3.29,25.57,Regular Season,,35122929,https://www.footymetrics.com/fixtures/35122929-eerste-divisie-fc-volendam-vitesse,45,23,31,2026-10-09,
2026-10-09,18:00,Netherlands,Eerste Divisie,Matchday 10,Heracles,RKC Waalwijk,1,7,DWLWW,DLWWW,NS,,,,Under 4.5,74,1.33,,total_goals,47,23,30,1.53,4.5,5.75,62.3,21.2,16.6,105.0,70,53,78,1.15,2.5,1.2,83,17,1.11,6.5,64,36,1.4,2.9,64,37,1.5,2.5,52,4,43,1.5,21.0,2.6,75,26,1.2,4.333,64,36,1.35,2.88,52,48,1.57,2.2,41,59,2.0,1.78,A. Lindhout,2.8,23.3,Regular Season,,35122935,https://www.footymetrics.com/fixtures/35122935-eerste-divisie-heracles-almelo-rkc-waalwijk,47,23,30,2026-10-09,
2026-10-09,18:00,Netherlands,Eerste Divisie,Matchday 10,Jong AZ,FC Den Bosch,10,16,WDLWW,DLWLL,NS,,,,DC 1X,80,1.33,,double-chance,61,20,20,1.9,4.33,3.4,50.1,22.0,28.0,105.1,80,39,80,1.33,1.91,1.22,86,14,1.05,11.0,69,32,1.21,4.5,63,37,1.25,4.0,63,3,34,1.666,34.0,2.1,86,14,1.13,6.0,78,22,1.222,4.0,69,32,1.5,2.35,58,42,1.79,1.88,S. Smit,1.83,5.5,Regular Season,,35122933,https://www.footymetrics.com/fixtures/35122933-eerste-divisie-jong-az-fc-den-bosch,61,20,20,2026-10-09,
2026-10-09,18:00,Netherlands,Eerste Divisie,Matchday 10,Jong Ajax,VVV-Venlo,17,3,DLLWD,WLWWL,NS,,,,Under 4.5,73,1.5,,total_goals,34,24,43,2.88,4.2,2.15,33.1,22.7,44.3,105.0,58,66,76,1.67,1.44,1.22,85,15,1.06,10.0,66,34,1.25,4.0,67,33,1.26,4.0,50,4,47,2.0,34.0,1.727,80,20,1.14,5.5,71,29,1.3,3.1,60,40,1.5,2.35,49,51,1.8,1.91,M. Perez,2.6,27.6,Regular Season,,35122934,https://www.footymetrics.com/fixtures/35122934-eerste-divisie-jong-ajax-vvv-venlo,34,24,43,2026-10-09,
2026-10-09,18:00,Netherlands,Eerste Divisie,Matchday 10,NAC Breda,MVV Maastricht,9,5,DWWLL,LWLLD,NS,,,,Over 2.5,68,1.4,,total_goals,70,17,13,1.33,5.5,9.0,72.0,17.4,10.6,104.5,87,30,83,1.09,3.4,1.17,86,14,1.11,7.0,68,32,1.4,3.0,58,42,1.67,2.2,71,3,26,1.333,23.0,3.25,85,15,1.18,4.5,76,24,1.38,2.75,67,34,1.61,2.12,56,44,1.96,1.8,I. Oostrom,3.23,23.58,Regular Season,,35122932,https://www.footymetrics.com/fixtures/35122932-eerste-divisie-nac-breda-mvv-maastricht,70,17,13,2026-10-09,
2026-10-09,18:00,Netherlands,Eerste Divisie,Matchday 10,Roda JC Kerkrade,Jong PSV,6,12,LWDWD,LDLWD,NS,,,,Under 4.5,74,1.28,,total_goals,52,22,26,1.7,4.1,4.5,55.8,23.1,21.1,105.4,74,48,79,1.22,2.15,1.22,85,15,1.13,6.5,66,35,1.44,2.75,64,36,1.5,2.75,59,3,38,1.533,21.0,2.4,76,24,1.17,5.0,66,35,1.32,3.0,54,46,1.53,2.28,43,58,1.93,1.88,N. Boel,2.67,28.83,Regular Season,,35122931,https://www.footymetrics.com/fixtures/35122931-eerste-divisie-roda-jc-kerkrade-jong-psv,52,22,26,2026-10-09,
2026-10-09,18:00,Netherlands,Eerste Divisie,Matchday 10,TOP Oss,Helmond Sport,15,14,WLWLL,DLLWW,NS,,,,DC 12,75,1.25,,double-chance,43,25,32,2.15,3.75,3.05,43.9,25.2,30.9,106.0,68,57,75,1.36,1.67,1.25,81,19,1.18,5.2,61,39,1.63,2.4,61,39,1.54,2.55,51,5,44,1.8,15.0,2.1,79,21,1.13,6.0,69,31,1.32,3.0,58,42,1.53,2.28,46,54,1.85,2.0,A. Wolff,3.9,14.9,Regular Season,,35122930,https://www.footymetrics.com/fixtures/35122930-eerste-divisie-top-oss-helmond-sport,43,25,32,2026-10-09,
2026-10-09,18:00,Netherlands,Eredivisie,Matchday 8,PSV,SC Heerenveen,3,10,LWDWW,WDLDL,NS,,,,Over 2.5,68,1.18,,total_goals,64,19,17,1.35,6.33,7.5,71.8,15.3,12.9,103.2,83,37,81,1.11,3.6,1.13,85,15,1.05,13.0,68,32,1.18,5.5,62,38,1.4,3.3,67,4,30,1.4,34.0,2.75,88,12,1.13,4.8,80,20,1.24,4.0,70,30,1.42,3.0,59,41,1.68,2.4,J. Kooij,3.4,26.0,Regular Season,,35122928,https://www.footymetrics.com/fixtures/35122928-eredivisie-psv-sc-heerenveen,64,19,17,2026-10-09,
2026-10-09,17:00,Norway,Eliteserien,Matchday 22,Brann,Viking,7,1,WLLDW,WWLDW,NS,0,0,,GG,68,1.4,,btts,38,22,40,4.0,4.33,1.79,24.0,22.2,53.7,104.0,60,62,78,2.05,1.29,1.22,87,13,1.1,7.0,70,30,1.36,3.2,68,32,1.4,2.88,47,3,50,2.05,23.0,1.727,80,20,1.1,7.0,71,29,1.18,4.5,60,40,1.29,3.33,50,50,1.5,2.4,T. Hansen,3.55,22.18,Regular Season,,35122919,https://www.footymetrics.com/fixtures/35122919-eliteserien-brann-viking,38,22,40,2026-10-09,
2026-10-09,16:00,Poland,Ekstraklasa,Matchday 9,Wieczysta Kraków,Wisła Płock,17,11,DLDLL,WWDLL,NS,0,0,,DC 12,76,1.29,,double-chance,49,24,27,2.08,3.6,3.3,45.3,26.2,28.5,106.2,73,52,76,1.33,1.73,1.29,81,19,1.17,5.0,60,40,1.6,2.35,61,39,1.52,2.5,55,5,40,1.727,15.0,2.1,82,18,1.13,6.0,72,28,1.29,3.35,61,39,1.5,2.5,49,51,1.83,1.97,B. Frankowski,3.6,23.2,Regular Season,,35122914,https://www.footymetrics.com/fixtures/35122914-ekstraklasa-wieczysta-krakow-wisla-plock,49,24,27,2026-10-09,
2026-10-09,18:30,Poland,Ekstraklasa,Matchday 10,Raków Częstochowa,Katowice,18,9,LLWLL,WLLWW,NS,,,,Under 4.5,79,1.25,,total_goals,48,25,26,2.15,3.75,3.1,44.1,25.3,30.6,105.4,74,52,75,1.4,1.65,1.25,80,20,1.13,6.0,58,42,1.5,2.6,61,39,1.45,2.75,54,6,40,1.8,19.0,2.05,70,30,1.3,3.6,59,41,1.45,2.55,47,53,1.95,1.95,36,64,2.29,1.58,D. Kos,4.61,26.44,Regular Season,,35122948,https://www.footymetrics.com/fixtures/35122948-ekstraklasa-rakow-czestochowa-katowice,48,25,26,2026-10-09,
2026-10-09,17:45,Portugal,Liga Portugal,Matchday 8,Moreirense,Gil Vicente,12,9,DWLLW,DLLDW,NS,,,,Over 1.5,72,1.4,,total_goals,34,27,39,3.3,3.1,2.3,28.6,30.4,41.0,106.0,61,66,73,1.62,1.31,1.36,72,28,1.4,2.75,47,53,2.35,1.57,51,49,2.0,1.8,42,8,50,2.375,7.0,1.833,64,36,1.45,2.75,52,48,1.8,2.0,41,59,2.4,1.62,30,70,3.33,1.37,M. Bertolo Nogueira,4.6,27.01,Regular Season,,35122927,https://www.footymetrics.com/fixtures/35122927-liga-portugal-moreirense-gil-vicente,34,27,39,2026-10-09,
2026-10-09,19:15,Portugal,Liga Portugal,Matchday 8,Braga,Sporting CP,6,3,DWLWW,DDWWW,NS,,,,Over 1.5,70,1.33,,total_goals,28,29,42,3.25,3.35,2.3,29.6,28.7,41.8,104.1,58,72,71,1.62,1.36,1.36,70,31,1.33,3.3,44,56,2.08,1.75,49,51,1.8,2.1,45,10,45,2.2,10.0,1.8,55,45,1.41,3.0,43,57,1.8,2.2,33,67,2.14,1.7,24,76,2.75,1.4,J. Silva Pinheiro,5.02,28.17,Regular Season,,35122956,https://www.footymetrics.com/fixtures/35122956-liga-portugal-sporting-braga-sporting-cp,28,29,42,2026-10-09,
2026-10-09,14:45,Qatar,Stars League,Matchday 5,Qatar SC,Al Rayyan,11,2,DLLDL,WWDDW,NS,0,0,,Under 4.5,72,1.28,,total_goals,18,21,62,5.67,4.5,1.46,16.3,20.5,63.2,108.4,38,83,79,2.7,1.13,1.18,84,16,1.13,6.0,64,36,1.44,2.75,63,38,1.62,2.4,31,4,65,2.625,21.0,1.444,72,28,1.25,3.75,60,40,1.5,2.5,48,52,1.83,1.98,37,63,2.25,1.571,Salman Ahmad Falahi,4.3,22.3,Regular Season,,35122910,https://www.footymetrics.com/fixtures/35122910-stars-league-qatar-sc-al-rayyan,18,21,62,2026-10-09,
2026-10-09,17:00,Qatar,Stars League,Matchday 5,Al Sadd,Al-Arabi SC,1,5,LWWWW,DWDDL,NS,0,0,,GG,69,1.4,,btts,45,23,32,1.57,4.75,4.7,60.1,19.9,20.1,106.0,68,55,77,1.2,2.3,1.18,88,13,1.08,7.5,71,29,1.33,3.4,69,31,1.4,3.2,55,3,42,1.533,29.0,2.375,70,30,1.22,4.0,59,41,1.4,2.75,48,52,1.67,2.1,38,62,2.1,1.666,,,,Regular Season,,35122926,https://www.footymetrics.com/fixtures/35122926-stars-league-al-sadd-al-arabi-sc,45,23,32,2026-10-09,
2026-10-09,15:00,Romania,Superliga,Matchday 11,Corvinul Hunedoara,Voluntari,7,15,WLLDD,LLWDL,NS,0,0,,Under 3.5,74,1.44,,total_goals,49,26,24,1.68,3.8,5.0,56.2,24.9,18.9,105.8,76,51,74,1.17,2.13,1.25,73,27,1.23,4.0,48,52,1.8,2.05,49,51,1.77,2.1,54,8,38,1.533,13.0,2.625,74,26,1.29,3.4,62,38,1.5,2.4,50,50,1.83,2.0,39,61,2.4,1.53,M. Barbu,3.71,22.57,Regular Season,,35122912,https://www.footymetrics.com/fixtures/35122912-superliga-corvinul-hunedoara-voluntari,49,26,24,2026-10-09,
2026-10-09,18:00,Romania,Superliga,Matchday 11,Sepsi,Dinamo Bucureşti,8,1,LWLWD,WWWDW,NS,,,,Under 3.5,73,1.44,,total_goals,26,25,49,5.4,4.0,1.57,17.3,23.3,59.4,107.2,51,74,75,2.3,1.17,1.23,74,26,1.22,4.5,50,50,1.7,2.2,53,47,1.75,2.1,39,7,54,2.75,13.0,1.5,63,37,1.32,3.6,51,49,1.58,2.55,39,61,2.1,1.9,29,71,2.45,1.5,,,,Regular Season,,35122946,https://www.footymetrics.com/fixtures/35122946-superliga-sepsi-dinamo-bucuresti,26,25,49,2026-10-09,
2026-10-09,13:50,Saudi Arabia,Pro League,Matchday 7,Al Kholood,Al-Qadsiah,7,4,LWDWD,WDWWW,FT,0,5,2,Under 4.5,69,1.22,PERSA,total_goals,10,16,74,9.5,6.0,1.3,10.1,16.0,73.9,104.1,26,90,84,3.6,1.09,1.17,85,15,1.13,6.0,65,35,1.47,2.63,51,49,1.85,2.0,27,4,69,2.75,17.0,1.444,69,31,1.36,3.0,57,43,1.67,2.18,45,55,2.1,1.78,34,66,2.75,1.44,A. Al-Shehri,4.79,23.43,Regular Season,,35122907,https://www.footymetrics.com/fixtures/35122907-pro-league-al-kholood-al-qadsiah,,,,,
2026-10-09,14:55,Saudi Arabia,Pro League,Matchday 8,Al Fateh,Al Ahli,15,6,LLDDD,LDWLW,NS,0,0,,Under 4.5,81,1.36,,total_goals,29,26,46,4.8,4.33,1.65,19.9,22.1,58.0,104.5,54,72,74,2.35,1.22,1.22,80,20,1.13,7.0,57,44,1.46,2.88,59,41,1.5,2.75,38,6,57,2.625,23.0,1.444,70,30,1.25,3.35,59,41,1.43,2.71,47,53,1.73,2.1,36,64,2.17,1.67,A. Al-Owaidan,3.67,23.27,Regular Season,,35122911,https://www.footymetrics.com/fixtures/35122911-pro-league-al-fateh-al-ahli,29,26,46,2026-10-09,
2026-10-09,18:00,Saudi Arabia,Pro League,Matchday 8,Al Nassr,Al Diraiyah FC,3,8,LDWLW,DWLWD,NS,,,,Under 4.5,78,1.3,,total_goals,48,24,29,1.32,5.75,6.33,69.5,16.0,14.5,108.9,72,52,76,1.13,2.86,1.11,81,20,1.125,6.0,59,41,1.4,2.875,59,41,1.6,2.2,64,5,31,1.4,23.0,2.875,65,35,1.25,3.75,53,47,1.45,2.55,42,58,1.75,1.95,31,69,2.29,1.56,,,,Regular Season,,35122947,https://www.footymetrics.com/fixtures/35122947-pro-league-al-nassr-al-diraiyah-fc,48,24,29,2026-10-09,
2026-10-09,05:00,South Korea,K League 1,Matchday 31,Daejeon Citizen,Jeonbuk Motors,6,5,DWDWW,DWLDW,FT,2,1,1,Under 3.5,75,1.4,VINTA,total_goals,38,28,34,2.55,3.3,2.65,36.6,28.3,35.2,107.3,66,63,72,1.5,1.49,1.3,72,28,1.29,3.8,47,53,1.9,1.91,53,47,1.7,2.25,46,8,46,1.8,12.0,2.1,66,34,1.43,2.55,53,47,1.78,2.03,41,59,2.18,1.58,29,71,3.25,1.333,D. Kim,3.94,22.75,Regular Season,,35122896,https://www.footymetrics.com/fixtures/35122896-k-league-1-daejeon-citizen-jeonbuk-motors,,,,,
2026-10-09,07:30,South Korea,K League 1,Matchday 31,Gangwon,Bucheon 1995,3,11,DLDDD,LDLLD,FT,2,0,1,DC 1X,79,1.25,VINTA,double-chance,52,28,21,1.95,3.25,4.2,48.4,29.1,22.5,105.9,79,48,73,1.25,1.88,1.33,67,33,1.4,3.0,40,60,2.25,1.64,45,55,2.1,1.75,58,10,32,1.571,9.0,2.75,67,33,1.4,2.75,55,45,1.73,2.0,43,57,2.12,1.62,32,68,2.75,1.38,,,,Regular Season,,35122898,https://www.footymetrics.com/fixtures/35122898-k-league-1-gangwon-bucheon-1995,,,,,
2026-10-09,07:30,South Korea,K League 1,Matchday 31,Incheon United,Pohang Steelers,7,8,DDLWL,WLDDL,FT,3,0,1,Over 1.5,70,1.5,VINTA,total_goals,44,29,28,2.7,3.0,2.88,35.2,31.7,33.0,105.1,73,56,71,1.44,1.48,1.38,70,30,1.5,2.6,44,56,2.6,1.5,50,50,2.1,1.75,52,9,39,2.05,6.5,2.1,59,41,1.73,2.06,46,54,2.08,1.64,34,66,2.75,1.38,24,76,4.5,1.181,,,,Regular Season,,35122897,https://www.footymetrics.com/fixtures/35122897-k-league-1-incheon-united-pohang-steelers,,,,,
2026-10-09,19:00,Spain,La Liga,Matchday 8,Málaga,Espanyol,20,15,LLDDL,LLWDL,NS,,,,Under 3.5,72,1.33,,total_goals,44,27,29,2.9,3.25,2.55,33.0,29.5,37.5,104.5,71,56,73,1.5,1.44,1.36,74,26,1.3,3.5,50,50,2.02,1.8,55,45,1.76,2.0,53,8,40,2.05,9.0,1.909,70,31,1.4,3.0,57,43,1.7,2.15,45,55,2.2,1.7,33,67,2.9,1.4,F. Hernández Maeso,3.98,24.7,Regular Season,,35122955,https://www.footymetrics.com/fixtures/35122955-la-liga-malaga-espanyol,44,27,29,2026-10-09,
2026-10-09,17:00,Sweden,Allsvenskan,Matchday 23,IFK Göteborg,Västerås SK,9,6,WWWWD,WWLWD,NS,0,0,,DC 12,77,1.25,,double-chance,46,23,31,1.7,4.1,4.5,55.8,23.1,21.1,105.4,69,54,77,1.22,2.06,1.25,83,17,1.17,5.2,63,37,1.53,2.4,63,38,1.56,2.4,59,4,37,1.571,17.0,2.375,79,21,1.14,5.5,69,31,1.24,3.55,58,42,1.41,3.0,46,54,1.73,2.29,R. Sundell,3.21,22.71,Regular Season,,35122920,https://www.footymetrics.com/fixtures/35122920-allsvenskan-ifk-goteborg-vasteras-sk,46,23,31,2026-10-09,
2026-10-09,14:00,Turkey,1. Lig,Matchday 8,Bodrum FK,Keçiörengücü,14,6,DWLDD,DDWWD,FT,0,2,2,Under 3.5,74,1.4,VINTA,total_goals,37,29,35,2.63,3.4,2.45,35.1,27.2,37.7,108.3,66,63,71,1.53,1.44,1.3,72,28,1.22,4.33,47,53,1.73,2.1,53,47,1.6,2.25,47,9,45,1.952,15.0,1.833,63,37,1.5,2.5,51,49,1.85,1.95,39,61,2.375,1.533,28,72,3.4,1.3,Y. Kendirciler,3.5,23.0,Regular Season,,35122908,https://www.footymetrics.com/fixtures/35122908-1.-lig-bodrum-fk-keciorengucu,,,,,
2026-10-09,14:00,Turkey,1. Lig,Matchday 8,Sivasspor,Pendikspor,15,12,DDWDL,DDWLD,FT,4,1,1,Under 3.5,68,1.33,PERSA,total_goals,40,26,35,2.3,3.33,2.88,40.2,27.7,32.1,108.2,66,60,74,1.44,1.53,1.33,78,22,1.25,3.75,54,46,1.83,1.98,59,41,1.67,2.1,50,6,44,1.909,11.0,2.05,76,24,1.363,3.0,65,35,1.666,2.1,53,47,2.1,1.67,41,59,2.75,1.4,A. Şen,4.34,24.79,Regular Season,,35122909,https://www.footymetrics.com/fixtures/35122909-1.-lig-sivasspor-pendikspor,,,,,
2026-10-09,17:00,Turkey,1. Lig,Matchday 9,Vanspor FK,Bandırmaspor,17,11,LDDLD,LDWLD,NS,0,0,,Over 1.5,72,1.3,,total_goals,37,26,36,2.85,3.2,2.35,32.2,28.7,39.1,108.9,64,63,74,1.62,1.38,1.33,72,28,1.3,3.4,46,54,2.0,1.8,51,49,1.8,2.02,49,8,43,2.1,10.0,1.833,76,24,1.5,2.5,65,35,1.83,1.833,53,47,2.375,1.53,41,59,3.4,1.3,Y. Arslan,5.31,27.19,Regular Season,,35122923,https://www.footymetrics.com/fixtures/35122923-1.-lig-vanspor-fk-bandirmaspor,37,26,36,2026-10-09,
2026-10-09,17:00,Turkey,1. Lig,Matchday 9,Ümraniyespor,Sarıyer SK,16,5,WLLLD,WDLWW,NS,0,0,,Over 1.5,71,1.33,,total_goals,34,28,39,2.7,3.2,2.63,34.8,29.4,35.8,106.3,61,66,72,1.44,1.5,1.33,71,30,1.33,3.25,45,55,2.1,1.7,51,49,1.83,1.91,47,9,44,1.952,9.0,2.05,60,41,1.571,2.25,47,53,2.0,1.73,35,65,2.625,1.444,25,75,3.75,1.25,E. Mertoğlu,4.23,23.15,Regular Season,,35122924,https://www.footymetrics.com/fixtures/35122924-1.-lig-umraniyespor-sariyer-sk,34,28,39,2026-10-09,
2026-10-09,17:00,Turkey,Super Lig,Matchday 7,Galatasaray,Kasımpaşa,2,8,LWLWW,DWDDW,NS,0,0,,Under 4.5,78,1.28,,total_goals,69,20,12,1.28,6.1,11.0,75.4,15.8,8.8,103.6,89,31,80,1.07,3.65,1.17,77,23,1.13,6.5,55,45,1.44,2.75,48,52,1.85,1.91,74,6,20,1.3,17.0,3.5,79,21,1.29,3.5,69,32,1.43,2.55,57,43,1.85,2.0,46,54,2.07,1.65,H. Meler,4.74,25.17,Regular Season,,35122922,https://www.footymetrics.com/fixtures/35122922-super-lig-galatasaray-kasimpasa,69,20,12,2026-10-09,
2026-10-09,12:30,Ukraine,Premier League,Matchday 8,Veres,Shakhtar Donetsk,6,1,WDDWD,WWDWL,FT,0,3,2,Over 1.5,80,1.25,VINTA,total_goals,9,17,75,12.0,5.25,1.25,7.8,17.7,74.5,107.4,25,91,84,4.2,1.06,1.17,80,20,1.25,3.8,57,43,1.83,1.98,45,55,2.5,1.5,18,5,76,4.0,11.0,1.3,58,42,1.4,2.71,46,54,1.83,1.98,36,65,2.29,1.67,26,74,2.75,1.4,V. Kopievskiy,4.6,23.36,Regular Season,,35263412,https://www.footymetrics.com/fixtures/35263412-premier-league-veres-shakhtar-donetsk,,,,,
2026-10-09,20:00,Uruguay,Primera Division,Clausura,Montevideo City Torque,Danubio,6,11,LDLWW,WLDDL,NS,,,,Over 1.5,72,1.32,,total_goals,44,26,30,1.95,3.6,3.9,49.0,26.5,24.5,104.7,70,56,74,1.23,1.91,1.3,72,28,1.32,3.4,47,53,2.06,1.8,52,48,1.85,1.85,50,8,42,1.615,9.5,2.5,71,29,1.4,2.75,59,41,1.67,2.35,47,54,1.81,1.86,35,65,2.28,1.53,E. Ostojich,6.2,25.96,Clausura,,36902649,https://www.footymetrics.com/fixtures/36902649-primera-division-montevideo-city-torque-danubio,44,26,30,2026-10-09,
2026-10-09,23:00,Uruguay,Primera Division,Clausura,Deportivo Maldonado,Liverpool,2,9,WWWLW,WWDLW,NS,,,,Under 3.5,82,1.25,,total_goals,40,32,28,2.43,3.25,2.9,38.7,28.9,32.4,106.4,72,60,68,1.4,1.53,1.35,65,35,1.33,3.3,37,63,2.1,1.74,46,54,1.83,1.95,48,12,41,1.909,9.0,2.1,66,34,1.333,3.25,54,46,1.6,2.15,42,59,2.0,1.73,31,70,2.5,1.44,G. Tejera,4.96,25.48,Clausura,,36902451,https://www.footymetrics.com/fixtures/36902451-primera-division-deportivo-maldonado-liverpool,40,32,28,2026-10-09,
2026-10-10,00:45,Argentina,Liga Profesional de Fútbol,Clausura,Unión Santa Fe,Defensa y Justicia,8,10,LLLWW,WDWLW,NS,,,,Over 1.5,71,1.36,,total_goals,49,27,25,2.3,3.2,3.4,41.7,30.0,28.2,104.1,75,51,73,1.33,1.63,1.36,71,29,1.36,3.2,45,55,2.15,1.67,50,50,1.91,1.91,59,9,32,1.8,8.0,2.3,68,33,1.42,2.9,56,45,1.71,2.14,43,57,2.14,1.67,32,68,2.75,1.4,D. Herrera,5.44,25.36,Clausura,,35401400,https://www.footymetrics.com/fixtures/35401400-liga-profesional-de-futbol-union-santa-fe-defensa-y-justicia,49,27,25,2026-10-09,
2026-10-10,18:45,Argentina,Liga Profesional de Fútbol,Clausura,Barracas Central,Huracán,9,7,WLDDD,WWWDD,NS,,,,Under 2.5,70,1.34,,total_goals,27,32,41,3.0,2.88,3.05,33.1,34.4,32.5,100.8,59,73,68,1.4,1.46,1.44,56,44,1.73,2.14,30,70,3.5,1.34,37,63,2.5,1.52,42,16,43,2.3,4.5,2.2,64,36,1.77,2.2,51,49,2.25,1.68,38,62,3.05,1.4,27,73,4.1,1.2,H. Mastrángelo,4.82,27.18,Clausura,,35401394,https://www.footymetrics.com/fixtures/35401394-liga-profesional-de-futbol-barracas-central-huracan,27,32,41,2026-10-09,
2026-10-10,20:00,Argentina,Liga Profesional de Fútbol,Clausura,Central Cordoba,Estudiantes,13,1,DDLLD,WLWWD,NS,,,,Under 3.5,82,1.17,,total_goals,29,30,42,3.25,3.05,2.63,30.3,32.3,37.4,101.6,59,71,70,1.58,1.36,1.4,64,36,1.5,2.7,38,62,2.6,1.55,45,55,2.1,1.74,42,12,47,2.25,6.0,2.0,66,34,1.57,2.4,53,47,1.95,1.85,40,60,2.5,1.5,28,72,3.35,1.27,C. Gariano,4.64,21.68,Clausura,,35401402,https://www.footymetrics.com/fixtures/35401402-liga-profesional-de-futbol-central-cordoba-sde-estudiantes,29,30,42,2026-10-09,
2026-10-10,22:15,Argentina,Liga Profesional de Fútbol,Clausura,Tigre,Banfield,10,12,LLLLD,DDDLL,NS,,,,Under 2.5,68,1.63,,total_goals,47,30,24,1.75,3.5,5.75,55.4,27.7,16.9,103.1,77,53,70,1.16,2.08,1.33,60,40,1.44,2.9,33,68,2.4,1.63,40,60,2.2,1.67,56,13,31,1.571,6.5,3.0,61,39,1.56,2.32,47,53,2.0,1.8,34,66,2.6,1.49,24,77,3.67,1.3,P. Echavarría,3.85,22.2,Clausura,,35401397,https://www.footymetrics.com/fixtures/35401397-liga-profesional-de-futbol-tigre-banfield,47,30,24,2026-10-09,
2026-10-10,15:00,Austria,Admiral Bundesliga,Matchday 8,Grazer AK,Salzburg,8,2,DWDLL,WWDWW,NS,,,,Under 3.5,71,1.67,,total_goals,19,24,57,7.0,4.75,1.5,14.0,20.6,65.4,102.0,43,81,76,2.7,1.13,1.2,74,26,1.14,5.5,51,50,1.48,2.6,49,51,1.65,2.2,30,8,62,2.75,19.0,1.444,69,31,1.22,4.0,57,43,1.4,2.71,45,55,1.73,2.12,34,66,2.2,1.73,S. Ebner,4.62,26.72,Regular Season,,35263532,https://www.footymetrics.com/fixtures/35263532-admiral-bundesliga-grazer-ak-salzburg,19,24,57,2026-10-09,
2026-10-10,15:00,Austria,Admiral Bundesliga,Matchday 8,WSG Tirol,Ried,5,7,LDWWL,WDLWL,NS,,,,Under 3.5,73,1.5,,total_goals,29,26,45,2.75,3.6,2.45,34.6,26.5,38.9,105.0,56,71,74,1.53,1.48,1.29,72,28,1.18,4.5,48,52,1.65,2.25,51,49,1.53,2.4,35,9,57,1.952,15.0,1.909,72,28,1.43,3.33,60,40,1.73,2.4,49,52,2.17,1.8,37,63,2.5,1.5,J. Weinberger,4.37,24.51,Regular Season,,35263531,https://www.footymetrics.com/fixtures/35263531-admiral-bundesliga-wsg-tirol-ried,29,26,45,2026-10-09,
2026-10-10,17:30,Austria,Admiral Bundesliga,Matchday 8,Austria Wien,Sturm Graz,10,4,DWLLD,LDWLD,NS,,,,Under 3.5,69,1.44,,total_goals,39,26,35,3.25,3.6,2.2,29.6,26.7,43.7,104.0,65,61,74,1.67,1.36,1.3,76,24,1.2,4.5,53,47,1.7,2.1,56,44,1.57,2.25,49,7,44,2.2,13.0,1.727,73,28,1.13,6.0,61,39,1.3,3.2,49,51,1.56,2.29,38,62,1.9,1.97,W. Altmann,4.08,25.35,Regular Season,,35263566,https://www.footymetrics.com/fixtures/35263566-admiral-bundesliga-austria-wien-sturm-graz,39,26,35,2026-10-09,
2026-10-10,14:00,Belgium,Challenger Pro League,Matchday 7,Excelsior Virton,Sporting Hasselt,5,7,DWLWW,LWLLW,NS,,,,DC 12,77,1.29,,double-chance,30,23,46,2.5,3.6,2.5,37.1,25.8,37.1,107.8,54,70,77,1.53,1.5,1.29,78,22,1.18,4.5,55,45,1.63,2.25,57,43,1.57,2.4,42,6,53,,,,74,26,1.2,,63,37,,,51,49,1.55,2.25,39,61,2.0,1.8,,,,Regular Season,,35263480,https://www.footymetrics.com/fixtures/35263480-challenger-pro-league-excelsior-virton-sporting-hasselt,30,23,46,2026-10-09,
2026-10-10,14:00,Belgium,Challenger Pro League,Matchday 6,Koninklijke Lierse Sportkring,Royal Francs Borains,12,4,LDDWL,WWWLW,NS,,,,Under 3.5,70,1.33,,total_goals,33,27,41,2.7,3.3,2.3,33.4,27.3,39.2,110.8,60,67,74,1.53,1.4,1.3,75,25,1.25,3.75,52,48,1.85,1.95,56,44,1.67,2.1,42,7,51,2.05,11.0,1.833,74,27,1.29,3.5,62,38,1.5,2.5,50,50,1.9,1.9,38,62,2.375,1.533,,,,Regular Season,,35263481,https://www.footymetrics.com/fixtures/35263481-challenger-pro-league-koninklijke-lierse-sportkring-royal-francs-borains,33,27,41,2026-10-09,
2026-10-10,18:00,Belgium,Challenger Pro League,Matchday 7,K. Beerschot V.A.,RFC Liège,1,10,WWWWL,LDDLW,NS,,,,Under 4.5,75,1.28,,total_goals,51,24,25,1.44,4.5,6.0,64.1,20.5,15.4,108.3,75,49,76,1.13,2.8,1.2,82,18,1.13,6.0,62,39,1.44,2.75,61,39,1.6,2.25,62,5,33,1.444,21.0,2.75,76,24,1.18,4.5,66,34,1.333,3.25,55,45,1.571,2.25,44,56,1.98,1.83,,,,Regular Season,,35263570,https://www.footymetrics.com/fixtures/35263570-challenger-pro-league-k.-beerschot-v.a.-rfc-liege,51,24,25,2026-10-09,
2026-10-10,14:00,Belgium,Pro League,Matchday 8,Cercle Brugge,Anderlecht,16,5,LDLLL,WLWDW,NS,,,,Under 3.5,70,1.44,,total_goals,35,25,40,3.9,3.7,1.95,24.7,26.0,49.3,104.0,61,65,75,1.9,1.3,1.29,77,23,1.2,4.5,54,47,1.65,2.25,56,44,1.62,2.25,48,6,46,2.25,15.0,1.666,76,24,1.22,3.7,66,34,1.38,3.25,55,45,1.67,2.1,44,56,2.05,1.83,K. Van Damme,3.82,21.61,Regular Season,,35263486,https://www.footymetrics.com/fixtures/35263486-pro-league-cercle-brugge-anderlecht,35,25,40,2026-10-09,
2026-10-10,16:15,Belgium,Pro League,Matchday 8,La Louvière,Club Brugge,14,3,LWLDL,WWLWL,NS,,,,Under 4.5,81,1.25,,total_goals,23,24,53,8.0,5.0,1.4,12.0,19.2,68.7,103.9,47,77,76,3.0,1.13,1.2,78,22,1.14,5.5,56,45,1.52,2.63,56,44,1.73,2.1,36,6,59,2.875,19.0,1.4,68,32,1.25,3.7,55,45,1.38,2.7,43,57,1.8,2.2,32,68,2.05,1.7,L. D'hondt,4.02,24.52,Regular Season,,35263550,https://www.footymetrics.com/fixtures/35263550-pro-league-la-louviere-club-brugge,23,24,53,2026-10-09,
2026-10-10,18:45,Belgium,Pro League,Matchday 8,Genk,KV Kortrijk,9,18,LDDWD,WLLLL,NS,,,,Under 4.5,80,1.22,,total_goals,58,22,20,1.44,4.7,7.0,66.1,20.3,13.6,105.0,80,42,78,1.13,2.88,1.18,78,22,1.17,5.0,55,45,1.6,2.5,53,47,1.77,2.1,60,6,34,1.4,17.0,2.875,74,27,1.25,3.45,63,37,1.44,2.55,52,48,1.7,2.2,42,59,2.1,1.75,W. Smet,3.06,23.22,Regular Season,,35263582,https://www.footymetrics.com/fixtures/35263582-pro-league-genk-kv-kortrijk,58,22,20,2026-10-09,
2026-10-10,18:45,Belgium,Pro League,Matchday 8,Zulte-Waregem,Gent,6,2,LLWDW,WDWWW,NS,,,,Under 3.5,68,1.33,,total_goals,31,27,42,3.0,3.35,2.4,31.8,28.5,39.7,104.9,58,69,74,1.61,1.4,1.33,78,22,1.29,3.8,55,45,1.95,1.92,59,42,1.75,2.12,46,6,48,2.05,11.0,1.909,77,23,1.4,2.95,66,34,1.78,2.2,54,46,2.29,1.75,42,58,2.45,1.47,N. Laforge,4.75,22.74,Regular Season,,35263583,https://www.footymetrics.com/fixtures/35263583-pro-league-zulte-waregem-gent,31,27,42,2026-10-09,
2026-10-10,21:00,Brazil,Serie A,Matchday 30,Vasco da Gama,Remo,14,19,WWWWD,DLLLL,NS,,,,Under 3.5,70,1.53,,total_goals,68,20,12,1.33,5.6,10.0,73.0,17.3,9.7,103.0,88,32,80,1.07,3.5,1.17,76,24,1.2,5.2,52,48,1.62,2.5,47,53,1.95,1.82,73,6,21,1.333,15.0,3.4,73,27,1.16,4.3,62,38,1.3,3.75,51,49,1.57,2.71,41,60,1.95,2.05,P. Zanovelli,5.85,29.69,Regular Season,,35263588,https://www.footymetrics.com/fixtures/35263588-serie-a-vasco-da-gama-remo,68,20,12,2026-10-09,
2026-10-10,12:00,Bulgaria,First League,Matchday 11,Botev Vratsa,Spartak Varna,9,8,DDWLW,LDDDL,NS,,,,DC 1X,80,1.25,,double-chance,53,27,21,2.05,3.4,4.0,47.3,28.5,24.2,103.2,80,47,73,1.25,1.8,1.33,67,33,1.36,3.1,42,58,2.2,1.67,44,56,2.0,1.83,57,10,33,1.666,8.0,2.5,65,36,1.3,3.1,52,48,1.53,2.28,40,60,1.85,1.82,29,71,2.32,1.52,G. Stoyanov,3.55,21.82,Regular Season,,35263450,https://www.footymetrics.com/fixtures/35263450-first-league-botev-vratsa-spartak-varna,53,27,21,2026-10-09,
2026-10-10,14:30,Bulgaria,First League,Matchday 11,Lokomotiv Sofia 1929,Lokomotiv Plovdiv,11,12,WLDLD,DLWLL,NS,,,,Over 1.5,70,1.36,,total_goals,52,27,21,1.96,3.35,4.1,48.5,28.4,23.2,105.3,79,48,73,1.25,1.91,1.32,70,30,1.36,3.0,46,54,2.2,1.65,48,53,1.95,1.8,57,10,34,1.666,8.5,2.5,69,31,1.38,2.75,58,43,1.64,2.08,45,55,2.1,1.68,34,66,2.63,1.41,G. Piskov,5.23,23.85,Regular Season,,35263526,https://www.footymetrics.com/fixtures/35263526-first-league-lokomotiv-sofia-1929-lokomotiv-plovdiv,52,27,21,2026-10-09,
2026-10-10,17:00,Bulgaria,First League,Matchday 11,Botev Plovdiv,Slavia Sofia,6,7,WWWLL,LDWLD,NS,,,,Over 1.5,74,1.3,,total_goals,57,25,19,1.71,3.7,5.0,55.4,25.6,19.0,105.5,81,43,75,1.18,2.1,1.29,74,27,1.3,3.45,50,51,2.0,1.82,49,51,1.95,1.84,62,8,31,1.533,9.5,2.75,78,22,,,67,33,1.35,2.85,55,45,1.58,2.18,43,57,1.92,1.76,N. Popov,5.4,25.6,Regular Season,,35263562,https://www.footymetrics.com/fixtures/35263562-first-league-botev-plovdiv-slavia-sofia,57,25,19,2026-10-09,
2026-10-10,11:35,China,Super League,Matchday 27,Chengdu Rongcheng,Tianjin Jinmen Tiger,1,13,DWLWL,WWDDL,NS,,,,DC 1X,83,1.27,,double-chance,62,21,17,1.85,3.8,4.2,51.9,25.3,22.9,104.2,83,38,79,1.27,1.93,1.25,80,20,1.22,4.5,57,43,1.74,2.1,54,46,1.71,2.25,70,5,25,1.615,13.0,2.3,84,16,1.14,5.5,76,24,1.285,3.5,65,35,1.73,2.2,54,46,2.12,2.0,,,,Regular Season,,35263447,https://www.footymetrics.com/fixtures/35263447-super-league-chengdu-rongcheng-tianjin-jinmen-tiger,62,21,17,2026-10-09,
2026-10-10,11:35,China,Super League,Matchday 27,Shanghai Shenhua,Yunnan Yukun,8,4,WWLWL,WLDWW,NS,,,,Under 4.5,73,1.67,,total_goals,54,24,23,1.56,5.0,5.1,61.8,19.3,18.9,103.7,77,47,76,1.2,2.43,1.18,82,18,1.05,11.0,63,38,1.2,4.8,60,40,1.29,3.6,56,5,39,1.5,34.0,2.5,82,18,1.13,6.0,73,27,1.25,3.75,63,37,1.5,2.4,52,48,1.83,2.1,,,,Regular Season,,35263448,https://www.footymetrics.com/fixtures/35263448-super-league-shanghai-shenhua-yunnan-yukun,54,24,23,2026-10-09,
2026-10-10,13:00,Croatia,1. HNL,Matchday 9,Hajduk Split,Dinamo Zagreb,1,2,LWWWW,WDLWD,NS,,,,Over 1.5,79,1.2,,total_goals,32,28,41,3.0,3.6,2.15,31.0,25.8,43.2,107.6,59,68,73,1.67,1.36,1.29,79,21,1.2,4.5,58,42,1.67,2.15,59,41,1.57,2.3,46,7,48,2.05,13.0,1.8,64,36,1.615,2.2,52,48,2.0,1.73,41,59,2.75,1.4,31,70,3.75,1.25,I. Pajač,4.5,24.02,Regular Season,,35263406,https://www.footymetrics.com/fixtures/35263406-1.-hnl-hajduk-split-dinamo-zagreb,32,28,41,2026-10-09,
2026-10-10,16:00,Croatia,1. HNL,Matchday 9,Osijek,Istra 1961,3,6,DWLWL,LWDDL,NS,,,,Under 3.5,69,1.4,,total_goals,46,27,27,1.94,3.6,3.6,48.1,25.9,25.9,107.1,73,54,73,1.29,1.8,1.29,77,23,1.22,4.0,54,46,1.73,2.1,58,42,1.62,2.2,53,7,41,1.666,13.0,2.3,70,30,1.36,3.0,58,42,1.62,2.2,47,53,2.0,1.73,36,64,2.63,1.44,I. Vukančić,3.45,24.64,Regular Season,,35263408,https://www.footymetrics.com/fixtures/35263408-1.-hnl-osijek-istra-1961,46,27,27,2026-10-09,
2026-10-10,13:00,Czech Republic,Chance Liga,Matchday 10,Hradec Králové,SK Artis Brno,9,14,LWDWL,DLLWL,NS,,,,Under 3.5,71,1.4,,total_goals,42,26,32,1.46,4.33,6.5,64.0,21.6,14.4,107.0,68,58,74,1.13,2.7,1.2,76,25,1.22,4.0,52,48,1.73,2.1,55,45,1.91,1.91,48,7,45,1.444,13.0,3.0,74,26,1.46,3.0,63,37,1.76,2.2,52,48,2.2,1.67,41,59,2.71,1.4,T. Klíma,3.78,25.37,Regular Season,,35263458,https://www.footymetrics.com/fixtures/35263458-chance-liga-hradec-kralove-sk-artis-brno,42,26,32,2026-10-09,
2026-10-10,13:00,Czech Republic,Chance Liga,Matchday 10,Viktoria Plzeň,Mladá Boleslav,10,3,LLLDW,WLWWD,NS,,,,Under 4.5,73,1.28,,total_goals,48,23,29,1.48,4.6,6.25,64.2,20.6,15.2,105.3,71,52,77,1.15,2.63,1.22,85,15,1.13,6.5,65,35,1.45,2.75,65,35,1.6,2.4,57,4,40,1.444,19.0,2.75,74,26,1.22,4.0,64,36,1.4,3.2,53,47,1.73,2.29,42,58,2.1,1.8,O. Berka,3.81,26.29,Regular Season,,35263460,https://www.footymetrics.com/fixtures/35263460-chance-liga-viktoria-plzen-mlada-boleslav,48,23,29,2026-10-09,
2026-10-10,13:00,Czech Republic,Chance Liga,Matchday 10,Zbrojovka Brno,Jablonec,6,8,LWLWW,DLWLD,NS,,,,DC 1X,77,1.44,,double-chance,52,25,23,2.45,3.35,2.88,38.7,28.3,32.9,105.4,77,48,75,1.44,1.53,1.33,76,24,1.25,3.75,53,47,1.85,1.95,52,48,1.67,2.1,58,7,36,1.909,11.0,2.0,71,29,1.33,3.0,60,40,1.85,2.2,48,52,2.15,1.7,37,63,2.75,1.4,D. Vokoun,3.82,27.45,Regular Season,,35263459,https://www.footymetrics.com/fixtures/35263459-chance-liga-zbrojovka-brno-jablonec,52,25,23,2026-10-09,
2026-10-10,16:00,Czech Republic,Chance Liga,Matchday 10,Bohemians 1905,Baník Ostrava,12,11,LWLDD,DLLLW,NS,,,,Under 3.5,69,1.4,,total_goals,35,27,39,2.28,3.5,3.0,41.5,27.0,31.5,105.8,62,66,73,1.4,1.62,1.3,76,24,1.22,4.0,53,47,1.78,2.1,56,44,1.62,2.25,44,7,49,1.8,13.0,2.1,73,27,1.3,3.4,62,38,1.5,2.4,51,49,1.93,2.02,40,60,2.4,1.65,A. Trska,2.67,27.0,Regular Season,,35263543,https://www.footymetrics.com/fixtures/35263543-chance-liga-bohemians-1905-banik-ostrava,35,27,39,2026-10-09,
2026-10-10,11:00,Denmark,First Division,Matchday 10,Hillerød,Fredericia,9,3,DWDWL,DDWLD,NS,,,,Under 4.5,75,1.22,,total_goals,26,23,52,5.5,4.33,1.53,17.1,21.7,61.3,106.6,48,74,77,2.5,1.15,1.22,82,18,1.17,5.0,62,38,1.57,2.5,59,41,1.67,2.2,39,5,56,2.625,17.0,1.444,79,21,1.22,,69,31,,,58,42,1.67,2.1,46,54,2.1,,P. Gammelholm,3.05,20.78,Regular Season,,35263433,https://www.footymetrics.com/fixtures/35263433-first-division-hillerod-fredericia,26,23,52,2026-10-09,
2026-10-10,11:30,Denmark,First Division,Matchday 10,Esbjerg,Aalborg BK,12,5,LDLLL,DDWDL,NS,,,,DC 12,75,1.29,,double-chance,31,25,44,3.0,3.6,2.2,31.3,26.1,42.7,106.6,56,69,75,1.67,1.44,1.29,78,22,1.17,5.0,57,43,1.53,2.5,56,44,1.48,2.63,44,7,50,2.0,17.0,1.8,77,24,1.17,,66,34,,,55,45,,,44,56,1.83,1.83,,,,Regular Season,,35263446,https://www.footymetrics.com/fixtures/35263446-first-division-esbjerg-aalborg-bk,31,25,44,2026-10-09,
2026-10-10,16:30,Denmark,First Division,Matchday 10,Hobro,Kolding IF,6,10,LDLLW,DDLWD,NS,,,,Over 1.5,75,1.3,,total_goals,28,26,46,3.0,3.3,2.3,31.1,28.3,40.6,107.1,54,72,74,1.57,1.4,1.33,75,25,1.3,3.4,51,49,2.0,1.8,54,46,1.75,2.0,41,7,52,2.1,9.5,1.833,70,30,1.33,3.25,58,43,1.57,2.25,45,55,1.91,1.8,34,66,2.63,1.44,,,,Regular Season,,35263557,https://www.footymetrics.com/fixtures/35263557-first-division-hobro-kolding-if,28,26,46,2026-10-09,
2026-10-10,11:30,England,Championship,Matchday 9,Charlton,Bristol,9,8,LDDLD,WLLWW,NS,,,,Over 1.5,69,1.33,,total_goals,36,29,36,3.2,3.4,2.3,30.0,28.2,41.7,104.1,65,64,71,1.62,1.36,1.36,69,31,1.33,3.4,44,57,2.1,1.73,50,50,1.83,1.91,44,10,46,2.2,8.5,1.833,75,25,1.22,4.2,63,37,1.4,3.0,51,49,1.7,2.2,39,61,2.2,1.73,T. Reeves,3.9,21.3,Regular Season,,35263443,https://www.footymetrics.com/fixtures/35263443-championship-charlton-athletic-bristol-city,36,29,36,2026-10-09,
2026-10-10,11:30,England,Championship,Matchday 9,Swansea,Norwich,1,17,WWLDW,LLLWW,NS,,,,Under 3.5,68,1.44,,total_goals,46,25,29,2.32,3.5,3.2,41.9,27.8,30.4,102.9,71,54,75,1.4,1.62,1.29,78,22,1.22,4.33,54,46,1.73,2.1,58,42,1.57,2.28,56,6,39,1.833,13.0,2.05,74,26,1.29,3.5,62,38,1.5,2.45,49,51,1.91,1.92,37,63,2.55,1.58,A. Kitchen,3.4,23.2,Regular Season,,35263442,https://www.footymetrics.com/fixtures/35263442-championship-swansea-city-norwich-city,46,25,29,2026-10-09,
2026-10-10,11:30,England,Championship,Matchday 9,West Brom,Birmingham,5,10,LDWWD,DWLDD,NS,,,,Over 1.5,70,1.33,,total_goals,45,28,27,2.6,3.35,2.85,37.2,28.9,33.9,103.4,73,55,72,1.4,1.58,1.33,70,30,1.33,3.5,44,56,2.0,1.85,49,51,1.8,2.1,50,9,41,1.833,9.5,2.1,68,32,1.3,3.6,56,44,1.57,2.55,43,57,2.0,1.9,32,68,2.6,1.56,G. Ward,3.74,21.37,Regular Season,,35263441,https://www.footymetrics.com/fixtures/35263441-championship-west-bromwich-albion-birmingham-city,45,28,27,2026-10-09,
2026-10-10,14:00,England,Championship,Matchday 9,Blackburn,Cardiff,16,21,DWLLD,WLDLL,NS,,,,Under 3.5,69,1.53,,total_goals,30,26,45,2.7,3.75,2.5,35.7,25.7,38.6,103.7,56,70,74,1.53,1.48,1.29,77,23,1.2,4.8,54,47,1.63,2.3,56,44,1.53,2.45,41,6,53,1.952,15.0,1.833,73,28,1.17,5.0,62,38,1.3,3.6,51,50,1.52,2.55,40,60,1.83,1.91,T. Nield,3.86,23.22,Regular Season,,35263513,https://www.footymetrics.com/fixtures/35263513-championship-blackburn-rovers-cardiff-city,30,26,45,2026-10-09,
2026-10-10,14:00,England,Championship,Matchday 9,Bolton,Stoke,15,7,WWLLL,WWDWW,NS,,,,DC 1X,75,1.5,,double-chance,50,25,25,2.71,3.4,2.6,35.2,28.1,36.7,104.8,75,50,75,1.5,1.48,1.32,77,23,1.29,3.8,54,46,1.91,1.95,55,45,1.67,2.2,55,6,39,2.0,11.0,1.909,81,19,1.38,3.2,71,29,1.66,2.3,59,41,2.06,1.78,47,53,2.71,1.44,T. Kirk,4.35,21.71,Regular Season,,35263512,https://www.footymetrics.com/fixtures/35263512-championship-bolton-wanderers-stoke-city,50,25,25,2026-10-09,
2026-10-10,14:00,England,Championship,Matchday 9,Derby,Wrexham,22,14,DLLLW,WLDDW,NS,,,,Over 1.5,69,1.3,,total_goals,31,28,41,2.88,3.4,2.55,33.6,28.5,37.9,103.3,59,69,72,1.5,1.44,1.36,69,31,1.3,3.5,43,57,2.0,1.8,47,53,1.78,2.0,48,10,43,2.0,9.0,1.952,77,23,1.14,5.0,66,34,1.3,4.0,54,46,1.5,2.88,42,58,1.85,2.1,M. Donohue,4.2,22.95,Regular Season,,35263511,https://www.footymetrics.com/fixtures/35263511-championship-derby-county-wrexham,31,28,41,2026-10-09,
2026-10-10,14:00,England,Championship,Matchday 9,Middlesbrough,Wolves,3,4,DDWLW,WLWDL,NS,,,,Under 3.5,68,1.53,,total_goals,54,23,23,2.2,3.7,3.1,43.4,25.8,30.8,104.7,77,46,77,1.4,1.67,1.29,77,23,1.2,4.8,54,46,1.63,2.3,53,47,1.54,2.4,61,6,32,1.8,15.0,2.05,84,16,1.18,4.6,75,25,1.33,3.33,64,36,1.55,2.4,53,47,1.95,1.85,F. Hallam,3.74,22.97,Regular Season,,35263510,https://www.footymetrics.com/fixtures/35263510-championship-middlesbrough-wolverhampton-wanderers,54,23,23,2026-10-09,
2026-10-10,14:00,England,Championship,Matchday 9,Preston,Millwall,23,11,DLLWL,DDLLW,NS,,,,Under 3.5,72,1.4,,total_goals,29,26,45,3.0,3.5,2.43,32.3,27.7,39.9,103.1,55,71,74,1.57,1.43,1.33,75,25,1.25,4.0,51,50,1.83,2.0,55,46,1.67,2.2,44,7,49,2.05,11.0,1.833,83,17,1.17,4.8,73,27,1.3,3.3,62,38,1.56,2.45,51,49,1.91,1.93,B. Speedie,2.69,21.31,Regular Season,,35263509,https://www.footymetrics.com/fixtures/35263509-championship-preston-north-end-millwall,29,26,45,2026-10-09,
2026-10-10,14:00,England,Championship,Matchday 9,Sheff Utd,Lincoln,18,12,LLLWL,LWWLD,NS,,,,Over 1.5,79,1.33,,total_goals,40,25,35,2.15,3.4,3.6,44.9,28.4,26.8,103.7,65,60,75,1.3,1.71,1.31,79,21,1.33,3.6,57,43,2.0,1.86,58,42,1.82,2.1,53,6,42,1.8,9.5,2.25,79,22,1.18,4.8,69,32,1.33,3.33,57,43,1.55,2.4,46,54,1.86,1.85,J. Smith,3.98,22.19,Regular Season,,35263508,https://www.footymetrics.com/fixtures/35263508-championship-sheffield-united-lincoln-city,40,25,35,2026-10-09,
2026-10-10,14:00,England,Championship,Matchday 9,Watford,Burnley,20,24,LLWLL,DLDLD,NS,,,,DC 1X,75,1.57,,double-chance,49,26,25,2.9,3.5,2.4,32.9,27.3,39.8,104.7,75,51,74,1.57,1.4,1.3,74,26,1.25,4.0,49,51,1.8,2.0,52,48,1.65,2.2,57,8,36,2.1,12.0,1.8,77,23,1.25,3.9,66,34,1.44,2.88,54,46,1.75,2.1,42,58,2.2,1.65,A. Madley,4.25,21.17,Regular Season,,35263507,https://www.footymetrics.com/fixtures/35263507-championship-watford-burnley,49,26,25,2026-10-09,
2026-10-10,11:30,England,Enterprise National League,Matchday 13,Altrincham,Aldershot Town,6,10,LWWWW,LLWLD,NS,,,,Under 3.5,68,1.53,,total_goals,44,24,32,1.85,3.8,3.75,50.5,24.6,24.9,107.0,68,56,76,1.29,1.91,1.25,78,22,1.17,5.0,55,45,1.57,2.35,58,42,1.57,2.4,53,6,42,1.615,17.0,2.25,74,26,1.22,4.0,63,37,1.4,2.75,51,49,1.67,2.1,40,60,2.1,1.666,M. Woods,3.56,5.53,Regular Season,,35263445,https://www.footymetrics.com/fixtures/35263445-enterprise-national-league-altrincham-aldershot-town,44,24,32,2026-10-09,
2026-10-10,11:30,England,Enterprise National League,Matchday 13,Carlisle United,Kidderminster Harriers,14,8,WWLLD,DLLDW,NS,,,,Under 4.5,75,1.2,,total_goals,57,22,20,1.48,4.33,5.67,62.4,21.3,16.3,108.3,80,43,78,1.14,2.5,1.2,82,18,1.18,4.8,63,37,1.6,2.3,61,39,1.75,2.05,62,5,33,1.444,15.0,2.75,77,23,1.18,,67,33,,,57,43,,2.25,46,54,2.0,1.8,S. Stockbridge,3.97,23.32,Regular Season,,35263444,https://www.footymetrics.com/fixtures/35263444-enterprise-national-league-carlisle-united-kidderminster-harriers,57,22,20,2026-10-09,
2026-10-10,14:00,England,Enterprise National League,Matchday 13,AFC Hornchurch,Eastleigh,12,17,LWLWL,LDLWL,NS,,,,Under 3.5,73,1.4,,total_goals,56,24,20,2.05,3.5,3.25,45.1,26.4,28.5,108.1,80,44,76,1.33,1.73,1.28,73,27,1.22,4.0,49,51,1.73,2.1,48,52,1.65,2.25,61,7,32,1.727,13.0,2.2,75,26,1.22,,63,37,,,50,50,,2.1,38,62,2.1,1.67,N. Hair,3.86,24.14,Regular Season,,35263518,https://www.footymetrics.com/fixtures/35263518-enterprise-national-league-afc-hornchurch-eastleigh,56,24,20,2026-10-09,
2026-10-10,14:00,England,Enterprise National League,Matchday 13,Boston United,Southend United,20,3,LDLWD,WDLWW,NS,,,,Under 4.5,78,1.28,,total_goals,19,21,60,3.6,4.0,1.8,25.6,23.1,51.3,108.3,40,81,79,2.0,1.27,1.23,81,19,1.13,6.5,60,41,1.44,2.75,55,45,1.45,2.63,31,5,64,2.25,21.0,1.615,78,22,1.22,,68,32,,,56,44,1.73,2.0,45,55,2.1,,C. Walchester,4.11,21.58,Regular Season,,35263520,https://www.footymetrics.com/fixtures/35263520-enterprise-national-league-boston-united-southend-united,19,21,60,2026-10-09,
2026-10-10,14:00,England,Enterprise National League,Matchday 13,Fylde,Scunthorpe United,7,21,LLWLW,LWLLW,NS,,,,Under 4.5,70,1.4,,total_goals,47,22,31,1.75,4.33,3.8,53.6,21.7,24.7,106.6,69,53,78,1.29,2.0,1.22,86,14,1.1,7.5,69,32,1.33,3.4,66,34,1.36,3.0,53,3,44,1.615,26.0,2.2,78,22,1.25,,67,33,,,56,44,1.8,1.91,44,56,2.25,,D. Baines,3.35,21.54,Regular Season,,35263521,https://www.footymetrics.com/fixtures/35263521-enterprise-national-league-fylde-scunthorpe-united,47,22,31,2026-10-09,
2026-10-10,14:00,England,Enterprise National League,Matchday 13,Halifax Town,Gateshead,13,24,WDLDW,LLLLL,NS,,,,DC 12,80,1.2,,double-chance,64,20,16,1.4,4.75,7.5,67.5,19.9,12.6,105.8,84,36,80,1.11,3.0,1.2,84,16,1.18,4.8,64,36,1.65,2.25,58,42,1.85,1.85,65,4,31,1.4,13.0,3.1,75,25,1.2,,63,37,,,51,49,,,39,62,2.0,1.73,L. Smith,3.8,27.2,Regular Season,,35263519,https://www.footymetrics.com/fixtures/35263519-enterprise-national-league-halifax-town-gateshead,64,20,16,2026-10-09,
2026-10-10,14:00,England,Enterprise National League,Matchday 13,Tamworth,Barrow,18,9,WWLWL,WWWWL,NS,,,,DC 1X,75,1.53,,double-chance,50,24,26,2.63,3.6,2.36,35.1,25.7,39.2,108.2,75,50,76,1.53,1.48,1.27,79,21,1.18,4.8,57,43,1.62,2.25,58,42,1.57,2.4,54,5,41,1.952,15.0,1.909,73,27,,,63,38,,,51,49,,,40,60,,,A. Farmer,4.36,16.09,Regular Season,,35263517,https://www.footymetrics.com/fixtures/35263517-enterprise-national-league-tamworth-barrow,50,24,26,2026-10-09,
2026-10-10,14:00,England,Enterprise National League,Matchday 13,Wealdstone,Yeovil Town,19,4,LDWLL,WDWWD,NS,,,,DC 1X,77,1.57,,double-chance,55,22,23,2.71,3.6,2.35,34.4,25.9,39.7,107.2,77,45,78,1.57,1.53,1.29,80,20,1.18,4.8,58,42,1.6,2.3,57,43,1.53,2.4,62,5,33,1.909,15.0,1.909,67,34,,,55,46,1.73,2.0,43,58,2.2,,32,69,,,C. Jones,3.0,27.0,Regular Season,,35263516,https://www.footymetrics.com/fixtures/35263516-enterprise-national-league-wealdstone-yeovil-town,55,22,23,2026-10-09,
2026-10-10,14:00,England,Enterprise National League,Matchday 13,Woking,Harrogate Town,15,2,WLWDD,WWWLL,NS,,,,Under 3.5,72,1.4,,total_goals,42,26,33,3.0,3.6,2.2,31.3,26.1,42.7,106.6,67,59,75,1.67,1.44,1.28,76,24,1.22,4.0,52,49,1.73,2.1,55,46,1.62,2.25,50,7,44,2.0,13.0,1.833,73,27,1.18,4.5,62,38,1.33,3.25,50,50,1.57,2.25,38,62,1.909,1.8,A. Dale,2.85,12.62,Regular Season,,35263515,https://www.footymetrics.com/fixtures/35263515-enterprise-national-league-woking-harrogate-town,42,26,33,2026-10-09,
2026-10-10,14:00,England,Enterprise National League,Matchday 13,Worthing,Solihull Moors,5,23,WDWWW,LWLLW,NS,,,,Under 4.5,78,1.3,,total_goals,49,23,28,1.68,4.33,4.0,55.3,21.5,23.2,107.6,72,51,77,1.23,2.05,1.22,82,18,1.13,6.5,60,40,1.44,2.88,61,39,1.45,2.75,55,5,40,1.571,21.0,2.375,73,27,1.14,5.5,62,38,1.29,3.5,51,49,1.5,2.5,40,60,1.8,1.909,M. Norton,6.5,0.0,Regular Season,,35263514,https://www.footymetrics.com/fixtures/35263514-enterprise-national-league-worthing-solihull-moors,49,23,28,2026-10-09,
2026-10-10,16:30,England,Enterprise National League,Matchday 13,Forest Green Rovers,Hartlepool United,16,22,DDLDW,LLLLL,NS,,,,DC 12,80,1.25,,double-chance,63,20,18,1.64,4.0,4.5,56.4,23.1,20.5,108.2,83,37,80,1.2,2.2,1.25,85,15,1.17,5.0,66,34,1.57,2.35,60,40,1.62,2.25,65,4,31,1.533,17.0,2.5,86,14,1.18,,77,23,,,67,33,,,56,44,,,J. Oldham,4.29,22.95,Regular Season,,35263556,https://www.footymetrics.com/fixtures/35263556-enterprise-national-league-forest-green-rovers-hartlepool-united,63,20,18,2026-10-09,
2026-10-10,11:30,England,League One,Matchday 8,Notts County,Oxford Utd,20,10,LLDDW,DWWLW,NS,,,,Under 3.5,71,1.3,,total_goals,42,26,32,2.6,3.4,2.75,36.9,28.2,34.9,104.2,68,58,74,1.48,1.5,1.33,76,24,1.29,3.5,51,49,1.95,1.85,56,44,1.75,2.1,54,7,40,1.909,10.0,2.0,76,24,1.2,4.333,65,35,1.35,2.85,52,48,1.58,2.18,40,60,2.0,1.76,C. Brook,4.29,22.68,Regular Season,,35263440,https://www.footymetrics.com/fixtures/35263440-league-one-notts-county-oxford-united,42,26,32,2026-10-09,
2026-10-10,11:30,England,League One,Matchday 10,Plymouth,Wimbledon,1,9,WLWWW,DDWWL,NS,,,,DC 12,76,1.22,,double-chance,49,24,26,1.53,4.4,6.5,63.2,22.0,14.9,103.5,74,51,76,1.14,2.55,1.22,79,21,1.18,4.8,57,43,1.65,2.2,58,42,1.75,2.0,59,6,36,1.444,13.0,2.875,79,21,1.17,5.0,69,31,1.3,3.1,57,43,1.49,2.38,46,54,1.9,1.9,S. Parkinson,3.75,25.17,Regular Season,,35263439,https://www.footymetrics.com/fixtures/35263439-league-one-plymouth-argyle-afc-wimbledon,49,24,26,2026-10-09,
2026-10-10,14:00,England,League One,Matchday 9,Bradford,Leyton Orient,2,11,DWWWW,LWLLD,NS,,,,Under 3.5,68,1.33,,total_goals,46,25,28,1.73,4.0,4.9,56.0,24.2,19.8,103.2,72,54,75,1.2,2.1,1.29,76,24,1.29,3.8,53,47,1.9,1.91,57,43,1.85,1.95,57,7,37,1.571,11.0,2.6,69,31,1.22,4.0,57,43,1.44,2.75,46,54,1.73,2.1,35,65,1.98,1.7,D. Whitestone,3.38,22.24,Regular Season,,35263506,https://www.footymetrics.com/fixtures/35263506-league-one-bradford-city-leyton-orient,46,25,28,2026-10-09,
2026-10-10,14:00,England,League One,Matchday 9,Cambridge United,Blackpool,6,15,DDWDW,LDLLW,NS,,,,DC 1X,77,1.33,,double-chance,53,23,23,2.05,3.75,3.4,46.5,25.4,28.0,104.9,77,47,77,1.33,1.75,1.29,78,22,1.2,4.5,56,45,1.72,2.1,56,44,1.62,2.25,57,6,38,1.727,13.0,2.2,79,21,1.22,4.0,68,32,1.34,2.88,56,44,1.57,2.2,44,56,2.1,1.77,L. Sandoe,2.88,18.13,Regular Season,,35263505,https://www.footymetrics.com/fixtures/35263505-league-one-cambridge-united-blackpool,53,23,23,2026-10-09,
2026-10-10,14:00,England,League One,Matchday 10,Doncaster,Burton,21,8,WLLDD,LWDLD,NS,,,,Under 3.5,77,1.36,,total_goals,40,28,32,1.7,4.0,4.75,56.1,23.8,20.1,104.9,68,60,72,1.22,2.15,1.25,70,31,1.25,4.0,44,56,1.8,2.02,49,51,1.8,2.02,52,9,39,1.533,12.0,2.625,72,28,1.29,3.45,60,40,1.43,2.55,48,52,1.88,1.98,36,64,2.1,1.63,H. Blair,3.67,19.96,Regular Season,,35263504,https://www.footymetrics.com/fixtures/35263504-league-one-doncaster-rovers-burton-albion,40,28,32,2026-10-09,
2026-10-10,14:00,England,League One,Matchday 9,Huddersfield,Sheff Wed,3,4,WLDDW,DDWWW,NS,,,,Under 3.5,71,1.5,,total_goals,60,23,17,1.73,4.0,4.4,54.8,23.7,21.5,105.5,83,41,77,1.22,2.1,1.25,75,26,1.17,5.0,51,49,1.6,2.35,49,51,1.65,2.33,64,7,29,1.571,15.0,2.4,75,25,1.2,4.333,64,36,1.3,3.15,53,47,1.49,2.38,42,59,2.0,1.88,E. Duckworth,4.14,22.5,Regular Season,,35263503,https://www.footymetrics.com/fixtures/35263503-league-one-huddersfield-town-sheffield-wednesday,60,23,17,2026-10-09,
2026-10-10,14:00,England,League One,Matchday 9,Leicester,Peterborough,14,23,DWLWD,LLDDL,NS,,,,Under 4.5,76,1.3,,total_goals,55,22,23,1.61,4.5,5.0,59.5,21.3,19.2,104.3,77,45,78,1.2,2.3,1.22,82,18,1.11,7.0,61,39,1.4,3.0,61,39,1.5,2.75,63,5,32,1.5,21.0,2.5,81,19,1.11,6.5,72,28,1.29,3.2,62,38,1.48,2.43,52,49,1.76,1.92,S. Hooper,3.89,21.61,Regular Season,,35263502,https://www.footymetrics.com/fixtures/35263502-league-one-leicester-city-peterborough-united,55,22,23,2026-10-09,
2026-10-10,14:00,England,League One,Matchday 8,Mansfield,Bromley,17,19,DDLLW,WDLLL,NS,,,,Under 3.5,69,1.44,,total_goals,51,24,25,1.8,3.9,4.5,53.7,24.8,21.5,103.4,75,49,76,1.22,2.0,1.29,77,23,1.2,4.5,54,46,1.71,2.2,56,44,1.65,2.2,59,6,35,1.571,13.0,2.4,79,21,1.25,3.75,70,30,1.49,2.38,59,41,1.81,2.0,48,52,2.25,1.55,S. Mather,4.37,22.22,Regular Season,,35263501,https://www.footymetrics.com/fixtures/35263501-league-one-mansfield-town-bromley,51,24,25,2026-10-09,
2026-10-10,14:00,England,League One,Matchday 9,Milton Keynes Dons,Reading,22,7,DDDLD,DDWLL,NS,,,,Under 3.5,77,1.44,,total_goals,45,29,26,2.7,3.6,2.5,35.3,26.5,38.2,104.8,74,55,71,1.53,1.47,1.29,68,33,1.2,4.5,42,58,1.67,2.15,48,53,1.57,2.3,51,11,38,1.952,15.0,1.909,75,25,1.333,3.25,65,35,1.64,2.08,55,45,2.0,1.73,44,56,2.6,1.42,M. Corlett,4.83,23.8,Regular Season,,35263500,https://www.footymetrics.com/fixtures/35263500-league-one-milton-keynes-dons-reading,45,29,26,2026-10-09,
2026-10-10,14:00,England,League One,Matchday 8,Stevenage,Wigan,13,24,LWWDD,LDLWL,NS,,,,Over 1.5,71,1.36,,total_goals,44,27,29,2.1,3.3,3.6,45.1,28.7,26.3,105.7,71,56,73,1.3,1.7,1.36,71,29,1.36,3.1,46,54,2.2,1.67,51,49,1.95,1.86,52,8,40,1.8,8.0,2.375,76,24,1.3,3.5,64,36,1.42,2.6,52,48,1.95,2.02,40,60,2.07,1.64,A. Byrne,3.0,20.0,Regular Season,,35263499,https://www.footymetrics.com/fixtures/35263499-league-one-stevenage-wigan-athletic,44,27,29,2026-10-09,
2026-10-10,14:00,England,League One,Matchday 9,Stockport County,Barnsley,5,18,WDLWL,DDLLW,NS,,,,Under 4.5,74,1.3,,total_goals,55,22,24,1.46,5.0,7.0,66.6,19.5,13.9,102.8,76,45,78,1.13,2.88,1.18,83,17,1.11,6.5,63,37,1.41,2.88,62,38,1.57,2.3,64,4,32,1.4,21.0,2.75,84,16,1.13,6.0,75,25,1.22,3.65,64,36,1.38,2.75,53,47,1.62,2.12,M. Coy,2.96,21.38,Regular Season,,35263498,https://www.footymetrics.com/fixtures/35263498-league-one-stockport-county-barnsley,55,22,24,2026-10-09,
2026-10-10,14:00,England,League One,Matchday 9,Wycombe,Luton,12,16,DWWDL,LLDWL,NS,,,,DC 12,75,1.3,,double-chance,46,25,29,2.63,3.6,2.5,35.9,26.3,37.8,105.8,71,54,75,1.53,1.48,1.3,81,19,1.2,4.6,59,41,1.67,2.28,61,39,1.57,2.43,51,5,44,1.952,13.0,1.909,76,24,1.2,4.333,66,34,1.37,2.8,54,46,1.6,2.15,42,58,2.0,1.73,S. Oldham,3.38,20.43,Regular Season,,35263497,https://www.footymetrics.com/fixtures/35263497-league-one-wycombe-wanderers-luton-town,46,25,29,2026-10-09,
2026-10-10,11:30,England,League Two,Matchday 10,Oldham Athletic,Accrington Stanley,21,16,LLLLD,WDDLW,NS,,,,Under 3.5,74,1.4,,total_goals,46,27,28,1.7,4.0,5.0,56.7,24.1,19.3,103.8,72,54,73,1.2,2.2,1.25,73,27,1.23,4.0,47,53,1.8,2.05,52,48,1.77,2.0,50,8,43,1.533,12.0,2.625,78,22,1.25,3.75,67,33,1.444,2.625,54,46,1.78,2.03,42,58,2.06,1.65,B. Toner,4.06,24.66,Regular Season,,35263438,https://www.footymetrics.com/fixtures/35263438-league-two-oldham-athletic-accrington-stanley,46,27,28,2026-10-09,
2026-10-10,11:30,England,League Two,Matchday 10,Swindon Town,Crewe Alexandra,13,3,LDLLW,WDDDD,NS,,,,Under 3.5,72,1.4,,total_goals,38,26,36,2.6,3.5,2.6,36.5,27.1,36.5,105.5,64,62,74,1.5,1.5,1.3,75,25,1.22,4.0,50,50,1.75,2.1,55,45,1.57,2.25,47,7,46,1.952,13.0,1.909,79,21,1.17,5.0,69,31,1.3,3.4,57,43,1.68,2.02,46,54,2.07,1.9,J. O'Connor,3.37,21.0,Regular Season,,35263437,https://www.footymetrics.com/fixtures/35263437-league-two-swindon-town-crewe-alexandra,38,26,36,2026-10-09,
2026-10-10,14:00,England,League Two,Matchday 10,Bristol Rovers,Barnet,5,2,LWLLW,WWDDD,NS,,,,Under 3.5,69,1.44,,total_goals,41,26,33,2.29,3.7,3.0,42.0,26.0,32.0,104.0,67,59,74,1.4,1.67,1.29,77,23,1.2,4.5,54,46,1.7,2.1,57,43,1.58,2.25,47,6,47,1.8,13.0,2.1,74,26,1.29,3.5,63,37,1.5,2.5,52,48,1.85,1.95,41,59,2.2,1.57,T. Robinson,4.1,23.02,Regular Season,,35263496,https://www.footymetrics.com/fixtures/35263496-league-two-bristol-rovers-barnet,41,26,33,2026-10-09,
2026-10-10,14:00,England,League Two,Matchday 10,Cheltenham Town,Salford City,4,1,LWDWD,WWWDW,NS,,,,DC 12,78,1.29,,double-chance,24,22,53,4.0,3.8,1.92,24.2,25.5,50.4,103.4,47,76,78,1.91,1.27,1.29,81,19,1.2,4.33,59,41,1.7,2.12,60,40,1.62,2.23,31,5,64,2.375,13.0,1.615,76,24,1.29,3.5,65,35,1.5,2.5,53,48,1.88,1.93,41,60,2.18,1.58,D. Rock,4.01,24.38,Regular Season,,35263495,https://www.footymetrics.com/fixtures/35263495-league-two-cheltenham-town-salford-city,24,22,53,2026-10-09,
2026-10-10,14:00,England,League Two,Matchday 10,Crawley Town,Chesterfield,24,8,LLLDL,WLWWD,NS,,,,Under 3.5,70,1.53,,total_goals,25,25,50,4.75,4.2,1.65,20.0,22.6,57.5,105.5,50,75,75,2.2,1.18,1.25,76,24,1.17,5.2,52,49,1.57,2.4,55,45,1.58,2.25,42,7,51,2.5,17.0,1.533,75,25,1.18,4.5,63,37,1.333,3.25,51,49,1.58,2.18,39,61,2.0,1.8,B. Atkinson,5.07,22.38,Regular Season,,35263494,https://www.footymetrics.com/fixtures/35263494-league-two-crawley-town-chesterfield,25,25,50,2026-10-09,
2026-10-10,14:00,England,League Two,Matchday 10,Fleetwood Town,Walsall,18,7,LLLWD,DWDDD,NS,,,,Under 3.5,78,1.36,,total_goals,33,29,38,2.35,3.5,2.9,40.3,27.1,32.7,105.6,62,67,71,1.4,1.57,1.33,68,32,1.25,3.95,42,58,1.85,2.02,49,51,1.67,2.2,44,10,46,1.833,11.0,2.1,80,20,1.22,4.0,70,30,1.4,2.75,59,41,1.67,2.16,47,53,1.93,1.75,J. Robinson,4.24,18.0,Regular Season,,35263493,https://www.footymetrics.com/fixtures/35263493-league-two-fleetwood-town-walsall,33,29,38,2026-10-09,
2026-10-10,14:00,England,League Two,Matchday 10,Newport County,Colchester United,15,19,DWDDL,DDDLL,NS,,,,Under 3.5,75,1.36,,total_goals,35,27,38,2.7,3.5,2.5,35.1,27.1,37.9,105.6,62,65,73,1.5,1.47,1.3,72,28,1.25,3.8,46,54,1.87,1.95,52,48,1.68,2.2,45,8,47,1.952,11.0,1.909,74,26,1.33,3.25,63,37,1.571,2.25,52,48,2.0,1.8,41,59,2.38,1.49,O. Mackey,3.83,24.67,Regular Season,,35263492,https://www.footymetrics.com/fixtures/35263492-league-two-newport-county-colchester-united,35,27,38,2026-10-09,
2026-10-10,14:00,England,League Two,Matchday 10,Port Vale,Grimsby Town,23,9,LWLLD,LLWWD,NS,,,,Under 3.5,81,1.33,,total_goals,36,29,34,2.55,3.4,2.75,37.4,28.0,34.6,105.0,66,64,71,1.44,1.5,1.33,65,35,1.3,3.5,38,62,1.98,1.85,46,54,1.75,2.05,43,11,46,1.952,10.0,2.0,74,26,1.22,4.0,62,38,1.47,2.45,50,50,1.77,2.0,38,62,2.2,1.57,R. Martin,3.93,24.53,Regular Season,,35263491,https://www.footymetrics.com/fixtures/35263491-league-two-port-vale-grimsby-town,36,29,34,2026-10-09,
2026-10-10,14:00,England,League Two,Matchday 10,Rotherham,Gillingham,17,10,LDWDL,DLWWW,NS,,,,Under 3.5,78,1.3,,total_goals,38,27,35,1.91,3.5,4.0,49.4,27.0,23.6,105.9,65,62,73,1.25,1.91,1.3,69,31,1.29,3.75,43,57,1.95,1.92,48,52,1.8,2.0,46,9,45,1.615,10.0,2.5,71,29,1.29,3.5,59,41,1.5,2.5,47,53,1.9,2.08,35,65,2.0,1.68,W. Davis,2.57,21.43,Regular Season,,35263490,https://www.footymetrics.com/fixtures/35263490-league-two-rotherham-united-gillingham,38,27,35,2026-10-09,
2026-10-10,14:00,England,League Two,Matchday 10,Shrewsbury Town,Exeter City,14,20,WDDWL,WLDLD,NS,,,,Over 1.5,70,1.33,,total_goals,46,26,29,2.38,3.4,3.25,41.1,28.8,30.1,102.2,72,54,74,1.36,1.62,1.36,70,30,1.33,3.25,45,55,2.13,1.74,49,51,1.9,1.98,48,9,44,1.833,8.0,2.2,74,26,1.363,3.0,62,38,1.49,2.38,49,51,2.1,1.88,37,63,2.28,1.54,D. Brown,3.14,19.71,Regular Season,,35263489,https://www.footymetrics.com/fixtures/35263489-league-two-shrewsbury-town-exeter-city,46,26,29,2026-10-09,
2026-10-10,14:00,England,League Two,Matchday 10,Tranmere Rovers,Rochdale,12,11,LDDLW,WWWDL,NS,,,,Under 3.5,69,1.3,,total_goals,41,26,33,2.02,3.5,3.8,47.4,27.4,25.2,104.4,67,59,75,1.27,1.8,1.3,77,24,1.29,3.65,54,47,1.95,1.88,57,43,1.8,2.06,49,6,45,1.666,10.0,2.4,70,30,1.363,3.0,58,42,1.73,1.95,47,53,2.16,1.67,36,64,2.8,1.36,S. Gill,3.74,21.26,Regular Season,,35263488,https://www.footymetrics.com/fixtures/35263488-league-two-tranmere-rovers-rochdale,41,26,33,2026-10-09,
2026-10-10,14:00,England,League Two,Matchday 9,York City,Northampton,6,22,WLWDL,LLWDD,NS,,,,Over 1.5,80,1.25,,total_goals,67,19,14,1.67,4.0,5.0,57.1,23.8,19.1,104.9,86,33,81,1.18,2.15,1.25,80,20,1.25,4.1,59,41,1.8,2.04,51,49,1.83,2.05,69,5,26,1.533,12.0,2.625,74,26,1.22,4.0,63,37,1.4,2.75,52,48,1.73,2.0,41,60,2.07,1.64,M. Barlow,3.2,22.75,Regular Season,,35263487,https://www.footymetrics.com/fixtures/35263487-league-two-york-city-northampton-town,67,19,14,2026-10-09,
2026-10-10,11:30,England,Premier League,Matchday 6,Arsenal,Leeds,2,5,LWWWW,DWLDD,NS,,,,Under 3.5,71,1.36,,total_goals,68,20,12,1.4,5.0,8.0,68.7,19.2,12.0,103.9,88,32,80,1.1,3.0,1.18,75,25,1.29,3.8,51,49,1.8,2.0,45,55,2.2,1.68,70,7,24,1.363,12.0,3.25,77,23,1.3,3.6,66,34,1.57,2.55,55,45,1.91,1.91,43,57,2.55,1.57,P. Tierney,3.7,21.53,Regular Season,,35263436,https://www.footymetrics.com/fixtures/35263436-premier-league-arsenal-leeds-united,68,20,12,2026-10-09,
2026-10-10,14:00,England,Premier League,Matchday 6,Aston Villa,Brentford,16,4,WWLWD,WWDDD,NS,,,,DC 12,76,1.29,,double-chance,35,24,41,2.7,3.6,2.55,35.6,26.7,37.7,104.0,59,65,76,1.5,1.48,1.29,81,19,1.22,4.5,59,41,1.73,2.23,61,39,1.57,2.4,48,5,47,1.952,13.0,1.909,79,21,1.23,4.0,68,32,1.42,2.8,56,44,1.75,2.1,44,56,2.25,1.67,C. Pawson,3.94,22.49,Regular Season,,35263479,https://www.footymetrics.com/fixtures/35263479-premier-league-aston-villa-brentford,35,24,41,2026-10-09,
2026-10-10,14:00,England,Premier League,Matchday 6,Chelsea,Bournemouth,10,17,LDWLW,LWDWD,NS,,,,Under 3.5,68,1.67,,total_goals,49,27,25,1.7,4.33,4.6,56.7,22.3,21.0,103.7,75,51,73,1.2,2.2,1.22,76,25,1.14,5.5,53,47,1.5,2.63,56,44,1.53,2.55,60,7,32,1.533,19.0,2.4,81,19,1.19,5.0,72,28,1.33,3.33,61,39,1.57,2.4,50,50,1.91,1.91,S. Barrott,3.89,20.02,Regular Season,,35263478,https://www.footymetrics.com/fixtures/35263478-premier-league-chelsea-afc-bournemouth,49,27,25,2026-10-09,
2026-10-10,14:00,England,Premier League,Matchday 6,Ipswich,Fulham,11,19,LLWLL,DWDLL,NS,,,,Under 3.5,73,1.44,,total_goals,41,26,33,2.75,3.5,2.55,34.9,27.4,37.7,104.2,67,59,74,1.53,1.44,1.3,74,26,1.22,4.33,49,51,1.73,2.1,53,47,1.6,2.28,51,8,41,2.0,12.0,1.909,69,31,1.25,3.7,57,43,1.5,2.6,44,56,1.91,2.0,33,67,2.55,1.58,L. Smith,4.5,24.0,Regular Season,,35263477,https://www.footymetrics.com/fixtures/35263477-premier-league-ipswich-town-fulham,41,26,33,2026-10-09,
2026-10-10,14:00,England,Premier League,Matchday 6,Sunderland,Brighton,14,3,LWLWD,WWWDL,NS,,,,Under 3.5,69,1.4,,total_goals,33,25,42,3.0,3.55,2.3,31.8,26.8,41.4,105.0,59,67,75,1.62,1.38,1.29,77,23,1.25,4.0,54,46,1.8,2.0,56,44,1.64,2.25,46,6,48,2.1,12.0,1.8,74,26,1.34,3.33,63,37,1.6,2.4,51,49,2.0,1.8,40,60,2.6,1.45,T. Bramall,3.98,22.45,Regular Season,,35263476,https://www.footymetrics.com/fixtures/35263476-premier-league-sunderland-brighton-&-hove-albion,33,25,42,2026-10-09,
2026-10-10,16:30,England,Premier League,Matchday 6,Man United,Tottenham,12,20,DLLWD,LLDDL,NS,,,,Under 4.5,77,1.25,,total_goals,51,23,25,1.7,4.2,4.6,56.4,22.8,20.8,104.4,75,49,77,1.2,2.18,1.22,82,18,1.14,5.5,60,40,1.53,2.6,61,40,1.53,2.55,58,5,38,1.533,19.0,2.4,72,28,1.18,4.25,61,39,1.32,3.3,50,50,1.57,2.29,39,61,1.98,1.85,S. Attwell,4.06,20.78,Regular Season,,35263552,https://www.footymetrics.com/fixtures/35263552-premier-league-manchester-united-tottenham-hotspur,51,23,25,2026-10-09,
2026-10-10,15:00,Europe,UEFA Youth League,1st Round · 1st leg,Dinamo Tbilisi U19,Dinamo Minsk U19,,,LWWWW,LWLWL,NS,,,,,,,,,44,21,36,,,,,,,,65,56,79,,,,84,16,,,66,35,,,60,40,,,59,4,37,,,,84,16,,,77,23,,,69,31,,,61,39,,,M. Erceg,4.41,25.73,1st Round,,33519493,https://www.footymetrics.com/fixtures/33519493-uefa-youth-league-dinamo-tbilisi-u19-dinamo-minsk-u19,44,21,36,2026-10-09,
2026-10-10,14:00,Finland,Veikkausliiga,Relegation Round,TPS,Jaro,8,11,LLDDD,DDLLL,NS,,,,DC 12,76,1.3,,double-chance,49,24,27,2.0,3.3,3.4,45.6,27.6,26.8,109.7,73,51,76,1.285,1.666,1.3,80,20,1.25,3.75,57,43,1.85,1.95,57,43,1.75,2.0,55,6,39,1.727,11.0,2.25,77,24,1.285,3.5,66,34,1.5,2.5,54,46,1.833,1.833,43,57,2.375,1.533,,,,Relegation Round,,35263522,https://www.footymetrics.com/fixtures/35263522-veikkausliiga-tps-jaro,49,24,27,2026-10-09,
2026-10-10,16:00,Finland,Veikkausliiga,Relegation Round,Mariehamn,Ilves,12,9,LWLWW,WWWLL,NS,,,,Under 3.5,69,1.53,,total_goals,25,24,50,2.8,3.4,2.25,32.6,26.8,40.6,109.6,50,75,76,1.533,1.363,1.285,78,22,1.166,5.0,54,46,1.571,2.35,58,42,1.5,2.5,37,6,57,2.0,15.0,1.8,75,25,1.166,5.0,64,36,1.3,3.4,52,48,1.5,2.5,41,59,1.833,1.833,,,,Relegation Round,,35263547,https://www.footymetrics.com/fixtures/35263547-veikkausliiga-mariehamn-ilves,25,24,50,2026-10-09,
2026-10-10,15:15,France,Ligue 1,Matchday 6,Lille,Le Havre,4,18,LWLWD,LDLDL,NS,,,,Under 3.5,74,1.5,,total_goals,55,25,20,1.44,4.8,7.5,67.0,20.1,12.9,103.6,80,45,75,1.11,2.88,1.18,72,28,1.2,4.8,48,52,1.66,2.3,48,52,1.85,1.95,59,8,33,1.4,15.0,3.0,70,30,1.3,3.55,59,41,1.53,2.6,47,53,1.91,2.0,35,65,2.45,1.62,B. Dechepy,3.88,24.98,Regular Season,,35263533,https://www.footymetrics.com/fixtures/35263533-ligue-1-losc-lille-le-havre,55,25,20,2026-10-09,
2026-10-10,18:45,France,Ligue 1,Matchday 6,Brest,Angers,11,7,LLWDD,WDLWL,NS,,,,Under 3.5,75,1.44,,total_goals,38,27,35,2.0,3.7,3.75,48.2,26.1,25.7,103.7,66,62,73,1.28,1.85,1.29,72,28,1.22,4.33,47,53,1.79,2.1,52,48,1.67,2.2,49,8,43,1.666,13.0,2.25,70,30,1.29,3.7,58,42,1.5,2.6,46,54,1.88,1.95,35,65,2.4,1.57,E. Wattellier,3.14,20.77,Regular Season,,35263581,https://www.footymetrics.com/fixtures/35263581-ligue-1-brest-angers-sco,38,27,35,2026-10-09,
2026-10-10,18:45,France,Ligue 1,Matchday 6,Lorient,Paris,12,3,LDWLD,WDWWD,NS,,,,Under 3.5,70,1.33,,total_goals,39,26,35,3.3,3.4,2.25,29.1,28.2,42.7,104.2,65,61,74,1.67,1.35,1.33,76,24,1.3,3.6,52,48,1.94,1.91,56,44,1.75,2.1,48,7,45,2.2,10.0,1.8,70,30,1.48,2.7,57,43,1.83,2.04,45,55,2.37,1.67,33,67,3.25,1.38,J. Brisard,3.59,23.82,Regular Season,,35263580,https://www.footymetrics.com/fixtures/35263580-ligue-1-lorient-paris,39,26,35,2026-10-09,
2026-10-10,18:45,France,Ligue 1,Matchday 6,Monaco,Toulouse,1,13,WDWWW,WDLDL,NS,,,,Under 4.5,79,1.22,,total_goals,56,23,21,1.6,4.4,5.5,60.4,22.0,17.6,103.4,79,44,77,1.18,2.4,1.22,79,21,1.17,5.2,57,43,1.58,2.4,56,44,1.65,2.25,61,6,34,1.5,15.0,2.625,72,28,1.25,4.0,60,40,1.48,2.63,48,52,1.8,2.0,36,64,2.3,1.63,R. Buquet,3.89,23.54,Regular Season,,35263579,https://www.footymetrics.com/fixtures/35263579-ligue-1-monaco-toulouse,56,23,21,2026-10-09,
2026-10-10,18:45,France,Ligue 1,Matchday 6,PSG,Le Mans,6,9,WWWLD,WDDLD,NS,,,,Under 4.5,75,1.57,,total_goals,71,19,11,1.1,12.0,23.0,87.8,8.0,4.2,103.6,89,29,81,1.02,8.0,1.05,77,23,1.06,10.0,56,44,1.25,4.0,45,55,2.1,1.75,70,7,23,1.2,34.0,4.333,71,29,1.3,3.6,61,40,1.53,2.55,50,50,1.85,1.98,39,61,2.37,1.56,M. Vernice,4.17,26.92,Regular Season,,35263578,https://www.footymetrics.com/fixtures/35263578-ligue-1-paris-saint-germain-le-mans,71,19,11,2026-10-09,
2026-10-10,12:00,France,Ligue 2,Matchday 8,Clermont,Red Star,16,2,DDDDD,WWWLD,NS,,,,Under 3.5,79,1.3,,total_goals,24,30,46,3.65,3.45,2.0,25.8,27.2,47.0,106.4,54,76,70,1.75,1.29,1.33,67,33,1.3,3.55,42,59,2.0,1.85,47,53,1.83,2.02,34,11,55,2.3,8.5,1.727,66,34,1.4,2.75,54,46,1.73,2.05,42,58,2.06,1.63,31,69,2.65,1.38,T. LeProdhomme,3.16,27.89,Regular Season,,35263452,https://www.footymetrics.com/fixtures/35263452-ligue-2-clermont-red-star,24,30,46,2026-10-09,
2026-10-10,12:00,France,Ligue 2,Matchday 8,Nantes,Reims,15,3,WLWDL,DWDWW,NS,,,,Under 3.5,73,1.33,,total_goals,34,28,38,2.12,3.4,3.35,44.3,27.6,28.0,106.4,62,66,72,1.33,1.7,1.33,73,27,1.27,3.75,49,51,1.92,1.91,52,48,1.72,2.1,46,8,45,1.727,11.0,2.25,71,29,1.363,3.0,59,41,1.53,2.25,47,53,2.1,1.77,36,64,2.4,1.46,F. Benchabane,3.85,28.44,Regular Season,,35263451,https://www.footymetrics.com/fixtures/35263451-ligue-2-nantes-reims,34,28,38,2026-10-09,
2026-10-10,18:00,France,Ligue 2,Matchday 8,Saint-Étienne,Rodez,1,14,DLWWW,LLLDW,NS,,,,Under 4.5,73,1.28,,total_goals,59,22,19,1.42,5.0,7.0,67.3,19.1,13.6,104.7,81,41,78,1.11,3.0,1.2,83,17,1.13,6.5,63,37,1.44,2.75,61,39,1.67,2.2,64,4,32,1.4,21.0,2.875,75,25,1.2,4.333,65,35,1.363,3.0,54,46,1.5,2.33,43,57,2.0,1.86,P. Gaillouste,3.62,25.43,Regular Season,,35263569,https://www.footymetrics.com/fixtures/35263569-ligue-2-saint-etienne-rodez,59,22,19,2026-10-09,
2026-10-10,11:00,Germany,2. Bundesliga,Matchday 7,Darmstadt 98,Energie Cottbus,18,7,LWLLW,DWDLL,NS,,,,Under 4.5,77,1.33,,total_goals,42,24,34,2.28,4.0,2.88,42.3,24.1,33.5,103.6,67,58,76,1.4,1.62,1.25,81,19,1.11,7.0,60,40,1.4,3.0,61,39,1.36,3.0,53,5,42,1.8,21.0,1.952,78,22,1.14,5.5,68,32,1.3,3.5,57,43,1.56,2.5,47,54,1.9,2.0,J. Hasmann,1.5,16.0,Regular Season,,35263432,https://www.footymetrics.com/fixtures/35263432-2.-bundesliga-darmstadt-98-energie-cottbus,42,24,34,2026-10-09,
2026-10-10,11:00,Germany,2. Bundesliga,Matchday 7,Magdeburg,Hannover 96,6,10,DWLWW,WLDWW,NS,,,,Under 4.5,72,1.33,,total_goals,31,23,46,2.5,4.0,2.48,38.0,23.7,38.3,105.3,54,69,77,1.53,1.53,1.25,85,15,1.1,7.5,66,34,1.36,3.2,64,36,1.36,3.3,45,4,52,1.833,23.0,1.833,74,26,1.17,5.0,63,37,1.35,3.0,52,48,1.61,2.28,41,59,2.0,1.95,S. Stegemann,4.87,22.71,Regular Season,,35263431,https://www.footymetrics.com/fixtures/35263431-2.-bundesliga-magdeburg-hannover-96,31,23,46,2026-10-09,
2026-10-10,11:00,Germany,2. Bundesliga,Matchday 7,Osnabrück,Dynamo Dresden,11,17,DLWLW,LDLLW,NS,,,,DC 12,78,1.3,,double-chance,32,22,46,2.65,3.7,2.4,35.5,25.4,39.1,106.4,54,68,78,1.55,1.5,1.3,81,19,1.17,5.5,61,39,1.54,2.4,59,41,1.45,2.63,39,5,57,1.909,17.0,1.833,79,22,1.14,5.5,69,31,1.3,3.5,58,42,1.52,2.5,47,54,1.83,1.98,F. Exner,4.54,23.77,Regular Season,,35263430,https://www.footymetrics.com/fixtures/35263430-2.-bundesliga-osnabruck-dynamo-dresden,32,22,46,2026-10-09,
2026-10-10,18:30,Germany,2. Bundesliga,Matchday 7,Nürnberg,Wolfsburg,2,4,WWDWD,WLDWD,NS,,,,Over 2.5,70,1.41,,total_goals,49,22,29,2.65,3.8,2.5,36.3,25.3,38.4,104.1,71,51,78,1.53,1.53,1.27,87,13,1.11,7.0,70,30,1.41,3.0,68,32,1.36,3.0,58,3,39,1.833,23.0,1.833,86,14,1.14,5.5,78,22,1.285,3.5,69,31,1.49,2.55,59,41,1.8,1.95,L. Erbst,4.07,25.34,Regular Season,,35263576,https://www.footymetrics.com/fixtures/35263576-2.-bundesliga-nurnberg-vfl-wolfsburg,49,22,29,2026-10-09,
2026-10-10,13:30,Germany,Bundesliga,Matchday 5,Augsburg,Bayern München,4,2,LDWWW,WWWDW,NS,,,,1X2 2,68,1.2,,1x2,14,18,68,12.0,9.0,1.2,8.1,10.8,81.1,102.8,32,86,82,5.0,1.06,1.07,82,18,1.04,13.0,63,37,1.14,5.5,53,47,1.48,2.8,27,5,67,3.25,34.0,1.333,77,23,1.18,4.5,68,32,1.33,3.2,59,41,1.56,2.43,49,51,1.91,1.92,Sven Jablonski,3.47,20.6,Regular Season,,35263471,https://www.footymetrics.com/fixtures/35263471-bundesliga-fc-augsburg-fc-bayern-munchen,14,18,68,2026-10-09,
2026-10-10,13:30,Germany,Bundesliga,Matchday 5,FC Union Berlin,Elversberg,17,7,LLLDW,DLWWW,NS,,,,Under 4.5,80,1.25,,total_goals,32,27,42,2.4,3.8,2.8,40.2,25.4,34.4,103.7,58,69,73,1.44,1.61,1.29,77,24,1.14,5.5,55,45,1.54,2.55,56,44,1.46,2.63,42,8,50,1.833,19.0,1.952,72,28,1.32,3.3,62,38,1.56,2.37,51,50,1.98,1.83,40,60,2.55,1.48,T. Reichel,3.75,25.02,Regular Season,,35263469,https://www.footymetrics.com/fixtures/35263469-bundesliga-fc-union-berlin-elversberg,32,27,42,2026-10-09,
2026-10-10,13:30,Germany,Bundesliga,Matchday 5,Hoffenheim,Hamburger SV,14,16,LLWLL,WLLLW,NS,,,,Under 4.5,71,1.33,,total_goals,51,22,27,1.44,5.25,7.0,67.6,18.5,13.9,102.8,73,49,78,1.12,2.85,1.18,85,15,1.11,7.0,66,34,1.4,3.0,64,36,1.6,2.4,56,4,40,1.4,23.0,2.75,75,25,1.2,4.6,65,35,1.38,3.2,54,46,1.64,2.3,43,57,2.02,1.83,H. Osmers,3.84,22.02,Regular Season,,35263472,https://www.footymetrics.com/fixtures/35263472-bundesliga-tsg-hoffenheim-hamburger-sv,51,22,27,2026-10-09,
2026-10-10,13:30,Germany,Bundesliga,Matchday 5,Mainz,Bayer Leverkusen,6,5,WLWDW,WWDWL,NS,,,,Under 4.5,80,1.3,,total_goals,37,25,39,3.0,3.85,2.2,31.8,24.8,43.4,104.8,61,63,76,1.67,1.4,1.25,79,21,1.13,6.5,57,43,1.45,2.88,58,42,1.4,3.0,46,6,49,2.0,21.0,1.727,69,31,1.29,4.0,58,42,1.4,2.75,46,54,1.88,2.06,35,65,2.2,1.67,M. Burda,4.5,22.8,Regular Season,,35263470,https://www.footymetrics.com/fixtures/35263470-bundesliga-fsv-mainz-05-bayer-04-leverkusen,37,25,39,2026-10-09,
2026-10-10,13:30,Germany,Bundesliga,Matchday 5,Paderborn,VfB Stuttgart,12,15,WLLDW,LLWWL,NS,,,,GG,69,1.44,,btts,38,23,39,5.0,4.5,1.6,19.1,21.2,59.7,104.7,61,62,77,2.3,1.18,1.2,87,13,1.1,7.5,70,30,1.36,3.3,69,31,1.44,2.88,47,3,50,2.5,26.0,1.5,81,20,1.25,3.7,71,29,1.45,2.65,61,39,1.75,2.02,50,50,2.29,1.64,F. Zwayer,4.1,22.18,Regular Season,,35263468,https://www.footymetrics.com/fixtures/35263468-bundesliga-paderborn-vfb-stuttgart,38,23,39,2026-10-09,
2026-10-10,16:30,Germany,Bundesliga,Matchday 5,RB Leipzig,Frankfurt,9,10,LWLLW,DWLDW,NS,,,,Under 4.5,68,1.5,,total_goals,57,20,23,1.57,4.8,5.0,60.9,19.9,19.1,104.5,77,43,80,1.18,2.45,1.18,86,14,1.08,8.0,69,32,1.29,3.75,65,35,1.4,3.2,62,3,35,1.5,29.0,2.5,78,22,1.25,4.2,69,31,1.4,3.0,60,40,1.73,2.2,50,51,2.06,1.75,D. Siebert,4.09,22.17,Regular Season,,35263554,https://www.footymetrics.com/fixtures/35263554-bundesliga-rb-leipzig-eintracht-frankfurt,57,20,23,2026-10-09,
2026-10-10,16:30,Greece,Super League,Matchday 6,AEK Athens,OFI,3,4,WDWWD,DWWWL,NS,,,,Over 1.5,84,1.14,,total_goals,72,16,11,1.27,6.25,12.0,76.4,15.5,8.1,103.1,89,28,84,1.06,4.0,1.14,84,16,1.14,5.5,65,35,1.5,2.6,49,51,2.0,1.75,78,4,18,1.285,17.0,3.6,71,29,1.47,2.6,61,40,1.8,2.0,50,50,2.28,1.56,40,60,2.9,1.32,G. Kokkinos,6.0,25.83,Regular Season,,35263559,https://www.footymetrics.com/fixtures/35263559-super-league-aek-athens-ofi,72,16,11,2026-10-09,
2026-10-10,16:30,Greece,Super League,Matchday 6,Asteras Tripolis,Atromitos,12,11,DDLLL,LDDLL,NS,,,,Over 1.5,69,1.4,,total_goals,34,29,38,2.45,3.2,3.0,38.7,29.6,31.6,105.4,62,67,71,1.4,1.57,1.36,69,31,1.4,2.88,43,57,2.3,1.62,49,51,1.95,1.8,45,10,45,1.909,8.0,2.2,68,32,1.33,2.9,56,44,1.67,2.1,43,57,2.1,1.67,32,68,2.75,1.38,D. Moschou,5.0,30.0,Regular Season,,35263558,https://www.footymetrics.com/fixtures/35263558-super-league-asteras-tripolis-atromitos,34,29,38,2026-10-09,
2026-10-10,11:30,India,Indian Super League,,Bengaluru,Sporting Delhi,,,WWDDD,LDLDD,NS,,,,,,,,,56,25,19,,,,,,,,81,45,75,,,,73,28,,,48,52,,,49,52,,,65,9,26,,,,78,22,,,67,33,,,55,45,,,43,57,,,,,,Regular Season,,36305277,https://www.footymetrics.com/fixtures/36305277-indian-super-league-bengaluru-sporting-delhi,56,25,19,2026-10-09,
2026-10-10,14:00,India,Indian Super League,,Goa,Chennaiyin,,,LLDLW,LLLLD,NS,,,,,,,,,43,27,31,,,,,,,,69,57,73,,,,74,26,,,51,49,,,53,47,,,50,8,43,,,,69,31,,,58,42,,,46,54,,,35,65,,,,,,Regular Season,,36305355,https://www.footymetrics.com/fixtures/36305355-indian-super-league-goa-chennaiyin,43,27,31,2026-10-09,
2026-10-10,13:30,Iran,Persian Gulf Pro League,Matchday 8,Paykan,Shams Azar Qazvin,9,16,LWLDW,LLDWL,NS,,,,,,,,,42,38,21,,,,,,,,80,59,62,,,,48,53,,,22,78,,,32,68,,,50,22,29,,,,53,47,,,41,60,,,29,71,,,20,80,,,,,,Regular Season,,35263473,https://www.footymetrics.com/fixtures/35263473-persian-gulf-pro-league-paykan-shams-azar-qazvin,42,38,21,2026-10-09,
2026-10-10,16:00,Israel,Ligat ha'Al,Matchday 6,Hapoel Haifa,Maccabi Petah Tikva,7,8,LWDDD,LLLWW,NS,,,,Under 3.5,71,1.44,,total_goals,34,28,39,1.96,3.6,3.33,46.9,25.5,27.6,108.8,61,66,73,1.33,1.75,1.3,75,25,1.2,4.5,52,49,1.7,2.1,56,44,1.62,2.29,45,8,47,1.727,13.0,2.2,69,32,1.3,,57,43,1.53,2.375,45,55,1.95,1.85,34,66,2.5,1.5,,,,Regular Season,,35263542,https://www.footymetrics.com/fixtures/35263542-ligat-ha'al-hapoel-haifa-maccabi-petah-tikva,34,28,39,2026-10-09,
2026-10-10,16:00,Israel,Ligat ha'Al,Matchday 6,Ironi Tiberias,Hapoel Be'er Sheva,14,4,LDWLW,WDWLD,NS,,,,Under 4.5,80,1.22,,total_goals,18,23,60,7.0,4.75,1.36,13.1,19.3,67.5,108.9,41,82,77,3.0,1.1,1.18,78,22,1.17,5.0,56,44,1.53,2.5,55,45,1.75,2.1,31,6,63,3.0,17.0,1.363,67,33,1.3,,56,44,,2.375,45,55,1.83,1.83,35,65,,,,,,Regular Season,,35263541,https://www.footymetrics.com/fixtures/35263541-ligat-ha'al-ironi-tiberias-hapoel-be'er-sheva,18,23,60,2026-10-09,
2026-10-10,16:15,Israel,Ligat ha'Al,Matchday 6,Hapoel Petah Tikva,Maccabi Netanya,13,9,LLLWL,LLDWD,NS,,,,DC X2,75,1.25,,double-chance,25,25,50,4.0,3.7,1.73,22.8,24.6,52.6,109.8,50,75,75,2.0,1.25,1.25,78,22,1.2,4.33,56,44,1.7,2.1,56,45,1.67,2.1,38,7,56,2.5,13.0,1.571,69,31,,,57,43,,,44,56,,,33,67,,,,,,Regular Season,,35263549,https://www.footymetrics.com/fixtures/35263549-ligat-ha'al-hapoel-petah-tikva-maccabi-netanya,25,25,50,2026-10-09,
2026-10-10,16:15,Israel,Ligat ha'Al,Matchday 6,Ironi Kiryat Shmona,Hapoel Tel Aviv,12,3,LLLWL,WLWWD,NS,,,,Under 3.5,73,1.36,,total_goals,26,28,47,6.0,4.2,1.48,15.4,22.0,62.5,108.0,54,74,73,2.5,1.13,1.22,74,27,1.25,3.75,49,51,1.8,2.0,53,47,1.95,1.83,39,8,53,2.875,12.0,1.444,59,41,1.3,,47,53,,2.375,36,64,1.83,1.83,26,74,,,,,,Regular Season,,35263548,https://www.footymetrics.com/fixtures/35263548-ligat-ha'al-ironi-kiryat-shmona-hapoel-tel-aviv,26,28,47,2026-10-09,
2026-10-10,16:30,Israel,Ligat ha'Al,Matchday 6,Maccabi Tel Aviv,Bnei Sakhnin,1,10,WWWWD,WLLLD,NS,,,,Under 4.5,78,1.25,,total_goals,68,20,12,1.14,7.5,17.0,82.0,12.5,5.5,106.9,88,32,80,1.03,5.5,1.11,79,21,1.14,5.5,57,43,1.48,2.63,50,50,2.38,1.6,69,6,25,1.222,17.0,4.333,73,27,,,62,38,,,50,50,,,39,61,,,,,,Regular Season,,35263551,https://www.footymetrics.com/fixtures/35263551-ligat-ha'al-maccabi-tel-aviv-bnei-sakhnin,68,20,12,2026-10-09,
2026-10-10,13:00,Italy,Serie A,Matchday 6,Genoa,Fiorentina,19,17,LWDLL,DWWLL,NS,,,,Over 1.5,76,1.33,,total_goals,41,27,32,3.3,3.3,2.3,29.1,29.1,41.8,104.1,68,60,73,1.62,1.36,1.33,76,24,1.33,3.4,52,48,2.1,1.8,57,43,1.8,2.02,52,7,41,2.2,9.0,1.8,67,33,1.46,2.75,55,45,1.91,2.0,43,57,2.3,1.6,32,68,3.3,1.35,F. Maresca,5.19,25.88,Regular Season,,35263457,https://www.footymetrics.com/fixtures/35263457-serie-a-genoa-fiorentina,41,27,32,2026-10-09,
2026-10-10,16:00,Italy,Serie A,Matchday 6,Inter,Parma,2,15,DWLWW,WLDLL,NS,,,,Under 4.5,74,1.36,,total_goals,77,16,8,1.13,9.0,21.0,84.8,10.6,4.6,104.4,92,23,84,1.03,6.0,1.08,79,21,1.11,7.5,57,43,1.36,3.3,43,58,2.25,1.67,79,5,16,1.222,23.0,4.0,83,17,1.26,3.75,74,26,1.45,2.71,64,36,1.8,2.05,52,48,2.25,1.62,K. Bonacina,3.24,25.76,Regular Season,,35263538,https://www.footymetrics.com/fixtures/35263538-serie-a-inter-parma,77,16,8,2026-10-09,
2026-10-10,18:45,Italy,Serie A,Matchday 6,Napoli,Frosinone,9,6,DWLLL,WDWDW,NS,,,,Under 3.5,69,1.73,,total_goals,45,26,30,1.44,4.8,7.0,66.4,19.9,13.7,104.6,71,55,74,1.13,2.8,1.18,77,23,1.14,5.5,54,46,1.5,2.63,56,44,1.68,2.2,55,6,39,1.4,19.0,2.875,75,25,1.2,4.0,64,36,1.36,3.0,52,48,1.65,2.2,41,59,2.05,1.75,E. Feliciani,2.9,23.1,Regular Season,,35263577,https://www.footymetrics.com/fixtures/35263577-serie-a-napoli-frosinone,45,26,30,2026-10-09,
2026-10-10,13:00,Italy,Serie B,Matchday 6,Benevento,Cesena,9,7,WWLDL,DDDWD,NS,,,,Under 3.5,73,1.36,,total_goals,44,28,28,1.91,3.6,4.1,50.1,26.6,23.3,104.5,73,56,72,1.25,1.95,1.3,74,26,1.25,4.0,49,51,1.85,1.95,52,48,1.7,2.1,54,8,38,1.666,11.0,2.375,70,30,1.22,3.75,58,42,1.48,2.71,46,54,1.79,2.0,35,65,2.23,1.6,M. Ferrieri Caputi,4.47,31.27,Regular Season,,35263467,https://www.footymetrics.com/fixtures/35263467-serie-b-benevento-cesena,44,28,28,2026-10-09,
2026-10-10,13:00,Italy,Serie B,Matchday 6,Empoli,Palermo,12,1,LLWLW,WDWWW,NS,,,,Under 3.5,78,1.36,,total_goals,33,29,38,3.6,3.6,1.97,26.1,26.1,47.7,106.3,62,67,71,1.83,1.28,1.3,69,31,1.22,4.0,43,57,1.8,2.0,49,51,1.7,2.1,44,10,47,2.3,12.0,1.666,72,28,1.33,3.75,60,40,1.57,2.71,48,52,1.87,2.05,37,63,2.63,1.6,L. Marinelli,4.84,28.93,Regular Season,,35263466,https://www.footymetrics.com/fixtures/35263466-serie-b-empoli-palermo,33,29,38,2026-10-09,
2026-10-10,13:00,Italy,Serie B,Matchday 6,Südtirol,Ascoli,2,5,WLDWD,WLWDW,NS,,,,Over 1.5,72,1.34,,total_goals,44,26,30,2.45,3.2,3.0,38.7,29.6,31.6,105.4,71,56,74,1.4,1.53,1.36,72,28,1.34,3.4,48,52,2.12,1.8,51,49,1.82,2.0,50,8,41,1.909,9.5,2.1,62,38,1.36,2.9,50,50,1.67,2.23,39,62,2.1,1.77,29,72,2.9,1.47,N. Turrini,3.2,24.47,Regular Season,,35263465,https://www.footymetrics.com/fixtures/35263465-serie-b-sudtirol-ascoli,44,26,30,2026-10-09,
2026-10-10,13:00,Italy,Serie B,Matchday 6,Virtus Entella,Juve Stabia,14,18,DWDLL,DDLWL,NS,,,,Over 1.5,68,1.36,,total_goals,46,29,25,2.07,3.25,4.0,46.4,29.6,24.0,104.1,75,54,71,1.25,1.8,1.38,68,32,1.36,3.25,42,58,2.2,1.7,47,53,1.95,1.85,53,11,37,1.727,8.5,2.375,68,32,1.3,3.2,56,44,1.56,2.35,44,56,2.0,1.85,33,67,2.55,1.54,M. Drigo,2.33,24.33,Regular Season,,35263464,https://www.footymetrics.com/fixtures/35263464-serie-b-virtus-entella-juve-stabia,46,29,25,2026-10-09,
2026-10-10,15:15,Italy,Serie B,Matchday 6,Vicenza,Pisa,16,10,LDDLW,DLLWW,NS,,,,DC 1X,77,1.62,,double-chance,50,27,23,3.05,3.4,2.3,31.0,27.8,41.1,105.7,77,50,73,1.62,1.4,1.33,70,30,1.26,4.0,46,54,1.87,2.0,46,54,1.66,2.2,57,10,33,2.05,12.0,1.833,71,29,1.22,4.0,60,40,1.44,2.9,48,52,1.71,2.1,37,63,2.12,1.67,D. Di Marco,4.37,28.46,Regular Season,,35263534,https://www.footymetrics.com/fixtures/35263534-serie-b-vicenza-pisa,50,27,23,2026-10-09,
2026-10-10,17:30,Italy,Serie B,Matchday 6,Arezzo,Cremonese,13,15,LWLLW,DDWWL,NS,,,,Over 1.5,77,1.33,,total_goals,35,26,39,3.0,3.2,2.4,31.4,29.4,39.2,106.2,61,65,74,1.57,1.36,1.36,77,23,1.33,3.25,54,46,2.1,1.7,57,43,1.91,2.0,45,7,48,2.1,8.5,1.909,67,33,1.67,2.28,55,45,2.2,1.77,44,56,3.0,1.47,34,66,4.2,1.18,A. Zanotti,4.0,29.5,Regular Season,,35263567,https://www.footymetrics.com/fixtures/35263567-serie-b-arezzo-cremonese,35,26,39,2026-10-09,
2026-10-10,15:30,Ivory Coast,Ligue 1,Matchday 3,Bouake,San-Pedro,,,LWDLL,WLDDD,NS,,,,,,,,,,,,,,,,,,,,,,,,,,,,,,,,,,,,,,,,,,,,,,,,,,,,,,,,,,,,,,Regular Season,,38078922,https://www.footymetrics.com/fixtures/38078922-ligue-1-bouake-san-pedro,,,,,
2026-10-10,18:00,Ivory Coast,Ligue 1,Matchday 3,ASEC Mimosas,AFAD,,,DLWDL,DLWWW,NS,,,,,,,,,,,,,,,,,,,,,,,,,,,,,,,,,,,,,,,,,,,,,,,,,,,,,,,,,,,,,,Regular Season,,38078961,https://www.footymetrics.com/fixtures/38078961-ligue-1-asec-mimosas-afad,,,,,
2026-10-10,05:00,Japan,J1 League,Matchday 9,Cerezo Osaka,Yokohama F. Marinos,11,7,DLDWL,WDWDL,NS,,,,Under 3.5,72,1.44,,total_goals,46,26,28,2.25,3.6,3.15,42.7,26.7,30.5,104.0,72,54,74,1.38,1.66,1.29,75,26,1.2,4.5,50,50,1.7,2.23,53,47,1.62,2.33,54,7,39,1.8,13.0,2.05,76,25,1.18,4.5,65,35,1.333,3.25,53,47,1.61,2.08,42,59,2.0,1.83,,,,Regular Season,,35263422,https://www.footymetrics.com/fixtures/35263422-j1-league-cerezo-osaka-yokohama-f.-marinos,46,26,28,2026-10-09,
2026-10-10,06:00,Japan,J1 League,Matchday 9,Avispa Fukuoka,Fagiano Okayama,18,9,LLDLL,LWWWL,NS,,,,Over 1.5,74,1.41,,total_goals,35,25,40,3.0,3.2,2.48,31.8,29.8,38.4,104.9,60,65,75,1.53,1.36,1.36,74,26,1.41,2.88,50,50,2.32,1.6,54,46,1.95,1.8,44,7,49,2.2,7.5,1.909,72,28,1.5,2.33,60,40,2.0,1.81,48,52,2.38,1.48,36,64,3.75,1.25,,,,Regular Season,,35263423,https://www.footymetrics.com/fixtures/35263423-j1-league-avispa-fukuoka-fagiano-okayama,35,25,40,2026-10-09,
2026-10-10,06:00,Japan,J1 League,Matchday 9,FC Tokyo,Urawa Reds,5,10,WWWDW,WLWWW,NS,,,,DC 12,77,1.25,,double-chance,50,23,27,1.67,4.0,5.0,57.1,23.8,19.1,104.9,74,50,77,1.2,2.2,1.25,81,19,1.18,4.8,59,41,1.65,2.25,60,40,1.62,2.2,60,5,35,1.533,15.0,2.5,66,34,1.4,2.6,55,46,1.73,2.0,43,57,2.14,1.58,33,67,3.0,1.363,,,,Regular Season,,35263424,https://www.footymetrics.com/fixtures/35263424-j1-league-fc-tokyo-urawa-reds,50,23,27,2026-10-09,
2026-10-10,10:00,Japan,J1 League,Matchday 9,Kyoto Sanga,Machida Zelvia,14,4,WLLLD,LWDWW,NS,,,,Under 3.5,72,1.33,,total_goals,28,26,46,3.9,3.5,2.0,24.6,27.4,48.0,104.2,54,72,74,1.91,1.29,1.29,74,26,1.25,3.8,50,51,1.85,1.95,53,47,1.75,2.1,41,7,52,2.375,12.0,1.666,72,28,1.444,2.625,62,39,1.73,2.0,50,50,2.5,1.571,39,61,3.25,1.333,,,,Regular Season,,35263426,https://www.footymetrics.com/fixtures/35263426-j1-league-kyoto-sanga-machida-zelvia,28,26,46,2026-10-09,
2026-10-10,01:00,Mexico,Liga MX,Apertura,Puebla,León,9,5,LDLWL,WDWLD,NS,,,,Under 3.5,71,1.33,,total_goals,30,25,45,2.95,3.35,2.5,32.7,28.8,38.6,103.7,55,70,75,1.61,1.4,1.33,75,25,1.29,3.75,51,50,1.95,1.91,55,45,1.7,2.1,44,7,49,2.05,10.0,1.909,78,22,1.23,4.5,68,33,1.42,3.1,56,44,1.71,2.3,44,56,2.12,1.83,J. Camacho Peregrina,4.35,21.82,Apertura,,35263418,https://www.footymetrics.com/fixtures/35263418-liga-mx-puebla-leon,30,25,45,2026-10-09,
2026-10-10,03:00,Mexico,Liga MX,Apertura,Tigres UANL,Toluca,15,1,WLDDD,DLWWW,NS,,,,Under 3.5,76,1.44,,total_goals,44,28,28,2.88,3.6,2.35,33.1,26.4,40.5,105.1,72,56,72,1.6,1.4,1.29,70,30,1.22,4.1,45,55,1.7,2.1,50,50,1.62,2.25,52,10,38,2.0,13.0,1.833,72,28,1.22,3.67,60,40,1.41,2.67,48,53,1.73,2.0,36,64,2.14,1.61,D. Quintero Huittrón,4.77,24.06,Apertura,,35263420,https://www.footymetrics.com/fixtures/35263420-liga-mx-tigres-uanl-toluca,44,28,28,2026-10-09,
2026-10-10,23:00,Mexico,Liga MX,Apertura,Juárez,Tijuana,18,8,LWLLL,LDLWL,NS,,,,Under 3.5,69,1.36,,total_goals,44,26,31,3.1,3.45,2.38,31.2,28.1,40.7,103.3,70,56,75,1.67,1.4,1.33,77,23,1.25,4.0,54,46,1.85,2.0,58,42,1.67,2.16,54,6,40,2.05,11.0,1.833,74,26,1.25,3.4,62,38,1.47,2.5,50,50,2.0,1.93,38,62,2.3,1.58,J. Lopez Valle,4.68,22.63,Apertura,,35263589,https://www.footymetrics.com/fixtures/35263589-liga-mx-juarez-tijuana,44,26,31,2026-10-09,
2026-10-10,23:00,Mexico,Liga MX,Apertura,Querétaro,Atlante,4,14,WDWWL,WDLDD,NS,,,,Under 3.5,72,1.4,,total_goals,39,26,35,2.1,3.5,3.6,45.8,27.5,26.7,104.0,65,61,74,1.3,1.78,1.33,76,24,1.22,4.0,51,49,1.76,2.05,56,44,1.67,2.2,46,7,48,1.727,12.0,2.2,71,29,1.24,3.67,60,40,1.43,2.6,49,51,1.74,1.96,38,62,2.2,1.73,J. Vizcarra Armenta,4.33,22.75,Apertura,,35263419,https://www.footymetrics.com/fixtures/35263419-liga-mx-queretaro-atlante,39,26,35,2026-10-09,
2026-10-10,17:00,Morocco,Botola Pro,Matchday 3,Kawkab Marrakech,Ittihad Tanger,,,WLDDD,DWWLD,NS,,,,DC 1X,70,1.33,,double-chance,41,30,30,2.75,2.75,3.4,35.6,35.6,28.8,102.1,70,59,70,1.33,1.53,1.56,62,38,1.57,2.4,36,65,2.7,1.44,44,56,2.25,1.75,48,13,40,,,,42,58,,,31,69,,,22,78,,,15,85,,,,,,Regular Season,,37629920,https://www.footymetrics.com/fixtures/37629920-botola-pro-kawkab-marrakech-ittihad-tanger,41,30,30,2026-10-09,
2026-10-10,19:00,Morocco,Botola Pro,Matchday 3,Amal Tiznit,Difaâ El Jadida,,,WL,LLLDD,NS,,,,DC 1X,76,1.35,,double-chance,47,29,24,2.37,2.88,3.1,38.6,31.8,29.5,109.2,76,53,71,1.35,1.53,1.38,64,36,1.53,2.4,38,62,2.7,1.44,43,57,2.2,1.65,55,13,32,,,,46,54,,,34,66,,,25,76,,,17,83,,,,,,Regular Season,,37629943,https://www.footymetrics.com/fixtures/37629943-botola-pro-amal-tiznit-difaa-el-jadida,47,29,24,2026-10-09,
2026-10-10,14:30,Netherlands,Eredivisie,Matchday 8,Go Ahead Eagles,Sparta Rotterdam,9,12,DDDLW,LLDLD,NS,,,,Under 4.5,74,1.33,,total_goals,52,23,25,1.75,4.2,4.33,54.9,22.9,22.2,104.0,75,48,77,1.25,2.05,1.25,82,18,1.11,7.0,62,38,1.4,3.0,61,39,1.44,2.88,56,5,39,1.571,23.0,2.3,83,17,1.14,5.5,74,26,1.29,3.9,64,37,1.5,2.8,52,48,1.8,2.05,J. Manschot,3.26,19.32,Regular Season,,35263527,https://www.footymetrics.com/fixtures/35263527-eredivisie-go-ahead-eagles-sparta-rotterdam,52,23,25,2026-10-09,
2026-10-10,16:45,Netherlands,Eredivisie,Matchday 8,Feyenoord,AZ Alkmaar,2,1,WWLWD,WLDWW,NS,,,,Under 4.5,74,1.3,,total_goals,54,21,25,1.8,4.2,4.1,53.5,22.9,23.5,103.8,76,46,79,1.25,1.98,1.25,84,16,1.11,6.5,64,37,1.4,2.88,62,38,1.41,2.88,61,4,36,1.571,23.0,2.25,81,19,1.15,4.4,71,29,1.3,3.9,60,40,1.52,2.5,49,51,1.83,2.0,D. Makkelie,3.13,21.61,Regular Season,,35263560,https://www.footymetrics.com/fixtures/35263560-eredivisie-feyenoord-az-alkmaar,54,21,25,2026-10-09,
2026-10-10,18:00,Netherlands,Eredivisie,Matchday 8,Fortuna Sittard,FC Twente,6,4,WLWWL,WWWDW,NS,,,,Under 4.5,75,1.33,,total_goals,18,21,61,6.5,5.0,1.44,14.7,19.1,66.2,104.8,39,83,79,2.88,1.13,1.17,80,20,1.1,7.0,59,41,1.36,3.1,55,45,1.53,2.43,30,5,64,2.75,23.0,1.4,82,18,1.16,4.3,73,27,1.3,3.7,62,38,1.52,2.5,50,50,1.9,2.0,R. Hensgens,3.33,22.18,Regular Season,,35263568,https://www.footymetrics.com/fixtures/35263568-eredivisie-fortuna-sittard-fc-twente,18,21,61,2026-10-09,
2026-10-10,19:00,Netherlands,Eredivisie,Matchday 8,Ajax,NEC Nijmegen,5,11,DWWLW,DLLDL,NS,,,,Under 4.5,69,1.44,,total_goals,67,17,16,1.33,6.0,8.5,72.6,16.1,11.4,103.6,84,33,83,1.09,3.6,1.14,85,15,1.08,8.0,66,34,1.3,3.6,60,40,1.57,2.4,73,3,24,1.363,29.0,3.0,78,22,1.3,3.1,68,32,1.53,2.5,56,44,2.03,1.87,45,55,2.38,1.53,S. Gözübüyük,3.68,22.38,Regular Season,,35263584,https://www.footymetrics.com/fixtures/35263584-eredivisie-ajax-nec-nijmegen,67,17,16,2026-10-09,
2026-10-10,14:00,Norway,Eliteserien,Matchday 22,Bodø / Glimt,Kristiansund,2,15,LWLWW,LLWDL,NS,,,,Over 2.5,72,1.14,,total_goals,80,12,7,1.08,12.0,23.0,88.0,7.9,4.1,105.3,93,20,88,1.02,9.0,1.05,87,13,1.03,15.0,72,28,1.14,5.5,50,50,1.91,1.95,79,3,18,1.2,34.0,4.333,86,14,1.07,9.0,79,21,1.14,5.5,70,30,1.22,3.75,59,41,1.4,2.71,S. Kringstad,4.23,25.69,Regular Season,,35263475,https://www.footymetrics.com/fixtures/35263475-eliteserien-bodo-glimt-kristiansund,80,12,7,2026-10-09,
2026-10-10,16:00,Norway,Eliteserien,Matchday 22,Rosenborg,Sandefjord,5,11,WWWLW,WLDDW,NS,,,,Under 4.5,70,1.3,,total_goals,61,20,19,1.38,5.33,7.0,68.7,17.8,13.5,105.5,81,39,80,1.11,3.1,1.17,86,15,1.11,6.5,67,33,1.4,2.9,62,39,1.62,2.23,60,4,37,1.363,21.0,3.0,79,21,1.1,7.0,70,30,1.18,4.5,60,40,1.29,3.33,50,50,1.5,2.4,C. Moen,3.89,20.56,Regular Season,,35263537,https://www.footymetrics.com/fixtures/35263537-eliteserien-rosenborg-sandefjord,61,20,19,2026-10-09,
2026-10-10,12:45,Poland,Ekstraklasa,Matchday 10,Cracovia Kraków,Zagłębie Lubin,14,7,LLLLW,LWWDD,NS,,,,Under 3.5,70,1.33,,total_goals,45,25,30,1.93,3.4,4.0,48.8,27.7,23.5,106.2,70,55,75,1.23,1.83,1.3,76,24,1.29,3.6,53,47,1.95,1.87,56,44,1.8,2.0,54,7,40,1.666,10.0,2.4,75,25,1.14,6.0,65,35,1.3,3.2,53,47,1.5,2.4,42,58,1.83,1.91,T. Marciniak,4.5,24.83,Regular Season,,35263454,https://www.footymetrics.com/fixtures/35263454-ekstraklasa-cracovia-krakow-zaglebie-lubin,45,25,30,2026-10-09,
2026-10-10,15:30,Poland,Ekstraklasa,Matchday 10,Śląsk Wrocław,Lech Poznań,15,3,LLLDD,WLLWW,NS,,,,Under 4.5,77,1.25,,total_goals,30,23,48,5.0,4.33,1.63,19.1,22.1,58.7,104.4,53,71,77,2.3,1.18,1.22,82,18,1.14,5.5,62,38,1.5,2.6,61,39,1.57,2.4,37,5,59,2.5,19.0,1.5,71,29,1.3,3.4,60,40,1.5,2.4,49,52,1.93,1.88,38,62,2.4,1.5,P. Gryckiewicz,4.8,28.4,Regular Season,,35263536,https://www.footymetrics.com/fixtures/35263536-ekstraklasa-slask-wroclaw-lech-poznan,30,23,48,2026-10-09,
2026-10-10,18:15,Poland,Ekstraklasa,Matchday 10,Jagiellonia Białystok,Górnik Zabrze,10,1,LLLWL,DWWWW,NS,,,,Under 3.5,73,1.4,,total_goals,45,27,28,2.45,3.5,2.8,38.8,27.2,34.0,105.1,72,55,73,1.44,1.52,1.31,75,26,1.22,4.25,50,50,1.73,2.1,54,46,1.62,2.28,53,8,39,1.909,13.0,1.952,62,38,1.3,3.0,50,50,1.54,2.4,38,62,1.93,1.88,28,72,2.4,1.5,W. Myć,3.9,26.97,Regular Season,,35263572,https://www.footymetrics.com/fixtures/35263572-ekstraklasa-jagiellonia-bialystok-gornik-zabrze,45,27,28,2026-10-09,
2026-10-10,14:30,Portugal,Liga Portugal,Matchday 8,Casa Pia,Santa Clara,17,4,WLDLL,DWWDW,NS,,,,Under 3.5,81,1.2,,total_goals,24,28,48,4.5,3.4,1.85,21.0,27.8,51.1,105.7,52,76,72,1.91,1.2,1.33,66,34,1.4,2.75,39,61,2.3,1.6,44,57,2.1,1.72,32,11,57,2.75,7.5,1.615,65,35,1.36,3.2,53,47,1.62,2.29,41,59,2.0,1.83,30,70,2.55,1.45,I. Vasilica,4.09,28.09,Regular Season,,35263528,https://www.footymetrics.com/fixtures/35263528-liga-portugal-casa-pia-santa-clara,24,28,48,2026-10-09,
2026-10-10,17:00,Portugal,Liga Portugal,Matchday 8,Marítimo,Porto,11,1,DLLLD,WWLWW,NS,,,,Under 3.5,72,1.33,,total_goals,15,22,63,12.0,5.5,1.33,8.2,17.9,73.9,101.7,37,85,78,3.45,1.08,1.17,74,26,1.25,3.75,50,50,1.85,2.04,46,54,2.25,1.67,29,7,64,3.75,11.0,1.333,54,46,1.53,2.4,42,58,1.95,1.85,31,69,2.4,1.5,22,78,3.15,1.29,J. Ferreira Gonçalves,5.33,27.08,Regular Season,,35263563,https://www.footymetrics.com/fixtures/35263563-liga-portugal-maritimo-porto,15,22,63,2026-10-09,
2026-10-10,19:30,Portugal,Liga Portugal,Matchday 8,Academico Viseu,Estoril,7,18,WWWLD,LLDLL,NS,,,,Under 3.5,71,1.33,,total_goals,42,27,31,2.4,3.5,3.0,40.2,27.6,32.2,103.6,69,58,73,1.4,1.58,1.32,75,25,1.25,3.75,51,49,1.91,1.9,54,46,1.73,2.05,53,7,40,1.833,11.0,2.1,55,46,1.36,2.9,42,58,1.67,2.1,31,69,2.1,1.68,22,78,2.55,1.42,C. Ruivo Pereira,4.91,25.7,Regular Season,,35263587,https://www.footymetrics.com/fixtures/35263587-liga-portugal-academico-viseu-estoril,42,27,31,2026-10-09,
2026-10-10,14:45,Qatar,Stars League,Matchday 5,Al Shahaniya,Lusail City,8,6,DLWLD,DWDL,NS,,,,Under 3.5,68,1.5,,total_goals,35,25,40,2.12,3.7,3.14,44.5,25.5,30.0,106.0,60,65,75,1.33,1.75,1.29,77,23,1.18,5.0,54,46,1.62,2.3,58,42,1.57,2.4,47,6,47,1.727,15.0,2.2,59,41,,,46,54,,,35,66,,,25,76,,,,,,Regular Season,,35263529,https://www.footymetrics.com/fixtures/35263529-stars-league-al-shahaniya-lusail-city,35,25,40,2026-10-09,
2026-10-10,17:00,Qatar,Stars League,Matchday 5,Al-Ahli Doha,Al Sailiya,9,12,LWDLW,LLLLL,NS,,,,Under 4.5,76,1.3,,total_goals,59,21,20,1.55,4.33,4.75,59.4,21.3,19.4,108.7,80,41,79,1.18,2.3,1.2,81,19,1.13,5.75,60,40,1.47,2.75,59,42,1.52,2.5,62,5,33,1.5,21.0,2.5,81,19,,,71,29,,2.1,59,41,2.1,,47,53,,,,,,Regular Season,,35263564,https://www.footymetrics.com/fixtures/35263564-stars-league-al-ahli-doha-al-sailiya,59,21,20,2026-10-09,
2026-10-10,14:15,Romania,Superliga,Matchday 11,Botoşani,UTA Arad,12,10,LDWDW,WLWWD,NS,,,,Under 3.5,73,1.4,,total_goals,39,28,34,2.33,3.6,2.85,40.6,26.3,33.2,105.8,66,61,72,1.44,1.57,1.3,73,27,1.24,4.0,48,52,1.83,2.08,55,45,1.66,2.2,50,7,42,1.833,12.0,2.05,68,32,1.34,2.88,56,44,1.58,2.55,44,56,1.95,1.95,34,66,2.48,1.56,,,,Regular Season,,35263523,https://www.footymetrics.com/fixtures/35263523-superliga-botosani-uta-arad,39,28,34,2026-10-09,
2026-10-10,18:30,Romania,Superliga,Matchday 11,FCSB,Otelul,11,14,LDLLL,LLLDW,NS,,,,Under 4.5,78,1.2,,total_goals,61,22,17,1.43,4.5,6.5,65.0,20.7,14.3,107.5,83,39,78,1.13,2.88,1.2,81,19,1.18,4.8,59,41,1.6,2.3,56,44,1.8,1.95,64,5,31,1.4,15.0,3.0,79,21,1.22,3.7,69,31,1.4,2.71,58,42,1.7,2.08,46,54,2.2,1.73,,,,Regular Season,,35263575,https://www.footymetrics.com/fixtures/35263575-superliga-fcsb-otelul,61,22,17,2026-10-09,
2026-10-10,13:50,Saudi Arabia,Pro League,Matchday 8,Al Hazm,NEOM SC,10,5,LWDDL,WWWLL,NS,,,,Under 3.5,72,1.36,,total_goals,25,27,48,4.4,3.9,1.75,21.5,24.3,54.2,105.5,52,75,73,2.1,1.25,1.25,74,26,1.22,4.0,50,51,1.73,2.1,53,47,1.7,2.1,35,8,57,2.5,12.0,1.615,74,26,1.56,2.29,62,38,2.0,1.75,50,51,2.71,1.44,37,63,3.25,1.25,,,,Regular Season,,35263474,https://www.footymetrics.com/fixtures/35263474-pro-league-al-hazm-neom-sc,25,27,48,2026-10-09,
2026-10-10,14:55,Saudi Arabia,Pro League,Matchday 8,Al Ettifaq,Al Khaleej,9,13,DDWLL,DDLLD,NS,,,,DC 12,75,1.27,,double-chance,33,25,41,2.05,3.6,3.4,46.0,26.2,27.8,106.0,59,67,75,1.32,1.73,1.27,80,20,1.2,4.4,58,42,1.7,2.2,60,40,1.62,2.35,46,6,48,1.666,13.0,2.25,68,33,1.29,3.55,56,44,1.56,2.6,45,56,1.95,2.02,34,66,2.55,1.63,,,,Regular Season,,35263530,https://www.footymetrics.com/fixtures/35263530-pro-league-al-ettifaq-al-khaleej,33,25,41,2026-10-09,
2026-10-10,18:00,Saudi Arabia,Pro League,Matchday 8,Al Hilal,Al Ittihad,1,2,WWLWW,DWWWD,NS,,,,Under 4.5,72,1.36,,total_goals,61,20,19,1.29,6.0,8.5,73.2,15.7,11.1,106.0,81,39,80,1.09,3.6,1.14,85,15,1.1,7.5,66,34,1.36,3.4,61,39,1.62,2.25,65,3,31,1.333,23.0,3.25,79,21,1.27,3.15,69,31,1.48,2.35,58,43,1.8,1.91,46,54,2.25,1.52,,,,Regular Season,,35263571,https://www.footymetrics.com/fixtures/35263571-pro-league-al-hilal-al-ittihad,61,20,19,2026-10-09,
2026-10-10,14:00,Scotland,Premiership,1st Phase,Dundee United,Hibernian,8,10,WDLWL,DLLLW,NS,,,,Under 3.5,76,1.53,,total_goals,28,28,45,2.7,3.6,2.5,35.3,26.5,38.2,104.8,56,72,72,1.55,1.46,1.29,70,30,1.2,4.5,45,55,1.67,2.23,49,51,1.53,2.55,42,9,49,1.952,15.0,1.833,78,22,1.13,5.5,68,32,1.25,3.6,57,43,1.44,2.6,47,54,1.75,2.04,D. Robertson,3.62,21.29,1st Phase,,35263485,https://www.footymetrics.com/fixtures/35263485-premiership-dundee-united-hibernian,28,28,45,2026-10-09,
2026-10-10,14:00,Scotland,Premiership,1st Phase,Falkirk,Dundee,11,4,DWDLL,WLDLW,NS,,,,DC 12,76,1.3,,double-chance,49,24,27,2.1,3.6,3.5,45.8,26.7,27.5,104.0,73,51,76,1.3,1.8,1.3,79,21,1.22,4.33,57,43,1.73,2.1,59,41,1.67,2.4,57,6,37,1.666,13.0,2.25,79,21,1.19,4.6,69,31,1.34,3.25,57,43,1.58,2.25,45,55,1.95,1.85,D. Dickinson,4.35,22.83,1st Phase,,35263484,https://www.footymetrics.com/fixtures/35263484-premiership-falkirk-dundee,49,24,27,2026-10-09,
2026-10-10,14:00,Scotland,Premiership,1st Phase,Hearts,St. Mirren,3,5,DLWWW,LLLWD,NS,,,,Under 3.5,68,1.61,,total_goals,55,23,21,1.45,5.0,6.25,65.7,19.1,15.2,105.0,79,45,77,1.14,2.8,1.18,78,22,1.17,5.5,55,46,1.53,2.6,54,46,1.73,2.12,57,6,37,1.4,19.0,2.75,75,25,1.21,3.8,65,35,1.37,2.8,54,46,1.6,2.15,43,57,1.94,2.0,N. Walsh,4.02,23.56,1st Phase,,35263483,https://www.footymetrics.com/fixtures/35263483-premiership-hearts-st.-mirren,55,23,21,2026-10-09,
2026-10-10,14:00,Scotland,Premiership,1st Phase,Rangers,Kilmarnock,2,12,WWWWW,DWDLL,NS,,,,Under 4.5,75,1.4,,total_goals,66,19,15,1.14,8.5,17.0,83.3,11.2,5.6,105.4,85,34,81,1.04,5.75,1.1,81,19,1.1,7.5,60,40,1.36,3.35,54,47,2.0,1.75,73,4,23,1.222,23.0,4.0,75,26,1.15,4.6,65,35,1.27,3.3,54,46,1.46,2.48,43,57,1.7,1.98,M. MacDermid,3.61,21.61,1st Phase,,35263482,https://www.footymetrics.com/fixtures/35263482-premiership-rangers-kilmarnock,66,19,15,2026-10-09,
2026-10-10,05:00,South Korea,K League 1,Matchday 31,Seoul,Jeju United,1,4,LLWLW,WDWDW,NS,,,,Under 3.5,74,1.4,,total_goals,46,27,27,1.55,4.2,5.5,60.6,22.4,17.1,106.5,73,54,73,1.17,2.38,1.25,74,26,1.22,4.1,50,50,1.73,2.1,53,47,1.8,1.95,53,8,39,1.5,12.0,2.625,71,29,1.3,3.4,60,41,1.53,2.375,47,53,1.95,1.85,36,64,2.5,1.5,,,,Regular Season,,35263421,https://www.footymetrics.com/fixtures/35263421-k-league-1-seoul-jeju-united,46,27,27,2026-10-09,
2026-10-10,07:30,South Korea,K League 1,Matchday 31,Gimcheon Sangmu,Anyang,10,9,WDDDL,WDLLD,NS,,,,Under 3.5,71,1.4,,total_goals,47,27,26,2.0,3.6,3.4,46.6,25.9,27.4,107.2,74,53,73,1.31,1.8,1.29,76,24,1.23,4.0,51,49,1.8,2.05,55,45,1.67,2.2,57,7,36,1.727,13.0,2.25,72,28,1.4,2.75,60,40,1.67,2.1,48,53,2.04,1.66,36,65,2.63,1.41,,,,Regular Season,,35263425,https://www.footymetrics.com/fixtures/35263425-k-league-1-gimcheon-sangmu-anyang,47,27,26,2026-10-09,
2026-10-10,12:00,Spain,La Liga,Matchday 8,Rayo Vallecano,Athletic Bilbao,12,10,DWLWL,DDWWL,NS,,,,Under 3.5,73,1.36,,total_goals,37,27,36,2.75,3.5,2.63,35.3,27.8,36.9,103.0,64,63,73,1.5,1.48,1.32,74,26,1.29,3.75,49,51,1.91,1.91,54,46,1.7,2.2,47,8,46,2.0,11.0,1.952,76,24,1.2,4.3,65,35,1.36,3.3,54,47,1.61,2.4,42,58,2.05,1.85,J. Sánchez Martínez,5.32,27.36,Regular Season,,35263453,https://www.footymetrics.com/fixtures/35263453-la-liga-rayo-vallecano-athletic-club,37,27,36,2026-10-09,
2026-10-10,14:15,Spain,La Liga,Matchday 8,Deportivo Alavés,Atlético de Madrid,6,2,DLLWW,WWWLL,NS,,,,Under 3.5,70,1.36,,total_goals,30,26,45,4.5,3.8,1.8,21.3,25.3,53.4,104.1,56,70,74,2.0,1.22,1.27,76,24,1.29,3.8,53,48,1.91,2.0,54,46,1.8,2.1,46,7,48,2.5,11.0,1.615,73,27,1.25,3.9,62,38,1.45,2.75,50,50,1.8,2.05,39,61,2.29,1.65,,,,Regular Season,,35263524,https://www.footymetrics.com/fixtures/35263524-la-liga-deportivo-alaves-atletico-de-madrid,30,26,45,2026-10-09,
2026-10-10,16:30,Spain,La Liga,Matchday 8,Barcelona,Getafe,1,11,WWWWW,WLDDL,NS,,,,NG,71,1.6,,btts,82,14,4,1.1,14.0,25.0,89.1,7.0,3.9,102.1,96,18,86,1.02,8.5,1.05,77,23,1.08,8.0,56,44,1.29,3.8,29,71,2.35,1.6,78,7,15,1.181,29.0,4.5,83,17,1.18,4.4,76,24,1.33,3.6,67,33,1.57,2.55,58,42,1.85,2.0,,,,Regular Season,,35263553,https://www.footymetrics.com/fixtures/35263553-la-liga-fc-barcelona-getafe,82,14,4,2026-10-09,
2026-10-10,19:00,Spain,La Liga,Matchday 8,Real Madrid,Villarreal,4,9,LWWWL,WWLLL,NS,,,,Under 4.5,72,1.5,,total_goals,65,19,16,1.36,5.8,7.0,70.0,16.4,13.6,105.1,84,35,81,1.11,3.1,1.14,83,17,1.08,8.0,63,37,1.29,3.8,56,44,1.48,2.63,64,4,31,1.4,34.0,2.75,81,20,1.17,4.8,72,28,1.33,3.4,62,38,1.57,2.4,51,49,1.95,1.95,,,,Regular Season,,35263585,https://www.footymetrics.com/fixtures/35263585-la-liga-real-madrid-villarreal,65,19,16,2026-10-09,
2026-10-10,14:15,Spain,La Liga 2,Matchday 9,Ceuta,Sabadell,21,7,DWDLL,DDWLW,NS,,,,Over 1.5,69,1.33,,total_goals,44,28,29,3.3,3.25,2.25,28.7,29.2,42.1,105.5,72,57,72,1.62,1.35,1.36,69,31,1.33,3.25,43,57,2.08,1.8,49,51,1.8,2.1,53,9,38,2.2,8.5,1.833,60,40,1.5,2.4,48,52,1.91,1.82,36,64,2.55,1.5,26,74,3.6,1.3,,,,Regular Season,,35263525,https://www.footymetrics.com/fixtures/35263525-la-liga-2-ceuta-sabadell,44,28,29,2026-10-09,
2026-10-10,16:30,Spain,La Liga 2,Matchday 9,Eldense,Córdoba,17,15,WLLWD,WLWLL,NS,,,,DC 12,75,1.29,,double-chance,43,25,32,2.38,3.7,2.75,39.9,25.6,34.5,105.4,68,57,75,1.44,1.57,1.29,80,20,1.18,4.9,58,42,1.6,2.35,60,40,1.5,2.5,53,6,41,1.833,15.0,1.952,72,28,1.22,4.0,61,39,1.4,2.71,49,51,1.75,2.02,38,62,2.2,1.66,,,,Regular Season,,35263555,https://www.footymetrics.com/fixtures/35263555-la-liga-2-eldense-cordoba,43,25,32,2026-10-09,
2026-10-10,19:00,Spain,La Liga 2,Matchday 9,Celta Fortuna,Real Sociedad II,18,16,LDLLW,LLLWD,NS,,,,Under 3.5,68,1.44,,total_goals,37,26,37,2.3,3.4,3.0,40.9,27.7,31.4,106.2,63,63,74,1.38,1.62,1.3,78,23,1.22,4.0,54,46,1.73,2.1,59,41,1.6,2.25,47,6,47,1.8,12.0,2.1,71,29,1.36,3.1,59,41,1.67,2.3,47,53,2.1,1.81,36,64,2.33,1.5,,,,Regular Season,,35263586,https://www.footymetrics.com/fixtures/35263586-la-liga-2-celta-fortuna-real-sociedad-ii,37,26,37,2026-10-09,
2026-10-10,13:00,Sweden,Allsvenskan,Matchday 23,AIK,Brommapojkarna,8,11,LDLDW,LLWLW,NS,,,,DC 12,75,1.28,,double-chance,48,25,27,1.91,3.8,3.9,50.2,25.2,24.6,104.3,73,53,75,1.29,1.89,1.28,81,20,1.18,4.8,58,42,1.6,2.3,60,41,1.57,2.4,57,5,37,1.666,15.0,2.25,78,22,1.18,4.5,68,32,1.33,3.1,57,43,1.6,2.35,46,55,1.95,1.88,A. Aganovic,3.79,22.36,Regular Season,,35263456,https://www.footymetrics.com/fixtures/35263456-allsvenskan-aik-brommapojkarna,48,25,27,2026-10-09,
2026-10-10,13:00,Sweden,Allsvenskan,Matchday 23,GAIS,Sirius,10,1,WLDWL,WWWLL,NS,,,,DC 12,75,1.3,,double-chance,44,25,31,2.48,3.5,2.75,38.3,27.1,34.5,105.3,69,56,75,1.44,1.53,1.3,79,21,1.22,4.1,57,44,1.73,2.1,58,42,1.62,2.25,57,6,38,1.909,13.0,2.0,76,24,1.22,4.0,66,34,1.37,3.2,55,45,1.62,2.4,44,56,2.1,1.83,V. Wolf,3.27,25.07,Regular Season,,35263455,https://www.footymetrics.com/fixtures/35263455-allsvenskan-gais-sirius,44,25,31,2026-10-09,
2026-10-10,15:30,Sweden,Allsvenskan,Matchday 23,Mjällby,Degerfors,12,14,LDDLL,LLWLL,NS,,,,DC 12,75,1.3,,double-chance,44,25,30,1.91,3.55,4.2,50.2,27.0,22.8,104.3,70,56,75,1.25,1.91,1.3,80,20,1.29,3.65,60,40,1.95,1.88,61,40,1.8,2.1,55,6,39,1.666,10.0,2.4,76,24,1.22,4.0,66,34,1.38,3.0,54,46,1.73,2.29,43,57,2.0,1.75,A. Ladebäck,2.94,23.38,Regular Season,,35263535,https://www.footymetrics.com/fixtures/35263535-allsvenskan-mjallby-degerfors,44,25,30,2026-10-09,
2026-10-10,16:00,Switzerland,Super League,Matchday 10,Lugano,Luzern,1,6,WWDWW,WLDWD,NS,,,,Under 4.5,74,1.36,,total_goals,49,23,28,1.6,4.6,5.0,60.0,20.9,19.2,104.2,72,51,77,1.2,2.3,1.2,82,18,1.1,7.5,62,38,1.36,3.2,61,39,1.43,2.88,55,5,40,1.533,26.0,2.4,75,25,1.2,4.333,65,35,1.41,3.2,54,46,1.7,2.29,43,57,2.08,1.75,A. Kanagasingam,4.77,23.23,Regular Season,,35263574,https://www.footymetrics.com/fixtures/35263574-super-league-lugano-luzern,49,23,28,2026-10-09,
2026-10-10,16:00,Switzerland,Super League,Matchday 10,Servette,Sion,8,3,LWWLL,DWWWW,NS,,,,DC 12,77,1.29,,double-chance,44,23,32,2.7,3.8,2.43,35.4,25.2,39.4,104.5,68,56,77,1.53,1.45,1.29,82,18,1.14,5.75,61,39,1.5,2.7,61,39,1.44,2.8,58,5,37,1.909,19.0,1.833,74,27,1.18,4.5,63,38,1.3,3.2,51,49,1.56,2.3,39,61,1.98,1.84,F. San,4.56,24.63,Regular Season,,35263540,https://www.footymetrics.com/fixtures/35263540-super-league-servette-sion,44,23,32,2026-10-09,
2026-10-10,16:00,Switzerland,Super League,Matchday 10,Zürich,Thun,7,9,DWDLW,WLLLD,NS,,,,Over 2.5,72,1.4,,total_goals,42,22,36,2.8,3.85,2.33,34.1,24.8,41.0,104.6,64,58,78,1.62,1.44,1.27,89,11,1.11,7.0,72,28,1.4,3.25,71,29,1.36,3.2,55,3,42,1.952,23.0,1.8,76,24,1.17,5.0,66,35,1.27,3.4,54,46,1.5,2.4,43,57,1.95,1.9,H. Qovanaj,4.5,16.0,Regular Season,,35263539,https://www.footymetrics.com/fixtures/35263539-super-league-zurich-thun,42,22,36,2026-10-09,
2026-10-10,10:30,Turkey,1. Lig,Matchday 9,Boluspor,Antalyaspor,20,8,LDLLL,WWLWL,NS,,,,Under 3.5,74,1.44,,total_goals,38,27,36,6.0,4.1,1.53,15.7,22.9,61.4,106.4,65,63,73,2.63,1.15,1.22,73,28,1.22,4.0,48,53,1.7,2.1,52,48,1.83,2.0,48,8,44,3.0,13.0,1.444,66,34,,,54,46,,,42,59,,,31,70,,,?. Gültekin,4.96,28.13,Regular Season,,35263429,https://www.footymetrics.com/fixtures/35263429-1.-lig-boluspor-antalyaspor,38,27,36,2026-10-09,
2026-10-10,13:00,Turkey,1. Lig,Matchday 9,Iğdır FK,Batman Petrolspor,3,4,DWWWW,LLWWW,NS,,,,Under 3.5,70,1.4,,total_goals,39,26,35,2.1,3.5,3.14,44.1,26.4,29.5,108.0,65,61,74,1.33,1.73,1.3,76,24,1.22,4.0,54,46,1.8,2.0,56,44,1.67,2.2,51,7,42,1.8,12.0,2.2,67,33,,,56,44,,,44,56,,,33,67,,,?. Güner,5.5,30.0,Regular Season,,35263463,https://www.footymetrics.com/fixtures/35263463-1.-lig-igdir-fk-batman-petrolspor,39,26,35,2026-10-09,
2026-10-10,16:00,Turkey,1. Lig,Matchday 9,Kayserispor,Manisa FK,1,13,WWWDL,LDLLD,NS,,,,Under 3.5,68,1.53,,total_goals,57,23,20,1.42,4.5,6.5,65.2,20.6,14.2,108.0,80,43,77,1.13,2.8,1.18,79,21,1.17,5.0,56,44,1.58,2.35,56,44,1.8,2.0,65,6,29,1.4,17.0,2.875,77,23,,,66,34,,,55,45,,,43,57,,,A. Akarsu,4.4,25.51,Regular Season,,35263546,https://www.footymetrics.com/fixtures/35263546-1.-lig-kayserispor-manisa-fk,57,23,20,2026-10-09,
2026-10-10,16:00,Turkey,1. Lig,Matchday 9,İstanbulspor,Esenler Erokspor,19,18,WLLLD,LDLDL,NS,,,,DC 12,75,1.29,,double-chance,30,25,45,3.5,3.6,1.95,26.5,25.8,47.6,107.6,55,70,75,1.8,1.3,1.29,80,20,1.22,4.0,58,42,1.73,2.1,59,41,1.67,2.2,41,6,54,2.3,12.0,1.666,71,29,,,59,41,,,47,54,,,35,65,,,R. Coşkunses,4.67,24.85,Regular Season,,35263545,https://www.footymetrics.com/fixtures/35263545-1.-lig-i̇stanbulspor-esenler-erokspor,30,25,45,2026-10-09,
2026-10-10,10:30,Turkey,Super Lig,Matchday 7,Gençlerbirliği,Amed SK,13,1,LLLDW,WWDWL,NS,,,,Over 1.5,78,1.23,,total_goals,32,26,42,3.2,3.6,2.23,30.1,26.7,43.2,103.9,58,68,74,1.7,1.36,1.33,78,22,1.23,4.0,56,44,1.78,2.05,58,42,1.63,2.25,40,6,54,2.1,12.0,1.8,66,34,1.33,2.95,55,45,1.57,2.2,44,56,1.98,1.83,34,66,2.4,1.48,?. Öztürk,5.26,25.84,Regular Season,,35263428,https://www.footymetrics.com/fixtures/35263428-super-lig-genclerbirligi-amed-sk,32,26,42,2026-10-09,
2026-10-10,13:00,Turkey,Super Lig,Matchday 7,Alanyaspor,Erzurumspor FK,5,14,WDWLW,WLWDL,NS,,,,Over 1.5,70,1.36,,total_goals,46,28,26,1.95,3.35,4.35,49.3,28.7,22.1,104.1,74,54,72,1.25,1.85,1.33,70,30,1.36,3.0,45,55,2.2,1.65,48,52,2.0,1.8,51,9,40,1.666,8.5,2.5,75,25,1.44,2.5,64,36,1.95,1.94,52,48,2.2,1.57,40,60,2.85,1.36,D. Çelik,4.75,25.2,Regular Season,,35263462,https://www.footymetrics.com/fixtures/35263462-super-lig-alanyaspor-erzurumspor-fk,46,28,26,2026-10-09,
2026-10-10,13:00,Turkey,Super Lig,Matchday 7,Samsunspor,Trabzonspor,16,7,LLLLW,WLWLL,NS,,,,DC 12,76,1.29,,double-chance,33,25,43,3.6,3.7,1.98,26.4,25.7,48.0,105.3,57,68,76,1.83,1.29,1.29,80,20,1.2,4.8,58,42,1.67,2.23,60,40,1.62,2.4,44,5,51,2.25,13.0,1.666,70,30,1.38,2.7,58,42,1.67,2.04,47,53,2.08,1.78,36,65,2.65,1.4,O. Çakır,4.36,26.77,Regular Season,,35263461,https://www.footymetrics.com/fixtures/35263461-super-lig-samsunspor-trabzonspor,33,25,43,2026-10-09,
2026-10-10,16:00,Turkey,Super Lig,Matchday 7,Rizespor,Fenerbahçe,9,6,DWLWL,WDDLW,NS,,,,DC 12,77,1.25,,double-chance,22,23,55,4.9,4.0,1.7,19.6,24.0,56.4,104.2,45,78,77,2.15,1.2,1.25,78,22,1.2,4.75,56,44,1.67,2.28,54,46,1.67,2.2,35,6,59,2.5,15.0,1.571,73,27,1.26,3.35,61,39,1.46,2.45,49,51,1.8,1.92,38,62,2.17,1.58,O. Ergün,5.21,25.33,Regular Season,,35263544,https://www.footymetrics.com/fixtures/35263544-super-lig-rizespor-fenerbahce,22,23,55,2026-10-09,
2026-10-10,10:00,Ukraine,Premier League,Matchday 7,Chornomorets,Metalist 1925 Kharkiv,14,5,DLDWL,WWWLL,NS,,,,Under 3.5,79,1.3,,total_goals,16,26,58,7.0,4.0,1.5,13.5,23.6,62.9,106.0,42,84,74,2.63,1.1,1.2,68,32,1.29,3.5,42,59,1.95,1.85,44,56,2.2,1.74,29,10,61,3.25,9.5,1.444,66,34,,,55,46,,,43,57,,,32,68,,,,,,Regular Season,,35263413,https://www.footymetrics.com/fixtures/35263413-premier-league-chornomorets-metalist-1925-kharkiv,16,26,58,2026-10-09,
2026-10-10,10:00,Ukraine,Premier League,Matchday 8,Kolos Kovalivka,Epitsentr Dunayivtsi,13,7,WLDDL,LLDWD,NS,,,,Over 1.5,71,1.36,,total_goals,31,27,42,2.1,3.0,3.33,42.9,30.0,27.1,111.0,58,70,73,1.27,1.63,1.32,71,29,1.36,3.0,47,53,2.25,1.62,50,50,1.91,1.8,42,9,49,1.8,7.5,2.375,64,36,,,52,48,1.6,2.2,40,61,2.05,1.7,29,71,2.71,1.4,,,,Regular Season,,35263414,https://www.footymetrics.com/fixtures/35263414-premier-league-kolos-kovalivka-epitsentr-dunayivtsi,31,27,42,2026-10-09,
2026-10-10,10:00,Ukraine,Premier League,Matchday 8,Obolon'-Brovar,Kryvbas Kryvyi Rih,15,12,DLLDD,LDLDW,NS,,,,Over 1.5,70,1.33,,total_goals,39,28,33,3.05,3.1,2.2,29.7,29.2,41.1,110.5,67,61,72,1.6,1.35,1.33,70,30,1.33,3.25,45,55,2.08,1.73,50,50,1.83,1.91,47,10,43,2.2,8.5,1.833,71,29,,,59,41,1.45,2.55,47,53,1.8,1.9,35,65,2.4,1.5,,,,Regular Season,,35263415,https://www.footymetrics.com/fixtures/35263415-premier-league-obolon'-brovar-kryvbas-kryvyi-rih,39,28,33,2026-10-09,
2026-10-10,17:00,United States,Major League Soccer,Matchday 28,Toronto,Montréal,13,15,LLLWD,WLLLL,NS,,,,Under 3.5,70,1.57,,total_goals,49,26,25,1.95,3.8,3.6,48.7,25.0,26.4,105.4,75,51,75,1.3,1.84,1.25,76,24,1.14,5.5,53,47,1.53,2.55,55,45,1.5,2.6,53,7,40,1.666,17.0,2.2,73,27,1.25,3.45,62,39,1.45,2.88,49,51,1.8,2.1,37,63,2.29,1.65,A. Chapman,3.21,17.42,Regular Season,,35263561,https://www.footymetrics.com/fixtures/35263561-major-league-soccer-toronto-cf-montreal,49,26,25,2026-10-09,
2026-10-10,18:30,United States,Major League Soccer,Matchday 28,Chicago,New York City,4,9,WWLLD,DLWLD,NS,,,,DC 12,76,1.25,,double-chance,49,24,27,1.85,3.9,4.2,52.2,24.8,23.0,103.5,73,51,76,1.26,2.0,1.25,81,19,1.17,5.2,59,41,1.57,2.35,60,40,1.53,2.4,62,5,33,1.571,17.0,2.375,68,32,1.3,3.2,56,44,1.65,2.4,44,56,2.1,1.87,34,66,2.88,1.55,B. Stevis,1.2,14.0,Regular Season,,35263573,https://www.footymetrics.com/fixtures/35263573-major-league-soccer-chicago-fire-new-york-city,49,24,27,2026-10-09,
2026-10-10,23:30,United States,Major League Soccer,Matchday 28,Atlanta United,Cincinnati,14,10,DWDLD,LDDLL,NS,,,,Under 4.5,76,1.3,,total_goals,44,24,32,2.55,4.0,2.65,38.5,24.5,37.0,102.0,68,56,76,1.5,1.58,1.27,83,17,1.11,7.0,63,37,1.4,3.0,64,37,1.36,3.0,53,4,42,1.833,21.0,1.833,78,22,1.2,4.25,68,32,1.33,3.1,56,44,1.6,2.33,44,56,2.0,1.85,F. Bazakos,4.63,24.88,Regular Season,,35263591,https://www.footymetrics.com/fixtures/35263591-major-league-soccer-atlanta-united-cincinnati,44,24,32,2026-10-09,
2026-10-10,23:30,United States,Major League Soccer,Matchday 28,Charlotte,Dallas,5,3,LWDWD,WDWWW,NS,,,,DC 12,76,1.29,,double-chance,42,25,34,2.3,3.8,2.9,41.7,25.2,33.1,104.3,66,58,76,1.42,1.65,1.29,80,20,1.17,5.5,58,42,1.57,2.4,60,40,1.5,2.55,52,5,43,1.8,17.0,2.0,75,25,1.18,4.0,65,35,1.33,3.0,54,46,1.6,2.25,44,56,2.05,1.8,D. Fischer,4.47,24.24,Regular Season,,35263596,https://www.footymetrics.com/fixtures/35263596-major-league-soccer-charlotte-dallas,42,25,34,2026-10-09,
2026-10-10,23:30,United States,Major League Soccer,Matchday 28,Inter Miami,DC United,3,11,LDDDD,DLDWD,NS,,,,Under 4.5,76,1.5,,total_goals,64,22,14,1.45,5.4,6.5,67.0,18.0,15.0,102.9,86,36,78,1.14,3.0,1.17,75,25,1.07,9.0,55,45,1.29,3.8,51,49,1.45,2.88,63,8,29,1.4,29.0,2.75,76,24,1.29,3.4,66,34,1.5,2.5,55,45,1.85,1.95,45,56,2.4,1.61,L. Szpala,4.2,23.27,Regular Season,,35263590,https://www.footymetrics.com/fixtures/35263590-major-league-soccer-inter-miami-dc-united,64,22,14,2026-10-09,
2026-10-10,23:30,United States,Major League Soccer,Matchday 28,New England,Seattle Sounders,2,7,LWWWL,WWWDD,NS,,,,Under 4.5,79,1.25,,total_goals,45,25,30,1.91,4.0,3.75,50.3,24.0,25.6,104.0,70,55,75,1.28,1.93,1.25,80,20,1.14,5.5,58,43,1.53,2.55,60,40,1.5,2.55,53,5,42,1.615,17.0,2.25,77,23,1.19,4.5,67,33,1.34,3.25,56,44,1.57,2.4,45,55,1.95,1.83,T. Penso,4.0,19.29,Regular Season,,35263593,https://www.footymetrics.com/fixtures/35263593-major-league-soccer-new-england-seattle-sounders,45,25,30,2026-10-09,
2026-10-10,23:30,United States,Major League Soccer,Matchday 28,New York RB,San Diego,8,12,LWWLD,DDLLL,NS,,,,Under 4.5,77,1.33,,total_goals,38,24,38,2.6,3.85,2.55,37.1,25.1,37.8,103.7,62,62,76,1.55,1.5,1.27,81,19,1.1,7.0,60,40,1.4,3.0,61,39,1.36,3.3,53,5,42,1.833,23.0,1.833,70,31,1.26,3.4,58,42,1.57,2.55,46,54,2.0,1.95,35,65,2.6,1.58,M. Badawi,5.0,22.46,Regular Season,,35263595,https://www.footymetrics.com/fixtures/35263595-major-league-soccer-new-york-rb-san-diego,38,24,38,2026-10-09,
2026-10-10,23:30,United States,Major League Soccer,Matchday 28,Orlando,Columbus Crew,7,12,LLWWW,WWLLW,NS,,,,Under 4.5,76,1.3,,total_goals,42,23,35,2.08,4.0,3.4,46.9,24.4,28.7,102.5,65,58,77,1.37,1.75,1.25,82,18,1.11,7.0,61,39,1.44,2.88,63,37,1.4,2.88,48,4,48,1.727,21.0,2.05,67,33,1.25,3.65,56,44,1.5,2.7,44,56,1.9,2.07,34,66,2.4,1.68,R. Mendoza,4.35,25.76,Regular Season,,35263592,https://www.footymetrics.com/fixtures/35263592-major-league-soccer-orlando-city-columbus-crew,42,23,35,2026-10-09,
2026-10-10,23:30,United States,Major League Soccer,Matchday 28,Philadelphia,Salt Lake,6,11,WWWWW,WLLLL,NS,,,,Under 4.5,78,1.3,,total_goals,64,21,15,1.42,5.33,7.5,68.7,18.3,13.0,102.5,85,36,79,1.13,3.0,1.18,76,24,1.11,6.5,55,45,1.4,2.88,48,52,1.57,2.4,63,7,30,1.444,21.0,2.625,76,24,1.2,3.95,66,34,1.35,3.0,55,45,1.58,2.4,44,56,2.0,1.9,E. Arreguin,4.0,27.36,Regular Season,,35263594,https://www.footymetrics.com/fixtures/35263594-major-league-soccer-philadelphia-union-real-salt-lake,64,21,15,2026-10-09,
2026-10-10,14:00,Uruguay,Primera Division,Clausura,Defensor Sporting,Cerro,8,16,LWLWD,LDLWW,NS,,,,Under 3.5,81,1.2,,total_goals,47,28,25,1.87,3.4,4.4,50.6,27.8,21.5,105.6,75,53,73,1.2,2.0,1.33,66,34,1.4,2.9,41,59,2.3,1.62,45,55,2.1,1.73,53,10,37,1.615,7.5,2.75,69,31,1.444,2.625,57,43,1.83,1.98,45,55,2.18,1.58,34,66,2.85,1.35,H. Heras,5.61,20.35,Clausura,,36902562,https://www.footymetrics.com/fixtures/36902562-primera-division-defensor-sporting-cerro,47,28,25,2026-10-09,
2026-10-10,18:00,Uruguay,Primera Division,Clausura,Wanderers,Boston River,10,13,WWDDL,DLLLL,NS,,,,Under 3.5,80,1.25,,total_goals,38,29,33,2.4,3.33,3.0,39.7,28.6,31.7,105.0,67,62,71,1.38,1.6,1.33,67,33,1.33,3.25,41,59,2.1,1.73,48,52,1.85,1.91,48,10,42,1.833,9.5,2.1,66,34,1.5,2.5,54,46,1.9,1.9,42,58,2.28,1.53,31,69,2.95,1.33,A. Feres,5.36,25.12,Clausura,,36902703,https://www.footymetrics.com/fixtures/36902703-primera-division-wanderers-boston-river,38,29,33,2026-10-09,
2026-10-10,21:30,Uruguay,Primera Division,Clausura,Peñarol,Atlético Progreso,4,15,WDWWW,LWWLW,NS,,,,Under 3.5,76,1.33,,total_goals,59,23,18,1.38,4.75,8.0,68.4,19.9,11.8,106.0,82,41,77,1.1,3.0,1.18,72,28,1.25,3.75,47,53,1.85,1.95,47,54,2.2,1.67,66,8,26,1.363,11.0,3.4,73,27,1.444,2.625,61,39,1.83,2.0,49,52,2.32,1.52,36,64,3.05,1.3,M. De Armas,4.43,24.17,Clausura,,36902633,https://www.footymetrics.com/fixtures/36902633-primera-division-penarol-atletico-progreso,59,23,18,2026-10-09,
2026-10-10,10:00,Vietnam,V-League,Matchday 3,Hoàng Anh Gia Lai,Đà Nẵng,,,LLLWD,WLWDW,NS,,,,Over 1.5,72,1.3,,total_goals,37,27,36,2.88,3.25,2.25,31.6,28.0,40.4,109.9,65,63,73,1.57,1.36,1.3,72,28,1.3,3.4,47,53,2.0,1.8,54,46,1.8,2.0,46,8,46,,,,64,36,,,52,48,,,40,60,,,30,70,,,,,,Regular Season,,35263427,https://www.footymetrics.com/fixtures/35263427-v-league-hoang-anh-gia-lai-da-nang,37,27,36,2026-10-09,
2026-10-10,11:00,Vietnam,V-League,Matchday 3,Hải Phòng,Thanh Hoa FC,,,WLDLL,LWLLD,NS,,,,DC 12,79,1.35,,double-chance,62,21,17,1.91,3.4,4.25,49.7,27.9,22.3,105.3,83,38,79,1.25,1.73,1.35,78,22,1.25,3.75,55,45,1.85,2.0,51,49,1.8,2.2,65,6,29,,,,63,37,,,51,49,,,39,61,,,29,71,,,,,,Regular Season,,35263434,https://www.footymetrics.com/fixtures/35263434-v-league-hai-phong-thanh-hoa-fc,62,21,17,2026-10-09,
2026-10-10,11:00,Vietnam,V-League,Matchday 3,Nam Định,Ninh Bình,,,LWDWL,WWWWD,NS,,,,Over 1.5,77,1.2,,total_goals,44,27,29,3.0,3.5,2.15,30.7,26.4,42.9,108.4,71,56,73,1.67,1.33,1.22,77,23,1.2,4.5,53,47,1.67,2.2,57,44,1.57,2.4,56,7,38,,,,64,37,,,51,49,,,39,61,,,29,71,,,,,,Regular Season,,35263435,https://www.footymetrics.com/fixtures/35263435-v-league-nam-dinh-ninh-binh,44,27,29,2026-10-09,
2026-10-11,00:30,Argentina,Liga Profesional de Fútbol,Clausura,River Plate,Estudiantes de Río Cuarto,2,15,LWWWD,LLLLD,NS,,,,Under 3.5,78,1.4,,total_goals,66,21,13,1.18,6.5,23.0,81.1,14.7,4.2,104.5,87,34,79,1.03,5.0,1.11,70,30,1.22,4.1,45,55,1.73,2.08,40,60,3.25,1.4,67,9,25,1.2,11.0,5.5,67,33,1.44,2.55,55,45,1.8,1.95,44,56,2.3,1.58,34,67,3.1,1.37,N. Arasa,5.12,23.38,Clausura,,35401392,https://www.footymetrics.com/fixtures/35401392-liga-profesional-de-futbol-river-plate-estudiantes-de-rio-cuarto,66,21,13,2026-10-09,
2026-10-11,17:45,Argentina,Liga Profesional de Fútbol,Clausura,San Lorenzo,Deportivo Riestra,7,15,LLDWL,DDLDD,NS,,,,Under 2.5,68,1.36,,total_goals,43,31,26,2.55,2.8,3.3,37.3,33.9,28.8,105.2,74,58,69,1.33,1.53,1.43,58,42,1.68,2.12,32,68,3.15,1.36,39,61,2.38,1.53,51,14,34,2.0,5.0,2.4,70,30,1.5,2.35,58,42,1.91,1.84,45,55,2.5,1.5,33,67,3.1,1.3,B. Amiconi,5.69,19.77,Clausura,,35401401,https://www.footymetrics.com/fixtures/35401401-liga-profesional-de-futbol-san-lorenzo-deportivo-riestra,43,31,26,2026-10-09,
2026-10-11,20:00,Argentina,Liga Profesional de Fútbol,Clausura,Platense,Argentinos Juniors,12,3,DLWLL,WLDDW,NS,,,,Under 3.5,82,1.13,,total_goals,32,30,38,3.25,3.0,2.6,30.0,32.5,37.5,102.6,62,68,70,1.58,1.36,1.4,65,36,1.57,2.45,38,62,2.88,1.47,45,55,2.2,1.66,44,12,44,2.25,5.5,2.0,56,44,1.57,2.25,44,57,2.1,1.75,32,68,2.55,1.44,22,78,3.4,1.26,N. Ramírez,5.33,25.48,Clausura,,35401405,https://www.footymetrics.com/fixtures/35401405-liga-profesional-de-futbol-platense-argentinos-juniors,32,30,38,2026-10-09,
2026-10-11,20:00,Argentina,Liga Profesional de Fútbol,Clausura,Rosario Central,Independiente Rivadavia,4,1,DWWDL,DWWLW,NS,,,,Under 3.5,83,1.2,,total_goals,43,29,29,2.0,3.4,4.35,48.8,28.7,22.4,102.4,71,57,71,1.25,1.92,1.35,65,35,1.4,2.9,38,62,2.35,1.63,44,56,2.0,1.75,55,11,34,1.727,7.0,2.6,69,31,1.43,2.55,58,42,1.73,2.25,47,53,2.15,1.75,37,64,2.8,1.43,F. Tello Figueroa,4.71,27.07,Clausura,,35401396,https://www.footymetrics.com/fixtures/35401396-liga-profesional-de-futbol-rosario-central-independiente-rivadavia,43,29,29,2026-10-09,
2026-10-11,22:15,Argentina,Liga Profesional de Fútbol,Clausura,Racing Club,Belgrano,8,5,WWLLL,WWDDD,NS,,,,Under 3.5,85,1.18,,total_goals,36,31,33,2.4,3.1,3.4,40.3,31.2,28.5,103.3,67,64,69,1.36,1.57,1.4,60,40,1.44,2.7,34,66,2.4,1.55,42,58,1.98,1.8,47,14,39,1.909,7.0,2.3,62,38,1.5,2.6,49,51,2.0,1.95,37,63,2.38,1.56,27,73,3.15,1.29,Y. Falcón Pérez,5.48,24.96,Clausura,,35401391,https://www.footymetrics.com/fixtures/35401391-liga-profesional-de-futbol-racing-club-belgrano,36,31,33,2026-10-09,
2026-10-11,12:30,Austria,Admiral Bundesliga,Matchday 8,Altach,Wolfsberger AC,12,11,LLLLL,LLLDL,NS,,,,DC 1X,75,1.3,,double-chance,52,23,26,2.0,3.7,3.55,47.5,25.7,26.8,105.2,75,48,77,1.3,1.8,1.29,80,20,1.18,4.5,59,41,1.62,2.25,58,42,1.56,2.38,55,5,40,1.666,15.0,2.2,66,34,1.2,4.33,54,46,1.4,3.0,43,57,1.7,2.12,33,68,2.1,1.73,J. Semler,3.71,25.39,Regular Season,,35401445,https://www.footymetrics.com/fixtures/35401445-admiral-bundesliga-rheindorf-altach-wolfsberger-ac,52,23,26,2026-10-09,
2026-10-11,12:30,Austria,Admiral Bundesliga,Matchday 8,Hartberg,Austria Lustenau,6,9,DDWWL,WLLDW,NS,,,,Under 3.5,69,1.36,,total_goals,39,26,36,2.1,3.5,3.4,45.1,27.1,27.9,105.6,64,62,75,1.33,1.73,1.29,76,24,1.25,3.8,53,47,1.8,2.0,56,44,1.67,2.1,47,7,47,1.727,12.0,2.2,71,29,1.06,10.0,60,40,1.13,6.0,48,52,1.222,4.0,37,64,1.4,2.7,M. Greinecker,5.0,23.4,Regular Season,,35401446,https://www.footymetrics.com/fixtures/35401446-admiral-bundesliga-hartberg-austria-lustenau,39,26,36,2026-10-09,
2026-10-11,15:00,Austria,Admiral Bundesliga,Matchday 8,LASK,SK Rapid,3,1,DLLWW,WWLWD,NS,,,,Under 4.5,78,1.28,,total_goals,40,25,36,1.8,4.0,3.9,52.3,23.5,24.1,106.2,65,60,75,1.27,1.95,1.25,80,20,1.13,6.5,59,41,1.44,2.88,60,40,1.44,2.75,46,5,49,1.615,21.0,2.25,62,39,1.5,2.33,50,50,1.85,2.0,38,62,2.33,1.5,28,72,3.0,1.363,A. Talic,5.17,22.34,Regular Season,,35401476,https://www.footymetrics.com/fixtures/35401476-admiral-bundesliga-lask-sk-rapid,40,25,36,2026-10-09,
2026-10-11,14:00,Belgium,Challenger Pro League,Matchday 7,Patro Eisden Maasmechelen,Jong KRC Genk U23,13,9,LLLLL,DLWWL,NS,,,,Under 3.5,71,1.53,,total_goals,44,27,30,1.7,3.85,4.33,54.5,24.1,21.4,107.9,70,57,74,1.2,2.15,1.22,76,24,1.17,5.0,53,47,1.57,2.43,56,44,1.57,2.35,55,7,38,1.533,17.0,2.5,62,38,1.363,3.0,51,49,1.67,2.1,40,60,2.02,1.67,30,70,2.63,1.41,,,,Regular Season,,35401461,https://www.footymetrics.com/fixtures/35401461-challenger-pro-league-patro-eisden-maasmechelen-jong-krc-genk-u23,44,27,30,2026-10-09,
2026-10-11,17:15,Belgium,Challenger Pro League,Matchday 7,Jong Gent,RFC Seraing,11,14,DLDWL,DLLDL,NS,,,,DC 12,75,1.29,,double-chance,34,25,41,2.43,3.4,2.55,37.5,26.8,35.7,109.8,59,66,75,1.44,1.5,1.29,81,19,1.18,4.6,60,40,1.62,2.25,61,39,1.56,2.5,42,5,53,1.909,15.0,1.909,68,32,1.4,2.75,56,44,1.67,2.1,45,55,2.0,1.68,35,66,2.55,1.43,,,,Regular Season,,35401498,https://www.footymetrics.com/fixtures/35401498-challenger-pro-league-jong-gent-rfc-seraing,34,25,41,2026-10-09,
2026-10-11,11:30,Belgium,Pro League,Matchday 8,Standard Liège,Sporting Charleroi,7,4,LLWWW,WWLWW,NS,,,,Under 3.5,70,1.36,,total_goals,28,26,46,2.95,3.4,2.29,31.7,27.5,40.8,107.0,54,72,74,1.58,1.38,1.31,76,25,1.25,3.9,52,48,1.8,2.0,54,46,1.67,2.2,37,7,56,2.05,12.0,1.833,79,21,1.25,3.4,69,31,1.44,2.5,57,43,1.83,2.0,46,54,2.15,1.6,S. Bourdeaud'hui,3.56,22.15,Regular Season,,35401426,https://www.footymetrics.com/fixtures/35401426-pro-league-standard-liege-sporting-charleroi,28,26,46,2026-10-09,
2026-10-11,14:00,Belgium,Pro League,Matchday 8,Union St.Gilloise,OH Leuven,1,15,WWWWW,WDLLL,NS,,,,Under 4.5,76,1.28,,total_goals,71,19,10,1.25,6.5,11.5,76.9,14.8,8.4,104.1,90,29,81,1.06,4.1,1.13,78,22,1.13,6.25,56,44,1.44,2.88,43,57,1.91,1.91,69,6,25,1.285,21.0,3.5,77,23,1.17,4.2,67,33,1.3,3.1,56,44,1.5,2.38,44,56,1.9,2.0,N. Verboomen,4.27,22.88,Regular Season,,35401462,https://www.footymetrics.com/fixtures/35401462-pro-league-union-saint-gilloise-oh-leuven,71,19,10,2026-10-09,
2026-10-11,16:30,Belgium,Pro League,Matchday 8,Westerlo,Antwerp,8,13,WWWDL,LLLLD,NS,,,,Under 4.5,79,1.3,,total_goals,40,25,35,2.16,3.8,3.1,44.1,25.1,30.8,104.9,66,60,75,1.37,1.7,1.29,80,20,1.15,6.5,59,41,1.53,2.88,61,39,1.44,2.75,49,5,45,1.727,21.0,2.05,77,23,1.2,4.5,66,34,1.28,3.25,55,45,1.48,2.43,44,57,2.05,1.93,B. Van Driessche,4.52,22.54,Regular Season,,35401490,https://www.footymetrics.com/fixtures/35401490-pro-league-westerlo-antwerp,40,25,35,2026-10-09,
2026-10-11,17:15,Belgium,Pro League,Matchday 8,Mechelen,St.Truiden,17,11,DLLDL,LLWLW,NS,,,,Under 3.5,68,1.44,,total_goals,26,25,49,3.2,3.6,2.18,29.8,26.5,43.7,104.9,51,74,75,1.73,1.36,1.31,78,22,1.2,4.6,55,45,1.67,2.25,56,44,1.57,2.4,41,6,52,2.1,15.0,1.727,75,25,1.4,2.65,64,36,1.78,2.03,52,48,2.1,1.7,41,59,2.7,1.38,B. Verbeke,2.73,21.17,Regular Season,,35401499,https://www.footymetrics.com/fixtures/35401499-pro-league-mechelen-sint-truiden,26,25,49,2026-10-09,
2026-10-11,00:00,Brazil,Serie A,Matchday 30,São Paulo,Vitória,11,12,LLWDL,WLDWL,NS,,,,Under 3.5,76,1.33,,total_goals,64,23,14,1.67,3.75,5.5,57.2,25.5,17.4,104.7,86,36,78,1.17,2.2,1.29,72,28,1.33,3.5,47,53,2.06,1.85,45,56,1.96,1.8,67,8,25,1.533,10.0,2.75,77,23,1.2,4.1,66,34,1.33,3.4,55,46,1.67,2.55,43,57,2.05,1.9,Lucas Casagrande,3.92,27.62,Regular Season,,35401390,https://www.footymetrics.com/fixtures/35401390-serie-a-sao-paulo-vitoria,64,23,14,2026-10-09,
2026-10-11,19:00,Brazil,Serie A,Matchday 30,Atlético Mineiro,Santos,7,8,DWDWW,DWWLW,NS,,,,Under 3.5,75,1.33,,total_goals,51,26,23,2.05,3.45,3.8,46.9,27.8,25.3,104.1,77,50,74,1.29,1.8,1.3,72,28,1.3,3.6,48,52,1.95,1.85,51,49,1.8,2.0,59,8,33,1.727,10.0,2.375,78,22,1.2,4.1,68,32,1.36,3.2,57,44,1.75,2.29,45,55,2.25,1.8,A. Gomes Stefano,3.82,25.27,Regular Season,,35401507,https://www.footymetrics.com/fixtures/35401507-serie-a-atletico-mineiro-santos,51,26,23,2026-10-09,
2026-10-11,20:30,Brazil,Serie A,Matchday 30,Flamengo,Fluminense,1,3,DWDWW,WWLLW,NS,,,,Under 3.5,74,1.44,,total_goals,69,20,11,1.44,4.6,7.5,66.4,20.8,12.8,104.5,89,31,80,1.11,2.8,1.22,73,27,1.22,4.5,49,51,1.71,2.17,43,57,1.89,1.95,73,7,19,1.444,13.0,2.875,70,30,1.2,4.2,59,41,1.38,3.0,48,52,1.65,2.2,37,63,2.2,1.75,R. Klein,3.68,24.42,Regular Season,,35401515,https://www.footymetrics.com/fixtures/35401515-serie-a-flamengo-fluminense,69,20,11,2026-10-09,
2026-10-11,20:30,Brazil,Serie A,Matchday 30,Grêmio,Internacional,18,17,DDLLL,WLWLL,NS,,,,Over 1.5,73,1.3,,total_goals,45,26,29,3.1,3.4,2.45,31.5,28.7,39.8,102.5,71,55,74,1.6,1.43,1.33,73,27,1.3,3.55,48,52,2.0,1.85,51,49,1.76,2.05,47,8,46,2.1,10.0,1.833,75,25,1.29,3.5,64,37,1.5,2.45,51,49,1.95,1.95,40,60,2.6,1.56,R. Pereira de Lima,4.32,27.05,Regular Season,,35401513,https://www.footymetrics.com/fixtures/35401513-serie-a-gremio-internacional,45,26,29,2026-10-09,
2026-10-11,20:30,Brazil,Serie A,Matchday 30,Palmeiras,Corinthians,2,16,WDLWW,LLLLD,NS,,,,Over 1.5,73,1.36,,total_goals,62,23,15,1.65,3.95,6.0,59.1,24.7,16.2,102.6,85,39,77,1.14,2.4,1.29,73,27,1.36,3.35,47,53,2.1,1.78,46,54,2.13,1.7,68,8,25,1.444,9.0,3.1,75,25,1.17,4.6,65,35,1.3,3.4,54,46,1.65,2.4,43,57,2.1,1.9,A. Daronco,5.35,26.82,Regular Season,,35401514,https://www.footymetrics.com/fixtures/35401514-serie-a-palmeiras-corinthians,62,23,15,2026-10-09,
2026-10-11,22:30,Brazil,Serie A,Matchday 30,Bahia,Mirassol,6,15,LLWWW,DWDWL,NS,,,,Under 3.5,74,1.5,,total_goals,61,24,16,1.73,3.9,5.0,55.9,24.8,19.3,103.4,84,40,76,1.2,2.15,1.25,72,28,1.21,4.5,48,52,1.7,2.13,46,54,1.68,2.1,66,8,26,1.571,13.0,2.5,80,20,1.14,5.25,70,30,1.27,3.6,59,41,1.45,2.75,48,52,1.8,2.1,R. Abatti,4.87,30.33,Regular Season,,35401519,https://www.footymetrics.com/fixtures/35401519-serie-a-bahia-mirassol,61,24,16,2026-10-09,
2026-10-11,19:00,Brazil,Serie B,Matchday 33,Juventude,São Bernardo,1,12,WWWLL,LWDWW,NS,,,,Over 1.5,69,1.36,,total_goals,45,29,26,1.58,3.8,7.0,60.9,25.3,13.8,103.9,74,55,71,1.13,2.38,1.29,69,31,1.36,3.2,43,57,2.1,1.73,50,50,2.2,1.7,54,9,37,1.5,8.5,3.0,72,29,1.22,3.9,60,40,1.35,2.85,49,51,1.57,2.2,38,63,2.1,1.77,F. Fernandes de Lima,5.48,32.87,Regular Season,,35401508,https://www.footymetrics.com/fixtures/35401508-serie-b-juventude-sao-bernardo,45,29,26,2026-10-09,
2026-10-11,19:10,Brazil,Serie B,Matchday 33,Atlético GO,Sport Recife,6,8,LWWLW,WWLWL,NS,,,,Under 3.5,74,1.33,,total_goals,57,24,19,1.73,3.7,4.75,54.6,25.5,19.9,105.9,81,43,76,1.2,2.08,1.29,74,26,1.27,3.75,50,51,1.9,1.9,51,49,1.83,1.91,63,7,30,1.571,11.0,2.625,80,21,1.15,4.5,70,30,1.28,3.25,59,42,1.47,2.45,47,53,1.8,2.0,W. do Nascimento Magalhaes,5.63,29.63,Regular Season,,35401511,https://www.footymetrics.com/fixtures/35401511-serie-b-atletico-go-sport-recife,57,24,19,2026-10-09,
2026-10-11,20:30,Brazil,Serie B,Matchday 33,Náutico,Vila Nova,13,2,LDWLD,DWWWD,NS,,,,DC 1X,79,1.42,,double-chance,53,26,21,2.6,3.25,3.0,37.5,30.0,32.5,102.6,79,47,74,1.42,1.57,1.36,71,29,1.33,3.25,46,55,2.08,1.73,49,51,1.8,1.93,58,9,33,1.952,8.5,2.05,76,24,1.15,4.5,66,34,1.28,3.25,55,45,1.47,2.45,44,56,1.83,2.0,F. Mendes de Salles Nascimento Fillho,4.86,31.0,Regular Season,,35401516,https://www.footymetrics.com/fixtures/35401516-serie-b-nautico-vila-nova,53,26,21,2026-10-09,
2026-10-11,21:30,Brazil,Serie B,Matchday 33,Cuiabá,Avaí,10,17,DWLWD,WLLLD,NS,,,,Over 1.5,72,1.38,,total_goals,69,21,10,1.71,3.75,6.5,58.2,26.5,15.3,100.5,90,31,79,1.17,2.25,1.3,72,28,1.38,3.0,47,54,2.25,1.65,41,59,2.25,1.65,71,8,22,1.533,8.0,3.0,69,31,1.22,3.9,57,43,1.35,2.85,46,54,1.58,2.17,35,65,2.1,1.75,A. Rocha de Carvalho Filho,5.0,28.58,Regular Season,,35401517,https://www.footymetrics.com/fixtures/35401517-serie-b-cuiaba-avai,69,21,10,2026-10-09,
2026-10-11,21:30,Brazil,Serie B,Matchday 33,Operário PR,Goiás,9,11,LLDWD,WLLWW,NS,,,,Over 1.5,72,1.36,,total_goals,41,27,33,2.2,3.3,3.55,43.7,29.2,27.1,103.9,68,59,73,1.33,1.71,1.33,72,28,1.36,3.0,48,52,2.2,1.67,53,47,1.91,1.83,52,8,40,1.727,8.0,2.4,72,28,1.19,3.9,61,39,1.35,2.88,49,51,1.57,2.2,38,62,2.0,1.8,B. Pereira Vasconcelos,5.6,28.87,Regular Season,,35401518,https://www.footymetrics.com/fixtures/35401518-serie-b-operario-pr-goias,41,27,33,2026-10-09,
2026-10-11,12:00,Bulgaria,First League,Matchday 11,Septemvri Sofia,Dunav 2010,10,14,LLLDW,DLLDL,NS,,,,Over 1.5,69,1.4,,total_goals,30,29,41,2.33,3.25,3.5,42.0,30.1,27.9,102.3,59,70,71,1.35,1.64,1.36,69,31,1.4,3.05,44,56,2.25,1.67,48,52,2.0,1.85,40,10,50,1.833,7.5,2.25,60,40,1.47,2.43,49,52,1.79,1.88,37,63,2.28,1.54,27,73,3.0,1.33,T. Nedyalkov Kirov,3.83,20.17,Regular Season,SI,35401435,https://www.footymetrics.com/fixtures/35401435-first-league-septemvri-sofia-dunav-2010,30,29,41,2026-10-09,
2026-10-11,14:30,Bulgaria,First League,Matchday 11,Cherno More,Levski Sofia,13,1,DDLLW,LDWWW,NS,,,,Over 1.5,70,1.33,,total_goals,28,28,44,5.75,3.7,1.63,16.4,25.6,58.0,105.8,56,72,72,2.25,1.15,1.29,70,30,1.33,3.25,44,56,2.1,1.7,49,51,2.1,1.73,38,10,52,2.875,8.5,1.533,59,41,1.41,2.63,47,53,1.7,1.98,36,64,2.12,1.61,26,74,2.75,1.38,R. Gidzhenov,4.17,23.83,Regular Season,,35401469,https://www.footymetrics.com/fixtures/35401469-first-league-cherno-more-levski-sofia,28,28,44,2026-10-09,
2026-10-11,17:00,Bulgaria,First League,Matchday 11,CSKA 1948,CSKA Sofia,4,2,WWLWL,DWWDW,NS,,,,Under 3.5,75,1.33,,total_goals,28,27,45,4.0,3.6,1.9,23.7,26.4,49.9,105.4,55,73,73,1.91,1.25,1.3,72,28,1.29,3.5,46,54,1.9,1.9,51,49,1.8,1.91,41,8,50,2.4,11.0,1.666,65,35,1.28,3.2,53,47,1.49,2.38,42,58,1.79,1.88,31,69,2.23,1.56,L. Lyubomirov,4.4,25.4,Regular Season,,35401493,https://www.footymetrics.com/fixtures/35401493-first-league-cska-1948-sofia-cska-sofia,28,27,45,2026-10-09,
2026-10-11,10:00,China,Super League,Matchday 27,Qingdao West Coast,Dalian Yingbo,5,3,DDWDD,WDWDL,NS,,,,Under 3.5,79,1.36,,total_goals,44,29,27,2.6,3.6,2.55,36.5,26.3,37.2,105.5,73,56,71,1.5,1.5,1.29,65,35,1.25,3.95,40,60,1.85,1.98,45,55,1.7,2.18,47,12,42,1.952,12.0,1.952,71,30,1.444,2.625,59,41,1.78,2.07,47,53,2.05,1.66,35,65,2.63,1.41,,,,Regular Season,,35401418,https://www.footymetrics.com/fixtures/35401418-super-league-qingdao-west-coast-dalian-yingbo,44,29,27,2026-10-09,
2026-10-11,11:35,China,Super League,Matchday 27,Chongqing Tonglianglong FC,Shandong Taishan,10,6,LDLDL,DWLWW,NS,,,,DC 12,75,1.3,,double-chance,40,25,35,2.65,3.6,2.63,36.4,26.8,36.7,103.5,65,60,75,1.5,1.53,1.3,81,19,1.22,4.5,59,41,1.7,2.12,61,39,1.62,2.33,52,5,43,1.909,13.0,1.952,71,29,1.48,2.4,59,41,1.81,1.91,48,52,2.32,1.75,37,63,3.25,1.333,,,,Regular Season,,35401430,https://www.footymetrics.com/fixtures/35401430-super-league-chongqing-tonglianglong-fc-shandong-taishan,40,25,35,2026-10-09,
2026-10-11,11:35,China,Super League,Matchday 27,Liaoning Tieren FC,Wuhan Three Towns,14,15,LLLDL,LDDWD,NS,,,,DC 12,76,1.27,,double-chance,44,24,33,2.38,3.8,2.8,40.4,25.3,34.3,104.0,67,57,76,1.44,1.62,1.27,83,17,1.14,5.6,63,37,1.5,2.65,65,35,1.45,2.75,53,4,43,1.8,19.0,1.952,75,25,1.14,5.5,64,36,1.25,3.75,53,47,1.5,2.63,42,58,1.82,2.05,,,,Regular Season,,35401431,https://www.footymetrics.com/fixtures/35401431-super-league-liaoning-tieren-fc-wuhan-three-towns,44,24,33,2026-10-09,
2026-10-11,13:00,Croatia,1. HNL,Matchday 9,Lokomotiva Zagreb,Varaždin,7,4,LDLLL,DDDWL,NS,,,,Under 3.5,70,1.36,,total_goals,27,28,45,3.14,3.4,2.18,29.7,27.5,42.8,107.1,55,73,72,1.65,1.35,1.33,76,24,1.25,3.75,53,47,1.85,1.95,56,44,1.7,2.1,40,8,53,2.2,11.0,1.8,69,31,1.363,3.0,57,43,1.666,2.1,45,55,2.1,1.67,34,66,2.75,1.4,P. Pavlešić,4.42,26.25,Regular Season,,35263407,https://www.footymetrics.com/fixtures/35263407-1.-hnl-lokomotiva-zagreb-varazdin,27,28,45,2026-10-09,
2026-10-11,16:00,Croatia,1. HNL,Matchday 9,Slaven Koprivnica,Rijeka,8,5,DLWLW,WDWDL,NS,,,,Under 3.5,68,1.4,,total_goals,23,25,52,5.1,4.0,1.57,18.1,23.1,58.8,108.3,48,77,75,2.25,1.17,1.25,78,23,1.22,4.0,54,46,1.73,2.1,54,46,1.83,2.0,37,7,56,2.75,12.0,1.5,63,37,1.333,3.25,52,48,1.571,2.25,40,60,2.0,1.73,30,70,2.625,1.444,A. Terzić,4.36,24.76,Regular Season,,35263405,https://www.footymetrics.com/fixtures/35263405-1.-hnl-slaven-koprivnica-rijeka,23,25,52,2026-10-09,
2026-10-11,11:00,Czech Republic,Chance Liga,Matchday 10,Slovan Liberec,Slovácko,2,15,DWWWW,DLDDL,NS,,,,Under 3.5,77,1.36,,total_goals,49,27,24,1.5,4.2,6.5,63.0,22.5,14.5,105.9,76,51,73,1.15,2.5,1.22,71,29,1.25,4.1,45,56,1.8,2.06,49,51,1.95,1.89,54,9,37,1.444,11.0,3.0,66,34,1.4,2.75,54,46,1.75,2.0,43,58,2.12,1.62,32,68,2.75,1.38,J. Wulkan,3.7,26.87,Regular Season,,35401423,https://www.footymetrics.com/fixtures/35401423-chance-liga-slovan-liberec-slovacko,49,27,24,2026-10-09,
2026-10-11,13:00,Czech Republic,Chance Liga,Matchday 10,Teplice,Sigma Olomouc,5,4,WLWWL,LWWLW,NS,,,,Under 3.5,73,1.33,,total_goals,30,27,42,2.6,3.4,2.6,36.2,27.7,36.2,106.3,58,70,73,1.48,1.48,1.31,73,27,1.25,3.8,49,51,1.8,1.91,54,47,1.65,2.1,47,8,46,1.952,11.0,1.952,68,33,1.4,2.75,56,44,1.75,1.95,45,55,2.12,1.62,35,65,2.7,1.38,D. Černý,4.19,25.06,Regular Season,,35401454,https://www.footymetrics.com/fixtures/35401454-chance-liga-teplice-sigma-olomouc,30,27,42,2026-10-09,
2026-10-11,16:00,Czech Republic,Chance Liga,Matchday 10,Sparta Praha,Pardubice,7,13,WWWLL,WWDLL,NS,,,,Under 4.5,75,1.28,,total_goals,59,23,19,1.32,5.2,8.5,71.0,18.0,11.0,106.8,81,41,77,1.08,3.25,1.15,82,18,1.13,5.5,61,39,1.44,2.75,59,42,1.75,2.0,63,5,33,1.363,21.0,3.1,76,24,1.142,5.5,66,34,1.285,3.5,55,45,1.45,2.5,44,56,1.83,1.97,J. Beneš,4.88,25.14,Regular Season,,35401486,https://www.footymetrics.com/fixtures/35401486-chance-liga-sparta-praha-pardubice,59,23,19,2026-10-09,
2026-10-11,12:00,Denmark,First Division,Matchday 10,Vendsyssel,HB Køge,7,11,DDLWW,WDDDD,NS,,,,Under 3.5,72,1.36,,total_goals,47,26,27,2.25,3.4,3.0,41.5,27.4,31.1,107.2,73,53,74,1.36,1.62,1.3,75,25,1.25,3.75,51,49,1.8,2.0,54,46,1.67,2.2,53,7,40,1.833,11.0,2.1,77,23,,,66,34,,,54,46,,,42,58,,,J. Bøgelund,2.0,24.0,Regular Season,,35401439,https://www.footymetrics.com/fixtures/35401439-first-division-vendsyssel-hb-koge,47,26,27,2026-10-09,
2026-10-11,12:00,Denmark,Superliga,Matchday 10,Randers FC,Viborg,8,3,LLWWL,WDLWW,NS,,,,DC 12,75,1.29,,double-chance,33,25,42,3.25,3.6,2.12,29.1,26.3,44.6,105.7,58,67,75,1.73,1.34,1.29,79,21,1.2,4.6,57,43,1.67,2.25,59,41,1.57,2.38,43,6,51,2.1,13.0,1.727,77,23,1.15,4.4,67,33,1.28,3.75,55,45,1.47,2.63,44,56,1.95,2.0,F. Svendsen,3.5,19.63,Regular Season,,35401434,https://www.footymetrics.com/fixtures/35401434-superliga-randers-fc-viborg-ff,33,25,42,2026-10-09,
2026-10-11,12:00,Denmark,Superliga,Matchday 10,Silkeborg,Horsens,7,6,WDDDL,DLWLW,NS,,,,DC 12,75,1.3,,double-chance,35,25,40,2.2,3.5,3.25,43.4,27.3,29.4,104.8,61,65,75,1.35,1.67,1.3,80,20,1.25,4.2,57,43,1.8,2.07,60,40,1.67,2.25,46,5,49,1.8,12.0,2.1,70,30,1.24,3.55,59,41,1.41,2.63,47,53,1.68,2.02,36,64,2.07,1.8,J. Kehlet,3.1,20.49,Regular Season,,35401433,https://www.footymetrics.com/fixtures/35401433-superliga-silkeborg-if-horsens,35,25,40,2026-10-09,
2026-10-11,14:00,Denmark,Superliga,Matchday 10,Brøndby IF,Lyngby,5,10,LLLLW,LDWDL,NS,,,,DC 12,77,1.25,,double-chance,42,23,35,1.76,4.0,4.5,54.6,24.0,21.4,104.0,66,58,77,1.22,2.1,1.25,82,18,1.17,5.0,61,39,1.6,2.3,60,40,1.57,2.25,44,5,51,1.571,15.0,2.4,73,27,1.23,3.55,62,38,1.41,2.63,50,50,1.67,2.04,39,61,2.05,1.75,J. A. Sundberg,4.28,23.57,Regular Season,,35401460,https://www.footymetrics.com/fixtures/35401460-superliga-brondby-if-lyngby-boldklub,42,23,35,2026-10-09,
2026-10-11,16:00,Denmark,Superliga,Matchday 10,FC Midtjylland,FC København,2,1,DWDWD,WWWWW,NS,,,,DC 12,75,1.29,,double-chance,47,26,28,2.55,3.6,2.55,36.9,26.2,36.9,106.2,72,54,75,1.5,1.5,1.29,79,21,1.2,4.8,57,43,1.65,2.25,58,43,1.57,2.4,54,6,40,1.909,13.0,1.909,72,28,1.22,3.7,61,39,1.38,2.7,49,51,1.8,2.1,38,62,2.0,1.68,J. Karlsen,2.4,22.6,Regular Season,,35401485,https://www.footymetrics.com/fixtures/35401485-superliga-fc-midtjylland-fc-kobenhavn,47,26,28,2026-10-09,
2026-10-11,14:00,Egypt,Premier League,Matchday 6,Olympic El Qanah,Al Masry,11,12,LDDDW,LLLWW,NS,,,,Under 3.5,84,1.17,,total_goals,26,32,42,5.0,3.2,1.93,19.4,30.3,50.3,103.1,58,74,68,1.91,1.18,1.33,62,38,1.5,2.55,35,66,2.5,1.5,44,56,2.29,1.6,36,13,51,2.875,6.5,1.615,60,40,,,47,53,,,35,65,,,25,75,,,,,,Regular Season,,35401465,https://www.footymetrics.com/fixtures/35401465-premier-league-olympic-el-qanah-al-masry,26,32,42,2026-10-09,
2026-10-11,17:00,Egypt,Premier League,Matchday 6,Zamalek,Al Ahly,2,3,WWWWW,WDWWW,NS,,,,Under 3.5,80,1.33,,total_goals,25,29,46,4.75,3.5,1.8,20.0,27.2,52.8,105.2,54,75,71,1.91,1.22,1.32,67,33,1.29,3.5,41,59,1.95,1.86,46,54,1.8,1.95,36,11,53,2.5,10.0,1.615,70,30,,,58,42,,,46,54,,,34,66,,,,,,Regular Season,,35401495,https://www.footymetrics.com/fixtures/35401495-premier-league-zamalek-al-ahly,25,29,46,2026-10-09,
2026-10-11,11:00,England,Championship,Matchday 9,Southampton,Portsmouth,13,19,LWWDD,DDWLL,NS,,,,Under 3.5,71,1.5,,total_goals,59,23,17,1.6,4.33,5.5,60.2,22.3,17.5,103.8,83,41,77,1.17,2.32,1.22,74,26,1.2,4.8,51,49,1.67,2.2,49,51,1.73,2.2,61,8,32,1.5,13.0,2.75,81,19,1.17,4.8,71,29,1.3,3.6,61,40,1.57,2.55,49,51,1.95,1.97,A. Herczeg,3.74,22.44,Regular Season,,35401424,https://www.footymetrics.com/fixtures/35401424-championship-southampton-portsmouth,59,23,17,2026-10-09,
2026-10-11,13:00,England,Premier League,Matchday 6,Crystal Palace,Nottm Forest,15,13,DWLWW,LWDDL,NS,,,,Under 3.5,70,1.36,,total_goals,38,26,36,2.75,3.4,2.7,35.4,28.6,36.0,102.8,64,62,74,1.49,1.5,1.36,75,25,1.29,3.8,52,48,1.91,1.92,54,46,1.68,2.2,52,7,40,1.952,10.0,1.952,71,29,1.33,3.3,59,41,1.6,2.37,47,53,2.1,1.8,36,64,2.75,1.5,P. Bankes,4.05,21.35,Regular Season,,35401452,https://www.footymetrics.com/fixtures/35401452-premier-league-crystal-palace-nottingham-forest,38,26,36,2026-10-09,
2026-10-11,13:00,England,Premier League,Matchday 6,Hull,Everton,8,7,LDLDW,WWDDD,NS,,,,Under 3.5,77,1.33,,total_goals,28,29,44,3.85,3.5,2.05,25.1,27.7,47.2,103.3,56,73,71,1.78,1.3,1.3,70,31,1.3,3.5,44,56,2.0,1.82,50,50,1.8,1.95,40,10,51,2.3,10.0,1.727,73,27,1.25,3.8,61,39,1.45,2.75,49,51,1.8,2.04,38,62,2.29,1.65,M. Salisbury,3.97,22.74,Regular Season,,35401451,https://www.footymetrics.com/fixtures/35401451-premier-league-hull-city-everton,28,29,44,2026-10-09,
2026-10-11,15:30,England,Premier League,Matchday 6,Liverpool,Man City,6,1,WWDWW,WWWWW,NS,,,,DC 12,77,1.29,,double-chance,36,23,41,3.0,3.7,2.33,32.3,26.2,41.6,103.3,59,65,77,1.62,1.44,1.29,82,18,1.17,5.2,61,39,1.58,2.4,61,39,1.5,2.6,51,5,45,2.0,17.0,1.8,70,30,1.23,3.9,59,41,1.44,2.9,48,52,1.75,2.1,37,63,2.25,1.67,C. Kavanagh,3.9,21.55,Regular Season,,35401482,https://www.footymetrics.com/fixtures/35401482-premier-league-liverpool-manchester-city,36,23,41,2026-10-09,
2026-10-11,12:00,Finland,Veikkausliiga,Championship Round,Inter Turku,KuPS,2,1,DWWLW,LWDDL,NS,,,,,,,,,44,28,29,,,,,,,,71,56,73,,,,72,29,,,46,54,,,52,48,,,53,8,39,,,,72,28,,,62,39,,,50,50,,,39,61,,,,,,Championship Round,,35401440,https://www.footymetrics.com/fixtures/35401440-veikkausliiga-inter-turku-kups,44,28,29,2026-10-09,
2026-10-11,13:00,France,Ligue 1,Matchday 6,Nice,Strasbourg,14,8,WLDLD,LDWWL,NS,,,,Over 1.5,78,1.22,,total_goals,47,26,28,2.38,3.75,3.0,41.2,26.1,32.7,102.0,72,53,74,1.41,1.61,1.3,78,22,1.22,4.5,56,45,1.71,2.2,58,42,1.57,2.32,57,6,37,1.8,13.0,2.05,74,27,1.3,3.6,62,38,1.5,2.5,51,49,1.93,1.91,39,61,2.4,1.56,J. Pignard,4.21,22.91,Regular Season,,35401450,https://www.footymetrics.com/fixtures/35401450-ligue-1-nice-strasbourg,47,26,28,2026-10-09,
2026-10-11,15:15,France,Ligue 1,Matchday 6,Rennes,Auxerre,5,10,LDWWW,WWLLL,NS,,,,Under 3.5,70,1.67,,total_goals,58,24,18,1.44,5.0,7.0,66.9,19.3,13.8,103.7,82,42,76,1.13,2.8,1.18,75,26,1.14,5.5,52,48,1.5,2.63,50,51,1.67,2.2,62,8,31,1.4,19.0,2.875,76,24,1.17,4.6,65,35,1.3,3.2,54,46,1.56,2.38,42,58,1.95,1.88,W. Delajod,3.71,25.12,Regular Season,,35401478,https://www.footymetrics.com/fixtures/35401478-ligue-1-rennes-auxerre,58,24,18,2026-10-09,
2026-10-11,18:45,France,Ligue 1,Matchday 6,Troyes,Marseille,16,17,LLLWD,LLLLL,NS,,,,DC 12,77,1.25,,double-chance,40,23,37,3.75,3.8,1.91,25.3,25.0,49.7,105.3,63,60,77,1.89,1.28,1.25,84,16,1.17,5.0,65,35,1.58,2.38,65,35,1.54,2.4,51,5,45,2.3,17.0,1.615,62,38,1.5,2.55,50,51,2.0,1.9,38,62,2.5,1.56,28,72,3.5,1.3,G. Paradis,3.67,25.22,Regular Season,,35401506,https://www.footymetrics.com/fixtures/35401506-ligue-1-troyes-olympique-marseille,40,23,37,2026-10-09,
2026-10-11,11:30,Germany,2. Bundesliga,Matchday 7,Hertha BSC,SpVgg Greuther Fürth,1,12,WWWWD,DDLWL,NS,,,,Under 4.5,80,1.33,,total_goals,48,25,28,1.58,4.5,5.0,60.0,21.1,19.0,105.5,73,52,75,1.18,2.3,1.22,76,24,1.11,7.0,55,45,1.4,3.05,54,46,1.5,2.65,56,7,37,1.5,21.0,2.5,80,20,1.25,3.5,70,30,1.43,3.1,60,41,1.73,2.25,48,52,2.1,1.8,T. Stieler,2.96,23.44,Regular Season,,35401428,https://www.footymetrics.com/fixtures/35401428-2.-bundesliga-hertha-bsc-spvgg-greuther-furth,48,25,28,2026-10-09,
2026-10-11,11:30,Germany,2. Bundesliga,Matchday 7,St. Pauli,Karlsruher SC,8,14,DWDLL,LLDLW,NS,,,,Under 3.5,74,1.67,,total_goals,36,28,36,1.7,4.3,4.4,56.1,22.2,21.7,104.8,64,64,72,1.23,2.1,1.22,71,29,1.13,6.5,47,53,1.44,2.85,50,50,1.45,2.63,43,9,48,1.571,21.0,2.3,74,26,1.13,6.0,63,37,1.27,3.75,51,49,1.45,2.7,40,60,1.71,2.05,L. Benen,4.75,26.13,Regular Season,,35401429,https://www.footymetrics.com/fixtures/35401429-2.-bundesliga-st.-pauli-karlsruher-sc,36,28,36,2026-10-09,
2026-10-11,11:30,Germany,2. Bundesliga,Matchday 7,VfL Bochum 1848,DSC Arminia Bielefeld,9,13,LDWLW,DLDLD,NS,,,,DC 12,76,1.3,,double-chance,46,24,30,2.33,3.55,3.0,41.1,27.0,31.9,104.4,70,54,76,1.4,1.67,1.3,79,21,1.2,4.5,57,43,1.67,2.2,58,42,1.57,2.4,51,6,43,1.8,13.0,2.05,72,28,1.17,5.0,61,39,1.33,3.5,50,50,1.6,2.5,39,61,1.95,1.85,K. Oldhfer,3.64,21.71,Regular Season,,35401427,https://www.footymetrics.com/fixtures/35401427-2.-bundesliga-vfl-bochum-1848-dsc-arminia-bielefeld,46,24,30,2026-10-09,
2026-10-11,13:30,Germany,Bundesliga,Matchday 5,Köln,M'Gladbach,13,18,LDLWW,LLLLW,NS,,,,Under 4.5,79,1.28,,total_goals,33,25,42,2.0,3.9,3.5,48.0,24.6,27.4,104.2,58,67,75,1.32,1.8,1.25,78,22,1.14,5.5,57,43,1.5,2.63,59,41,1.45,2.88,43,6,51,1.666,19.0,2.1,76,24,1.29,4.0,66,34,1.47,2.9,54,46,1.83,2.1,43,57,2.23,1.7,F. Badstübner,3.34,22.28,Regular Season,,35401458,https://www.footymetrics.com/fixtures/35401458-bundesliga-fc-koln-borussia-monchengladbach,33,25,42,2026-10-09,
2026-10-11,15:30,Germany,Bundesliga,Matchday 5,Freiburg,Schalke 04,3,11,DWWWW,DWDLW,NS,,,,DC 12,76,1.23,,double-chance,44,24,32,1.62,4.2,5.5,59.5,23.0,17.5,103.7,68,56,76,1.17,2.3,1.23,82,18,1.2,4.8,62,38,1.65,2.3,61,39,1.67,2.25,47,5,48,1.5,15.0,2.6,72,28,1.46,2.9,61,39,1.79,2.1,49,51,2.28,1.61,38,62,3.0,1.36,M. Petersen,4.16,23.9,Regular Season,,35401483,https://www.footymetrics.com/fixtures/35401483-bundesliga-sc-freiburg-schalke-04,44,24,32,2026-10-09,
2026-10-11,14:00,Greece,Super League,Matchday 6,Iraklis Thessaloniki,Levadiakos,8,13,DDWDL,LDLLL,NS,,,,,,,,,,,,2.29,3.1,3.5,41.8,30.9,27.3,104.5,,,,1.33,1.62,1.38,,,1.44,2.75,,,2.4,1.57,,,2.0,1.75,,,,1.833,7.0,2.375,0,,1.93,1.88,0,,2.4,1.45,0,,3.4,1.23,0,,5.5,1.142,A. Evangelou,4.19,29.27,Regular Season,,35401463,https://www.footymetrics.com/fixtures/35401463-super-league-iraklis-thessaloniki-levadiakos,,,,,
2026-10-11,14:00,Greece,Super League,Matchday 6,Kifisia,Panaitolikos,9,6,WDLLD,LLWWW,NS,,,,Over 1.5,68,1.36,,total_goals,39,29,32,1.92,3.35,4.5,50.0,28.7,21.3,104.2,68,61,72,1.22,1.91,1.33,68,33,1.36,3.0,42,58,2.1,1.7,47,53,1.95,1.8,50,10,40,1.666,8.5,2.6,60,40,1.9,1.95,48,52,2.5,1.45,36,64,3.4,1.23,26,74,5.0,1.166,P. Koukoulas,7.43,34.0,Regular Season,,35401464,https://www.footymetrics.com/fixtures/35401464-super-league-kifisia-panaitolikos,39,29,32,2026-10-09,
2026-10-11,16:00,Greece,Super League,Matchday 6,Aris,Volos,7,14,DLLWW,LLDDL,NS,,,,Under 3.5,74,1.33,,total_goals,61,24,15,1.57,4.0,6.5,61.2,24.0,14.8,104.1,85,40,76,1.15,2.4,1.25,73,27,1.29,3.6,48,52,1.9,1.91,46,54,2.0,1.8,66,8,26,1.444,10.0,3.1,72,28,1.5,2.3,61,39,1.91,1.8,50,50,2.4,1.45,39,61,3.5,1.285,V. Fotias,4.62,27.86,Regular Season,,35401489,https://www.footymetrics.com/fixtures/35401489-super-league-aris-volos-nfc,61,24,15,2026-10-09,
2026-10-11,18:00,Greece,Super League,Matchday 6,Olympiacos,Panathinaikos,5,1,WWLDW,WWWWW,NS,,,,Over 1.5,73,1.34,,total_goals,47,26,28,2.2,3.25,3.6,43.7,29.6,26.7,104.0,72,54,74,1.3,1.67,1.36,73,27,1.34,3.25,49,51,2.14,1.7,52,48,1.91,1.91,56,7,37,1.8,8.5,2.3,66,34,1.37,2.63,56,44,1.65,2.4,45,55,2.06,1.9,35,65,2.3,1.5,A. Hernández Hernández,5.36,25.29,Regular Season,,35401502,https://www.footymetrics.com/fixtures/35401502-super-league-olympiacos-f.c.-panathinaikos,47,26,28,2026-10-09,
2026-10-11,11:30,India,Indian Super League,,Inter Kashi,Kerala Blasters,,,LDDLL,WWWWD,NS,,,,,,,,,36,28,36,,,,,,,,64,64,72,,,,74,27,,,49,52,,,54,46,,,44,8,48,,,,78,22,,,68,32,,,57,44,,,45,55,,,,,,Regular Season,,36305473,https://www.footymetrics.com/fixtures/36305473-indian-super-league-inter-kashi-kerala-blasters,36,28,36,2026-10-09,
2026-10-11,14:00,India,Indian Super League,,Churchill Brothers,Mumbai City,,,,WWLDL,NS,,,,,,,,,28,26,47,,,,,,,,53,72,74,,,,75,25,,,51,50,,,52,48,,,40,7,53,,,,63,37,,,52,48,,,42,58,,,32,68,,,,,,Regular Season,,36305512,https://www.footymetrics.com/fixtures/36305512-indian-super-league-churchill-brothers-mumbai-city,28,26,47,2026-10-09,
2026-10-11,17:15,Israel,Ligat ha'Al,Matchday 6,Hapoel Ramat Gan,Beitar Jerusalem,11,5,LWLLL,WWWLL,NS,,,,Under 4.5,76,1.28,,total_goals,19,22,59,5.0,4.4,1.5,18.3,20.8,60.9,109.4,41,81,78,2.45,1.17,1.2,81,19,1.14,6.0,60,40,1.48,2.63,59,41,1.57,2.29,31,5,65,2.625,21.0,1.444,67,33,,,56,44,,,45,56,,,34,66,,,,,,Regular Season,,35401497,https://www.footymetrics.com/fixtures/35401497-ligat-ha'al-hapoel-ramat-gan-beitar-jerusalem,19,22,59,2026-10-09,
2026-10-11,10:30,Italy,Serie A,Matchday 6,Como,Roma,8,1,LWWWW,DWDWW,NS,,,,Under 3.5,69,1.53,,total_goals,47,25,28,2.6,3.55,2.63,36.8,26.9,36.3,104.7,72,54,75,1.5,1.52,1.29,77,23,1.2,4.8,54,46,1.67,2.25,57,44,1.53,2.55,55,6,39,1.909,15.0,1.909,57,43,1.44,2.71,45,55,1.75,2.05,33,67,2.3,1.64,24,76,3.1,1.38,M. Fabbri,4.29,23.76,Regular Season,,35401420,https://www.footymetrics.com/fixtures/35401420-serie-a-como-roma,47,25,28,2026-10-09,
2026-10-11,13:00,Italy,Serie A,Matchday 6,Lazio,Monza,3,16,WDWWW,WLDWL,NS,,,,Under 3.5,69,1.36,,total_goals,42,26,32,1.62,4.0,5.75,59.3,24.0,16.7,104.1,68,58,74,1.15,2.3,1.25,76,24,1.29,3.75,53,47,1.91,1.91,57,43,1.91,1.91,51,7,42,1.5,11.0,2.875,64,36,1.4,2.71,53,47,1.91,2.02,41,59,2.55,1.65,31,69,3.6,1.38,G. Collu,4.23,24.64,Regular Season,,35401449,https://www.footymetrics.com/fixtures/35401449-serie-a-lazio-monza,42,26,32,2026-10-09,
2026-10-11,13:00,Italy,Serie A,Matchday 6,Lecce,Bologna,12,18,LWLLW,DLDLL,NS,,,,Over 1.5,69,1.36,,total_goals,33,29,39,4.5,3.4,1.95,21.6,28.6,49.8,102.9,61,68,71,1.91,1.23,1.33,69,31,1.36,3.2,44,56,2.1,1.73,49,51,1.95,1.91,46,10,44,2.5,8.5,1.666,62,38,1.45,2.62,50,50,1.95,1.98,38,62,2.6,1.6,28,73,3.8,1.37,L. Pairetto,4.53,25.96,Regular Season,,35401448,https://www.footymetrics.com/fixtures/35401448-serie-a-lecce-bologna,33,29,39,2026-10-09,
2026-10-11,16:00,Italy,Serie A,Matchday 6,Sassuolo,AC Milan,10,5,LWDDW,WLDDW,NS,,,,Under 3.5,72,1.44,,total_goals,28,27,45,4.5,3.7,1.83,21.4,26.0,52.6,103.9,55,72,73,1.98,1.22,1.29,74,26,1.22,4.33,50,50,1.77,2.1,54,46,1.68,2.2,41,8,52,2.5,12.0,1.615,69,31,1.53,2.4,57,43,2.1,1.8,44,56,2.75,1.48,32,68,4.0,1.28,F. Fourneau,4.54,26.14,Regular Season,,35401484,https://www.footymetrics.com/fixtures/35401484-serie-a-sassuolo-ac-milan,28,27,45,2026-10-09,
2026-10-11,18:45,Italy,Serie A,Matchday 6,Cagliari,Juventus,4,7,WWWLL,WWLDW,NS,,,,Over 1.5,71,1.3,,total_goals,25,27,49,7.0,3.8,1.56,13.6,25.1,61.2,104.7,51,75,74,2.38,1.13,1.25,71,29,1.3,3.5,46,54,2.0,1.8,50,50,2.05,1.8,35,9,56,3.1,9.5,1.444,71,30,1.32,3.33,58,42,1.57,2.4,46,54,2.0,1.8,34,66,2.6,1.5,M. Marcenaro,4.73,24.0,Regular Season,,35401505,https://www.footymetrics.com/fixtures/35401505-serie-a-cagliari-juventus,25,27,49,2026-10-09,
2026-10-11,13:00,Italy,Serie B,Matchday 6,Catanzaro,Mantova,19,3,LWLLL,DWDLW,NS,,,,Under 3.5,71,1.4,,total_goals,44,27,30,2.38,3.4,3.1,40.5,28.4,31.1,103.7,70,57,73,1.4,1.57,1.36,76,24,1.22,4.0,52,48,1.8,2.0,56,44,1.62,2.2,55,7,38,1.833,12.0,2.1,70,30,1.3,3.4,58,42,1.533,2.375,45,55,1.98,1.9,34,66,2.33,1.5,Giuseppe Mucera,3.24,25.65,Regular Season,,35401457,https://www.footymetrics.com/fixtures/35401457-serie-b-catanzaro-mantova,44,27,30,2026-10-09,
2026-10-11,15:15,Italy,Serie B,Matchday 6,Padova,Carrarese,11,20,LWLDW,LLLDL,NS,,,,Under 3.5,81,1.33,,total_goals,41,30,29,1.95,3.4,4.0,48.5,27.8,23.7,105.7,71,60,70,1.25,1.83,1.31,65,35,1.28,3.75,39,62,1.92,1.9,46,54,1.77,2.1,46,12,43,1.666,10.0,2.375,75,25,1.29,3.5,64,36,1.5,2.5,52,48,1.9,1.96,40,60,2.15,1.6,C. Allegretta,4.24,26.18,Regular Season,,35401479,https://www.footymetrics.com/fixtures/35401479-serie-b-calcio-padova-carrarese,41,30,29,2026-10-09,
2026-10-11,17:30,Italy,Serie B,Matchday 6,Modena,Hellas Verona,4,6,WDLWW,WLWWD,NS,,,,Over 1.5,73,1.33,,total_goals,48,26,26,2.1,3.3,3.9,46.0,29.3,24.8,103.6,74,53,74,1.26,1.8,1.36,73,27,1.33,3.25,48,52,2.05,1.75,51,49,1.91,1.91,60,8,32,1.727,9.0,2.4,64,36,1.3,3.4,52,48,1.52,2.32,40,60,1.91,1.83,30,70,2.3,1.52,A. Arena,4.85,28.55,Regular Season,,35401500,https://www.footymetrics.com/fixtures/35401500-serie-b-modena-hellas-verona,48,26,26,2026-10-09,
2026-10-11,15:30,Ivory Coast,Ligue 1,Matchday 3,Mouna,SOL,,,LDWLD,WLWWL,NS,,,,,,,,,,,,,,,,,,,,,,,,,,,,,,,,,,,,,,,,,,,,,,,,,,,,,,,,,,,,,,Regular Season,,38079082,https://www.footymetrics.com/fixtures/38079082-ligue-1-mouna-sol,,,,,
2026-10-11,15:30,Ivory Coast,Ligue 1,Matchday 3,Stella,Yamoussoukro,,,DLWWW,WW,NS,,,,,,,,,,,,,,,,,,,,,,,,,,,,,,,,,,,,,,,,,,,,,,,,,,,,,,,,,,,,,,Regular Season,,38079081,https://www.footymetrics.com/fixtures/38079081-ligue-1-stella-yamoussoukro,,,,,
2026-10-11,05:00,Japan,J1 League,Matchday 9,JEF United,V-Varen Nagasaki,20,15,LDWLL,DWLDL,NS,,,,Under 3.5,72,1.33,,total_goals,47,26,27,2.7,3.4,2.75,36.0,28.6,35.4,102.8,73,53,74,1.5,1.48,1.33,75,26,1.29,3.8,50,50,1.9,1.91,54,47,1.7,2.1,54,7,39,2.0,11.0,1.909,74,26,1.444,2.625,62,38,1.8,2.0,49,51,2.1,1.6,37,63,2.75,1.36,,,,Regular Season,,35401414,https://www.footymetrics.com/fixtures/35401414-j1-league-jef-united-v-varen-nagasaki,47,26,27,2026-10-09,
2026-10-11,06:00,Japan,J1 League,Matchday 9,Mito Hollyhock,Shimizu S-Pulse,13,12,LLDWD,WWLDL,NS,,,,Over 1.5,73,1.32,,total_goals,33,27,40,2.7,3.3,2.7,35.5,29.0,35.5,104.4,60,67,73,1.48,1.48,1.36,73,27,1.32,3.4,49,52,2.05,1.75,53,47,1.8,1.95,42,8,51,2.0,9.5,2.0,75,25,1.22,4.0,64,36,1.4,2.75,52,48,1.73,2.14,40,60,1.94,1.72,,,,Regular Season,,35401416,https://www.footymetrics.com/fixtures/35401416-j1-league-mito-hollyhock-shimizu-s-pulse,33,27,40,2026-10-09,
2026-10-11,06:00,Japan,J1 League,Matchday 9,Tokyo Verdy,Sanfrecce,19,3,LDDLL,WWLWD,NS,,,,Under 3.5,73,1.44,,total_goals,18,23,58,7.0,4.25,1.48,13.6,22.3,64.1,105.4,42,82,77,2.63,1.11,1.22,73,27,1.21,4.33,49,51,1.71,2.1,47,53,1.87,1.95,25,8,67,3.0,13.0,1.444,73,27,1.363,3.0,62,38,1.83,2.07,50,50,2.1,1.67,39,61,2.6,1.4,,,,Regular Season,,35401415,https://www.footymetrics.com/fixtures/35401415-j1-league-tokyo-verdy-sanfrecce-hiroshima,18,23,58,2026-10-09,
2026-10-11,07:00,Japan,J1 League,Matchday 9,Kawasaki,Nagoya Grampus,8,16,DWWLW,LLLLW,NS,,,,DC 1X,76,1.26,,double-chance,52,24,24,1.89,4.0,3.8,50.8,24.0,25.2,104.2,76,48,76,1.26,1.91,1.25,78,22,1.14,5.5,56,44,1.5,2.55,56,44,1.5,2.55,55,6,39,1.615,19.0,2.25,68,32,1.333,3.25,56,44,1.73,1.92,44,56,2.18,1.73,33,67,2.85,1.33,,,,Regular Season,,35401417,https://www.footymetrics.com/fixtures/35401417-j1-league-kawasaki-frontale-nagoya-grampus,52,24,24,2026-10-09,
2026-10-11,01:00,Mexico,Liga MX,Apertura,Atlas,Guadalajara,6,3,WDLDL,LDWWD,NS,,,,Under 3.5,74,1.44,,total_goals,22,25,53,3.2,3.6,2.22,30.0,26.7,43.3,104.1,47,78,75,1.67,1.36,1.29,73,27,1.2,4.33,48,52,1.7,2.1,50,50,1.62,2.25,29,8,63,2.1,13.0,1.8,67,33,1.25,3.67,56,45,1.43,2.6,44,56,1.8,1.96,34,67,2.2,1.58,M. Ortíz,2.8,22.4,Apertura,,35401409,https://www.footymetrics.com/fixtures/35401409-liga-mx-atlas-guadalajara,22,25,53,2026-10-09,
2026-10-11,03:10,Mexico,Liga MX,Apertura,América,Monterrey,2,10,WDLWW,LWDLL,NS,,,,DC 12,76,1.29,,double-chance,48,24,27,1.9,3.7,4.0,50.3,25.8,23.9,104.7,73,52,76,1.25,1.91,1.29,78,22,1.2,4.7,56,44,1.67,2.25,58,42,1.62,2.32,56,6,38,1.615,13.0,2.3,78,22,1.25,3.8,67,33,1.4,2.75,56,44,1.8,2.05,45,56,2.1,1.64,Oscar Mejia Garcia,4.58,23.92,Apertura,,35401412,https://www.footymetrics.com/fixtures/35401412-liga-mx-america-monterrey,48,24,27,2026-10-09,
2026-10-11,23:00,Mexico,Liga MX,Apertura,Atlético San Luis,Santos Laguna,13,16,WWLLW,WWWLD,NS,,,,DC 12,76,1.29,,double-chance,53,24,23,1.95,3.7,3.75,48.9,25.7,25.4,105.0,77,47,76,1.28,1.85,1.29,81,19,1.18,4.5,59,41,1.65,2.2,59,41,1.57,2.3,57,5,38,1.666,15.0,2.25,68,32,1.25,3.4,57,44,1.5,2.9,45,55,1.83,2.2,34,66,2.15,1.71,,,,Apertura,,35401522,https://www.footymetrics.com/fixtures/35401522-liga-mx-atletico-san-luis-santos-laguna,53,24,23,2026-10-09,
2026-10-11,23:10,Mexico,Liga MX,Apertura,Pachuca,Necaxa,11,17,LDWWD,LLLDL,NS,,,,Under 3.5,72,1.44,,total_goals,50,26,25,1.73,4.0,5.0,56.2,24.3,19.5,102.8,76,50,75,1.22,2.2,1.25,74,26,1.2,4.4,51,49,1.67,2.15,53,47,1.67,2.15,58,7,35,1.533,13.0,2.5,74,26,1.25,3.45,63,37,1.41,2.67,51,49,1.78,2.05,40,60,2.1,1.64,,,,Apertura,,35401523,https://www.footymetrics.com/fixtures/35401523-liga-mx-pachuca-necaxa,50,26,25,2026-10-09,
2026-10-11,20:00,Morocco,Botola Pro,Matchday 3,Wydad Casablanca,CODM Meknès,,,WLLLL,LWLWD,NS,,,,,,,,,43,28,30,,,,,,,,70,57,73,,,,69,31,,,45,55,,,49,51,,,53,10,37,,,,53,47,,,42,58,,,31,69,,,22,78,,,,,,Regular Season,,37630079,https://www.footymetrics.com/fixtures/37630079-botola-pro-wydad-casablanca-codm-meknes,43,28,30,2026-10-09,
2026-10-11,10:15,Netherlands,Eredivisie,Matchday 8,FC Utrecht,Willem II,15,18,LWDLD,LLDLD,NS,,,,Under 4.5,79,1.28,,total_goals,53,24,23,1.53,4.7,6.25,63.7,20.7,15.6,102.6,77,47,76,1.14,2.7,1.2,79,21,1.13,6.5,57,43,1.48,2.75,57,43,1.6,2.28,55,6,40,1.444,19.0,2.625,80,20,1.29,3.2,71,29,1.5,2.35,60,40,1.85,1.83,49,51,2.5,1.67,J. van der Laan,3.02,21.78,Regular Season,,35401419,https://www.footymetrics.com/fixtures/35401419-eredivisie-fc-utrecht-willem-ii,53,24,23,2026-10-09,
2026-10-11,12:30,Netherlands,Eredivisie,Matchday 8,PEC Zwolle,SC Cambuur,16,14,LLDLW,DWDLL,NS,,,,DC 12,78,1.26,,double-chance,27,23,50,1.95,4.0,3.5,48.9,23.8,27.2,104.9,50,73,78,1.29,1.85,1.26,78,23,1.14,5.5,55,45,1.55,2.6,54,46,1.5,2.6,35,6,59,1.666,19.0,2.2,74,26,1.23,3.55,63,37,1.42,2.6,51,49,1.71,2.3,39,61,2.12,1.8,S. van der Eijk,4.2,21.0,Regular Season,,35401444,https://www.footymetrics.com/fixtures/35401444-eredivisie-pec-zwolle-sc-cambuur,27,23,50,2026-10-09,
2026-10-11,12:30,Netherlands,Eredivisie,Matchday 8,Telstar,ADO Den Haag,13,17,LDLDL,DLLDL,NS,,,,DC 12,75,1.27,,double-chance,41,25,35,2.05,3.8,3.45,46.9,25.3,27.8,104.1,66,59,75,1.33,1.8,1.27,79,21,1.17,5.5,57,43,1.56,2.55,59,41,1.5,2.6,47,6,47,1.666,19.0,2.2,79,21,1.14,4.6,70,31,1.27,3.3,59,42,1.48,2.7,47,53,1.78,2.0,E. Blank,3.32,23.3,Regular Season,,35401443,https://www.footymetrics.com/fixtures/35401443-eredivisie-telstar-ado-den-haag,41,25,35,2026-10-09,
2026-10-11,14:45,Netherlands,Eredivisie,Matchday 8,Excelsior,FC Groningen,7,8,DLDWW,WDDLL,NS,,,,DC 12,76,1.3,,double-chance,41,25,35,2.55,3.6,2.6,37.2,26.3,36.5,105.5,65,59,76,1.5,1.5,1.3,82,19,1.17,5.5,60,40,1.58,2.4,62,38,1.45,2.63,54,5,42,1.909,17.0,1.909,70,30,1.3,3.3,59,42,1.48,2.43,46,54,1.95,2.0,35,65,2.28,1.57,R. Martens,2.89,22.07,Regular Season,,35401473,https://www.footymetrics.com/fixtures/35401473-eredivisie-excelsior-fc-groningen,41,25,35,2026-10-09,
2026-10-11,12:30,Norway,Eliteserien,Matchday 22,Fredrikstad,Tromsø,8,3,DDLWW,WLLDL,NS,,,,DC 12,75,1.3,,double-chance,42,25,33,3.0,3.4,2.45,32.2,28.4,39.4,103.6,67,58,75,1.55,1.4,1.3,81,19,1.25,4.0,59,41,1.85,1.95,60,40,1.7,2.2,51,5,44,2.0,12.0,1.909,70,30,1.29,3.5,58,42,1.5,2.5,46,54,1.9,1.98,35,66,2.1,1.62,O. Nilsen,3.42,21.75,Regular Season,,35401442,https://www.footymetrics.com/fixtures/35401442-eliteserien-fredrikstad-tromso,42,25,33,2026-10-09,
2026-10-11,15:00,Norway,Eliteserien,Matchday 22,Aalesund,Sarpsborg 08,14,9,WLWLD,LDDDL,NS,,,,Under 3.5,68,1.73,,total_goals,37,27,36,2.43,3.8,2.63,39.0,24.9,36.0,105.5,65,63,73,1.53,1.53,1.29,75,25,1.11,6.5,53,47,1.42,2.88,56,45,1.4,3.0,42,8,50,1.833,21.0,1.833,75,25,1.05,11.0,65,35,1.1,7.0,55,45,1.2,4.33,45,55,1.33,3.25,S. Sinnes,3.0,22.36,Regular Season,,35401474,https://www.footymetrics.com/fixtures/35401474-eliteserien-aalesund-sarpsborg-08,37,27,36,2026-10-09,
2026-10-11,15:00,Norway,Eliteserien,Matchday 22,Start,HamKam,16,13,LWLWL,LLLDL,NS,,,,DC 1X,75,1.29,,double-chance,51,24,25,1.95,3.7,3.7,48.7,25.7,25.7,105.3,75,49,77,1.29,1.91,1.29,79,21,1.18,4.8,58,42,1.62,2.25,58,42,1.57,2.4,55,6,39,1.666,15.0,2.25,78,22,1.25,3.75,68,32,1.444,2.625,57,43,1.83,2.0,46,54,2.25,1.54,M. Aslam,3.2,25.0,Regular Season,,35401475,https://www.footymetrics.com/fixtures/35401475-eliteserien-start-hamkam,51,24,25,2026-10-09,
2026-10-11,17:15,Norway,Eliteserien,Matchday 22,Lillestrøm,Molde,6,4,LLWWL,LWWWW,NS,,,,Over 2.5,71,1.37,,total_goals,33,22,45,3.0,4.0,2.12,31.6,23.7,44.7,105.5,55,67,78,1.7,1.4,1.25,88,12,1.1,7.0,71,29,1.37,3.1,70,30,1.36,3.0,41,3,57,2.0,23.0,1.727,77,23,1.14,5.5,68,32,1.29,3.5,57,43,1.5,2.5,47,53,1.9,1.86,E. Eskås,3.67,21.56,Regular Season,,35401496,https://www.footymetrics.com/fixtures/35401496-eliteserien-lillestrom-molde,33,22,45,2026-10-09,
2026-10-11,12:45,Poland,Ekstraklasa,Matchday 10,Piast Gliwice,Widzew Lodz,8,12,LWWWD,DDDLD,NS,,,,Under 3.5,73,1.4,,total_goals,40,29,31,2.6,3.5,2.55,36.2,26.9,36.9,106.2,69,60,71,1.5,1.44,1.3,74,26,1.22,4.0,49,51,1.73,2.1,56,44,1.58,2.25,51,8,41,1.952,13.0,1.909,67,33,1.17,5.0,56,44,1.33,2.85,45,55,1.7,2.17,35,66,1.95,1.85,J. Przybył,3.8,28.4,Regular Season,,35401447,https://www.footymetrics.com/fixtures/35401447-ekstraklasa-piast-gliwice-widzew-lodz,40,29,31,2026-10-09,
2026-10-11,15:30,Poland,Ekstraklasa,Matchday 10,Pogoń Szczecin,Korona Kielce,5,6,WWDDD,WLWDW,NS,,,,Over 1.5,80,1.22,,total_goals,46,26,29,2.23,3.5,3.33,43.3,27.6,29.0,103.4,71,55,74,1.36,1.65,1.35,80,20,1.22,4.0,58,42,1.76,2.05,59,41,1.64,2.3,51,6,43,1.8,12.0,2.1,77,23,1.33,2.85,67,33,1.58,2.14,56,44,2.1,1.83,45,55,2.5,1.42,P. Lasyk,3.75,25.67,Regular Season,,35401481,https://www.footymetrics.com/fixtures/35401481-ekstraklasa-pogon-szczecin-korona-kielce,46,26,29,2026-10-09,
2026-10-11,18:15,Poland,Ekstraklasa,Matchday 10,Legia Warszawa,Wisła Kraków,2,4,WDWDD,WWDWD,NS,,,,DC 12,76,1.28,,double-chance,44,25,32,2.0,3.75,3.45,47.3,25.2,27.4,105.7,68,57,76,1.3,1.75,1.28,80,20,1.2,4.4,59,41,1.67,2.2,59,41,1.57,2.38,53,6,41,1.666,15.0,2.2,76,24,1.38,2.65,66,35,1.66,2.02,54,46,2.08,1.75,42,58,2.7,1.36,D. Sylwestrzak,4.88,27.27,Regular Season,,35401504,https://www.footymetrics.com/fixtures/35401504-ekstraklasa-legia-warszawa-wisla-krakow,44,25,32,2026-10-09,
2026-10-11,14:30,Portugal,Liga Portugal,Matchday 8,Rio Ave,Nacional,16,15,LDLLW,LLLLL,NS,,,,Over 1.5,73,1.33,,total_goals,39,28,34,2.33,3.3,3.2,41.1,29.0,29.9,104.5,66,61,72,1.36,1.62,1.36,73,27,1.33,3.25,48,52,2.1,1.8,53,47,1.8,2.02,48,8,44,1.833,8.5,2.2,78,22,1.3,3.1,67,33,1.52,2.3,56,44,1.85,1.83,44,56,2.32,1.67,C. Fernandes Macedo,4.07,28.26,Regular Season,,35401472,https://www.footymetrics.com/fixtures/35401472-liga-portugal-rio-ave-nacional,39,28,34,2026-10-09,
2026-10-11,17:00,Portugal,Liga Portugal,Matchday 8,Benfica,Vitória Guimarães,2,14,LWWWW,DLDLW,NS,,,,Under 4.5,74,1.28,,total_goals,76,16,8,1.25,7.0,14.0,78.9,14.1,7.0,101.4,92,24,84,1.05,4.25,1.13,79,21,1.13,6.0,58,42,1.48,2.6,43,57,1.95,1.8,76,6,19,1.25,19.0,3.75,79,21,1.29,3.3,69,31,1.47,2.43,58,42,1.83,1.95,47,53,2.18,1.58,L. Branco Godinho,5.6,29.86,Regular Season,,35401494,https://www.footymetrics.com/fixtures/35401494-liga-portugal-benfica-vitoria-guimaraes,76,16,8,2026-10-09,
2026-10-11,19:30,Portugal,Liga Portugal,Matchday 8,Arouca,Estrela Amadora,5,8,DLDWL,LDWDW,NS,,,,Under 3.5,73,1.33,,total_goals,39,28,33,2.12,3.4,3.5,44.9,28.0,27.2,105.2,67,61,72,1.3,1.7,1.33,74,26,1.25,3.75,50,50,1.85,1.95,55,45,1.7,2.05,51,8,42,1.727,11.0,2.2,73,27,1.34,2.88,61,39,1.73,2.17,49,51,2.05,1.73,37,63,2.48,1.44,L. Mateus Filipe,4.91,26.55,Regular Season,,35401512,https://www.footymetrics.com/fixtures/35401512-liga-portugal-arouca-estrela-amadora,39,28,33,2026-10-09,
2026-10-11,15:00,Romania,Superliga,Matchday 11,Csikszereda,Universitatea Craiova,16,3,LLLLL,WWWDL,NS,,,,Under 3.5,72,1.5,,total_goals,14,23,64,9.5,5.25,1.29,9.8,17.8,72.4,107.1,36,86,78,3.5,1.08,1.17,74,26,1.18,4.9,50,50,1.62,2.38,46,54,2.0,1.8,26,8,66,3.5,15.0,1.3,65,35,1.4,2.65,54,46,1.8,2.04,43,57,2.05,1.66,33,67,2.63,1.41,,,,Regular Season,,35401477,https://www.footymetrics.com/fixtures/35401477-superliga-csikszereda-universitatea-craiova,14,23,64,2026-10-09,
2026-10-11,18:00,Romania,Superliga,Matchday 11,Farul Constanța,Petrolul 52,6,4,LWDDD,WDWWL,NS,,,,Under 3.5,68,1.36,,total_goals,54,24,22,1.92,3.5,3.75,48.5,26.6,24.8,107.3,78,46,76,1.25,1.83,1.3,78,22,1.25,3.75,56,44,1.83,2.0,56,44,1.73,2.0,57,6,36,1.666,12.0,2.375,72,28,1.3,3.1,61,39,1.5,2.33,49,51,1.83,1.84,38,62,2.28,1.53,,,,Regular Season,,35401501,https://www.footymetrics.com/fixtures/35401501-superliga-farul-constanta-petrolul-52,54,24,22,2026-10-09,
2026-10-11,13:40,Saudi Arabia,Pro League,Matchday 8,Al-Fayha,Al Riyadh,12,11,DLDWD,WDLWD,NS,,,,Over 1.5,77,1.3,,total_goals,40,27,34,2.2,3.4,3.33,43.3,28.0,28.6,104.9,66,60,74,1.35,1.67,1.33,77,23,1.3,3.6,53,48,2.0,1.88,57,43,1.8,2.07,47,7,46,1.8,10.0,2.2,69,31,1.25,3.25,57,43,1.46,2.4,45,55,1.9,2.0,34,66,2.23,1.54,,,,Regular Season,,35401459,https://www.footymetrics.com/fixtures/35401459-pro-league-al-fayha-al-riyadh,40,27,34,2026-10-09,
2026-10-11,15:25,Saudi Arabia,Pro League,Matchday 8,Abha,Al Faisaly,18,16,DLLLD,LDDLD,NS,,,,DC 1X,76,1.33,,double-chance,51,24,24,2.07,3.4,3.4,45.1,27.5,27.5,107.1,76,49,76,1.33,1.68,1.29,79,21,1.3,3.75,57,43,2.0,1.94,57,43,1.83,2.1,59,6,35,1.727,10.0,2.25,67,33,1.85,1.95,55,45,2.23,1.54,44,57,2.95,1.3,33,67,4.0,1.16,,,,Regular Season,,35401480,https://www.footymetrics.com/fixtures/35401480-pro-league-abha-al-faisaly,51,24,24,2026-10-09,
2026-10-11,18:00,Saudi Arabia,Pro League,Matchday 8,Al Shabab,Al Taawoun,14,17,DLLDD,DLLDL,NS,,,,DC 12,77,1.26,,double-chance,35,23,42,2.17,3.7,2.8,42.3,24.8,32.8,108.8,59,65,77,1.38,1.62,1.26,83,17,1.18,5.0,64,36,1.62,2.35,64,36,1.5,2.5,47,4,49,1.8,17.0,2.05,79,21,1.1,7.0,70,30,1.2,3.7,59,41,1.36,2.75,48,52,1.8,2.12,,,,Regular Season,,35401503,https://www.footymetrics.com/fixtures/35401503-pro-league-al-shabab-al-taawoun,35,23,42,2026-10-09,
2026-10-11,11:00,Scotland,Premiership,1st Phase,Motherwell,Celtic,9,1,LLLWD,LLWWW,NS,,,,Under 4.5,76,1.28,,total_goals,31,23,46,5.0,4.5,1.57,18.9,21.0,60.1,105.9,54,69,77,2.4,1.18,1.2,83,18,1.14,6.5,62,38,1.44,2.75,63,37,1.53,2.43,43,4,52,2.5,21.0,1.5,77,24,1.23,3.6,66,35,1.41,2.6,54,47,1.67,2.02,42,58,2.1,1.67,S. McLean,3.28,21.1,1st Phase,,35401422,https://www.footymetrics.com/fixtures/35401422-premiership-motherwell-celtic,31,23,46,2026-10-09,
2026-10-11,13:00,Scotland,Premiership,1st Phase,Aberdeen,St. Johnstone,7,6,DWDLL,DLWDL,NS,,,,Under 3.5,73,1.33,,total_goals,41,26,34,2.2,3.4,3.3,43.2,28.0,28.8,105.2,66,59,75,1.33,1.7,1.31,74,26,1.3,3.75,50,51,1.91,1.94,51,49,1.75,2.2,45,8,48,1.8,10.0,2.2,75,25,1.27,3.3,65,35,1.47,2.43,54,46,1.77,2.0,43,57,2.23,1.56,R. Lee,3.3,24.95,1st Phase,,35401453,https://www.footymetrics.com/fixtures/35401453-premiership-aberdeen-st.-johnstone,41,26,34,2026-10-09,
2026-10-11,05:00,South Korea,K League 1,Matchday 31,Gwangju,Ulsan HD,12,2,DDLDL,LWWDW,NS,,,,Under 3.5,73,1.53,,total_goals,19,25,57,4.75,4.0,1.68,19.9,23.7,56.4,105.6,43,81,75,2.17,1.22,1.23,73,27,1.17,5.0,48,52,1.6,2.35,50,50,1.62,2.25,33,8,60,2.5,17.0,1.533,67,33,1.4,2.75,55,45,1.73,2.02,43,57,2.1,1.63,32,68,2.7,1.38,,,,Regular Season,,35401413,https://www.footymetrics.com/fixtures/35401413-k-league-1-gwangju-ulsan-hd,19,25,57,2026-10-09,
2026-10-11,14:00,Spain,Copa Del Rey,Preliminary Round · 2nd leg,Prat,San Rafael,,,W,L,NS,,,,,,,,,46,18,36,,,,,,,,64,55,82,,,,88,12,,,72,28,,,62,38,,,60,3,37,,,,69,31,,,59,41,,,48,52,,,38,62,,,,,,Preliminary Round,,34284051,https://www.footymetrics.com/fixtures/34284051-copa-del-rey-prat-san-rafael,46,18,36,2026-10-09,
2026-10-11,12:00,Spain,La Liga,Matchday 8,Elche,Celta Vigo,18,14,WLDLL,WLDDD,NS,,,,Over 1.5,68,1.3,,total_goals,31,30,39,2.8,3.3,2.63,34.3,29.1,36.5,104.0,61,69,71,1.5,1.44,1.36,68,32,1.3,3.5,42,58,2.02,1.8,49,51,1.75,2.0,42,10,48,2.0,10.0,1.952,55,45,1.53,2.55,43,57,1.92,1.9,32,68,2.55,1.5,23,77,3.6,1.29,,,,Regular Season,,35401437,https://www.footymetrics.com/fixtures/35401437-la-liga-elche-celta-de-vigo,31,30,39,2026-10-09,
2026-10-11,14:15,Spain,La Liga,Matchday 8,Real Sociedad,Deportivo A Coruña,8,7,WLLWD,DLDWW,NS,,,,Over 1.5,74,1.22,,total_goals,36,27,37,1.63,4.0,6.0,59.6,24.3,16.2,103.0,63,64,73,1.16,2.3,1.23,74,26,1.22,4.33,49,51,1.73,2.1,54,46,1.8,2.0,47,8,46,,,,73,27,1.28,3.75,62,38,1.48,2.55,50,50,1.91,2.0,38,62,2.55,1.6,,,,Regular Season,,35401466,https://www.footymetrics.com/fixtures/35401466-la-liga-real-sociedad-deportivo-a-coruna,36,27,37,2026-10-09,
2026-10-11,16:30,Spain,La Liga,Matchday 8,Real Betis,Osasuna,3,13,DWWWW,DLLLW,NS,,,,Under 3.5,71,1.44,,total_goals,60,23,17,1.55,4.33,6.5,62.6,22.4,14.9,103.0,83,40,77,1.14,2.5,1.22,74,26,1.22,4.33,51,50,1.73,2.12,48,52,1.85,1.98,61,7,32,1.444,12.0,2.875,72,28,1.3,3.6,61,39,1.52,2.55,48,52,1.98,1.9,37,63,2.55,1.56,,,,Regular Season,,35401491,https://www.footymetrics.com/fixtures/35401491-la-liga-real-betis-osasuna,60,23,17,2026-10-09,
2026-10-11,19:00,Spain,La Liga,Matchday 8,Racing Santander,Valencia,16,19,LLWLW,LWLLL,NS,,,,Over 1.5,78,1.2,,total_goals,45,27,28,2.3,3.5,3.0,41.3,27.1,31.6,105.4,72,55,73,1.4,1.62,1.29,78,22,1.2,4.5,55,45,1.68,2.2,59,41,1.56,2.4,51,6,43,1.8,15.0,2.05,73,27,1.22,4.0,62,38,1.4,2.8,51,49,1.73,2.14,40,60,2.25,1.73,,,,Regular Season,,35401509,https://www.footymetrics.com/fixtures/35401509-la-liga-racing-santander-valencia,45,27,28,2026-10-09,
2026-10-11,12:00,Spain,La Liga 2,Matchday 9,FC Andorra,Castellón,20,2,DWLLL,DWWWW,NS,,,,DC 12,76,1.33,,double-chance,28,25,47,3.2,3.55,2.25,30.1,27.1,42.8,103.9,53,72,76,1.65,1.4,1.33,80,20,1.18,4.9,58,42,1.65,2.38,58,42,1.53,2.48,44,5,51,2.1,13.0,1.8,65,35,1.35,2.85,53,47,1.73,2.14,41,59,2.05,1.71,31,69,2.5,1.44,,,,Regular Season,,35401438,https://www.footymetrics.com/fixtures/35401438-la-liga-2-fc-andorra-castellon,28,25,47,2026-10-09,
2026-10-11,14:15,Spain,La Liga 2,Matchday 9,Almería,Leganés,3,10,WWWWW,LLWLD,NS,,,,Under 3.5,68,1.4,,total_goals,66,21,14,1.67,4.0,5.25,57.6,24.1,18.3,103.9,86,34,79,1.18,2.25,1.29,77,23,1.22,4.25,54,46,1.75,2.12,49,51,1.73,2.1,70,6,24,1.533,12.0,2.625,73,27,1.25,3.65,62,38,1.38,2.7,50,50,1.9,2.08,39,61,1.98,1.7,,,,Regular Season,,35401467,https://www.footymetrics.com/fixtures/35401467-la-liga-2-almeria-leganes,66,21,14,2026-10-09,
2026-10-11,16:30,Spain,La Liga 2,Matchday 9,Mallorca,Las Palmas,5,11,DLWWD,DLLWD,NS,,,,Over 1.5,78,1.25,,total_goals,48,25,27,1.6,4.0,5.5,59.1,23.7,17.2,105.7,73,52,76,1.15,2.3,1.25,78,22,1.25,3.8,55,45,1.8,2.0,58,42,1.8,1.91,56,6,39,1.5,12.0,2.75,67,33,1.29,3.15,55,45,1.5,2.33,43,57,2.1,1.84,32,68,2.3,1.52,,,,Regular Season,,35401492,https://www.footymetrics.com/fixtures/35401492-la-liga-2-mallorca-las-palmas,48,25,27,2026-10-09,
2026-10-11,19:00,Spain,La Liga 2,Matchday 9,Cádiz,Sporting Gijón,19,8,WDLLL,WLWLL,NS,,,,Over 1.5,76,1.33,,total_goals,41,26,34,2.55,3.25,2.88,37.5,29.4,33.2,104.7,66,60,74,1.4,1.53,1.36,76,24,1.33,3.25,53,47,2.1,1.7,57,43,1.83,1.91,52,7,41,1.952,8.5,2.1,74,26,1.36,2.8,62,38,1.61,2.12,49,51,2.1,1.75,37,63,2.55,1.43,,,,Regular Season,,35401510,https://www.footymetrics.com/fixtures/35401510-la-liga-2-cadiz-sporting-gijon,41,26,34,2026-10-09,
2026-10-11,12:00,Sweden,Allsvenskan,Matchday 23,Hammarby,Djurgården,2,3,WWDLW,LWWWW,NS,,,,DC 12,75,1.25,,double-chance,43,25,32,1.73,4.2,4.6,55.9,23.0,21.0,103.4,68,57,75,1.23,2.1,1.25,81,19,1.17,5.5,60,40,1.53,2.48,61,39,1.56,2.4,56,5,39,1.571,17.0,2.4,72,28,1.36,3.4,61,39,1.61,2.14,50,50,1.96,1.9,39,61,2.5,1.5,G. Maqedonci,2.75,22.81,Regular Season,,35401432,https://www.footymetrics.com/fixtures/35401432-allsvenskan-hammarby-djurgarden,43,25,32,2026-10-09,
2026-10-11,14:30,Sweden,Allsvenskan,Matchday 23,Häcken,Örgryte,5,15,WDDLW,LLDLD,NS,,,,Under 4.5,79,1.36,,total_goals,55,23,22,1.32,5.75,8.0,71.7,16.5,11.8,105.6,78,45,77,1.08,3.4,1.14,79,21,1.1,7.0,57,43,1.36,3.1,57,43,1.62,2.23,62,6,32,1.363,23.0,3.0,80,20,1.13,6.0,71,29,1.25,3.75,61,39,1.44,2.55,50,50,1.73,2.0,K. Karlsson,3.6,26.2,Regular Season,,35401468,https://www.footymetrics.com/fixtures/35401468-allsvenskan-hacken-orgryte,55,23,22,2026-10-09,
2026-10-11,12:00,Switzerland,Super League,Matchday 10,Grasshopper,Young Boys,10,2,LLWDW,WDDWD,NS,,,,Under 4.5,74,1.67,,total_goals,28,24,49,5.25,5.0,1.55,18.4,19.3,62.3,103.6,51,72,77,2.5,1.2,1.18,82,18,1.04,13.0,62,38,1.24,4.33,60,40,1.36,3.75,38,5,57,2.375,34.0,1.533,68,32,1.2,4.333,58,43,1.44,2.5,47,53,1.71,1.97,36,64,2.1,1.9,,,,Regular Season,,35401436,https://www.footymetrics.com/fixtures/35401436-super-league-grasshopper-young-boys,28,24,49,2026-10-09,
2026-10-11,14:30,Switzerland,Super League,Matchday 10,St. Gallen,Lausanne Sport,5,12,WLLWL,LLLDL,NS,,,,Under 4.5,77,1.33,,total_goals,45,24,31,1.61,4.5,5.75,61.1,21.8,17.1,101.7,69,55,76,1.18,2.5,1.25,82,18,1.11,7.0,61,39,1.4,3.0,62,38,1.5,2.6,49,5,47,1.5,21.0,2.6,80,20,1.14,5.5,71,30,1.285,3.5,60,40,1.5,2.5,49,51,1.8,2.2,,,,Regular Season,,35401471,https://www.footymetrics.com/fixtures/35401471-super-league-st.-gallen-lausanne-sport,45,24,31,2026-10-09,
2026-10-11,14:30,Switzerland,Super League,Matchday 10,Vaduz,Basel,11,4,LLWLW,LWLLD,NS,,,,Under 4.5,70,1.36,,total_goals,33,22,45,2.7,4.0,2.38,35.6,24.0,40.4,104.1,55,67,78,1.57,1.5,1.25,86,14,1.1,7.5,69,31,1.36,3.3,67,33,1.33,3.3,51,4,46,1.909,26.0,1.8,82,18,1.2,4.333,73,27,1.4,2.75,62,38,1.46,2.43,50,50,2.05,1.91,,,,Regular Season,,35401470,https://www.footymetrics.com/fixtures/35401470-super-league-vaduz-basel,33,22,45,2026-10-09,
2026-10-11,13:00,Turkey,1. Lig,Matchday 9,Karagümrük,Muğlaspor,9,10,WDLDD,DDDWW,NS,,,,Under 3.5,79,1.3,,total_goals,32,30,38,1.85,3.5,4.5,51.6,27.3,21.2,104.8,62,69,70,1.22,2.0,1.3,69,31,1.29,3.5,42,58,1.95,1.85,48,52,1.85,1.91,45,10,45,1.571,10.0,2.625,68,32,,,57,44,,,45,56,,,34,67,,,A. Yılmaz,4.57,28.41,Regular Season,,35401456,https://www.footymetrics.com/fixtures/35401456-1.-lig-fatih-karagumruk-muglaspor,32,30,38,2026-10-09,
2026-10-11,16:00,Turkey,1. Lig,Matchday 9,Bursaspor,Mardin BB,2,7,WDWWW,LLWDD,NS,,,,Over 1.5,72,1.29,,total_goals,58,26,16,1.67,3.67,4.5,54.8,24.9,20.3,109.4,84,42,75,1.18,2.1,1.25,72,28,1.29,3.6,46,55,1.9,1.92,46,54,1.83,1.94,63,9,28,,,,62,38,,,51,49,,,40,60,,,31,69,,,F. Tokail,4.28,24.38,Regular Season,,35401488,https://www.footymetrics.com/fixtures/35401488-1.-lig-bursaspor-mardin-bb,58,26,16,2026-10-09,
2026-10-11,10:30,Turkey,Super Lig,Matchday 7,Konyaspor,İstanbul Başakşehir,15,12,DWLLL,WLLDL,NS,,,,DC 12,75,1.31,,double-chance,36,25,39,2.65,3.5,2.5,35.5,26.9,37.6,106.3,61,64,75,1.5,1.5,1.31,80,20,1.22,4.0,59,41,1.8,2.05,61,40,1.62,2.29,46,6,49,1.952,12.0,1.909,66,34,1.35,2.85,54,46,1.61,2.14,42,58,2.0,1.73,31,69,2.55,1.44,B. Kolak,4.5,27.23,Regular Season,,35401421,https://www.footymetrics.com/fixtures/35401421-super-lig-konyaspor-i̇stanbul-basaksehir,36,25,39,2026-10-09,
2026-10-11,13:00,Turkey,Super Lig,Matchday 7,Gaziantep F.K.,Çorum FK,10,11,LDWLW,LWWLL,NS,,,,Under 3.5,71,1.33,,total_goals,32,27,41,2.62,3.4,2.75,36.7,28.3,35.0,103.9,59,68,73,1.5,1.5,1.33,74,26,1.29,3.6,51,49,1.9,1.9,55,46,1.67,2.1,42,8,51,1.952,11.0,1.952,75,25,1.37,2.8,63,37,1.63,2.1,52,49,2.1,1.67,40,60,2.6,1.42,G. Hasova,5.3,29.3,Regular Season,,35401455,https://www.footymetrics.com/fixtures/35401455-super-lig-gaziantep-f.k.-corum-fk,32,27,41,2026-10-09,
2026-10-11,16:00,Turkey,Super Lig,Matchday 7,Beşiktaş,Kocaelispor,3,4,LWWWW,WLWWW,NS,,,,1X2 1,75,1.3,,1x2,75,17,8,1.3,5.5,11.0,73.8,17.4,8.7,104.2,92,25,83,1.07,3.75,1.18,77,23,1.18,4.8,54,46,1.62,2.25,41,59,2.1,1.75,75,6,19,1.3,13.0,3.6,80,20,1.3,3.1,70,30,1.52,2.3,59,41,1.86,1.83,47,53,2.33,1.5,A. Taşkınsoy,3.71,22.57,Regular Season,,35401487,https://www.footymetrics.com/fixtures/35401487-super-lig-besiktas-kocaelispor,75,17,8,2026-10-09,
2026-10-11,10:00,Ukraine,Premier League,Matchday 8,Dynamo Kyiv,Karpaty,4,3,WWDLW,DWLDW,NS,,,,Under 3.5,72,1.36,,total_goals,46,27,26,1.8,3.6,4.1,51.6,25.8,22.6,107.7,74,54,73,1.25,1.91,1.27,74,26,1.25,4.0,51,50,1.8,2.15,53,47,1.8,2.2,54,8,38,1.571,12.0,2.5,69,31,,,58,43,,,46,54,,,35,66,,,,,,Regular Season,,35263411,https://www.footymetrics.com/fixtures/35263411-premier-league-dynamo-kyiv-karpaty,46,27,26,2026-10-09,
2026-10-11,10:00,Ukraine,Premier League,Matchday 8,LNZ Cherkasy,Kudrivka,8,16,LWDLW,LLLLD,NS,,,,Under 3.5,78,1.44,,total_goals,64,23,13,1.2,5.75,12.0,76.4,15.9,7.6,109.1,87,36,77,1.04,4.2,1.11,70,30,1.22,4.5,44,56,1.7,2.1,42,58,2.5,1.5,68,9,22,1.25,13.0,4.0,65,36,,,51,49,,,39,61,,,27,73,,,,,,Regular Season,,35263417,https://www.footymetrics.com/fixtures/35263417-premier-league-lnz-cherkasy-kudrivka,64,23,13,2026-10-09,
2026-10-11,15:00,Ukraine,Premier League,Matchday 8,Bukovyna Chernivtsi,Polissya Zhytomyr,11,2,LDDWL,WWWWL,NS,,,,Under 3.5,74,1.4,,total_goals,29,26,45,4.2,3.6,1.7,21.6,25.2,53.3,110.4,56,71,74,2.05,1.22,1.25,73,27,1.22,4.0,49,51,1.75,2.05,51,49,1.73,2.0,41,9,51,2.5,12.0,1.571,71,29,,,60,40,,,49,51,,,39,62,,,,,,Regular Season,SI,35263416,https://www.footymetrics.com/fixtures/35263416-premier-league-bukovyna-chernivtsi-polissya-zhytomyr,29,26,45,2026-10-09,
2026-10-11,00:30,United States,Major League Soccer,Matchday 28,Austin,Nashville SC,13,1,DDWDD,WWDLD,NS,,,,Under 3.5,75,1.4,,total_goals,37,29,34,3.75,3.8,1.91,25.3,25.0,49.7,105.3,66,63,72,1.91,1.27,1.27,71,29,1.22,4.5,46,54,1.73,2.1,52,48,1.67,2.2,46,9,46,2.3,13.0,1.666,72,28,1.25,3.6,61,39,1.45,2.63,50,50,1.83,2.02,39,61,2.25,1.65,I. Elfath,4.07,23.27,Regular Season,,35401406,https://www.footymetrics.com/fixtures/35401406-major-league-soccer-austin-nashville-sc,37,29,34,2026-10-09,
2026-10-11,00:30,United States,Major League Soccer,Matchday 28,Minnesota,Houston Dynamo,14,5,LLLLL,LDLWD,NS,,,,Under 3.5,71,1.44,,total_goals,42,26,32,2.1,3.75,3.5,46.3,25.9,27.8,102.9,68,58,74,1.33,1.74,1.29,75,25,1.2,4.5,52,48,1.67,2.2,55,45,1.57,2.3,56,7,38,1.727,15.0,2.2,72,28,1.22,3.8,61,39,1.45,2.75,50,51,1.8,2.12,38,62,2.29,1.71,M. de Oliveira,3.0,26.42,Regular Season,,35401407,https://www.footymetrics.com/fixtures/35401407-major-league-soccer-minnesota-united-houston-dynamo,42,26,32,2026-10-09,
2026-10-11,00:30,United States,Major League Soccer,Matchday 28,Sporting KC,Portland,15,10,LWLWL,LLLDW,NS,,,,Under 4.5,77,1.36,,total_goals,39,24,37,2.45,4.0,2.63,39.3,24.1,36.6,103.8,63,61,76,1.5,1.57,1.25,82,18,1.1,7.5,61,39,1.36,3.3,63,37,1.36,3.3,48,4,47,1.833,23.0,1.909,73,27,1.28,3.2,61,39,1.49,2.55,50,50,1.8,2.1,38,62,2.29,1.6,P. Luce Lauziere,3.47,23.53,Regular Season,,35401408,https://www.footymetrics.com/fixtures/35401408-major-league-soccer-sporting-kc-portland-timbers,39,24,37,2026-10-09,
2026-10-11,01:30,United States,Major League Soccer,Matchday 28,Colorado,San Jose,8,4,LDWDL,WDWWD,NS,,,,DC 12,75,1.27,,double-chance,47,25,28,1.91,3.85,3.9,50.4,25.0,24.7,104.0,72,53,75,1.28,1.91,1.27,80,20,1.17,5.2,58,42,1.57,2.4,60,40,1.53,2.5,58,5,37,,,,74,26,1.23,3.6,63,37,1.41,2.71,52,48,1.75,2.25,41,59,2.2,1.83,F. Dujic,3.93,25.13,Regular Season,,35401410,https://www.footymetrics.com/fixtures/35401410-major-league-soccer-colorado-rapids-sj-earthquakes,47,25,28,2026-10-09,
2026-10-11,02:30,United States,Major League Soccer,Matchday 29,Los Angeles FC,Vancouver,6,1,LDLWD,LDWLW,NS,,,,Under 3.5,71,1.53,,total_goals,42,26,32,2.45,3.75,2.75,39.3,25.7,35.0,103.8,68,58,75,1.45,1.56,1.29,75,25,1.17,5.0,52,48,1.6,2.3,54,46,1.5,2.55,48,7,45,1.833,15.0,1.952,73,27,1.24,3.5,62,39,1.43,2.71,50,50,1.75,2.05,38,62,2.25,1.73,G. Gonzalez,4.67,24.75,Regular Season,,35401411,https://www.footymetrics.com/fixtures/35401411-major-league-soccer-los-angeles-fc-vancouver-whitecaps,42,26,32,2026-10-09,
2026-10-11,23:00,United States,Major League Soccer,Matchday 29,St. Louis City,LA Galaxy,2,9,WWWDW,WWDLW,NS,,,,Under 4.5,74,1.33,,total_goals,56,22,21,1.57,4.6,5.5,61.5,21.0,17.5,103.6,79,44,78,1.2,2.33,1.22,84,17,1.1,7.0,64,36,1.4,2.88,61,39,1.45,2.63,62,4,34,1.5,23.0,2.5,72,28,1.18,4.1,62,38,1.32,3.0,51,49,1.54,2.28,41,59,2.1,1.82,J. Dickerson,4.15,21.85,Regular Season,,35401521,https://www.footymetrics.com/fixtures/35401521-major-league-soccer-st.-louis-city-la-galaxy,56,22,21,2026-10-09,
2026-10-11,14:00,Uruguay,Primera Division,Clausura,Juventud,Racing,14,1,DDWDD,LLDWL,NS,,,,Under 3.5,81,1.25,,total_goals,41,30,30,2.7,3.1,2.8,35.3,30.7,34.0,105.0,70,59,70,1.44,1.5,1.36,67,33,1.35,3.25,41,59,2.15,1.73,48,52,1.83,1.95,49,11,40,1.952,8.5,2.05,68,33,1.444,2.625,55,45,1.92,1.91,43,57,2.48,1.46,32,68,3.3,1.27,J. Burgos,4.8,26.96,Clausura,,36902610,https://www.footymetrics.com/fixtures/36902610-primera-division-juventud-racing,41,30,30,2026-10-09,
2026-10-11,18:00,Uruguay,Primera Division,Clausura,Cerro Largo,Albion,12,3,LLLDL,WLLLL,NS,,,,Under 3.5,82,1.22,,total_goals,37,30,33,2.6,3.1,2.9,36.6,30.7,32.8,105.2,67,63,70,1.43,1.53,1.35,64,36,1.36,3.0,38,62,2.2,1.65,45,55,1.85,1.85,49,12,39,1.909,8.0,2.1,65,35,1.46,2.63,52,48,1.8,2.0,40,60,2.25,1.57,29,71,3.25,1.33,E. Guerra,5.18,23.64,Clausura,,36902754,https://www.footymetrics.com/fixtures/36902754-primera-division-cerro-largo-albion,37,30,33,2026-10-09,
2026-10-11,21:30,Uruguay,Primera Division,Clausura,Central Español,Nacional,5,7,LLLDD,WWWDD,NS,,,,Under 3.5,75,1.36,,total_goals,16,24,60,5.6,4.0,1.56,16.7,23.4,59.9,107.0,40,84,76,2.3,1.17,1.22,72,29,1.25,3.85,46,54,1.8,2.0,47,53,1.83,1.91,28,8,64,2.75,12.0,1.5,67,33,1.33,3.25,55,45,1.6,2.16,44,56,1.97,1.8,33,67,2.63,1.45,L. González,5.08,23.0,Clausura,,36902772,https://www.footymetrics.com/fixtures/36902772-primera-division-central-espanol-nacional,16,24,60,2026-10-09,
2026-10-11,11:00,Vietnam,V-League,Matchday 3,Sông Lam Nghệ An,Công An Hồ Chí Minh,,,WWLLW,LWDDD,NS,,,,Over 1.5,74,1.3,,total_goals,37,27,37,2.5,3.3,2.5,36.3,27.5,36.3,110.3,63,63,73,1.44,1.44,1.3,74,26,1.3,3.4,49,51,1.95,1.85,54,46,1.75,2.0,47,7,46,,,,62,38,,,50,50,,,38,62,,,28,72,,,,,,Regular Season,,35401425,https://www.footymetrics.com/fixtures/35401425-v-league-song-lam-nghe-an-cong-an-ho-chi-minh,37,27,37,2026-10-09,
2026-10-11,12:15,Vietnam,V-League,Matchday 3,Hà Nội,Bac Ninh,,,LLDLW,WL,NS,,,,Over 1.5,73,1.22,,total_goals,50,28,23,1.52,4.2,6.0,61.9,22.4,15.7,106.3,77,50,73,1.14,2.5,1.22,73,27,1.22,4.0,48,52,1.75,2.1,52,48,1.91,1.95,60,8,32,,,,60,40,,,48,52,,,37,63,,,27,73,,,,,,Regular Season,,35401441,https://www.footymetrics.com/fixtures/35401441-v-league-ha-noi-bac-ninh,50,28,23,2026-10-09,
2026-10-12,00:30,Argentina,Liga Profesional de Fútbol,Clausura,Talleres Córdoba,Independiente,4,5,LLWLD,LWDWL,NS,,,,Over 1.5,72,1.43,,total_goals,33,27,40,2.4,3.1,3.5,40.7,31.5,27.9,102.5,60,67,73,1.35,1.57,1.36,72,28,1.43,2.75,47,53,2.35,1.57,53,48,1.96,1.8,46,8,46,1.909,7.5,2.25,72,28,1.27,3.3,60,40,1.56,2.43,49,51,2.0,1.9,38,62,2.5,1.57,S. Zunino,5.44,23.2,Clausura,,35401398,https://www.footymetrics.com/fixtures/35401398-liga-profesional-de-futbol-talleres-cordoba-independiente,33,27,40,2026-10-09,
2026-10-12,19:00,Argentina,Liga Profesional de Fútbol,Clausura,Lanús,Vélez Sarsfield,6,3,DWWWL,DWDWD,NS,,,,DC 1X,75,1.33,,double-chance,44,31,25,2.3,3.1,3.75,42.5,31.5,26.0,102.4,75,57,69,1.33,1.68,1.4,60,41,1.54,2.5,33,67,2.65,1.48,41,59,2.18,1.7,54,14,32,1.909,6.0,2.4,70,30,1.4,2.65,57,43,1.73,2.02,44,56,2.1,1.63,33,67,2.7,1.38,S. Martínez,6.05,25.33,Clausura,,35401404,https://www.footymetrics.com/fixtures/35401404-liga-profesional-de-futbol-lanus-velez-sarsfield,44,31,25,2026-10-09,
2026-10-12,21:30,Argentina,Liga Profesional de Fútbol,Clausura,Gimnasia Mendoza,Newell's Old Boys,11,14,LDLDW,DWDDD,NS,,,,Over 1.5,68,1.5,,total_goals,47,27,26,2.3,3.15,3.7,42.5,31.0,26.4,102.3,74,54,73,1.29,1.66,1.4,68,32,1.5,2.8,42,58,2.6,1.58,47,53,2.1,1.75,55,10,35,1.833,6.5,2.375,67,34,1.43,2.55,54,46,1.72,1.97,42,59,2.15,1.67,30,70,2.75,1.38,,,,Clausura,,35401403,https://www.footymetrics.com/fixtures/35401403-liga-profesional-de-futbol-gimnasia-y-esgrima-mendoza-newell's-old-boys,47,27,26,2026-10-09,
2026-10-12,13:45,Asia,AFC Champions League Elite,League Stage,Pakhtakor,Al-Qadsiah,,,DWLWW,WWDWW,NS,,,,DC 12,76,1.23,,double-chance,32,24,44,5.0,3.95,1.64,18.8,23.8,57.4,106.3,56,68,76,2.2,1.17,1.23,80,20,1.2,4.0,58,42,1.7,2.1,58,42,1.75,2.1,47,6,47,,,,59,41,,,47,53,1.5,2.33,36,64,1.81,1.83,26,74,2.28,1.52,,,,League Stage,,35533123,https://www.footymetrics.com/fixtures/35533123-afc-champions-league-elite-pakhtakor-al-qadsiah,32,24,44,2026-10-09,
2026-10-12,16:00,Asia,AFC Champions League Elite,League Stage,Al Wasl,Al Ahli,,,LDWLW,LDWLW,NS,,,,DC 12,77,1.25,,double-chance,43,23,34,3.7,3.8,1.87,25.3,24.6,50.1,106.8,66,57,77,1.91,1.28,1.25,85,15,1.17,4.7,66,34,1.58,2.3,64,36,1.6,2.35,56,4,40,,,,67,34,,,56,44,1.44,2.48,45,55,1.74,1.91,35,65,2.18,1.56,,,,League Stage,,35533131,https://www.footymetrics.com/fixtures/35533131-afc-champions-league-elite-al-wasl-al-ahli,43,23,34,2026-10-09,
2026-10-12,16:00,Asia,AFC Champions League Elite,League Stage,Tractor Sazi,Al Shamal SC,,,DLLWD,LDDWD,NS,,,,Over 1.5,70,1.3,,total_goals,37,27,36,2.48,3.25,2.75,37.5,28.6,33.8,107.5,64,63,73,1.38,1.46,1.28,70,30,1.3,3.1,45,56,2.0,1.71,50,50,1.74,1.9,,,,,,,0,,,,0,,1.44,2.45,0,,1.73,1.91,0,,2.18,1.56,,,,League Stage,SI,35533132,https://www.footymetrics.com/fixtures/35533132-afc-champions-league-elite-tractor-sazi-al-shamal-sc,37,27,36,2026-10-09,
2026-10-12,18:15,Asia,AFC Champions League Elite,League Stage,Al Gharafa,Esteghlal,,,LLDLL,DWWDD,NS,,,,DC 12,75,1.28,,double-chance,41,25,33,2.43,3.75,2.55,38.4,24.9,36.6,107.0,67,59,75,1.48,1.53,1.28,74,26,1.2,4.25,50,50,1.65,2.14,52,48,1.56,2.3,43,7,50,,,,60,41,,,48,53,1.43,2.48,36,64,1.73,1.92,27,74,2.17,1.57,,,,League Stage,,35533146,https://www.footymetrics.com/fixtures/35533146-afc-champions-league-elite-al-gharafa-esteghlal,41,25,33,2026-10-09,
2026-10-12,18:15,Asia,AFC Champions League Elite,League Stage,Al Nassr,Neftchi,,,LDWLW,W,NS,,,,Over 1.5,79,1.1,,total_goals,58,22,20,1.25,6.0,10.0,75.0,15.6,9.4,106.7,80,42,78,1.06,4.0,1.1,79,21,1.1,6.0,56,44,1.38,2.88,54,46,1.8,1.91,65,5,30,,,,70,30,,,59,42,,,47,53,1.73,1.92,36,64,2.16,1.58,,,,League Stage,,35533147,https://www.footymetrics.com/fixtures/35533147-afc-champions-league-elite-al-nassr-neftchi,58,22,20,2026-10-09,
2026-10-12,18:15,Asia,AFC Champions League Elite,League Stage,Al Quwa Al Jawiya,Al Ain,,,LLWLL,WDWWW,NS,,,,DC 12,76,1.22,,double-chance,25,24,51,5.6,4.2,1.54,16.8,22.3,60.9,106.6,49,75,76,2.4,1.15,1.22,76,24,1.2,4.5,53,47,1.67,2.1,53,47,1.8,1.95,34,7,59,,,,52,48,,,41,59,,,31,69,1.74,1.9,22,78,2.18,1.56,,,,League Stage,,35533148,https://www.footymetrics.com/fixtures/35533148-afc-champions-league-elite-al-quwa-al-jawiya-al-ain,25,24,51,2026-10-09,
2026-10-12,19:00,Brazil,Serie A,Matchday 30,Coritiba,Botafogo,9,13,LLDLW,LLWDD,NS,,,,Under 3.5,71,1.44,,total_goals,40,27,34,2.65,3.4,2.5,35.2,27.4,37.3,107.1,66,61,73,1.5,1.45,1.3,76,24,1.24,4.33,51,49,1.77,2.08,57,43,1.62,2.2,49,7,45,1.909,11.0,1.952,73,28,1.22,4.0,62,38,1.35,3.2,50,50,1.73,2.29,39,61,1.96,1.8,M. Delgado Candançan,2.92,23.75,Regular Season,,35401520,https://www.footymetrics.com/fixtures/35401520-serie-a-coritiba-botafogo,40,27,34,2026-10-09,
2026-10-12,22:30,Brazil,Serie A,Matchday 30,Chapecoense,Athletico PR,20,4,LDLWL,DWDLD,NS,,,,Under 3.5,74,1.36,,total_goals,36,27,37,3.7,3.5,2.05,25.9,27.4,46.7,104.4,63,65,73,1.76,1.29,1.33,74,26,1.29,3.75,49,51,1.92,1.9,55,45,1.75,2.0,45,8,47,2.25,10.0,1.727,70,30,1.22,4.1,59,41,1.33,3.0,48,52,1.67,2.23,37,63,1.95,1.78,W. Pereira Sampaio,4.93,26.33,Regular Season,,35533157,https://www.footymetrics.com/fixtures/35533157-serie-a-chapecoense-athletico-pr,36,27,37,2026-10-09,
2026-10-12,19:00,Brazil,Serie B,Matchday 33,Fortaleza,CRB,4,7,WDDWD,WLWLW,NS,,,,Over 1.5,72,1.33,,total_goals,44,28,28,1.84,3.5,4.75,52.3,27.5,20.2,104.0,72,56,72,1.22,2.05,1.3,72,28,1.33,3.45,47,53,2.05,1.84,53,47,1.91,1.93,52,8,39,1.615,9.0,2.6,75,26,1.22,4.4,63,37,1.4,3.15,52,48,1.67,2.38,40,60,1.78,1.89,D. de Oliveira Lacerda,5.69,21.25,Regular Season,,35533159,https://www.footymetrics.com/fixtures/35533159-serie-b-fortaleza-crb,44,28,28,2026-10-09,
2026-10-12,22:00,Brazil,Serie B,Matchday 33,Novorizontino,Ponte Preta,3,20,WWDLD,LLLWL,NS,,,,NG,71,1.62,,btts,90,8,3,1.11,9.5,26.0,86.2,10.1,3.7,104.5,98,10,93,1.02,6.75,1.07,84,16,1.1,7.0,67,33,1.33,3.4,29,71,2.33,1.62,84,3,13,1.2,23.0,4.333,79,21,1.1,7.0,70,30,1.18,4.3,61,39,1.29,3.15,51,50,1.46,2.45,J. Gobi,3.4,31.1,Regular Season,,35533156,https://www.footymetrics.com/fixtures/35533156-serie-b-novorizontino-ponte-preta,90,8,3,2026-10-09,
2026-10-12,22:30,Brazil,Serie B,Matchday 33,Criciúma,América Mineiro,5,19,LWWLL,LLLLL,NS,,,,Under 3.5,76,1.33,,total_goals,63,22,15,1.37,4.5,11.0,70.0,21.3,8.7,104.3,85,37,78,1.08,3.4,1.19,73,27,1.29,3.9,49,51,1.9,1.98,44,56,2.25,1.68,68,8,24,1.333,10.0,3.75,75,25,1.16,4.3,65,35,1.29,3.15,54,46,1.49,2.38,43,57,1.78,2.05,P. Schleinch Vollkopf,5.37,29.77,Regular Season,,35533158,https://www.footymetrics.com/fixtures/35533158-serie-b-criciuma-america-mineiro,63,22,15,2026-10-09,
2026-10-12,17:00,Bulgaria,First League,Matchday 11,Ludogorets,Arda,3,5,WWDDW,DLLWW,NS,,,,Under 3.5,72,1.3,,total_goals,56,25,19,1.66,3.8,5.75,58.0,25.3,16.7,103.9,81,44,75,1.15,2.25,1.27,75,26,1.29,3.5,50,50,1.95,1.85,49,51,1.95,1.8,65,8,27,1.5,10.0,2.875,53,47,1.36,2.8,41,59,1.61,2.14,30,70,1.96,1.72,22,78,2.5,1.45,K. Kolev,4.64,23.51,Regular Season,,35533140,https://www.footymetrics.com/fixtures/35533140-first-league-ludogorets-arda,56,25,19,2026-10-09,
2026-10-12,17:00,Denmark,Superliga,Matchday 10,AGF,Sønderjyske,11,12,DLDLL,WDLLL,NS,,,,Under 4.5,79,1.25,,total_goals,58,23,20,1.64,4.2,5.0,58.2,22.7,19.1,104.8,80,42,78,1.18,2.25,1.23,79,21,1.14,5.5,57,43,1.53,2.5,56,44,1.57,2.38,61,6,33,1.533,17.0,2.5,78,22,1.19,3.95,69,31,1.35,2.85,58,42,1.58,2.18,47,53,1.91,1.9,M. Kristoffersen,3.57,20.84,Regular Season,,35533139,https://www.footymetrics.com/fixtures/35533139-superliga-agf-sonderjyske-fodbold,58,23,20,2026-10-09,
2026-10-12,14:00,Egypt,Premier League,Matchday 6,Al Mokawloon,ZED FC,10,8,WDWLL,WLWLD,NS,,,,Under 2.5,69,1.4,,total_goals,26,32,41,3.05,2.75,2.6,30.5,33.8,35.7,107.6,59,74,68,1.48,1.36,1.42,59,41,1.65,2.3,31,69,3.0,1.4,41,60,2.25,1.61,39,14,47,,,,63,37,,,50,50,,,38,62,,,27,73,,,,,,Regular Season,,35533125,https://www.footymetrics.com/fixtures/35533125-premier-league-arab-contractors-fc-zed-fc,26,32,41,2026-10-09,
2026-10-12,14:00,Egypt,Premier League,Matchday 6,Modern Sport FC,ENPPI,5,15,WWLWD,LWDLL,NS,,,,Under 2.5,69,1.38,,total_goals,44,33,24,2.28,2.9,3.6,41.3,32.5,26.2,106.1,76,56,67,1.27,1.62,1.35,59,42,1.58,2.25,31,69,2.8,1.38,40,60,2.2,1.6,52,15,33,,,,64,36,,,52,48,,,40,60,,,29,71,,,,,,Regular Season,,35533124,https://www.footymetrics.com/fixtures/35533124-premier-league-modern-sport-fc-enppi,44,33,24,2026-10-09,
2026-10-12,17:00,Egypt,Premier League,Matchday 6,Pyramids FC,Ceramica Cleopatra,1,4,WWWWW,WWWWL,NS,,,,Over 1.5,70,1.29,,total_goals,53,27,20,1.55,4.0,5.75,60.3,23.4,16.3,106.9,80,47,73,1.14,2.3,1.22,70,30,1.29,3.5,43,57,1.94,1.85,48,52,1.94,1.8,60,10,30,,,,59,41,,,47,53,,,36,64,,,26,74,,,,,,Regular Season,,35533142,https://www.footymetrics.com/fixtures/35533142-premier-league-pyramids-fc-ceramica-cleopatra,53,27,20,2026-10-09,
2026-10-12,17:00,Egypt,Premier League,Matchday 6,Smouha,Ghazl El Mehalla,16,20,WLLDL,LLDLL,NS,,,,Under 2.5,73,1.33,,total_goals,37,35,28,2.28,2.75,4.0,41.7,34.6,23.8,105.2,72,63,65,1.25,1.61,1.44,53,47,1.75,2.07,27,73,3.5,1.33,36,65,2.71,1.47,44,18,38,,,,63,37,,,50,50,,,39,62,,,28,72,,,,,,Regular Season,,35533143,https://www.footymetrics.com/fixtures/35533143-premier-league-smouha-ghazl-el-mehalla,37,35,28,2026-10-09,
2026-10-12,19:00,England,Premier League,Matchday 6,Coventry,Newcastle,18,9,WLLLL,WLWDW,NS,,,,DC 12,76,1.29,,double-chance,36,25,40,3.3,3.7,2.15,29.2,26.0,44.8,103.8,61,64,76,1.73,1.33,1.29,82,18,1.2,4.5,60,40,1.7,2.2,62,38,1.58,2.55,49,5,47,2.1,15.0,1.727,75,25,1.29,3.6,63,37,1.5,2.5,51,49,1.95,1.93,40,61,2.5,1.55,J. Brooks,4.56,21.69,Regular Season,,35533152,https://www.footymetrics.com/fixtures/35533152-premier-league-coventry-city-newcastle-united,36,25,40,2026-10-09,
2026-10-12,15:00,Finland,Veikkausliiga,Championship Round,VPS,Gnistan,6,4,LLLWL,DDWDD,NS,,,,,,,,,45,25,31,,,,,,,,69,56,75,,,,78,23,,,55,45,,,58,43,,,53,6,41,,,,77,23,,,66,34,,,55,45,,,43,57,,,,,,Championship Round,,35533129,https://www.footymetrics.com/fixtures/35533129-veikkausliiga-vps-gnistan,45,25,31,2026-10-09,
2026-10-12,16:00,Finland,Veikkausliiga,Championship Round,Oulu,HJK,5,3,WLLLD,WDDWW,NS,,,,,,,,,24,25,52,,,,,,,,48,76,76,,,,76,24,,,52,48,,,53,47,,,36,7,57,,,,72,28,,,61,40,,,48,52,,,37,64,,,,,,Championship Round,,35533133,https://www.footymetrics.com/fixtures/35533133-veikkausliiga-oulu-hjk,24,25,52,2026-10-09,
2026-10-12,18:45,France,Ligue 2,Matchday 8,Dijon,Metz,9,5,WWDLD,DLWDD,NS,,,,DC 12,75,1.33,,double-chance,47,25,28,2.63,3.5,2.55,35.9,27.0,37.1,105.8,72,53,75,1.55,1.44,1.33,80,20,1.2,4.33,58,43,1.7,2.1,58,42,1.57,2.29,57,6,38,1.952,13.0,1.909,68,32,1.52,2.28,56,44,2.03,1.78,45,56,2.45,1.44,33,67,3.75,1.25,,,,Regular Season,,35533151,https://www.footymetrics.com/fixtures/35533151-ligue-2-dijon-metz,47,25,28,2026-10-09,
2026-10-12,15:00,Greece,Super League,Matchday 6,PAOK,Kalamata,2,10,WWLWL,LWDLL,NS,,,,Under 3.5,79,1.67,,total_goals,57,27,16,1.22,7.0,12.0,78.4,13.7,8.0,104.6,84,43,74,1.05,4.33,1.11,68,32,1.13,6.0,42,58,1.48,2.7,43,57,2.1,1.75,60,10,30,1.25,21.0,3.75,65,35,1.43,2.5,53,47,1.82,1.91,42,58,2.33,1.5,32,68,3.05,1.27,A. Katsikogiannis,4.65,28.9,Regular Season,,35533128,https://www.footymetrics.com/fixtures/35533128-super-league-paok-kalamata,57,27,16,2026-10-09,
2026-10-12,14:00,India,Indian Super League,,NorthEast United,ATK Mohun Bagan,,,WWWLL,WDDDW,NS,,,,,,,,,35,28,38,,,,,,,,62,65,73,,,,75,25,,,51,49,,,54,46,,,44,8,48,,,,73,27,,,62,38,,,51,49,,,40,60,,,,,,Regular Season,,36305578,https://www.footymetrics.com/fixtures/36305578-indian-super-league-northeast-united-atk-mohun-bagan,35,28,38,2026-10-09,
2026-10-12,17:30,Israel,Ligat ha'Al,Matchday 6,Hapoel Jerusalem,Maccabi Haifa,6,2,WDWLL,WWWLW,NS,,,,DC 12,75,1.25,,double-chance,24,25,51,4.75,4.0,1.57,19.2,22.8,58.0,109.7,49,76,75,2.3,1.18,1.25,79,21,1.2,4.6,56,44,1.67,2.3,57,43,1.67,2.2,38,6,56,2.6,15.0,1.533,65,35,,,54,46,,,43,57,,,33,67,,,,,,Regular Season,,35533144,https://www.footymetrics.com/fixtures/35533144-ligat-ha'al-hapoel-jerusalem-maccabi-haifa,24,25,51,2026-10-09,
2026-10-12,16:30,Italy,Serie A,Matchday 6,Atalanta,Venezia,11,20,LLLWW,LLLLL,NS,,,,Under 3.5,72,1.57,,total_goals,52,24,23,1.58,4.2,5.75,60.6,22.8,16.6,104.5,77,48,76,1.15,2.4,1.22,75,26,1.17,5.2,51,50,1.57,2.5,52,48,1.64,2.28,58,7,35,1.5,17.0,2.625,62,39,1.48,2.55,49,51,1.85,1.95,37,63,2.4,1.55,27,73,3.3,1.33,P. Tremolada,5.27,24.55,Regular Season,,35533134,https://www.footymetrics.com/fixtures/35533134-serie-a-atalanta-venezia,52,24,23,2026-10-09,
2026-10-12,18:45,Italy,Serie A,Matchday 6,Torino,Udinese,14,13,DLWLL,LLLWW,NS,,,,Over 1.5,76,1.36,,total_goals,38,27,35,2.37,3.2,3.25,40.5,30.0,29.5,104.2,65,62,73,1.36,1.58,1.36,76,24,1.36,3.2,53,47,2.1,1.73,56,44,1.85,2.0,52,7,41,1.833,8.5,2.2,68,32,1.49,2.8,57,44,1.85,2.05,45,55,2.3,1.61,34,66,3.05,1.36,V. Crezzini,3.08,26.0,Regular Season,,35533150,https://www.footymetrics.com/fixtures/35533150-serie-a-torino-udinese,38,27,35,2026-10-09,
2026-10-12,01:15,Mexico,Liga MX,Apertura,Pumas UNAM,Cruz Azul,12,7,LDLWL,DLWWW,NS,,,,Under 3.5,69,1.5,,total_goals,27,25,48,3.45,3.7,2.1,28.0,26.1,46.0,103.6,53,73,75,1.81,1.32,1.29,76,24,1.18,4.5,53,47,1.65,2.2,55,45,1.57,2.3,43,7,50,2.2,15.0,1.666,77,23,1.22,3.5,66,34,1.41,2.9,55,46,1.73,2.1,43,57,2.12,1.68,,,,Apertura,,35533121,https://www.footymetrics.com/fixtures/35533121-liga-mx-pumas-unam-cruz-azul,27,25,48,2026-10-09,
2026-10-12,20:00,Morocco,Botola Pro,Matchday 4,Hassania Agadir,FAR Rabat,3,,WLWDL,WDLDD,NS,,,,,,,,,25,29,46,,,,,,,,54,75,71,,,,68,32,,,42,58,,,46,54,,,34,11,56,,,,49,51,,,37,63,,,27,73,,,19,81,,,,,,Regular Season,,37630133,https://www.footymetrics.com/fixtures/37630133-botola-pro-hassania-agadir-far-rabat,25,29,46,2026-10-09,
2026-10-12,17:00,Norway,Eliteserien,Matchday 22,KFUM,Vålerenga,10,12,WWLLD,DLDLD,NS,,,,DC 12,76,1.29,,double-chance,38,24,38,2.8,3.7,2.35,33.9,25.7,40.4,105.3,63,62,76,1.62,1.4,1.29,78,22,1.17,5.0,57,43,1.57,2.35,56,44,1.5,2.5,45,6,49,1.952,17.0,1.833,69,31,1.13,6.0,58,42,1.25,3.75,47,53,1.4,2.75,36,64,1.73,1.96,M. Lien,2.15,22.69,Regular Season,,35533136,https://www.footymetrics.com/fixtures/35533136-eliteserien-kfum-valerenga,38,24,38,2026-10-09,
2026-10-12,16:00,Poland,Ekstraklasa,Matchday 10,Radomiak Radom,Motor Lublin,13,16,LLDWD,DLLLD,NS,,,,Under 4.5,78,1.22,,total_goals,47,27,27,2.38,3.55,2.95,40.4,27.1,32.6,104.1,73,53,74,1.44,1.56,1.35,82,18,1.17,5.0,61,39,1.58,2.4,63,37,1.5,2.63,55,6,39,1.833,17.0,1.952,73,27,1.41,2.55,63,37,1.83,1.93,52,48,2.18,1.56,41,59,2.8,1.34,T. Kwiatkowski,4.17,23.92,Regular Season,,35533130,https://www.footymetrics.com/fixtures/35533130-ekstraklasa-radomiak-radom-motor-lublin,47,27,27,2026-10-09,
2026-10-12,19:15,Portugal,Liga Portugal,Matchday 8,Famalicão,Alverca,13,10,WDDDL,WWLDL,NS,,,,Over 1.5,71,1.3,,total_goals,50,27,23,1.85,3.5,4.75,52.1,27.6,20.3,103.7,77,50,73,1.18,1.91,1.33,71,29,1.3,3.4,45,55,2.05,1.75,49,51,1.95,1.83,58,9,33,1.615,8.5,2.625,65,35,1.26,3.25,54,46,1.47,2.43,43,57,1.8,1.91,32,68,2.2,1.56,,,,Regular Season,,35533155,https://www.footymetrics.com/fixtures/35533155-liga-portugal-famalicao-alverca,50,27,23,2026-10-09,
2026-10-12,15:00,Romania,Superliga,Matchday 11,Argeş,CFR Cluj,13,9,LDLLL,LWLDW,NS,,,,DC 1X,70,1.46,,double-chance,40,30,30,2.71,3.1,2.95,35.8,31.3,32.9,103.1,70,60,70,1.46,1.49,1.33,66,34,1.4,2.7,39,61,2.33,1.54,48,53,2.0,1.77,49,11,41,,,,68,32,1.38,2.7,56,45,1.64,2.07,43,57,2.05,1.7,32,69,2.63,1.4,,,,Regular Season,,35533127,https://www.footymetrics.com/fixtures/35533127-superliga-arges-cfr-cluj,40,30,30,2026-10-09,
2026-10-12,18:00,Romania,Superliga,Matchday 11,Universitatea Cluj,Rapid Bucuresti,5,2,WWWLL,WWWDW,NS,,,,Over 1.5,72,1.32,,total_goals,32,28,40,2.57,3.3,2.7,36.6,28.5,34.9,106.3,60,68,72,1.48,1.48,1.32,72,28,1.32,3.25,48,52,2.06,1.75,52,48,1.79,1.95,43,9,49,,,,66,34,1.28,3.15,54,46,1.5,2.32,43,57,1.9,1.83,32,68,2.3,1.52,,,,Regular Season,,35533145,https://www.footymetrics.com/fixtures/35533145-superliga-universitatea-cluj-rapid-bucuresti,32,28,40,2026-10-09,
2026-10-12,19:00,Spain,La Liga,Matchday 8,Levante,Sevilla,17,5,LLDWD,LWWDL,NS,,,,Over 1.5,80,1.3,,total_goals,38,26,36,2.75,3.3,2.65,34.8,29.0,36.1,104.4,64,62,74,1.48,1.48,1.33,80,21,1.3,3.5,58,43,2.07,1.8,61,40,1.8,2.0,47,6,47,2.0,9.5,1.952,68,32,1.33,3.1,56,44,1.6,2.2,44,56,2.05,1.74,33,67,2.71,1.45,,,,Regular Season,,35533153,https://www.footymetrics.com/fixtures/35533153-la-liga-levante-sevilla,38,26,36,2026-10-09,
2026-10-12,12:00,Spain,La Liga 2,Matchday 9,Real Valladolid,Albacete,14,22,DWDLW,LLLDL,NS,,,,Under 3.5,74,1.33,,total_goals,49,26,25,1.95,3.4,4.0,48.5,27.8,23.7,105.7,75,51,75,1.25,1.8,1.33,72,28,1.28,3.75,48,52,1.91,1.9,52,49,1.73,2.0,59,8,33,1.666,10.0,2.375,66,35,1.3,3.05,53,47,1.53,2.28,41,59,1.9,1.83,30,70,2.5,1.5,,,,Regular Season,,35533122,https://www.footymetrics.com/fixtures/35533122-la-liga-2-real-valladolid-albacete,49,26,25,2026-10-09,
2026-10-12,14:15,Spain,La Liga 2,Matchday 9,Burgos,Granada,6,12,LWWWD,WLLDL,NS,,,,Over 1.5,72,1.36,,total_goals,45,27,28,2.45,3.1,3.0,38.4,30.3,31.3,106.4,72,55,73,1.4,1.53,1.36,72,28,1.36,3.05,46,54,2.15,1.67,51,49,1.85,1.86,49,8,43,1.909,8.0,2.2,61,39,1.4,2.75,48,52,1.73,2.05,36,64,2.07,1.64,26,74,3.0,1.4,,,,Regular Season,,35533126,https://www.footymetrics.com/fixtures/35533126-la-liga-2-burgos-granada,45,27,28,2026-10-09,
2026-10-12,16:30,Spain,La Liga 2,Matchday 9,Real Oviedo,Eibar,13,1,LWLWD,WWWWW,NS,,,,Over 1.5,69,1.4,,total_goals,41,29,30,2.25,3.1,3.3,41.5,30.1,28.3,107.0,70,59,71,1.33,1.62,1.36,69,31,1.4,3.0,43,57,2.28,1.67,50,51,1.92,1.83,53,10,37,1.833,8.0,2.25,69,31,1.36,2.75,57,43,1.64,2.08,44,56,2.04,1.8,33,67,2.63,1.41,,,,Regular Season,,35533135,https://www.footymetrics.com/fixtures/35533135-la-liga-2-real-oviedo-sd-eibar,41,29,30,2026-10-09,
2026-10-12,19:00,Spain,La Liga 2,Matchday 9,Tenerife,Girona,9,4,LDLWD,DWWLW,NS,,,,Over 1.5,69,1.36,,total_goals,35,29,36,2.8,3.1,2.6,33.6,30.3,36.1,106.4,64,65,71,1.5,1.44,1.36,69,31,1.36,3.2,42,58,2.15,1.72,48,52,1.83,1.93,52,10,39,2.05,8.5,1.952,68,32,1.32,3.0,56,44,1.67,2.23,44,56,1.91,1.76,33,67,2.4,1.48,,,,Regular Season,,35533154,https://www.footymetrics.com/fixtures/35533154-la-liga-2-tenerife-girona,35,29,36,2026-10-09,
2026-10-12,17:00,Sweden,Allsvenskan,Matchday 23,Elfsborg,Halmstad,4,16,WWLWD,WLLWD,NS,,,,Under 3.5,71,1.53,,total_goals,52,25,24,1.36,5.25,8.0,70.0,18.1,11.9,105.1,76,48,75,1.08,3.25,1.17,75,25,1.17,5.0,51,49,1.58,2.35,51,49,1.91,1.91,53,7,40,1.363,17.0,3.2,82,18,1.17,5.0,72,28,1.29,3.15,61,39,1.49,2.38,49,51,1.9,1.91,,,,Regular Season,,35533137,https://www.footymetrics.com/fixtures/35533137-allsvenskan-elfsborg-halmstad,52,25,24,2026-10-09,
2026-10-12,17:00,Sweden,Allsvenskan,Matchday 23,Malmö FF,Kalmar,7,13,LWDWL,LLLLD,NS,,,,DC 12,76,1.25,,double-chance,50,24,26,1.75,3.95,4.33,54.1,24.0,21.9,105.6,74,50,76,1.23,2.0,1.25,79,21,1.22,4.25,57,43,1.75,2.1,57,43,1.75,2.08,57,6,37,1.571,12.0,2.5,68,32,1.2,4.333,57,43,1.34,2.95,46,54,1.57,2.2,35,65,2.05,1.78,,,,Regular Season,,35533138,https://www.footymetrics.com/fixtures/35533138-allsvenskan-malmo-ff-kalmar,50,24,26,2026-10-09,
2026-10-12,17:00,Turkey,Super Lig,Matchday 7,Eyüpspor,Göztepe,18,17,LLLWL,DDLLL,NS,,,,Under 3.5,69,1.4,,total_goals,32,26,42,4.1,3.7,1.95,23.7,26.3,49.9,102.7,58,68,74,1.91,1.29,1.29,76,24,1.23,4.0,53,47,1.79,2.08,57,43,1.71,2.2,46,7,48,2.3,13.0,1.666,64,36,1.38,2.75,52,49,1.64,2.08,40,60,2.04,1.73,29,71,2.6,1.41,A. Karaoğlan,5.5,26.75,Regular Season,,35533141,https://www.footymetrics.com/fixtures/35533141-super-lig-eyupspor-goztepe,32,26,42,2026-10-09,
2026-10-12,10:00,Ukraine,Premier League,Matchday 8,Livyi Bereh,Zorya Luhansk,10,9,WLDDD,LDDLW,NS,,,,DC 1X,75,1.44,,double-chance,47,28,25,2.5,3.2,2.67,36.8,28.7,34.5,108.7,75,53,72,1.44,1.44,1.35,73,27,1.33,3.25,49,51,2.08,1.75,52,49,1.83,1.91,53,9,39,1.952,9.0,2.0,69,31,,,58,42,,,46,54,,,35,65,,,,,,Regular Season,,35263410,https://www.footymetrics.com/fixtures/35263410-premier-league-livyi-bereh-zorya-luhansk,47,28,25,2026-10-09,
2026-10-13,07:45,Asia,AFC Champions League Elite,League Stage,Newcastle Jets,Gamba Osaka,,,LDDWD,LLWLL,NS,,,,DC 12,77,1.23,,double-chance,41,23,37,3.14,3.85,2.04,29.8,24.3,45.9,106.8,63,60,77,1.75,1.35,1.23,82,18,1.11,5.8,61,39,1.4,2.75,61,39,1.4,2.75,48,5,48,,,,75,25,,,65,35,1.43,2.48,55,45,1.74,1.91,45,55,2.17,1.57,,,,League Stage,,35697164,https://www.footymetrics.com/fixtures/35697164-afc-champions-league-elite-newcastle-jets-gamba-osaka,41,23,37,2026-10-09,
2026-10-13,10:00,Asia,AFC Champions League Elite,League Stage,Kyoto Sanga,Ratchaburi Mitrphol FC,,,WLLLD,LLDLW,NS,,,,Over 1.5,81,1.2,,total_goals,37,23,41,1.4,4.5,7.5,66.8,20.8,12.5,107.0,59,63,78,1.11,3.0,1.18,81,19,1.2,4.0,60,40,1.7,2.1,59,41,1.95,1.8,43,5,52,,,,78,22,,,68,32,,,57,43,,,46,54,,,,,,League Stage,,35697167,https://www.footymetrics.com/fixtures/35697167-afc-champions-league-elite-kyoto-sanga-ratchaburi-mitrphol-fc,37,23,41,2026-10-09,
2026-10-13,10:00,Asia,AFC Champions League Elite,League Stage,Pohang Steelers,Johor Darul Ta'zim,,,LWLDD,DLLWW,NS,,,,,,,,,31,24,46,,,,,,,,54,70,76,,,,78,22,,,55,45,,,51,50,,,33,7,60,,,,67,34,,,56,44,,,45,55,,,35,65,,,,,,League Stage,,35697166,https://www.footymetrics.com/fixtures/35697166-afc-champions-league-elite-pohang-steelers-johor-darul-ta'zim,31,24,46,2026-10-09,
2026-10-13,10:00,Asia,AFC Champions League Elite,League Stage,Shanghai Port,Daejeon Citizen,,,WWDWW,WDWDW,NS,,,,,,,,,45,24,31,,,,,,,,69,55,76,,,,81,20,,,59,41,,,60,41,,,55,5,41,,,,74,26,,,64,37,,,52,48,,,41,59,,,,,,League Stage,,35697165,https://www.footymetrics.com/fixtures/35697165-afc-champions-league-elite-shanghai-port-daejeon-citizen,45,24,31,2026-10-09,
2026-10-13,12:15,Asia,AFC Champions League Elite,League Stage,Buriram United,Beijing Guoan,,,DLDDW,WWDDD,NS,,,,,,,,,48,23,29,,,,,,,,71,52,77,,,,79,22,,,57,43,,,56,44,,,56,6,39,,,,73,27,,,63,37,,,52,48,,,42,58,,,,,,League Stage,,35697176,https://www.footymetrics.com/fixtures/35697176-afc-champions-league-elite-buriram-united-beijing-guoan,48,23,29,2026-10-09,
2026-10-13,12:15,Asia,AFC Champions League Elite,League Stage,Công an Hà Nội,Kashima Antlers,,,WLWWW,WDWLL,NS,,,,,,,,,48,24,29,,,,,,,,71,52,76,,,,80,20,,,59,42,,,57,43,,,53,5,42,,,,63,37,,,52,48,,,41,59,,,31,69,,,,,,League Stage,,35697175,https://www.footymetrics.com/fixtures/35697175-afc-champions-league-elite-cong-an-ha-noi-kashima-antlers,48,24,29,2026-10-09,
2026-10-13,16:00,Asia,AFC Champions League Elite,League Stage,Al Sadd,Al Hilal,,,LWWWW,WWLWW,NS,,,,DC 12,79,1.2,,double-chance,20,21,59,4.75,4.33,1.54,19.3,21.2,59.5,109.1,41,80,79,2.38,1.18,1.2,81,19,1.11,6.0,60,40,1.4,2.75,55,45,1.5,2.55,31,5,64,,,,73,27,,,65,35,,,57,44,,,48,53,,,,,,League Stage,,35697188,https://www.footymetrics.com/fixtures/35697188-afc-champions-league-elite-al-sadd-al-hilal,20,21,59,2026-10-09,
2026-10-13,18:15,Asia,AFC Champions League Elite,League Stage,Al Ittihad,Shabab Al Ahli Dubai,,,DWWWD,WDLWW,NS,,,,DC 12,75,1.25,,double-chance,36,25,39,1.8,3.8,3.6,50.7,24.0,25.3,109.6,61,64,75,1.25,1.85,1.25,77,23,1.14,5.0,55,45,1.5,2.5,55,45,1.5,2.55,47,6,47,,,,65,35,,,54,46,,,43,57,,,33,67,,,,,,League Stage,,35697195,https://www.footymetrics.com/fixtures/35697195-afc-champions-league-elite-al-ittihad-shabab-al-ahli-dubai,36,25,39,2026-10-09,
2026-10-13,13:45,Asia,AFC Champions League Two,Group Stage,East Bengal,Al Shorta,,,DWWDD,WWDLL,NS,,,,,,,,,48,25,27,,,,,,,,73,52,75,,,,77,23,,,54,46,,,54,46,,,51,7,42,,,,65,35,,,55,45,,,45,55,,,36,64,,,,,,Group Stage,,35697181,https://www.footymetrics.com/fixtures/35697181-afc-champions-league-two-east-bengal-al-shorta,48,25,27,2026-10-09,
2026-10-13,16:00,Asia,AFC Champions League Two,Group Stage,Al Seeb,Al Hussein,,,LLLLW,DLLWW,NS,,,,,,,,,35,25,39,,,,,,,,61,65,75,,,,77,23,,,55,45,,,56,44,,,43,6,50,,,,53,47,,,42,58,,,32,68,,,23,77,,,,,,Group Stage,,35697187,https://www.footymetrics.com/fixtures/35697187-afc-champions-league-two-al-seeb-al-hussein,35,25,39,2026-10-09,
2026-10-13,00:00,Brazil,Serie A,Matchday 30,Bragantino,Cruzeiro,10,5,DLLDL,WWLWL,NS,,,,Under 3.5,72,1.44,,total_goals,46,25,28,2.2,3.55,3.35,43.9,27.2,28.8,103.5,72,54,75,1.36,1.75,1.29,75,26,1.22,4.33,50,50,1.73,2.1,54,46,1.62,2.25,61,7,33,1.727,12.0,2.2,79,21,1.19,5.0,70,31,1.33,3.4,59,41,1.55,2.45,48,53,1.91,1.91,S. Pereira Sampaio,5.36,27.0,Regular Season,,35697162,https://www.footymetrics.com/fixtures/35697162-serie-a-bragantino-cruzeiro,46,25,28,2026-10-09,
2026-10-13,00:00,Brazil,Serie B,Matchday 33,Botafogo SP,Ceará,16,14,WLWDL,WWDWD,NS,,,,Over 1.5,68,1.4,,total_goals,42,28,30,2.23,3.2,3.6,43.2,30.1,26.7,103.9,70,58,72,1.32,1.73,1.36,68,32,1.4,2.88,42,58,2.3,1.61,50,50,2.0,1.81,52,10,38,1.727,7.5,2.4,74,26,1.14,4.6,64,36,1.27,3.3,53,48,1.45,2.5,42,59,1.72,1.97,J. Pinheiro,3.44,30.0,Regular Season,,35697163,https://www.footymetrics.com/fixtures/35697163-serie-b-botafogo-sp-ceara,42,28,30,2026-10-09,
2026-10-13,14:00,Egypt,Premier League,Matchday 6,Abu Qir Fertilizers,Asyut Petrol,17,19,LLLLW,LLLDD,NS,,,,Under 2.5,70,1.46,,total_goals,38,33,29,2.05,3.05,4.1,46.0,30.9,23.0,106.0,71,62,67,1.25,1.7,1.38,58,42,1.5,2.43,30,70,2.62,1.46,39,61,2.2,1.61,46,15,39,,,,68,32,,,56,44,,,45,55,,,34,66,,,,,,Regular Season,,35697184,https://www.footymetrics.com/fixtures/35697184-premier-league-abu-qir-fertilizers-asyut-petrol,38,33,29,2026-10-09,
2026-10-13,14:00,Egypt,Premier League,Matchday 6,National Bank,El Geish,13,7,LWWLL,LDLWW,NS,,,,DC 1X,73,1.22,,double-chance,41,31,28,1.98,3.15,4.25,47.7,30.0,22.2,105.8,73,59,69,1.22,1.8,1.35,64,36,1.44,2.6,36,64,2.45,1.53,44,56,2.2,1.65,51,12,37,,,,77,24,,,65,35,,,53,47,,,41,59,,,,,,Regular Season,,35697183,https://www.footymetrics.com/fixtures/35697183-premier-league-national-bank-of-egypt-el-geish,41,31,28,2026-10-09,
2026-10-13,17:00,Egypt,Premier League,Matchday 6,Al Ittihad,El Gounah,6,18,WWWLD,LLLDD,NS,,,,Under 2.5,68,1.29,,total_goals,44,32,25,2.3,2.75,3.8,41.0,34.3,24.8,106.2,75,56,68,1.23,1.58,1.42,58,42,1.71,2.05,32,68,3.2,1.29,39,61,2.4,1.5,49,15,36,,,,62,38,,,49,51,,,37,63,,,27,74,,,,,,Regular Season,,35697194,https://www.footymetrics.com/fixtures/35697194-premier-league-al-ittihad-el-gounah,44,32,25,2026-10-09,
2026-10-13,17:00,Egypt,Premier League,Matchday 6,Petrojet,Wadi Degla,9,14,WWLLD,LLDWD,NS,,,,DC X2,78,1.35,,double-chance,22,30,48,3.25,3.1,2.4,29.4,30.8,39.8,104.7,53,78,70,1.53,1.35,1.36,65,35,1.38,2.8,37,63,2.18,1.67,42,58,1.85,1.9,36,12,52,,,,71,29,,,60,40,,,48,52,,,37,63,,,,,,Regular Season,,35697193,https://www.footymetrics.com/fixtures/35697193-premier-league-petrojet-wadi-degla,22,30,48,2026-10-09,
2026-10-13,18:45,England,Championship,Matchday 9,Bristol,Blackburn,8,16,WLLWW,DWLLD,NS,,,,Over 1.5,73,1.22,,total_goals,41,27,33,1.89,3.55,3.85,49.4,26.3,24.3,107.1,67,59,73,1.24,1.87,1.28,73,27,1.22,3.9,48,52,1.76,1.97,52,48,1.67,2.08,54,8,38,,,,79,21,1.16,4.4,69,31,1.29,3.15,58,42,1.49,2.38,46,54,1.78,1.89,D. Webb,3.05,20.61,Regular Season,,35697201,https://www.footymetrics.com/fixtures/35697201-championship-bristol-city-blackburn-rovers,41,27,33,2026-10-09,
2026-10-13,18:45,England,Championship,Matchday 9,Burnley,Charlton,24,9,DLDLD,LDDLD,NS,,,,Over 1.5,68,1.24,,total_goals,47,28,25,1.71,3.7,4.6,54.5,25.2,20.3,107.2,75,53,72,1.18,2.08,1.26,68,32,1.24,3.8,43,57,1.78,1.95,47,53,1.74,1.98,54,10,37,,,,75,26,1.2,3.9,63,37,1.35,2.85,51,49,1.58,2.18,40,60,1.91,1.76,A. Backhouse,4.39,21.69,Regular Season,,35697200,https://www.footymetrics.com/fixtures/35697200-championship-burnley-charlton-athletic,47,28,25,2026-10-09,
2026-10-13,18:45,England,Championship,Matchday 9,Cardiff,Watford,21,20,WLDLL,LLWLL,NS,,,,DC 1X,82,1.26,,double-chance,60,23,18,1.86,3.8,3.65,50.0,24.5,25.5,107.5,82,40,78,1.26,1.89,1.25,78,22,1.13,5.2,56,44,1.48,2.5,53,48,1.45,2.55,61,6,33,,,,81,19,,,71,29,1.17,4.3,60,40,1.3,3.1,48,52,1.49,2.38,J. Busby,3.83,20.97,Regular Season,,35697199,https://www.footymetrics.com/fixtures/35697199-championship-cardiff-city-watford,60,23,18,2026-10-09,
2026-10-13,18:45,England,Championship,Matchday 9,Millwall,Swansea,11,1,DDLLW,WWLDW,NS,,,,Over 1.5,77,1.25,,total_goals,40,26,35,2.43,3.25,2.8,38.2,28.6,33.2,107.6,65,60,74,1.41,1.53,1.32,77,23,1.25,3.65,53,47,1.86,1.86,58,42,1.65,2.1,50,6,44,,,,72,28,1.16,4.4,61,39,1.29,3.2,48,52,1.48,2.4,37,63,1.76,1.91,E. Duckworth,5.25,20.5,Regular Season,,35697198,https://www.footymetrics.com/fixtures/35697198-championship-millwall-swansea-city,40,26,35,2026-10-09,
2026-10-13,18:45,England,Championship,Matchday 9,Wolves,Bolton,4,15,WLWDL,WWLLL,NS,,,,DC 12,75,1.16,,double-chance,43,25,32,1.36,4.9,7.5,68.5,19.0,12.4,107.3,68,57,75,1.08,3.0,1.16,77,23,1.13,5.3,54,46,1.48,2.5,57,43,1.71,2.02,55,6,39,,,,72,28,1.19,3.95,61,39,1.34,2.9,49,51,1.56,2.23,38,62,1.89,1.78,T. Robinson,4.8,27.0,Regular Season,,35697197,https://www.footymetrics.com/fixtures/35697197-championship-wolverhampton-wanderers-bolton-wanderers,43,25,32,2026-10-09,
2026-10-13,18:45,England,Championship,Matchday 9,Wrexham,West Brom,14,5,WLDDW,LDWWD,NS,,,,Over 1.5,73,1.27,,total_goals,45,26,29,2.33,3.35,2.9,40.0,27.8,32.2,107.3,71,55,74,1.38,1.57,1.3,73,27,1.27,3.5,48,52,1.89,1.84,52,48,1.68,2.05,51,8,41,,,,73,28,1.21,3.8,61,39,1.37,2.75,50,51,1.62,2.12,38,62,1.97,1.71,J. Bell,3.88,20.51,Regular Season,,35697196,https://www.footymetrics.com/fixtures/35697196-championship-wrexham-west-bromwich-albion,45,26,29,2026-10-09,
2026-10-13,19:00,England,Championship,Matchday 9,Birmingham,Preston,10,23,DWLDD,DLLWL,NS,,,,DC 1X,78,1.16,,double-chance,52,27,22,1.63,3.9,4.9,57.1,23.9,19.0,107.4,78,48,73,1.16,2.2,1.24,67,33,1.21,4.0,42,58,1.72,2.02,45,55,1.73,2.0,53,11,37,,,,77,23,1.17,4.3,67,33,1.3,3.1,56,44,1.5,2.35,44,56,1.8,1.87,S. Allison,3.69,22.06,Regular Season,,35697203,https://www.footymetrics.com/fixtures/35697203-championship-birmingham-city-preston-north-end,52,27,22,2026-10-09,
2026-10-13,19:00,England,Championship,Matchday 9,Stoke,Middlesbrough,7,3,WWDWW,DDWLW,NS,,,,Over 1.5,76,1.19,,total_goals,34,26,40,3.6,3.6,1.94,25.9,25.9,48.1,107.1,60,66,74,1.82,1.27,1.27,76,24,1.19,4.2,52,48,1.67,2.1,56,44,1.58,2.23,40,7,53,,,,71,29,1.19,4.0,60,41,1.34,2.9,47,53,1.57,2.2,36,65,1.9,1.77,E. Bell,4.67,22.48,Regular Season,,35697202,https://www.footymetrics.com/fixtures/35697202-championship-stoke-city-middlesbrough,34,26,40,2026-10-09,
2026-10-13,16:45,Europe,Champions League,League Stage,Lens,Sporting CP,,,LDWLL,DDWWW,NS,,,,,,,,,,,,2.5,3.75,2.62,38.2,25.4,36.4,104.8,,,,1.5,1.55,1.28,,,1.17,5.2,,,1.57,2.4,,,1.5,2.55,,,,,,,,,1.19,4.1,,,1.33,2.95,,,1.55,2.28,,,1.87,1.81,,,,League Stage,,35697191,https://www.footymetrics.com/fixtures/35697191-champions-league-lens-sporting-cp,,,,,
2026-10-13,16:45,Europe,Champions League,League Stage,Sabah,Slavia Praha,,,LWLWL,WWLWW,NS,,,,,,,,,,,,3.5,3.8,1.95,26.9,24.8,48.3,106.2,,,,1.83,1.29,1.26,,,1.2,4.8,,,1.65,2.3,,,1.58,2.4,,,,,,,,,1.2,3.9,,,1.36,2.8,,,1.61,2.15,,,1.98,1.72,,,,League Stage,SI,35697190,https://www.footymetrics.com/fixtures/35697190-champions-league-sabah-slavia-praha,,,,,
2026-10-13,19:00,Europe,Champions League,League Stage,Arsenal,Lille,,,LWWWW,LWLWD,NS,,,,,,,,,,,,1.25,6.5,12.0,77.1,14.8,8.0,103.7,,,,1.06,4.2,1.13,,,1.2,5.2,,,1.57,2.38,,,2.2,1.7,,,,,,,,,1.18,4.0,,,1.34,2.9,,,1.57,2.23,,,1.9,1.78,,,,League Stage,,32629703,https://www.footymetrics.com/fixtures/32629703-champions-league-arsenal-losc-lille,,,,,
2026-10-13,19:00,Europe,Champions League,League Stage,Atlético de Madrid,Man United,,,WWWLL,DLLWD,NS,,,,,,,,,,,,2.05,3.8,3.25,46.1,24.9,29.1,105.9,,,,1.37,1.73,1.25,,,1.14,5.5,,,1.5,2.63,,,1.44,2.88,,,,,,,,,1.21,3.8,,,1.38,2.75,,,1.63,2.12,,,2.02,1.7,,,,League Stage,,32629678,https://www.footymetrics.com/fixtures/32629678-champions-league-atletico-de-madrid-manchester-united,,,,,
2026-10-13,19:00,Europe,Champions League,League Stage,Galatasaray,Barcelona,,,LWLWW,WWWWW,NS,,,,,,,,,,,,8.5,6.5,1.29,11.2,14.7,74.1,104.7,,,,3.6,1.09,1.12,,,1.05,11.0,,,1.2,4.5,,,1.44,2.88,,,,,,,,,1.11,5.2,,,1.22,3.65,,,1.38,2.7,,,1.62,2.12,,,,League Stage,,32629664,https://www.footymetrics.com/fixtures/32629664-champions-league-galatasaray-fc-barcelona,,,,,
2026-10-13,19:00,Europe,Champions League,League Stage,Inter,Club Brugge,,,DWLWW,WWLWL,NS,,,,,,,,,,,,1.27,5.75,11.0,74.8,16.5,8.6,105.2,,,,1.07,3.75,1.17,,,1.14,5.5,,,1.5,2.63,,,1.91,1.92,,,,,,,,,1.22,3.7,,,1.38,2.7,,,1.65,2.08,,,2.02,1.68,,,,League Stage,,32758984,https://www.footymetrics.com/fixtures/32758984-champions-league-inter-club-brugge,,,,,
2026-10-13,19:00,Europe,Champions League,League Stage,RB Leipzig,PSV,,,LWLLW,LWDWW,NS,,,,,,,,,,,,1.95,4.2,3.45,49.3,22.9,27.9,104.1,,,,1.36,1.88,1.25,,,1.11,7.0,,,1.4,3.0,,,1.4,3.0,,,,,,,,,1.22,3.7,,,1.38,2.75,,,1.64,2.1,,,2.02,1.68,,,,League Stage,,35697210,https://www.footymetrics.com/fixtures/35697210-champions-league-rb-leipzig-psv,,,,,
2026-10-13,19:00,Europe,Champions League,League Stage,Viking,Bayern München,,,WWLDW,WWWDW,NS,,,,,,,,,,,,23.0,12.0,1.1,4.2,8.0,87.8,103.6,,,,7.5,1.03,1.06,,,1.04,13.0,,,1.17,5.5,,,1.76,2.02,,,,,,,,,1.1,5.4,,,1.2,3.85,,,1.36,2.85,,,1.58,2.18,,,,League Stage,,32629717,https://www.footymetrics.com/fixtures/32629717-champions-league-viking-fc-bayern-munchen,,,,,
2026-10-13,19:00,Europe,Champions League,League Stage,Villarreal,Napoli,,,WWLLL,DWLLL,NS,,,,,,,,,,,,2.2,3.75,3.15,43.8,25.7,30.6,103.9,,,,1.36,1.68,1.3,,,1.2,4.5,,,1.68,2.22,,,1.57,2.38,,,,,,,,,1.3,3.15,,,1.5,2.35,,,1.85,1.83,,,2.35,1.52,,,,League Stage,,32758999,https://www.footymetrics.com/fixtures/32758999-champions-league-villarreal-napoli,,,,,
2026-10-13,11:00,Europe,UEFA Youth League,League Stage,Lens U19,Sporting CP U19,,,LDDWL,DLWWD,NS,,,,,,,,,18,15,67,,,,,,,,33,82,85,,,,87,13,,,70,30,,,56,44,,,16,3,81,,,,74,26,,,64,36,,,53,47,,,43,57,,,,,,League Stage,,35697171,https://www.footymetrics.com/fixtures/35697171-uefa-youth-league-lens-u19-sporting-cp-u19,18,15,67,2026-10-09,
2026-10-13,11:00,Europe,UEFA Youth League,League Stage,Sabah U19,Slavia Prague U19,,,LLLLL,WLLDW,NS,,,,,,,,,,,,,,,,,,,,,,,,,,,,,,,,,,,,,,,,,,,,,,,,,,,,,,,,,,,,,,League Stage,,35697170,https://www.footymetrics.com/fixtures/35697170-uefa-youth-league-sabah-u19-slavia-prague-u19,,,,,
2026-10-13,11:00,Europe,UEFA Youth League,League Stage,Viking U19,Bayern U19,,,L,WDLLL,NS,,,,,,,,,34,20,47,,,,,,,,53,67,80,,,,87,13,,,70,31,,,65,35,,,42,3,55,,,,70,31,,,60,40,,,50,51,,,40,60,,,,,,League Stage,,35697168,https://www.footymetrics.com/fixtures/35697168-uefa-youth-league-viking-u19-bayern-u19,34,20,47,2026-10-09,
2026-10-13,12:00,Europe,UEFA Youth League,League Stage,Arsenal U19,Lille U19,,,WLWLL,DLDDD,NS,,,,,,,,,41,23,36,,,,,,,,64,59,77,,,,81,19,,,62,38,,,61,39,,,48,6,47,,,,72,28,,,61,40,,,49,51,,,38,62,,,,,,League Stage,,35697174,https://www.footymetrics.com/fixtures/35697174-uefa-youth-league-arsenal-u19-lille-u19,41,23,36,2026-10-09,
2026-10-13,12:00,Europe,UEFA Youth League,League Stage,Galatasaray U19,Barcelona U19,,,DLDLW,LDWDL,NS,,,,,,,,,24,22,55,,,,,,,,45,76,79,,,,82,19,,,60,40,,,58,42,,,33,5,62,,,,62,38,,,51,49,,,40,60,,,31,69,,,,,,League Stage,,35697169,https://www.footymetrics.com/fixtures/35697169-uefa-youth-league-galatasaray-u19-barcelona-u19,24,22,55,2026-10-09,
2026-10-13,12:00,Europe,UEFA Youth League,League Stage,RB Leipzig U19,PSV U19,,,DLLLW,WDWLD,NS,,,,,,,,,43,21,36,,,,,,,,65,57,79,,,,85,15,,,67,33,,,65,35,,,50,4,46,,,,64,36,,,53,47,,,43,57,,,34,66,,,,,,League Stage,,35697173,https://www.footymetrics.com/fixtures/35697173-uefa-youth-league-rb-leipzig-u19-psv-u19,43,21,36,2026-10-09,
2026-10-13,13:00,Europe,UEFA Youth League,League Stage,Inter U19,Club Brugge U19,,,LLWWW,WDWWW,NS,,,,,,,,,31,23,46,,,,,,,,54,69,77,,,,85,15,,,66,34,,,63,37,,,41,4,55,,,,80,20,,,73,27,,,64,36,,,55,45,,,,,,League Stage,,35697178,https://www.footymetrics.com/fixtures/35697178-uefa-youth-league-inter-u19-club-brugge-u19,31,23,46,2026-10-09,
2026-10-13,14:00,Europe,UEFA Youth League,League Stage,Atl. Madrid U19,Manchester United U19,,,DLDWL,WDLWW,NS,,,,,,,,,,,,,,,,,,,,,,,,,,,,,,,,,,,,,,,,,,,,,,,,,,,,,,,,,,,,,,League Stage,,35697186,https://www.footymetrics.com/fixtures/35697186-uefa-youth-league-atl.-madrid-u19-manchester-united-u19,,,,,
2026-10-13,14:00,Europe,UEFA Youth League,League Stage,Villarreal U19,Napoli U19,,,WLWWW,LLWDD,NS,,,,,,,,,56,20,24,,,,,,,,76,44,80,,,,83,17,,,63,37,,,59,41,,,68,4,28,,,,72,28,,,62,38,,,51,49,,,40,60,,,,,,League Stage,,35697185,https://www.footymetrics.com/fixtures/35697185-uefa-youth-league-villarreal-u19-napoli-u19,56,20,24,2026-10-09,
2026-10-13,16:00,Europe,UEFA Youth League,1st Round · 2nd leg,Lincoln Red Imps U19,Zrinjski U19,,,LLLWW,WLD,NS,,,,,,,,,,,,,,,,,,,,,,,,,,,,,,,,,,,,,,,,,,,,,,,,,,,,,,,,,,,,,,1st Round,,35697189,https://www.footymetrics.com/fixtures/35697189-uefa-youth-league-lincoln-red-imps-u19-zrinjski-u19,,,,,
2026-10-13,15:30,Ivory Coast,Ligue 1,Matchday 3,Adiaké,Zoman,,,L,DWLDW,NS,,,,,,,,,,,,,,,,,,,,,,,,,,,,,,,,,,,,,,,,,,,,,,,,,,,,,,,,,,,,,,Regular Season,,38103448,https://www.footymetrics.com/fixtures/38103448-ligue-1-adiake-zoman,,,,,
2026-10-13,18:00,Morocco,Botola Pro,Matchday 4,RSB Berkane,CR Khemis Zemamra,,15,DDWWL,LLLDD,NS,,,,,,,,,64,23,14,,,,,,,,87,37,77,,,,69,31,,,44,56,,,42,58,,,67,9,25,,,,47,53,,,35,65,,,25,75,,,17,83,,,,,,Regular Season,,37630171,https://www.footymetrics.com/fixtures/37630171-botola-pro-rsb-berkane-cr-khemis-zemamra,64,23,14,2026-10-09,
2026-10-13,20:00,Morocco,Botola Pro,Matchday 3,FUS Rabat,Raja Casablanca,,,LLLDW,DWWWD,NS,,,,,,,,,27,30,43,,,,,,,,57,73,70,,,,65,35,,,39,61,,,44,56,,,40,12,48,,,,33,67,,,24,76,,,16,84,,,11,89,,,,,,Regular Season,,37630188,https://www.footymetrics.com/fixtures/37630188-botola-pro-fus-rabat-raja-casablanca,27,30,43,2026-10-09,
2026-10-13,11:30,Turkey,1. Lig,Matchday 9,Bandırmaspor,Sivasspor,11,15,LDWLD,WDDWD,NS,,,,Over 1.5,71,1.33,,total_goals,47,27,26,2.43,3.25,2.8,38.2,28.6,33.2,107.6,74,53,73,1.4,1.57,1.33,71,29,1.33,3.1,46,54,2.05,1.72,50,51,1.8,1.97,55,8,37,,,,70,30,,,59,42,,,46,54,,,35,65,,,,,,Regular Season,,35697172,https://www.footymetrics.com/fixtures/35697172-1.-lig-bandirmaspor-sivasspor,47,27,26,2026-10-09,
2026-10-13,14:00,Turkey,1. Lig,Matchday 9,Sarıyer SK,Bodrum FK,5,14,WDLWW,LDWLD,NS,,,,DC 1X,79,1.4,,double-chance,54,25,21,2.33,3.25,2.8,39.2,28.1,32.6,109.4,79,46,76,1.4,1.55,1.33,74,27,1.33,3.1,48,52,2.05,1.72,50,50,1.8,1.95,60,7,33,,,,69,31,,,57,43,,,45,55,,,34,66,,,,,,Regular Season,,35697182,https://www.footymetrics.com/fixtures/35697182-1.-lig-sariyer-sk-bodrum-fk,54,25,21,2026-10-09,
2026-10-13,17:00,Turkey,1. Lig,Matchday 9,Pendikspor,Vanspor FK,12,17,LDDWL,LDDLD,NS,,,,Over 1.5,78,1.17,,total_goals,51,25,24,1.6,3.95,5.0,58.0,23.5,18.6,107.8,76,49,75,1.1,2.17,1.16,78,22,1.17,4.0,55,45,1.7,2.1,55,45,1.68,2.0,56,7,37,,,,60,40,,,47,53,,,36,64,,,26,74,,,,,,Regular Season,,35697192,https://www.footymetrics.com/fixtures/35697192-1.-lig-pendikspor-vanspor-fk,51,25,24,2026-10-09,
